ISO-10303-21;
HEADER;
FILE_DESCRIPTION (( 'STEP AP214' ),
    '1' );
FILE_NAME ('LSM6DSV16BXTR.STEP',
    '2023-11-28T03:24:41',
    ( 'LENOVO' ),
    ( '' ),
    'SwSTEP 2.0',
    'SolidWorks 2021',
    '' );
FILE_SCHEMA (( 'AUTOMOTIVE_DESIGN' ));
ENDSEC;

DATA;
#1 = CYLINDRICAL_SURFACE ( 'NONE', #1205, 0.1250000000000004441 ) ;
#2 = EDGE_LOOP ( 'NONE', ( #3285, #3275, #2563, #6818 ) ) ;
#3 = EDGE_CURVE ( 'NONE', #4483, #3569, #6191, .T. ) ;
#4 = VECTOR ( 'NONE', #4455, 1000.000000000000000 ) ;
#5 = ORIENTED_EDGE ( 'NONE', *, *, #825, .T. ) ;
#6 = LINE ( 'NONE', #140, #153 ) ;
#7 = FACE_OUTER_BOUND ( 'NONE', #6263, .T. ) ;
#8 = ORIENTED_EDGE ( 'NONE', *, *, #5450, .F. ) ;
#9 = VECTOR ( 'NONE', #3801, 1000.000000000000000 ) ;
#10 = PLANE ( 'NONE',  #4638 ) ;
#11 = EDGE_LOOP ( 'NONE', ( #4256, #5145, #6709, #2065 ) ) ;
#12 = CARTESIAN_POINT ( 'NONE',  ( -0.3749999999999991118, 0.2000000000000000111, 0.6749999999999999334 ) ) ;
#13 = EDGE_CURVE ( 'NONE', #2218, #6592, #6212, .T. ) ;
#14 = DIRECTION ( 'NONE',  ( 0.000000000000000000, -1.000000000000000000, 0.000000000000000000 ) ) ;
#15 = EDGE_CURVE ( 'NONE', #1987, #2041, #6063, .T. ) ;
#16 = DIRECTION ( 'NONE',  ( -0.000000000000000000, 0.000000000000000000, 1.000000000000000000 ) ) ;
#17 = LINE ( 'NONE', #5112, #6831 ) ;
#18 = CARTESIAN_POINT ( 'NONE',  ( -0.9250000000000000444, 0.1300000000000000044, 0.1250000000000001110 ) ) ;
#19 = DIRECTION ( 'NONE',  ( 0.000000000000000000, 0.000000000000000000, 1.000000000000000000 ) ) ;
#20 = AXIS2_PLACEMENT_3D ( 'NONE', #1028, #5141, #493 ) ;
#21 = PLANE ( 'NONE',  #4964 ) ;
#22 = LINE ( 'NONE', #4191, #4573 ) ;
#23 = DIRECTION ( 'NONE',  ( 2.282530889443168501E-16, -0.000000000000000000, 1.000000000000000000 ) ) ;
#24 = VERTEX_POINT ( 'NONE', #5295 ) ;
#25 = CARTESIAN_POINT ( 'NONE',  ( -1.227272727272726627, 0.7399999999999999911, -0.9772727272727270709 ) ) ;
#26 = VECTOR ( 'NONE', #6598, 1000.000000000000000 ) ;
#27 = ORIENTED_EDGE ( 'NONE', *, *, #4891, .T. ) ;
#28 = CARTESIAN_POINT ( 'NONE',  ( 0.9250000000000000444, 0.7367727638395971113, -0.8749999999999998890 ) ) ;
#29 = EDGE_CURVE ( 'NONE', #1181, #6775, #3811, .T. ) ;
#30 = LINE ( 'NONE', #5070, #2261 ) ;
#31 = AXIS2_PLACEMENT_3D ( 'NONE', #1098, #3731, #2646 ) ;
#32 = CARTESIAN_POINT ( 'NONE',  ( -0.3749999999999991118, 0.000000000000000000, 0.6749999999999999334 ) ) ;
#33 = DIRECTION ( 'NONE',  ( -2.282530889443167022E-16, -0.000000000000000000, -1.000000000000000000 ) ) ;
#34 = AXIS2_PLACEMENT_3D ( 'NONE', #1496, #2003, #2559 ) ;
#35 = DIRECTION ( 'NONE',  ( 2.282530889443167022E-16, 0.000000000000000000, 1.000000000000000000 ) ) ;
#36 = CARTESIAN_POINT ( 'NONE',  ( -1.399999999999999911, 0.7367727638395971113, 0.3750000000000002220 ) ) ;
#37 = FACE_OUTER_BOUND ( 'NONE', #3619, .T. ) ;
#38 = EDGE_CURVE ( 'NONE', #6783, #2839, #3951, .T. ) ;
#39 = ORIENTED_EDGE ( 'NONE', *, *, #1997, .F. ) ;
#40 = LINE ( 'NONE', #5505, #2279 ) ;
#41 = EDGE_LOOP ( 'NONE', ( #287, #1400, #2542, #5786 ) ) ;
#42 = DIRECTION ( 'NONE',  ( 0.000000000000000000, 0.000000000000000000, 1.000000000000000000 ) ) ;
#43 = VECTOR ( 'NONE', #6029, 1000.000000000000000 ) ;
#44 = ADVANCED_FACE ( 'NONE', ( #6032 ), #2600, .T. ) ;
#45 = EDGE_CURVE ( 'NONE', #2002, #3113, #3966, .T. ) ;
#46 = VECTOR ( 'NONE', #2669, 1000.000000000000000 ) ;
#47 = DIRECTION ( 'NONE',  ( 8.673617379884035472E-16, 0.000000000000000000, 1.000000000000000000 ) ) ;
#48 = ORIENTED_EDGE ( 'NONE', *, *, #2121, .T. ) ;
#49 = DIRECTION ( 'NONE',  ( -0.000000000000000000, -0.000000000000000000, 1.000000000000000000 ) ) ;
#50 = LINE ( 'NONE', #2315, #4619 ) ;
#51 = EDGE_LOOP ( 'NONE', ( #1599, #806, #2999, #6027 ) ) ;
#52 = ADVANCED_FACE ( 'NONE', ( #3903 ), #98, .F. ) ;
#53 = VECTOR ( 'NONE', #5601, 1000.000000000000000 ) ;
#54 = PLANE ( 'NONE',  #953 ) ;
#55 = CARTESIAN_POINT ( 'NONE',  ( 0.000000000000000000, 0.2000000000000000111, 0.000000000000000000 ) ) ;
#56 = FACE_OUTER_BOUND ( 'NONE', #4225, .T. ) ;
#57 = EDGE_LOOP ( 'NONE', ( #3199, #1260, #5896, #5854 ) ) ;
#58 = ADVANCED_FACE ( 'NONE', ( #3854 ), #1626, .T. ) ;
#59 = LINE ( 'NONE', #4105, #128 ) ;
#60 = VERTEX_POINT ( 'NONE', #3265 ) ;
#61 = DIRECTION ( 'NONE',  ( 1.000000000000000000, -0.000000000000000000, 2.282530889443168008E-16 ) ) ;
#62 = CARTESIAN_POINT ( 'NONE',  ( 0.3750000000000007772, 0.000000000000000000, -1.149999999999999689 ) ) ;
#63 = CARTESIAN_POINT ( 'NONE',  ( -0.9250000000000000444, 0.7367727638395971113, -0.3749999999999998890 ) ) ;
#64 = LINE ( 'NONE', #2292, #43 ) ;
#65 = CARTESIAN_POINT ( 'NONE',  ( 0.3750000000000009992, 0.000000000000000000, 0.6750000000000000444 ) ) ;
#66 = CARTESIAN_POINT ( 'NONE',  ( 1.399999999999999911, 0.1300000000000000044, -0.8749999999999997780 ) ) ;
#67 = EDGE_CURVE ( 'NONE', #5789, #4025, #1516, .T. ) ;
#68 = CARTESIAN_POINT ( 'NONE',  ( 0.1250000000000010270, 0.1300000000000000044, 1.149999999999999911 ) ) ;
#69 = FACE_OUTER_BOUND ( 'NONE', #4136, .T. ) ;
#70 = DIRECTION ( 'NONE',  ( 1.000000000000000000, 0.000000000000000000, -4.336808689942018722E-16 ) ) ;
#71 = EDGE_LOOP ( 'NONE', ( #6222, #1689, #4006, #5364 ) ) ;
#72 = LINE ( 'NONE', #2744, #134 ) ;
#73 = VERTEX_POINT ( 'NONE', #3219 ) ;
#74 = DIRECTION ( 'NONE',  ( 0.000000000000000000, 0.000000000000000000, 1.000000000000000000 ) ) ;
#75 = FACE_OUTER_BOUND ( 'NONE', #4198, .T. ) ;
#76 = AXIS2_PLACEMENT_3D ( 'NONE', #6339, #5523, #4097 ) ;
#77 = DIRECTION ( 'NONE',  ( 2.282530889443168008E-16, 0.000000000000000000, -1.000000000000000000 ) ) ;
#78 = FACE_OUTER_BOUND ( 'NONE', #467, .T. ) ;
#79 = ORIENTED_EDGE ( 'NONE', *, *, #3142, .F. ) ;
#80 = CIRCLE ( 'NONE', #817, 0.1250000000000004441 ) ;
#81 = VERTEX_POINT ( 'NONE', #3692 ) ;
#82 = CARTESIAN_POINT ( 'NONE',  ( 0.6250000000000009992, 0.1999999999999999833, 1.149999999999999911 ) ) ;
#83 = FACE_OUTER_BOUND ( 'NONE', #4683, .T. ) ;
#84 = AXIS2_PLACEMENT_3D ( 'NONE', #2761, #792, #1232 ) ;
#85 = FACE_OUTER_BOUND ( 'NONE', #2750, .T. ) ;
#86 = ORIENTED_EDGE ( 'NONE', *, *, #2868, .F. ) ;
#87 = VECTOR ( 'NONE', #4681, 1000.000000000000000 ) ;
#88 = EDGE_LOOP ( 'NONE', ( #2897, #1717, #5342, #3974 ) ) ;
#89 = VECTOR ( 'NONE', #5511, 1000.000000000000000 ) ;
#90 = DIRECTION ( 'NONE',  ( -2.282530889443168501E-16, 0.000000000000000000, -1.000000000000000000 ) ) ;
#91 = CARTESIAN_POINT ( 'NONE',  ( 0.000000000000000000, 0.000000000000000000, 1.000000000000000000 ) ) ;
#92 = EDGE_CURVE ( 'NONE', #4017, #6558, #3942, .T. ) ;
#93 = ADVANCED_FACE ( 'NONE', ( #3868 ), #5763, .T. ) ;
#94 = EDGE_CURVE ( 'NONE', #1848, #5904, #6167, .T. ) ;
#95 = VECTOR ( 'NONE', #4583, 1000.000000000000000 ) ;
#96 = ORIENTED_EDGE ( 'NONE', *, *, #5522, .F. ) ;
#97 = LINE ( 'NONE', #2331, #4776 ) ;
#98 = PLANE ( 'NONE',  #1296 ) ;
#99 = VERTEX_POINT ( 'NONE', #5814 ) ;
#100 = CARTESIAN_POINT ( 'NONE',  ( 1.399999999999999911, 0.7367727638395971113, -0.3749999999999997780 ) ) ;
#101 = CARTESIAN_POINT ( 'NONE',  ( -0.3749999999999992228, 0.000000000000000000, -1.149999999999999911 ) ) ;
#102 = AXIS2_PLACEMENT_3D ( 'NONE', #3031, #3135, #3181 ) ;
#103 = ADVANCED_FACE ( 'NONE', ( #3843 ), #4696, .T. ) ;
#104 = PRESENTATION_STYLE_ASSIGNMENT (( #1843 ) ) ;
#105 = DIRECTION ( 'NONE',  ( 1.000000000000000000, 0.000000000000000000, 2.282530889443167515E-16 ) ) ;
#106 = DIRECTION ( 'NONE',  ( 0.000000000000000000, 0.000000000000000000, 1.000000000000000000 ) ) ;
#107 = VECTOR ( 'NONE', #1864, 1000.000000000000000 ) ;
#108 = DIRECTION ( 'NONE',  ( 0.000000000000000000, -1.000000000000000000, 0.000000000000000000 ) ) ;
#109 = ORIENTED_EDGE ( 'NONE', *, *, #2578, .F. ) ;
#110 = EDGE_CURVE ( 'NONE', #4148, #6265, #1438, .T. ) ;
#111 = CARTESIAN_POINT ( 'NONE',  ( 0.6250000000000007772, 0.1300000000000000044, -1.149999999999999911 ) ) ;
#112 = LINE ( 'NONE', #1835, #9 ) ;
#113 = VERTEX_POINT ( 'NONE', #3576 ) ;
#114 = PRESENTATION_LAYER_ASSIGNMENT (  '', '', ( #6070 ) ) ;
#115 = DIRECTION ( 'NONE',  ( 0.000000000000000000, -1.000000000000000000, 0.000000000000000000 ) ) ;
#116 = EDGE_CURVE ( 'NONE', #2023, #1666, #1461, .T. ) ;
#117 = COLOUR_RGB ( '',0.7921568627450980005, 0.8196078431372548767, 0.9333333333333333481 ) ;
#118 = PLANE ( 'NONE',  #1576 ) ;
#119 = VECTOR ( 'NONE', #4626, 1000.000000000000000 ) ;
#120 = ORIENTED_EDGE ( 'NONE', *, *, #3124, .F. ) ;
#121 = VECTOR ( 'NONE', #4243, 1000.000000000000000 ) ;
#122 = ORIENTED_EDGE ( 'NONE', *, *, #6634, .F. ) ;
#123 = EDGE_CURVE ( 'NONE', #6294, #4368, #3752, .T. ) ;
#124 = CARTESIAN_POINT ( 'NONE',  ( -1.399999999999999911, 0.7367727638395971113, -0.6249999999999997780 ) ) ;
#125 = CARTESIAN_POINT ( 'NONE',  ( 0.9250000000000000444, 0.1300000000000000044, -0.3749999999999998890 ) ) ;
#126 = VECTOR ( 'NONE', #1387, 1000.000000000000000 ) ;
#127 = ORIENTED_EDGE ( 'NONE', *, *, #3151, .T. ) ;
#128 = VECTOR ( 'NONE', #4632, 1000.000000000000000 ) ;
#129 = ORIENTED_EDGE ( 'NONE', *, *, #1746, .F. ) ;
#130 = CARTESIAN_POINT ( 'NONE',  ( -1.399999999999999911, 0.7367727638395971113, 0.1250000000000002220 ) ) ;
#131 = CARTESIAN_POINT ( 'NONE',  ( -0.9250000000000001554, 0.000000000000000000, -0.1249999999999998890 ) ) ;
#132 = VECTOR ( 'NONE', #5628, 1000.000000000000000 ) ;
#133 = EDGE_LOOP ( 'NONE', ( #1728, #3981, #761, #5254 ) ) ;
#134 = VECTOR ( 'NONE', #1262, 1000.000000000000000 ) ;
#135 = DIRECTION ( 'NONE',  ( 0.000000000000000000, -1.000000000000000000, 0.000000000000000000 ) ) ;
#136 = ORIENTED_EDGE ( 'NONE', *, *, #3511, .T. ) ;
#137 = CARTESIAN_POINT ( 'NONE',  ( -0.1249999999999990286, 0.1300000000000000044, 0.6750000000000000444 ) ) ;
#138 = EDGE_CURVE ( 'NONE', #2008, #475, #6054, .T. ) ;
#139 = EDGE_CURVE ( 'NONE', #4061, #4025, #3773, .T. ) ;
#140 = CARTESIAN_POINT ( 'NONE',  ( 0.9250000000000000444, 0.7367727638395971113, -0.8749999999999998890 ) ) ;
#141 = VECTOR ( 'NONE', #4982, 1000.000000000000000 ) ;
#142 = CARTESIAN_POINT ( 'NONE',  ( -1.399999999999999911, 0.1999999999999999833, -0.8749999999999997780 ) ) ;
#143 = DIRECTION ( 'NONE',  ( 0.000000000000000000, 0.000000000000000000, -1.000000000000000000 ) ) ;
#144 = LINE ( 'NONE', #1258, #165 ) ;
#145 = CARTESIAN_POINT ( 'NONE',  ( -1.499999999999999778, 0.000000000000000000, 1.250000000000000000 ) ) ;
#146 = ORIENTED_EDGE ( 'NONE', *, *, #5463, .F. ) ;
#147 = CARTESIAN_POINT ( 'NONE',  ( 0.9250000000000001554, 0.000000000000000000, -0.1249999999999998890 ) ) ;
#148 = CARTESIAN_POINT ( 'NONE',  ( 0.9250000000000001554, 0.000000000000000000, -0.1249999999999998890 ) ) ;
#149 = LINE ( 'NONE', #3292, #2299 ) ;
#150 = ORIENTED_EDGE ( 'NONE', *, *, #2830, .F. ) ;
#151 = ADVANCED_FACE ( 'NONE', ( #6178 ), #4493, .F. ) ;
#152 = SURFACE_STYLE_USAGE ( .BOTH. , #615 ) ;
#153 = VECTOR ( 'NONE', #14, 1000.000000000000000 ) ;
#154 = PLANE ( 'NONE',  #5631 ) ;
#155 = PLANE ( 'NONE',  #3147 ) ;
#156 = ORIENTED_EDGE ( 'NONE', *, *, #2249, .F. ) ;
#157 = ADVANCED_FACE ( 'NONE', ( #6129 ), #3859, .F. ) ;
#158 = VECTOR ( 'NONE', #3155, 1000.000000000000000 ) ;
#159 = ORIENTED_EDGE ( 'NONE', *, *, #1856, .T. ) ;
#160 = EDGE_CURVE ( 'NONE', #5972, #5279, #6085, .T. ) ;
#161 = DIRECTION ( 'NONE',  ( 0.000000000000000000, 0.000000000000000000, -1.000000000000000000 ) ) ;
#162 = CARTESIAN_POINT ( 'NONE',  ( -0.3749999999999991118, 0.2000000000000000111, 0.6749999999999999334 ) ) ;
#163 = PLANE ( 'NONE',  #4491 ) ;
#164 = LINE ( 'NONE', #6829, #260 ) ;
#165 = VECTOR ( 'NONE', #3445, 1000.000000000000000 ) ;
#166 = PLANE ( 'NONE',  #5343 ) ;
#167 = VERTEX_POINT ( 'NONE', #6616 ) ;
#168 = CARTESIAN_POINT ( 'NONE',  ( 0.9250000000000001554, 0.1300000000000000044, 0.8750000000000001110 ) ) ;
#169 = VECTOR ( 'NONE', #5840, 1000.000000000000000 ) ;
#170 = VERTEX_POINT ( 'NONE', #3314 ) ;
#171 = CARTESIAN_POINT ( 'NONE',  ( 0.000000000000000000, 0.2000000000000000111, 0.000000000000000000 ) ) ;
#172 = EDGE_CURVE ( 'NONE', #24, #1161, #3881, .T. ) ;
#173 = PRODUCT_DEFINITION_CONTEXT ( 'detailed design', #4629, 'design' ) ;
#174 = EDGE_CURVE ( 'NONE', #2829, #1154, #3824, .T. ) ;
#175 = VECTOR ( 'NONE', #5725, 1000.000000000000000 ) ;
#176 = AXIS2_PLACEMENT_3D ( 'NONE', #4023, #5590, #3883 ) ;
#177 = LINE ( 'NONE', #6154, #2462 ) ;
#178 = ORIENTED_EDGE ( 'NONE', *, *, #5707, .F. ) ;
#179 = LINE ( 'NONE', #5274, #121 ) ;
#180 = DIRECTION ( 'NONE',  ( -0.7071067811865467956, 0.000000000000000000, -0.7071067811865483499 ) ) ;
#181 = CLOSED_SHELL ( 'NONE', ( #4426, #6841, #2152, #4945, #3398, #6033 ) ) ;
#182 = CARTESIAN_POINT ( 'NONE',  ( -1.399999999999999911, 0.000000000000000000, -0.1249999999999997918 ) ) ;
#183 = CARTESIAN_POINT ( 'NONE',  ( 0.6250000000000009992, 0.000000000000000000, 0.6749999999999999334 ) ) ;
#184 = FACE_OUTER_BOUND ( 'NONE', #2502, .T. ) ;
#185 = DIRECTION ( 'NONE',  ( -2.282530889443168008E-16, 0.000000000000000000, -1.000000000000000000 ) ) ;
#186 = MANIFOLD_SOLID_BREP ( 'Boss-Extrude2[2]', #440 ) ;
#187 = EDGE_CURVE ( 'NONE', #4220, #4375, #4021, .T. ) ;
#188 = CARTESIAN_POINT ( 'NONE',  ( 1.500000000000000000, 0.000000000000000000, 1.250000000000000000 ) ) ;
#189 = CARTESIAN_POINT ( 'NONE',  ( -0.1249999999999992506, 0.1300000000000000044, -0.6749999999999998224 ) ) ;
#190 = VECTOR ( 'NONE', #5550, 1000.000000000000000 ) ;
#191 = DIRECTION ( 'NONE',  ( -1.000000000000000000, 0.000000000000000000, 4.336808689942017736E-16 ) ) ;
#192 = ORIENTED_EDGE ( 'NONE', *, *, #3937, .T. ) ;
#193 = CARTESIAN_POINT ( 'NONE',  ( 0.9250000000000001554, 0.000000000000000000, -0.6249999999999998890 ) ) ;
#194 = CARTESIAN_POINT ( 'NONE',  ( 0.1250000000000009159, 0.000000000000000000, 0.6749999999999999334 ) ) ;
#195 = VECTOR ( 'NONE', #539, 1000.000000000000000 ) ;
#196 = ORIENTED_EDGE ( 'NONE', *, *, #2907, .F. ) ;
#197 = PRESENTATION_STYLE_ASSIGNMENT (( #5571 ) ) ;
#198 = CARTESIAN_POINT ( 'NONE',  ( 0.9250000000000001554, 0.000000000000000000, -0.1249999999999998890 ) ) ;
#199 = LINE ( 'NONE', #1831, #4562 ) ;
#200 = ORIENTED_EDGE ( 'NONE', *, *, #174, .F. ) ;
#201 = LINE ( 'NONE', #6327, #2403 ) ;
#202 = VERTEX_POINT ( 'NONE', #1555 ) ;
#203 = ADVANCED_FACE ( 'NONE', ( #1734 ), #210, .F. ) ;
#204 = SURFACE_SIDE_STYLE ('',( #587 ) ) ;
#205 = DIRECTION ( 'NONE',  ( -0.000000000000000000, -1.000000000000000000, -0.000000000000000000 ) ) ;
#206 = DIRECTION ( 'NONE',  ( 0.000000000000000000, -1.000000000000000000, 0.000000000000000000 ) ) ;
#207 = LINE ( 'NONE', #2415, #382 ) ;
#208 = DIRECTION ( 'NONE',  ( 1.000000000000000000, -0.000000000000000000, -2.282530889443168008E-16 ) ) ;
#209 = ORIENTED_EDGE ( 'NONE', *, *, #731, .T. ) ;
#210 = PLANE ( 'NONE',  #6518 ) ;
#211 = LINE ( 'NONE', #2073, #2440 ) ;
#212 = ORIENTED_EDGE ( 'NONE', *, *, #5769, .T. ) ;
#213 = PLANE ( 'NONE',  #4242 ) ;
#214 = VECTOR ( 'NONE', #5862, 1000.000000000000000 ) ;
#215 = FILL_AREA_STYLE ('',( #2977 ) ) ;
#216 = PLANE ( 'NONE',  #6639 ) ;
#217 = AXIS2_PLACEMENT_3D ( 'NONE', #4769, #2206, #4150 ) ;
#218 = VECTOR ( 'NONE', #4854, 1000.000000000000000 ) ;
#219 = ORIENTED_EDGE ( 'NONE', *, *, #6468, .T. ) ;
#220 = LINE ( 'NONE', #6815, #4712 ) ;
#221 = DIRECTION ( 'NONE',  ( 0.000000000000000000, 1.000000000000000000, 0.000000000000000000 ) ) ;
#222 = ORIENTED_EDGE ( 'NONE', *, *, #4049, .F. ) ;
#223 =( NAMED_UNIT ( * ) SI_UNIT ( $, .STERADIAN. ) SOLID_ANGLE_UNIT ( ) );
#224 = FACE_OUTER_BOUND ( 'NONE', #6503, .T. ) ;
#225 = PLANE ( 'NONE',  #5876 ) ;
#226 = PLANE ( 'NONE',  #4847 ) ;
#227 = CARTESIAN_POINT ( 'NONE',  ( 0.000000000000000000, 0.2000000000000000111, 0.000000000000000000 ) ) ;
#228 = FACE_OUTER_BOUND ( 'NONE', #3116, .T. ) ;
#229 = ORIENTED_EDGE ( 'NONE', *, *, #2605, .F. ) ;
#230 = CARTESIAN_POINT ( 'NONE',  ( 0.6250000000000007772, 0.2000000000000000111, -0.6749999999999999334 ) ) ;
#231 = CARTESIAN_POINT ( 'NONE',  ( -0.9250000000000000444, 0.7367727638395971113, -0.3749999999999998890 ) ) ;
#232 = LINE ( 'NONE', #4647, #2598 ) ;
#233 = ORIENTED_EDGE ( 'NONE', *, *, #6421, .F. ) ;
#234 = LINE ( 'NONE', #3527, #4855 ) ;
#235 = EDGE_CURVE ( 'NONE', #5762, #2854, #6268, .T. ) ;
#236 = DIRECTION ( 'NONE',  ( -0.000000000000000000, -1.000000000000000000, -0.000000000000000000 ) ) ;
#237 = PLANE ( 'NONE',  #1824 ) ;
#238 = LINE ( 'NONE', #2245, #2574 ) ;
#239 = ADVANCED_FACE ( 'NONE', ( #6382 ), #1175, .T. ) ;
#240 = ORIENTED_EDGE ( 'NONE', *, *, #1609, .F. ) ;
#241 = FACE_OUTER_BOUND ( 'NONE', #3710, .T. ) ;
#242 = EDGE_LOOP ( 'NONE', ( #2976, #6607, #4533, #6810 ) ) ;
#243 = AXIS2_PLACEMENT_3D ( 'NONE', #6753, #2483, #919 ) ;
#244 = CARTESIAN_POINT ( 'NONE',  ( 0.9250000000000000444, 0.1300000000000000044, 0.1250000000000001110 ) ) ;
#245 = AXIS2_PLACEMENT_3D ( 'NONE', #91, #4311, #4442 ) ;
#246 = SURFACE_STYLE_USAGE ( .BOTH. , #204 ) ;
#247 = DIRECTION ( 'NONE',  ( -0.000000000000000000, -0.000000000000000000, 1.000000000000000000 ) ) ;
#248 = SURFACE_STYLE_FILL_AREA ( #3064 ) ;
#249 = FILL_AREA_STYLE_COLOUR ( '', #117 ) ;
#250 = ORIENTED_EDGE ( 'NONE', *, *, #4349, .T. ) ;
#251 = EDGE_CURVE ( 'NONE', #4114, #1088, #4241, .T. ) ;
#252 = VECTOR ( 'NONE', #821, 1000.000000000000000 ) ;
#253 = VERTEX_POINT ( 'NONE', #5468 ) ;
#254 = ADVANCED_FACE ( 'NONE', ( #6559 ), #4895, .T. ) ;
#255 = STYLED_ITEM ( 'NONE', ( #5626 ), #2128 ) ;
#256 = FILL_AREA_STYLE_COLOUR ( '', #1078 ) ;
#257 = AXIS2_PLACEMENT_3D ( 'NONE', #2698, #1021, #5831 ) ;
#258 = UNCERTAINTY_MEASURE_WITH_UNIT (LENGTH_MEASURE( 1.000000000000000082E-05 ), #2195, 'distance_accuracy_value', 'NONE');
#259 = EDGE_CURVE ( 'NONE', #477, #6162, #1902, .T. ) ;
#260 = VECTOR ( 'NONE', #3733, 1000.000000000000000 ) ;
#261 = CARTESIAN_POINT ( 'NONE',  ( -0.3749999999999991118, 0.000000000000000000, 0.6749999999999999334 ) ) ;
#262 = CARTESIAN_POINT ( 'NONE',  ( 1.399999999999999911, 0.7367727638395971113, 0.3750000000000002220 ) ) ;
#263 = DIRECTION ( 'NONE',  ( 0.000000000000000000, -0.000000000000000000, 1.000000000000000000 ) ) ;
#264 = ORIENTED_EDGE ( 'NONE', *, *, #3471, .F. ) ;
#265 = VECTOR ( 'NONE', #6280, 1000.000000000000000 ) ;
#266 = ORIENTED_EDGE ( 'NONE', *, *, #4184, .T. ) ;
#267 = ADVANCED_FACE ( 'NONE', ( #1878 ), #1845, .F. ) ;
#268 = EDGE_LOOP ( 'NONE', ( #1899, #4377, #5390, #1932 ) ) ;
#269 = FILL_AREA_STYLE ('',( #4828 ) ) ;
#270 = DIRECTION ( 'NONE',  ( -1.000000000000000000, 0.000000000000000000, 2.282530889443167515E-16 ) ) ;
#271 = LINE ( 'NONE', #5906, #4807 ) ;
#272 = DIRECTION ( 'NONE',  ( 0.000000000000000000, -1.000000000000000000, 0.000000000000000000 ) ) ;
#273 = PLANE ( 'NONE',  #5048 ) ;
#274 = EDGE_CURVE ( 'NONE', #6041, #4268, #4066, .T. ) ;
#275 = CARTESIAN_POINT ( 'NONE',  ( 0.9250000000000001554, 0.000000000000000000, 0.8750000000000001110 ) ) ;
#276 = VERTEX_POINT ( 'NONE', #5625 ) ;
#277 = LINE ( 'NONE', #5743, #2652 ) ;
#278 = ORIENTED_EDGE ( 'NONE', *, *, #3899, .T. ) ;
#279 = CARTESIAN_POINT ( 'NONE',  ( -0.9250000000000001554, 0.7367727638395971113, 0.3750000000000001110 ) ) ;
#280 = EDGE_CURVE ( 'NONE', #2208, #6062, #4010, .T. ) ;
#281 = DIRECTION ( 'NONE',  ( 0.000000000000000000, 0.000000000000000000, -1.000000000000000000 ) ) ;
#282 = ORIENTED_EDGE ( 'NONE', *, *, #6695, .T. ) ;
#283 = VECTOR ( 'NONE', #694, 1000.000000000000000 ) ;
#284 = DIRECTION ( 'NONE',  ( 1.000000000000000000, -0.000000000000000000, 0.000000000000000000 ) ) ;
#285 = DIRECTION ( 'NONE',  ( -4.336808689942017736E-16, 0.000000000000000000, -1.000000000000000000 ) ) ;
#286 = DIRECTION ( 'NONE',  ( 1.000000000000000000, 0.000000000000000000, 2.282530889443168008E-16 ) ) ;
#287 = ORIENTED_EDGE ( 'NONE', *, *, #4840, .F. ) ;
#288 = LINE ( 'NONE', #5242, #2623 ) ;
#289 = ORIENTED_EDGE ( 'NONE', *, *, #415, .F. ) ;
#290 = EDGE_CURVE ( 'NONE', #3901, #4182, #4000, .T. ) ;
#291 = DIRECTION ( 'NONE',  ( 4.336808689942017736E-16, -0.000000000000000000, 1.000000000000000000 ) ) ;
#292 =( LENGTH_UNIT ( ) NAMED_UNIT ( * ) SI_UNIT ( .MILLI., .METRE. ) );
#293 = PLANE ( 'NONE',  #6221 ) ;
#294 = DIRECTION ( 'NONE',  ( 0.000000000000000000, 0.000000000000000000, 1.000000000000000000 ) ) ;
#295 = DIRECTION ( 'NONE',  ( -1.000000000000000000, 0.000000000000000000, 2.282530889443167022E-16 ) ) ;
#296 = ORIENTED_EDGE ( 'NONE', *, *, #6313, .F. ) ;
#297 = DIRECTION ( 'NONE',  ( -0.000000000000000000, -0.000000000000000000, 1.000000000000000000 ) ) ;
#298 = ORIENTED_EDGE ( 'NONE', *, *, #1726, .T. ) ;
#299 = MECHANICAL_DESIGN_GEOMETRIC_PRESENTATION_REPRESENTATION (  '', ( #1972 ), #5005 ) ;
#300 = FILL_AREA_STYLE ('',( #256 ) ) ;
#301 = AXIS2_PLACEMENT_3D ( 'NONE', #1947, #4607, #3653 ) ;
#302 = LINE ( 'NONE', #4185, #5014 ) ;
#303 = CARTESIAN_POINT ( 'NONE',  ( 1.500000000000000000, 0.1299999999999998934, -1.250000000000000000 ) ) ;
#304 = DIRECTION ( 'NONE',  ( 0.000000000000000000, -1.000000000000000000, 0.000000000000000000 ) ) ;
#305 = LINE ( 'NONE', #4725, #2673 ) ;
#306 = VERTEX_POINT ( 'NONE', #4101 ) ;
#307 = LINE ( 'NONE', #2088, #4821 ) ;
#308 = ORIENTED_EDGE ( 'NONE', *, *, #6805, .F. ) ;
#309 = CARTESIAN_POINT ( 'NONE',  ( -0.9250000000000001554, 0.1999999999999999833, -0.1249999999999998890 ) ) ;
#310 = EDGE_CURVE ( 'NONE', #4053, #4356, #1988, .T. ) ;
#311 = VECTOR ( 'NONE', #359, 1000.000000000000000 ) ;
#312 = CARTESIAN_POINT ( 'NONE',  ( 1.399999999999999911, 0.7367727638395971113, 0.3750000000000002220 ) ) ;
#313 = CARTESIAN_POINT ( 'NONE',  ( -0.9250000000000001554, 0.1999999999999999833, -0.6249999999999998890 ) ) ;
#314 = CARTESIAN_POINT ( 'NONE',  ( -0.1249999999999992922, 0.1999999999999999833, -0.6749999999999998224 ) ) ;
#315 = CARTESIAN_POINT ( 'NONE',  ( 1.399999999999999911, 0.1999999999999999833, -0.3749999999999997780 ) ) ;
#316 = ORIENTED_EDGE ( 'NONE', *, *, #3582, .T. ) ;
#317 = CARTESIAN_POINT ( 'NONE',  ( -0.6249999999999988898, 0.2000000000000000111, 1.149999999999999689 ) ) ;
#318 = LINE ( 'NONE', #1940, #5029 ) ;
#319 = VERTEX_POINT ( 'NONE', #5576 ) ;
#320 = CARTESIAN_POINT ( 'NONE',  ( 0.6250000000000007772, 0.1300000000000000044, -1.149999999999999911 ) ) ;
#321 = EDGE_CURVE ( 'NONE', #6162, #2829, #4302, .T. ) ;
#322 = EDGE_CURVE ( 'NONE', #3569, #1828, #1711, .T. ) ;
#323 = LINE ( 'NONE', #6089, #4892 ) ;
#324 = CARTESIAN_POINT ( 'NONE',  ( 0.5000000000000000000, 0.2000000000000000111, 0.000000000000000000 ) ) ;
#325 = ORIENTED_EDGE ( 'NONE', *, *, #5649, .T. ) ;
#326 = CARTESIAN_POINT ( 'NONE',  ( -0.9250000000000001554, 0.000000000000000000, -0.1249999999999998890 ) ) ;
#327 = PRESENTATION_LAYER_ASSIGNMENT (  '', '', ( #5527 ) ) ;
#328 = DIRECTION ( 'NONE',  ( 0.000000000000000000, 0.000000000000000000, -1.000000000000000000 ) ) ;
#329 = LINE ( 'NONE', #6729, #598 ) ;
#330 = EDGE_LOOP ( 'NONE', ( #122, #5758, #3721, #3789, #289 ) ) ;
#331 = LINE ( 'NONE', #6250, #2675 ) ;
#332 = ORIENTED_EDGE ( 'NONE', *, *, #6300, .F. ) ;
#333 = CARTESIAN_POINT ( 'NONE',  ( 1.399999999999999911, 0.7367727638395971113, 0.3750000000000002220 ) ) ;
#334 = CARTESIAN_POINT ( 'NONE',  ( 1.399999999999999911, 0.000000000000000000, -0.6249999999999997780 ) ) ;
#335 = DIRECTION ( 'NONE',  ( 8.673617379884038430E-16, 0.000000000000000000, -1.000000000000000000 ) ) ;
#336 = LINE ( 'NONE', #6714, #2627 ) ;
#337 = EDGE_CURVE ( 'NONE', #5903, #4268, #6359, .T. ) ;
#338 = ORIENTED_EDGE ( 'NONE', *, *, #1218, .T. ) ;
#339 = CARTESIAN_POINT ( 'NONE',  ( 0.3750000000000011102, 0.1999999999999999833, 1.149999999999999689 ) ) ;
#340 = AXIS2_PLACEMENT_3D ( 'NONE', #5347, #5905, #4445 ) ;
#341 = LINE ( 'NONE', #2745, #4783 ) ;
#342 = CARTESIAN_POINT ( 'NONE',  ( -0.1249999999999992506, 0.2000000000000000111, -1.149999999999999689 ) ) ;
#343 = AXIS2_PLACEMENT_3D ( 'NONE', #3226, #1106, #3177 ) ;
#344 = ORIENTED_EDGE ( 'NONE', *, *, #4147, .F. ) ;
#345 = EDGE_CURVE ( 'NONE', #527, #3712, #4204, .T. ) ;
#346 = ORIENTED_EDGE ( 'NONE', *, *, #6088, .T. ) ;
#347 = CARTESIAN_POINT ( 'NONE',  ( -0.9250000000000001554, 0.1300000000000000044, -0.1249999999999998890 ) ) ;
#348 = LINE ( 'NONE', #1675, #214 ) ;
#349 = CARTESIAN_POINT ( 'NONE',  ( 0.6250000000000007772, 0.2000000000000000111, -1.149999999999999911 ) ) ;
#350 =( NAMED_UNIT ( * ) PLANE_ANGLE_UNIT ( ) SI_UNIT ( $, .RADIAN. ) );
#351 = SURFACE_STYLE_USAGE ( .BOTH. , #6710 ) ;
#352 = LINE ( 'NONE', #4431, #4928 ) ;
#353 = ADVANCED_FACE ( 'NONE', ( #6516 ), #1472, .T. ) ;
#354 = ORIENTED_EDGE ( 'NONE', *, *, #2130, .T. ) ;
#355 = LINE ( 'NONE', #1444, #252 ) ;
#356 = VERTEX_POINT ( 'NONE', #5334 ) ;
#357 = CARTESIAN_POINT ( 'NONE',  ( -0.6249999999999988898, 0.000000000000000000, 1.149999999999999689 ) ) ;
#358 = EDGE_CURVE ( 'NONE', #4008, #6684, #4055, .T. ) ;
#359 = DIRECTION ( 'NONE',  ( 0.000000000000000000, -1.000000000000000000, 0.000000000000000000 ) ) ;
#360 = DIRECTION ( 'NONE',  ( 1.000000000000000000, 0.000000000000000000, -2.282530889443168008E-16 ) ) ;
#361 = DIRECTION ( 'NONE',  ( 8.673617379884035472E-17, -0.000000000000000000, 1.000000000000000000 ) ) ;
#362 = DIRECTION ( 'NONE',  ( 4.336808689942017736E-16, 0.000000000000000000, -1.000000000000000000 ) ) ;
#363 = VECTOR ( 'NONE', #5794, 1000.000000000000000 ) ;
#364 = CARTESIAN_POINT ( 'NONE',  ( 1.399999999999999911, 0.1300000000000000044, 0.6250000000000002220 ) ) ;
#365 = ORIENTED_EDGE ( 'NONE', *, *, #4732, .T. ) ;
#366 = VECTOR ( 'NONE', #1401, 1000.000000000000000 ) ;
#367 = ORIENTED_EDGE ( 'NONE', *, *, #673, .T. ) ;
#368 = CARTESIAN_POINT ( 'NONE',  ( -1.399999999999999911, 0.7367727638395971113, -0.1249999999999997918 ) ) ;
#369 = EDGE_CURVE ( 'NONE', #3850, #2431, #6311, .T. ) ;
#370 = DIRECTION ( 'NONE',  ( 2.282530889443167515E-16, 0.000000000000000000, 1.000000000000000000 ) ) ;
#371 = DIRECTION ( 'NONE',  ( 0.000000000000000000, -1.000000000000000000, 0.000000000000000000 ) ) ;
#372 = VECTOR ( 'NONE', #2630, 1000.000000000000000 ) ;
#373 = ORIENTED_EDGE ( 'NONE', *, *, #787, .T. ) ;
#374 = LINE ( 'NONE', #2595, #2566 ) ;
#375 = ORIENTED_EDGE ( 'NONE', *, *, #3188, .T. ) ;
#376 = DIRECTION ( 'NONE',  ( 2.282530889443168008E-16, 0.000000000000000000, -1.000000000000000000 ) ) ;
#377 = EDGE_CURVE ( 'NONE', #4171, #1363, #6346, .T. ) ;
#378 = ORIENTED_EDGE ( 'NONE', *, *, #3604, .T. ) ;
#379 = AXIS2_PLACEMENT_3D ( 'NONE', #2048, #2387, #4121 ) ;
#380 = DIRECTION ( 'NONE',  ( -0.000000000000000000, -1.000000000000000000, -0.000000000000000000 ) ) ;
#381 = PRESENTATION_LAYER_ASSIGNMENT (  '', '', ( #3267 ) ) ;
#382 = VECTOR ( 'NONE', #3344, 1000.000000000000000 ) ;
#383 = CARTESIAN_POINT ( 'NONE',  ( -0.3749999999999992228, 0.000000000000000000, -0.6749999999999999334 ) ) ;
#384 = ORIENTED_EDGE ( 'NONE', *, *, #123, .T. ) ;
#385 = CARTESIAN_POINT ( 'NONE',  ( 1.500000000000000000, 0.7400000000000002132, -1.250000000000000000 ) ) ;
#386 = FACE_BOUND ( 'NONE', #3410, .T. ) ;
#387 = ORIENTED_EDGE ( 'NONE', *, *, #1067, .F. ) ;
#388 = CARTESIAN_POINT ( 'NONE',  ( -0.9250000000000001554, 0.7367727638395971113, 0.8750000000000001110 ) ) ;
#389 = DIRECTION ( 'NONE',  ( 0.000000000000000000, 1.000000000000000000, 0.000000000000000000 ) ) ;
#390 = DIRECTION ( 'NONE',  ( 0.000000000000000000, 1.000000000000000000, 0.000000000000000000 ) ) ;
#391 = VECTOR ( 'NONE', #49, 1000.000000000000000 ) ;
#392 = ORIENTED_EDGE ( 'NONE', *, *, #2819, .F. ) ;
#393 = FACE_BOUND ( 'NONE', #3669, .T. ) ;
#394 = ORIENTED_EDGE ( 'NONE', *, *, #5848, .F. ) ;
#395 = PLANE ( 'NONE',  #4416 ) ;
#396 = DIRECTION ( 'NONE',  ( 0.000000000000000000, 1.000000000000000000, 0.000000000000000000 ) ) ;
#397 = ADVANCED_FACE ( 'NONE', ( #6483 ), #2793, .T. ) ;
#398 = CARTESIAN_POINT ( 'NONE',  ( 1.500000000000000000, 0.1299999999999998934, 1.250000000000000000 ) ) ;
#399 = DIRECTION ( 'NONE',  ( 1.000000000000000000, 0.000000000000000000, 0.000000000000000000 ) ) ;
#400 = CARTESIAN_POINT ( 'NONE',  ( 1.399999999999999911, 0.1999999999999999833, -0.8749999999999997780 ) ) ;
#401 = EDGE_CURVE ( 'NONE', #4261, #5997, #1758, .T. ) ;
#402 = FACE_OUTER_BOUND ( 'NONE', #697, .T. ) ;
#403 = ADVANCED_FACE ( 'NONE', ( #6492 ), #6211, .T. ) ;
#404 = DIRECTION ( 'NONE',  ( -2.282530889443168501E-16, 0.000000000000000000, -1.000000000000000000 ) ) ;
#405 = VERTEX_POINT ( 'NONE', #3081 ) ;
#406 = EDGE_CURVE ( 'NONE', #202, #3003, #6529, .T. ) ;
#407 = PRODUCT_CONTEXT ( 'NONE', #6486, 'mechanical' ) ;
#408 = LINE ( 'NONE', #687, #5009 ) ;
#409 = ORIENTED_EDGE ( 'NONE', *, *, #2435, .F. ) ;
#410 = AXIS2_PLACEMENT_3D ( 'NONE', #503, #1044, #6431 ) ;
#411 = DIRECTION ( 'NONE',  ( 2.282530889443168008E-16, 0.000000000000000000, -1.000000000000000000 ) ) ;
#412 = DIRECTION ( 'NONE',  ( 0.000000000000000000, -0.000000000000000000, 1.000000000000000000 ) ) ;
#413 = VERTEX_POINT ( 'NONE', #385 ) ;
#414 = VERTEX_POINT ( 'NONE', #2925 ) ;
#415 = EDGE_CURVE ( 'NONE', #1915, #1538, #4033, .T. ) ;
#416 = DIRECTION ( 'NONE',  ( 4.336808689942017736E-16, 0.000000000000000000, -1.000000000000000000 ) ) ;
#417 = AXIS2_PLACEMENT_3D ( 'NONE', #1275, #5608, #4090 ) ;
#418 = EDGE_CURVE ( 'NONE', #6585, #5791, #4289, .T. ) ;
#419 = EDGE_CURVE ( 'NONE', #6569, #4483, #1925, .T. ) ;
#420 = DIRECTION ( 'NONE',  ( 0.000000000000000000, 0.000000000000000000, -1.000000000000000000 ) ) ;
#421 = LINE ( 'NONE', #5693, #4886 ) ;
#422 = ORIENTED_EDGE ( 'NONE', *, *, #1159, .F. ) ;
#423 = CARTESIAN_POINT ( 'NONE',  ( -1.024999999999999467, 0.1999999999999999833, -0.8749999999999998890 ) ) ;
#424 = VECTOR ( 'NONE', #3070, 1000.000000000000000 ) ;
#425 = VERTEX_POINT ( 'NONE', #3715 ) ;
#426 = DIRECTION ( 'NONE',  ( 1.000000000000000000, 0.000000000000000000, 2.282530889443167515E-16 ) ) ;
#427 = EDGE_CURVE ( 'NONE', #1315, #477, #6548, .T. ) ;
#428 = CARTESIAN_POINT ( 'NONE',  ( -1.399999999999999911, 0.7367727638395971113, -0.6249999999999997780 ) ) ;
#429 = CARTESIAN_POINT ( 'NONE',  ( 0.6250000000000007772, 0.000000000000000000, -1.149999999999999911 ) ) ;
#430 = DIRECTION ( 'NONE',  ( -1.000000000000000000, 0.000000000000000000, 8.673617379884035472E-16 ) ) ;
#431 = LINE ( 'NONE', #1210, #5074 ) ;
#432 = ORIENTED_EDGE ( 'NONE', *, *, #1494, .T. ) ;
#433 = VECTOR ( 'NONE', #4430, 1000.000000000000000 ) ;
#434 = EDGE_LOOP ( 'NONE', ( #6341, #2919, #3074, #632 ) ) ;
#435 = DIRECTION ( 'NONE',  ( -1.000000000000000000, 0.000000000000000000, 4.336808689942017736E-16 ) ) ;
#436 = CARTESIAN_POINT ( 'NONE',  ( 1.500000000000000000, 5.385124837953327415, -1.250000000000000000 ) ) ;
#437 = CARTESIAN_POINT ( 'NONE',  ( 0.1250000000000009159, 0.1300000000000000044, 0.6749999999999999334 ) ) ;
#438 = CARTESIAN_POINT ( 'NONE',  ( 1.500000000000000000, 0.1299999999999998934, 1.250000000000000000 ) ) ;
#439 = VECTOR ( 'NONE', #396, 1000.000000000000000 ) ;
#440 = CLOSED_SHELL ( 'NONE', ( #3361, #3647, #3984, #5740, #689, #2030 ) ) ;
#441 = LINE ( 'NONE', #6399, #642 ) ;
#442 = ORIENTED_EDGE ( 'NONE', *, *, #3836, .T. ) ;
#443 = VECTOR ( 'NONE', #6290, 1000.000000000000000 ) ;
#444 = EDGE_LOOP ( 'NONE', ( #5339, #580, #2072, #2093 ) ) ;
#445 = CARTESIAN_POINT ( 'NONE',  ( 1.399999999999999911, 0.1999999999999999833, 0.8750000000000002220 ) ) ;
#446 = CARTESIAN_POINT ( 'NONE',  ( -0.3749999999999990008, 0.7367727638395973333, 1.149999999999999911 ) ) ;
#447 = AXIS2_PLACEMENT_3D ( 'NONE', #1990, #3645, #5192 ) ;
#448 = EDGE_CURVE ( 'NONE', #4449, #5084, #4250, .T. ) ;
#449 = ADVANCED_FACE ( 'NONE', ( #4260 ), #1452, .T. ) ;
#450 = CARTESIAN_POINT ( 'NONE',  ( -0.1249999999999992506, 0.7367727638395973333, -1.149999999999999689 ) ) ;
#451 = DIRECTION ( 'NONE',  ( -0.7071067811865430208, 0.000000000000000000, -0.7071067811865521247 ) ) ;
#452 = PLANE ( 'NONE',  #4291 ) ;
#453 = LINE ( 'NONE', #4177, #498 ) ;
#454 = ORIENTED_EDGE ( 'NONE', *, *, #3088, .F. ) ;
#455 = FACE_OUTER_BOUND ( 'NONE', #5963, .T. ) ;
#456 = ORIENTED_EDGE ( 'NONE', *, *, #1617, .F. ) ;
#457 = EDGE_CURVE ( 'NONE', #4029, #1386, #1977, .T. ) ;
#458 = DIRECTION ( 'NONE',  ( 0.000000000000000000, 0.000000000000000000, -1.000000000000000000 ) ) ;
#459 = FILL_AREA_STYLE_COLOUR ( '', #4900 ) ;
#460 = MANIFOLD_SOLID_BREP ( 'Chamfer2', #1699 ) ;
#461 = CARTESIAN_POINT ( 'NONE',  ( -0.9250000000000000444, 0.1999999999999999833, -0.3749999999999998890 ) ) ;
#462 = DIRECTION ( 'NONE',  ( 0.000000000000000000, -1.000000000000000000, 0.000000000000000000 ) ) ;
#463 = LINE ( 'NONE', #6545, #553 ) ;
#464 = DIRECTION ( 'NONE',  ( 2.282530889443167515E-16, 0.000000000000000000, 1.000000000000000000 ) ) ;
#465 = ORIENTED_EDGE ( 'NONE', *, *, #2237, .T. ) ;
#466 = VECTOR ( 'NONE', #6470, 1000.000000000000000 ) ;
#467 = EDGE_LOOP ( 'NONE', ( #5121, #3006, #1721, #4974 ) ) ;
#468 = SURFACE_SIDE_STYLE ('',( #3351 ) ) ;
#469 = EDGE_CURVE ( 'NONE', #2620, #5837, #6696, .T. ) ;
#470 = CARTESIAN_POINT ( 'NONE',  ( 0.9250000000000001554, 0.1300000000000000044, 0.3750000000000001110 ) ) ;
#471 = CARTESIAN_POINT ( 'NONE',  ( 1.399999999999999911, 0.7367727638395971113, 0.8750000000000002220 ) ) ;
#472 = DIRECTION ( 'NONE',  ( 1.000000000000000000, -0.000000000000000000, -2.282530889443168008E-16 ) ) ;
#473 = LINE ( 'NONE', #398, #487 ) ;
#474 = VECTOR ( 'NONE', #5503, 1000.000000000000000 ) ;
#475 = VERTEX_POINT ( 'NONE', #5202 ) ;
#476 = LINE ( 'NONE', #1462, #646 ) ;
#477 = VERTEX_POINT ( 'NONE', #3608 ) ;
#478 = CARTESIAN_POINT ( 'NONE',  ( -0.3749999999999990008, 0.2000000000000000111, 1.149999999999999911 ) ) ;
#479 = CARTESIAN_POINT ( 'NONE',  ( 0.9250000000000001554, 0.1300000000000000044, -0.1249999999999998890 ) ) ;
#480 = CARTESIAN_POINT ( 'NONE',  ( 0.1250000000000010270, 0.2000000000000000111, 1.149999999999999911 ) ) ;
#481 = EDGE_CURVE ( 'NONE', #306, #3875, #4542, .T. ) ;
#482 = DIRECTION ( 'NONE',  ( -0.000000000000000000, -1.000000000000000000, -0.000000000000000000 ) ) ;
#483 = EDGE_CURVE ( 'NONE', #3355, #2854, #2142, .T. ) ;
#484 = CARTESIAN_POINT ( 'NONE',  ( -0.9250000000000001554, 0.7367727638395971113, -0.1249999999999998890 ) ) ;
#485 = CARTESIAN_POINT ( 'NONE',  ( 0.6250000000000009992, 0.000000000000000000, 1.149999999999999911 ) ) ;
#486 = DIRECTION ( 'NONE',  ( 2.282530889443168501E-16, 0.000000000000000000, 1.000000000000000000 ) ) ;
#487 = VECTOR ( 'NONE', #5085, 1000.000000000000000 ) ;
#488 = MECHANICAL_DESIGN_GEOMETRIC_PRESENTATION_REPRESENTATION (  '', ( #1562 ), #1810 ) ;
#489 = VECTOR ( 'NONE', #3341, 1000.000000000000000 ) ;
#490 = AXIS2_PLACEMENT_3D ( 'NONE', #5116, #6301, #6744 ) ;
#491 = VERTEX_POINT ( 'NONE', #3561 ) ;
#492 = VERTEX_POINT ( 'NONE', #423 ) ;
#493 = DIRECTION ( 'NONE',  ( 1.000000000000000000, 0.000000000000000000, 2.282530889443167515E-16 ) ) ;
#494 = DIRECTION ( 'NONE',  ( 1.000000000000000000, 0.000000000000000000, -4.336808689942017736E-16 ) ) ;
#495 = PLANE ( 'NONE',  #1295 ) ;
#496 = EDGE_CURVE ( 'NONE', #1854, #1414, #6769, .T. ) ;
#497 = FACE_OUTER_BOUND ( 'NONE', #5231, .T. ) ;
#498 = VECTOR ( 'NONE', #3085, 1000.000000000000000 ) ;
#499 = VERTEX_POINT ( 'NONE', #4169 ) ;
#500 = EDGE_CURVE ( 'NONE', #3253, #5582, #2027, .T. ) ;
#501 = UNCERTAINTY_MEASURE_WITH_UNIT (LENGTH_MEASURE( 1.000000000000000082E-05 ), #3543, 'distance_accuracy_value', 'NONE');
#502 = ORIENTED_EDGE ( 'NONE', *, *, #2435, .T. ) ;
#503 = CARTESIAN_POINT ( 'NONE',  ( -0.6249999999999990008, 0.2000000000000000111, 0.6750000000000000444 ) ) ;
#504 = ADVANCED_FACE ( 'NONE', ( #2112 ), #4219, .T. ) ;
#505 = FACE_OUTER_BOUND ( 'NONE', #532, .T. ) ;
#506 = CARTESIAN_POINT ( 'NONE',  ( 0.1250000000000007494, 0.2000000000000000111, -0.6749999999999999334 ) ) ;
#507 = DIRECTION ( 'NONE',  ( -0.000000000000000000, -1.000000000000000000, -0.000000000000000000 ) ) ;
#508 = LINE ( 'NONE', #4976, #489 ) ;
#509 = CARTESIAN_POINT ( 'NONE',  ( -0.9250000000000001554, 0.7367727638395971113, -0.6249999999999998890 ) ) ;
#510 = ADVANCED_FACE ( 'NONE', ( #2214 ), #226, .T. ) ;
#511 = ORIENTED_EDGE ( 'NONE', *, *, #1660, .T. ) ;
#512 = DIRECTION ( 'NONE',  ( 0.000000000000000000, 0.000000000000000000, 1.000000000000000000 ) ) ;
#513 = FACE_OUTER_BOUND ( 'NONE', #4213, .T. ) ;
#514 = VERTEX_POINT ( 'NONE', #4999 ) ;
#515 = EDGE_CURVE ( 'NONE', #5926, #4356, #6833, .T. ) ;
#516 = DIRECTION ( 'NONE',  ( 0.000000000000000000, -1.000000000000000000, 0.000000000000000000 ) ) ;
#517 = CARTESIAN_POINT ( 'NONE',  ( 0.1250000000000009159, 0.000000000000000000, 0.6749999999999999334 ) ) ;
#518 =( NAMED_UNIT ( * ) PLANE_ANGLE_UNIT ( ) SI_UNIT ( $, .RADIAN. ) );
#519 = CARTESIAN_POINT ( 'NONE',  ( 0.9250000000000001554, 0.000000000000000000, -0.1249999999999998890 ) ) ;
#520 = FACE_OUTER_BOUND ( 'NONE', #1593, .T. ) ;
#521 = ADVANCED_FACE ( 'NONE', ( #6824 ), #3223, .T. ) ;
#522 = EDGE_CURVE ( 'NONE', #356, #4233, #2099, .T. ) ;
#523 = ORIENTED_EDGE ( 'NONE', *, *, #5315, .T. ) ;
#524 = LINE ( 'NONE', #863, #2756 ) ;
#525 = ORIENTED_EDGE ( 'NONE', *, *, #4065, .F. ) ;
#526 = VECTOR ( 'NONE', #6614, 1000.000000000000000 ) ;
#527 = VERTEX_POINT ( 'NONE', #189 ) ;
#528 = CARTESIAN_POINT ( 'NONE',  ( 0.3750000000000007772, 0.7367727638395973333, -0.6749999999999998224 ) ) ;
#529 = CARTESIAN_POINT ( 'NONE',  ( 0.9250000000000001554, 0.1300000000000000044, 0.3750000000000001110 ) ) ;
#530 = PLANE ( 'NONE',  #617 ) ;
#531 = FACE_OUTER_BOUND ( 'NONE', #2, .T. ) ;
#532 = EDGE_LOOP ( 'NONE', ( #6196, #1549, #6355, #3747 ) ) ;
#533 = AXIS2_PLACEMENT_3D ( 'NONE', #4814, #3682, #6328 ) ;
#534 = PRESENTATION_STYLE_ASSIGNMENT (( #246 ) ) ;
#535 = VERTEX_POINT ( 'NONE', #2811 ) ;
#536 = ADVANCED_FACE ( 'NONE', ( #6780 ), #4500, .T. ) ;
#537 = FACE_BOUND ( 'NONE', #1883, .T. ) ;
#538 = ORIENTED_EDGE ( 'NONE', *, *, #5386, .T. ) ;
#539 = DIRECTION ( 'NONE',  ( 0.000000000000000000, -1.000000000000000000, 0.000000000000000000 ) ) ;
#540 = PLANE ( 'NONE',  #6361 ) ;
#541 = EDGE_CURVE ( 'NONE', #3875, #6515, #6708, .T. ) ;
#542 = VECTOR ( 'NONE', #2727, 1000.000000000000000 ) ;
#543 = CARTESIAN_POINT ( 'NONE',  ( 0.9250000000000001554, 0.000000000000000000, 0.3750000000000001110 ) ) ;
#544 = FACE_OUTER_BOUND ( 'NONE', #4047, .T. ) ;
#545 = ORIENTED_EDGE ( 'NONE', *, *, #5406, .F. ) ;
#546 = FACE_OUTER_BOUND ( 'NONE', #5894, .T. ) ;
#547 = ORIENTED_EDGE ( 'NONE', *, *, #1834, .F. ) ;
#548 = DIRECTION ( 'NONE',  ( 0.000000000000000000, 0.000000000000000000, 1.000000000000000000 ) ) ;
#549 = PLANE ( 'NONE',  #3131 ) ;
#550 = ADVANCED_FACE ( 'NONE', ( #2154 ), #1483, .F. ) ;
#551 = VECTOR ( 'NONE', #4833, 1000.000000000000000 ) ;
#552 = CARTESIAN_POINT ( 'NONE',  ( -0.3749999999999992228, 0.1300000000000000044, -0.6749999999999999334 ) ) ;
#553 = VECTOR ( 'NONE', #2913, 1000.000000000000000 ) ;
#554 = CARTESIAN_POINT ( 'NONE',  ( -1.025000000000000355, 0.000000000000000000, -0.8749999999999998890 ) ) ;
#555 = ORIENTED_EDGE ( 'NONE', *, *, #6084, .T. ) ;
#556 = EDGE_CURVE ( 'NONE', #5106, #1181, #6793, .T. ) ;
#557 = LINE ( 'NONE', #4359, #2875 ) ;
#558 = ORIENTED_EDGE ( 'NONE', *, *, #670, .T. ) ;
#559 = DIRECTION ( 'NONE',  ( -0.000000000000000000, -0.000000000000000000, 1.000000000000000000 ) ) ;
#560 = AXIS2_PLACEMENT_3D ( 'NONE', #1107, #6792, #4750 ) ;
#561 = DIRECTION ( 'NONE',  ( 0.000000000000000000, 0.000000000000000000, -1.000000000000000000 ) ) ;
#562 = AXIS2_PLACEMENT_3D ( 'NONE', #6459, #3842, #722 ) ;
#563 = ADVANCED_FACE ( 'NONE', ( #4443 ), #3725, .T. ) ;
#564 = DIRECTION ( 'NONE',  ( -0.000000000000000000, -1.000000000000000000, -0.000000000000000000 ) ) ;
#565 = VECTOR ( 'NONE', #4002, 1000.000000000000000 ) ;
#566 = LINE ( 'NONE', #6114, #474 ) ;
#567 = ADVANCED_FACE ( 'NONE', ( #6717 ), #2082, .T. ) ;
#568 = ORIENTED_EDGE ( 'NONE', *, *, #6733, .F. ) ;
#569 = LINE ( 'NONE', #2219, #5041 ) ;
#570 = ORIENTED_EDGE ( 'NONE', *, *, #2090, .F. ) ;
#571 = PLANE ( 'NONE',  #2841 ) ;
#572 = PRESENTATION_LAYER_ASSIGNMENT (  '', '', ( #255 ) ) ;
#573 = DIRECTION ( 'NONE',  ( 1.000000000000000000, 0.000000000000000000, 2.282530889443167515E-16 ) ) ;
#574 = AXIS2_PLACEMENT_3D ( 'NONE', #2375, #6688, #3492 ) ;
#575 = DIRECTION ( 'NONE',  ( 0.000000000000000000, 0.000000000000000000, 1.000000000000000000 ) ) ;
#576 = LINE ( 'NONE', #6004, #628 ) ;
#577 = ORIENTED_EDGE ( 'NONE', *, *, #1968, .T. ) ;
#578 = LINE ( 'NONE', #2285, #5230 ) ;
#579 = ORIENTED_EDGE ( 'NONE', *, *, #3236, .F. ) ;
#580 = ORIENTED_EDGE ( 'NONE', *, *, #6251, .F. ) ;
#581 = DIRECTION ( 'NONE',  ( -2.282530889443168501E-16, 0.000000000000000000, -1.000000000000000000 ) ) ;
#582 = CARTESIAN_POINT ( 'NONE',  ( -0.9250000000000001554, 0.1300000000000000044, 0.3750000000000001110 ) ) ;
#583 = CARTESIAN_POINT ( 'NONE',  ( 1.399999999999999911, 0.7367727638395971113, -0.1249999999999997918 ) ) ;
#584 = LINE ( 'NONE', #5079, #565 ) ;
#585 = ORIENTED_EDGE ( 'NONE', *, *, #3844, .T. ) ;
#586 = DIRECTION ( 'NONE',  ( -1.000000000000000000, 0.000000000000000000, 2.282530889443167515E-16 ) ) ;
#587 = SURFACE_STYLE_FILL_AREA ( #1832 ) ;
#588 = ORIENTED_EDGE ( 'NONE', *, *, #6006, .T. ) ;
#589 = CARTESIAN_POINT ( 'NONE',  ( -0.9250000000000000444, 0.7367727638395971113, -0.8749999999999998890 ) ) ;
#590 = FACE_BOUND ( 'NONE', #1240, .T. ) ;
#591 = ORIENTED_EDGE ( 'NONE', *, *, #377, .F. ) ;
#592 = EDGE_CURVE ( 'NONE', #1768, #5187, #6735, .T. ) ;
#593 = PRODUCT_DEFINITION_SHAPE ( 'NONE', 'NONE',  #2311 ) ;
#594 = DIRECTION ( 'NONE',  ( -0.000000000000000000, -1.000000000000000000, -0.000000000000000000 ) ) ;
#595 = LINE ( 'NONE', #2224, #704 ) ;
#596 = DIRECTION ( 'NONE',  ( 4.336808689942017736E-16, 0.000000000000000000, -1.000000000000000000 ) ) ;
#597 = CARTESIAN_POINT ( 'NONE',  ( -0.3749999999999990008, 0.1300000000000000044, 1.149999999999999911 ) ) ;
#598 = VECTOR ( 'NONE', #2132, 1000.000000000000000 ) ;
#599 = CARTESIAN_POINT ( 'NONE',  ( 1.399999999999999911, 0.7367727638395971113, -0.8749999999999997780 ) ) ;
#600 = ORIENTED_EDGE ( 'NONE', *, *, #5138, .F. ) ;
#601 = FACE_BOUND ( 'NONE', #6039, .T. ) ;
#602 = ORIENTED_EDGE ( 'NONE', *, *, #4486, .F. ) ;
#603 = CARTESIAN_POINT ( 'NONE',  ( -0.1249999999999989175, 0.000000000000000000, 1.149999999999999689 ) ) ;
#604 = DIRECTION ( 'NONE',  ( 1.000000000000000000, -0.000000000000000000, -0.000000000000000000 ) ) ;
#605 = EDGE_CURVE ( 'NONE', #5823, #4544, #2166, .T. ) ;
#606 = CARTESIAN_POINT ( 'NONE',  ( -1.399999999999999911, 0.7367727638395971113, 0.8750000000000002220 ) ) ;
#607 = ADVANCED_FACE ( 'NONE', ( #2040 ), #3779, .T. ) ;
#608 = CARTESIAN_POINT ( 'NONE',  ( -0.9250000000000001554, 0.000000000000000000, 0.8750000000000001110 ) ) ;
#609 = VECTOR ( 'NONE', #3317, 1000.000000000000000 ) ;
#610 = ORIENTED_EDGE ( 'NONE', *, *, #139, .F. ) ;
#611 = VECTOR ( 'NONE', #2460, 1000.000000000000000 ) ;
#612 = ORIENTED_EDGE ( 'NONE', *, *, #2237, .F. ) ;
#613 = FACE_OUTER_BOUND ( 'NONE', #1923, .T. ) ;
#614 = ORIENTED_EDGE ( 'NONE', *, *, #358, .T. ) ;
#615 = SURFACE_SIDE_STYLE ('',( #6478 ) ) ;
#616 = AXIS2_PLACEMENT_3D ( 'NONE', #725, #47, #1130 ) ;
#617 = AXIS2_PLACEMENT_3D ( 'NONE', #5974, #2624, #2022 ) ;
#618 = ADVANCED_FACE ( 'NONE', ( #4458 ), #6528, .T. ) ;
#619 = FACE_OUTER_BOUND ( 'NONE', #2590, .T. ) ;
#620 = LINE ( 'NONE', #2609, #5205 ) ;
#621 = ADVANCED_FACE ( 'NONE', ( #2243 ), #3918, .T. ) ;
#622 = VERTEX_POINT ( 'NONE', #5532 ) ;
#623 = FACE_OUTER_BOUND ( 'NONE', #3080, .T. ) ;
#624 = EDGE_LOOP ( 'NONE', ( #6800, #6448, #779, #4496 ) ) ;
#625 = CARTESIAN_POINT ( 'NONE',  ( -1.399999999999999911, 0.000000000000000000, -0.6249999999999997780 ) ) ;
#626 = ORIENTED_EDGE ( 'NONE', *, *, #1559, .F. ) ;
#627 = CARTESIAN_POINT ( 'NONE',  ( 0.9250000000000000444, 0.1300000000000000044, 0.6250000000000001110 ) ) ;
#628 = VECTOR ( 'NONE', #559, 1000.000000000000000 ) ;
#629 = ADVANCED_FACE ( 'NONE', ( #6747 ), #3626, .T. ) ;
#630 = DIRECTION ( 'NONE',  ( -2.282530889443167515E-16, 0.000000000000000000, 1.000000000000000000 ) ) ;
#631 = VECTOR ( 'NONE', #1591, 1000.000000000000000 ) ;
#632 = ORIENTED_EDGE ( 'NONE', *, *, #1660, .F. ) ;
#633 = CARTESIAN_POINT ( 'NONE',  ( 0.9250000000000000444, 0.000000000000000000, -0.8749999999999998890 ) ) ;
#634 = VECTOR ( 'NONE', #5521, 1000.000000000000000 ) ;
#635 = ORIENTED_EDGE ( 'NONE', *, *, #4946, .F. ) ;
#636 = ORIENTED_EDGE ( 'NONE', *, *, #4804, .T. ) ;
#637 = CARTESIAN_POINT ( 'NONE',  ( -0.3749999999999990008, 0.2000000000000000111, 1.149999999999999911 ) ) ;
#638 = EDGE_CURVE ( 'NONE', #4279, #2045, #4512, .T. ) ;
#639 = EDGE_CURVE ( 'NONE', #668, #1257, #6659, .T. ) ;
#640 = LINE ( 'NONE', #1966, #2916 ) ;
#641 = CARTESIAN_POINT ( 'NONE',  ( -1.399999999999999911, 0.7367727638395971113, 0.3750000000000002220 ) ) ;
#642 = VECTOR ( 'NONE', #2655, 1000.000000000000000 ) ;
#643 = PLANE ( 'NONE',  #1981 ) ;
#644 = AXIS2_PLACEMENT_3D ( 'NONE', #6238, #1560, #3763 ) ;
#645 = ORIENTED_EDGE ( 'NONE', *, *, #1844, .F. ) ;
#646 = VECTOR ( 'NONE', #4990, 1000.000000000000000 ) ;
#647 = VERTEX_POINT ( 'NONE', #314 ) ;
#648 = CARTESIAN_POINT ( 'NONE',  ( -0.3749999999999992228, 0.000000000000000000, -0.6749999999999999334 ) ) ;
#649 = ORIENTED_EDGE ( 'NONE', *, *, #3922, .T. ) ;
#650 = EDGE_CURVE ( 'NONE', #3635, #4117, #6809, .T. ) ;
#651 = CARTESIAN_POINT ( 'NONE',  ( 0.3750000000000011102, 0.1300000000000000044, 1.149999999999999689 ) ) ;
#652 = VECTOR ( 'NONE', #1583, 1000.000000000000000 ) ;
#653 = CARTESIAN_POINT ( 'NONE',  ( -0.9250000000000001554, 0.1300000000000000044, -0.6249999999999998890 ) ) ;
#654 = LINE ( 'NONE', #1785, #5240 ) ;
#655 = EDGE_LOOP ( 'NONE', ( #6358, #4873, #3399, #6441 ) ) ;
#656 =( GEOMETRIC_REPRESENTATION_CONTEXT ( 3 ) GLOBAL_UNCERTAINTY_ASSIGNED_CONTEXT ( ( #2938 ) ) GLOBAL_UNIT_ASSIGNED_CONTEXT ( ( #3952, #4487, #735 ) ) REPRESENTATION_CONTEXT ( 'NONE', 'WORKASPACE' ) );
#657 = VECTOR ( 'NONE', #6038, 1000.000000000000000 ) ;
#658 =( GEOMETRIC_REPRESENTATION_CONTEXT ( 3 ) GLOBAL_UNCERTAINTY_ASSIGNED_CONTEXT ( ( #4916 ) ) GLOBAL_UNIT_ASSIGNED_CONTEXT ( ( #6397, #5656, #5303 ) ) REPRESENTATION_CONTEXT ( 'NONE', 'WORKASPACE' ) );
#659 = EDGE_LOOP ( 'NONE', ( #1488, #5542, #6449, #5713 ) ) ;
#660 = CARTESIAN_POINT ( 'NONE',  ( 0.9250000000000000444, 0.7367727638395971113, 0.6250000000000001110 ) ) ;
#661 = EDGE_CURVE ( 'NONE', #356, #3196, #6612, .T. ) ;
#662 = ORIENTED_EDGE ( 'NONE', *, *, #4335, .F. ) ;
#663 = CARTESIAN_POINT ( 'NONE',  ( 0.9250000000000001554, 0.7367727638395971113, -0.6249999999999998890 ) ) ;
#664 = DIRECTION ( 'NONE',  ( 0.000000000000000000, -0.000000000000000000, 1.000000000000000000 ) ) ;
#665 = ADVANCED_FACE ( 'NONE', ( #4468 ), #2667, .T. ) ;
#666 = VECTOR ( 'NONE', #3823, 1000.000000000000000 ) ;
#667 = PLANE ( 'NONE',  #5248 ) ;
#668 = VERTEX_POINT ( 'NONE', #5322 ) ;
#669 = ORIENTED_EDGE ( 'NONE', *, *, #4816, .F. ) ;
#670 = EDGE_CURVE ( 'NONE', #5010, #1340, #6672, .T. ) ;
#671 = CARTESIAN_POINT ( 'NONE',  ( -0.6249999999999990008, 0.000000000000000000, 0.6750000000000000444 ) ) ;
#672 = DIRECTION ( 'NONE',  ( 1.000000000000000000, 0.000000000000000000, 2.282530889443167515E-16 ) ) ;
#673 = EDGE_CURVE ( 'NONE', #425, #3379, #6759, .T. ) ;
#674 = CLOSED_SHELL ( 'NONE', ( #6711, #5502, #5336, #2210 ) ) ;
#675 = DIRECTION ( 'NONE',  ( -1.000000000000000000, 0.000000000000000000, 2.282530889443168008E-16 ) ) ;
#676 = PLANE ( 'NONE',  #6034 ) ;
#677 = LINE ( 'NONE', #2808, #2845 ) ;
#678 = EDGE_CURVE ( 'NONE', #3901, #4240, #2074, .T. ) ;
#679 = VECTOR ( 'NONE', #3704, 1000.000000000000000 ) ;
#680 = ADVANCED_FACE ( 'NONE', ( #6635 ), #3371, .T. ) ;
#681 = VERTEX_POINT ( 'NONE', #400 ) ;
#682 = CARTESIAN_POINT ( 'NONE',  ( -1.399999999999999911, 0.1300000000000000044, -0.8749999999999997780 ) ) ;
#683 = LINE ( 'NONE', #6125, #2922 ) ;
#684 = VERTEX_POINT ( 'NONE', #1290 ) ;
#685 = CARTESIAN_POINT ( 'NONE',  ( 1.399999999999999911, 0.000000000000000000, -0.1249999999999997918 ) ) ;
#686 = ORIENTED_EDGE ( 'NONE', *, *, #4471, .T. ) ;
#687 = CARTESIAN_POINT ( 'NONE',  ( 1.399999999999999911, 0.7367727638395971113, 0.1250000000000002220 ) ) ;
#688 = VECTOR ( 'NONE', #1548, 1000.000000000000000 ) ;
#689 = ADVANCED_FACE ( 'NONE', ( #4342 ), #1767, .F. ) ;
#690 = ORIENTED_EDGE ( 'NONE', *, *, #160, .F. ) ;
#691 = DIRECTION ( 'NONE',  ( 0.000000000000000000, -1.000000000000000000, 0.000000000000000000 ) ) ;
#692 = EDGE_CURVE ( 'NONE', #1706, #4073, #6625, .T. ) ;
#693 = LINE ( 'NONE', #6189, #3120 ) ;
#694 = DIRECTION ( 'NONE',  ( 0.000000000000000000, -1.000000000000000000, 0.000000000000000000 ) ) ;
#695 = EDGE_LOOP ( 'NONE', ( #4634, #4346, #3698, #3667 ) ) ;
#696 = FACE_OUTER_BOUND ( 'NONE', #2905, .T. ) ;
#697 = EDGE_LOOP ( 'NONE', ( #465, #5929, #1497, #1499 ) ) ;
#698 = PLANE ( 'NONE',  #6726 ) ;
#699 = CARTESIAN_POINT ( 'NONE',  ( 0.6250000000000007772, 0.2000000000000000111, -0.6749999999999999334 ) ) ;
#700 = ORIENTED_EDGE ( 'NONE', *, *, #1132, .F. ) ;
#701 = DIRECTION ( 'NONE',  ( -1.000000000000000000, 0.000000000000000000, -4.336808689942017736E-16 ) ) ;
#702 = CARTESIAN_POINT ( 'NONE',  ( 0.9250000000000001554, 0.1999999999999999833, 0.3750000000000001110 ) ) ;
#703 = EDGE_CURVE ( 'NONE', #3592, #3020, #2063, .T. ) ;
#704 = VECTOR ( 'NONE', #4321, 1000.000000000000000 ) ;
#705 = ORIENTED_EDGE ( 'NONE', *, *, #6075, .T. ) ;
#706 = CARTESIAN_POINT ( 'NONE',  ( -0.3749999999999992228, 0.2000000000000000111, -1.149999999999999911 ) ) ;
#707 = LINE ( 'NONE', #1405, #872 ) ;
#708 = ORIENTED_EDGE ( 'NONE', *, *, #483, .T. ) ;
#709 = AXIS2_PLACEMENT_3D ( 'NONE', #2923, #3557, #4081 ) ;
#710 = VECTOR ( 'NONE', #3183, 1000.000000000000000 ) ;
#711 = ORIENTED_EDGE ( 'NONE', *, *, #892, .F. ) ;
#712 = EDGE_LOOP ( 'NONE', ( #4977, #729, #3808, #3820 ) ) ;
#713 = DIRECTION ( 'NONE',  ( -1.000000000000000000, 0.000000000000000000, 2.282530889443167022E-16 ) ) ;
#714 = CARTESIAN_POINT ( 'NONE',  ( -1.399999999999999911, 0.1999999999999999833, 0.3750000000000002220 ) ) ;
#715 = VECTOR ( 'NONE', #2454, 1000.000000000000000 ) ;
#716 = VERTEX_POINT ( 'NONE', #2896 ) ;
#717 = FACE_OUTER_BOUND ( 'NONE', #5866, .T. ) ;
#718 = DIRECTION ( 'NONE',  ( 0.000000000000000000, 0.000000000000000000, -1.000000000000000000 ) ) ;
#719 = VERTEX_POINT ( 'NONE', #275 ) ;
#720 = CARTESIAN_POINT ( 'NONE',  ( -0.6249999999999988898, 0.1300000000000000044, 1.149999999999999689 ) ) ;
#721 = VERTEX_POINT ( 'NONE', #6095 ) ;
#722 = DIRECTION ( 'NONE',  ( 0.000000000000000000, -0.000000000000000000, 1.000000000000000000 ) ) ;
#723 = ORIENTED_EDGE ( 'NONE', *, *, #322, .F. ) ;
#724 = DIRECTION ( 'NONE',  ( 1.000000000000000000, 0.000000000000000000, -4.336808689942017736E-16 ) ) ;
#725 = CARTESIAN_POINT ( 'NONE',  ( -0.3749999999999992228, 0.2000000000000000111, -1.149999999999999911 ) ) ;
#726 = LINE ( 'NONE', #896, #3005 ) ;
#727 = CARTESIAN_POINT ( 'NONE',  ( 0.9250000000000000444, 0.7367727638395971113, -0.8749999999999998890 ) ) ;
#728 = SURFACE_STYLE_FILL_AREA ( #2608 ) ;
#729 = ORIENTED_EDGE ( 'NONE', *, *, #4355, .F. ) ;
#730 = CARTESIAN_POINT ( 'NONE',  ( 0.000000000000000000, 0.1300000000000000044, 0.000000000000000000 ) ) ;
#731 = EDGE_CURVE ( 'NONE', #2205, #2743, #4381, .T. ) ;
#732 = VECTOR ( 'NONE', #6306, 1000.000000000000000 ) ;
#733 = ORIENTED_EDGE ( 'NONE', *, *, #6647, .T. ) ;
#734 = EDGE_CURVE ( 'NONE', #5360, #6473, #2296, .T. ) ;
#735 =( NAMED_UNIT ( * ) SI_UNIT ( $, .STERADIAN. ) SOLID_ANGLE_UNIT ( ) );
#736 = ORIENTED_EDGE ( 'NONE', *, *, #4635, .F. ) ;
#737 = CARTESIAN_POINT ( 'NONE',  ( -0.1249999999999990286, 0.2000000000000000111, 0.6750000000000000444 ) ) ;
#738 = ADVANCED_FACE ( 'NONE', ( #7 ), #4454, .F. ) ;
#739 = AXIS2_PLACEMENT_3D ( 'NONE', #4917, #2316, #6099 ) ;
#740 = LINE ( 'NONE', #2532, #5481 ) ;
#741 = CARTESIAN_POINT ( 'NONE',  ( -1.399999999999999911, 0.7367727638395971113, 0.6250000000000002220 ) ) ;
#742 = FACE_OUTER_BOUND ( 'NONE', #3632, .T. ) ;
#743 = CARTESIAN_POINT ( 'NONE',  ( -0.9250000000000000444, 0.1999999999999999833, 0.6250000000000001110 ) ) ;
#744 = ADVANCED_FACE ( 'NONE', ( #2381 ), #3969, .T. ) ;
#745 = VERTEX_POINT ( 'NONE', #4540 ) ;
#746 = ORIENTED_EDGE ( 'NONE', *, *, #3211, .T. ) ;
#747 = DIRECTION ( 'NONE',  ( 0.000000000000000000, 1.000000000000000000, 0.000000000000000000 ) ) ;
#748 = EDGE_CURVE ( 'NONE', #1333, #3437, #4594, .T. ) ;
#749 = CARTESIAN_POINT ( 'NONE',  ( 1.500000000000000000, 5.385124837953327415, 1.250000000000000000 ) ) ;
#750 = DIRECTION ( 'NONE',  ( 1.000000000000000000, -0.000000000000000000, 2.282530889443168008E-16 ) ) ;
#751 = CARTESIAN_POINT ( 'NONE',  ( -0.9250000000000000444, 0.7367727638395971113, 0.1250000000000001110 ) ) ;
#752 = ORIENTED_EDGE ( 'NONE', *, *, #1834, .T. ) ;
#753 = EDGE_CURVE ( 'NONE', #6585, #3761, #4664, .T. ) ;
#754 = DIRECTION ( 'NONE',  ( -1.000000000000000000, 0.000000000000000000, 2.282530889443167515E-16 ) ) ;
#755 = VECTOR ( 'NONE', #33, 1000.000000000000000 ) ;
#756 = ADVANCED_FACE ( 'NONE', ( #4689 ), #6576, .T. ) ;
#757 = ORIENTED_EDGE ( 'NONE', *, *, #3604, .F. ) ;
#758 = EDGE_CURVE ( 'NONE', #1649, #6558, #2322, .T. ) ;
#759 = PLANE ( 'NONE',  #6235 ) ;
#760 = LINE ( 'NONE', #1475, #2955 ) ;
#761 = ORIENTED_EDGE ( 'NONE', *, *, #661, .T. ) ;
#762 = FACE_OUTER_BOUND ( 'NONE', #3547, .T. ) ;
#763 = ORIENTED_EDGE ( 'NONE', *, *, #4718, .F. ) ;
#764 = ORIENTED_EDGE ( 'NONE', *, *, #692, .T. ) ;
#765 = FACE_OUTER_BOUND ( 'NONE', #3352, .T. ) ;
#766 = LINE ( 'NONE', #480, #880 ) ;
#767 = EDGE_CURVE ( 'NONE', #3015, #6379, #4730, .T. ) ;
#768 = DIRECTION ( 'NONE',  ( -1.000000000000000000, 0.000000000000000000, -2.282530889443167515E-16 ) ) ;
#769 = ORIENTED_EDGE ( 'NONE', *, *, #5138, .T. ) ;
#770 =( NAMED_UNIT ( * ) SI_UNIT ( $, .STERADIAN. ) SOLID_ANGLE_UNIT ( ) );
#771 = ORIENTED_EDGE ( 'NONE', *, *, #3124, .T. ) ;
#772 = EDGE_CURVE ( 'NONE', #2722, #1184, #4764, .T. ) ;
#773 = ORIENTED_EDGE ( 'NONE', *, *, #5028, .F. ) ;
#774 = DIRECTION ( 'NONE',  ( -4.336808689942017736E-16, 0.000000000000000000, -1.000000000000000000 ) ) ;
#775 = FILL_AREA_STYLE ('',( #249 ) ) ;
#776 = LINE ( 'NONE', #6362, #755 ) ;
#777 = DIRECTION ( 'NONE',  ( 8.673617379884035472E-16, -0.000000000000000000, 1.000000000000000000 ) ) ;
#778 = VECTOR ( 'NONE', #2637, 1000.000000000000000 ) ;
#779 = ORIENTED_EDGE ( 'NONE', *, *, #310, .T. ) ;
#780 = PLANE ( 'NONE',  #5540 ) ;
#781 = ORIENTED_EDGE ( 'NONE', *, *, #6662, .F. ) ;
#782 = CARTESIAN_POINT ( 'NONE',  ( 0.1250000000000007494, 0.2000000000000000111, -0.6749999999999999334 ) ) ;
#783 = CARTESIAN_POINT ( 'NONE',  ( 0.9250000000000000444, 0.1999999999999999833, -0.3749999999999998890 ) ) ;
#784 = EDGE_LOOP ( 'NONE', ( #3683, #942, #5945, #5753 ) ) ;
#785 = DIRECTION ( 'NONE',  ( -1.000000000000000000, 0.000000000000000000, -8.673617379884038430E-16 ) ) ;
#786 = AXIS2_PLACEMENT_3D ( 'NONE', #2962, #6022, #4028 ) ;
#787 = EDGE_CURVE ( 'NONE', #4509, #4162, #4679, .T. ) ;
#788 = ADVANCED_FACE ( 'NONE', ( #37 ), #4057, .T. ) ;
#789 = LINE ( 'NONE', #2575, #3179 ) ;
#790 = CARTESIAN_POINT ( 'NONE',  ( -0.3749999999999990008, 0.000000000000000000, 1.149999999999999911 ) ) ;
#791 = FACE_OUTER_BOUND ( 'NONE', #6165, .T. ) ;
#792 = DIRECTION ( 'NONE',  ( 2.282530889443167515E-16, 0.000000000000000000, 1.000000000000000000 ) ) ;
#793 = ORIENTED_EDGE ( 'NONE', *, *, #2113, .T. ) ;
#794 = LINE ( 'NONE', #6447, #903 ) ;
#795 = ORIENTED_EDGE ( 'NONE', *, *, #6056, .F. ) ;
#796 = CARTESIAN_POINT ( 'NONE',  ( 0.6250000000000007772, 0.2000000000000000111, -1.149999999999999911 ) ) ;
#797 = CARTESIAN_POINT ( 'NONE',  ( -0.6249999999999990008, 0.2000000000000000111, 0.6750000000000000444 ) ) ;
#798 = CARTESIAN_POINT ( 'NONE',  ( 0.9250000000000001554, 0.1300000000000000044, -0.6249999999999998890 ) ) ;
#799 = CARTESIAN_POINT ( 'NONE',  ( -0.9250000000000000444, 0.7367727638395971113, 0.1250000000000001110 ) ) ;
#800 = ORIENTED_EDGE ( 'NONE', *, *, #1956, .T. ) ;
#801 = DIRECTION ( 'NONE',  ( 0.000000000000000000, -0.000000000000000000, -1.000000000000000000 ) ) ;
#802 = FACE_OUTER_BOUND ( 'NONE', #4271, .T. ) ;
#803 = CARTESIAN_POINT ( 'NONE',  ( -0.9250000000000000444, 0.1999999999999999833, 0.1250000000000001110 ) ) ;
#804 = VECTOR ( 'NONE', #5774, 1000.000000000000000 ) ;
#805 = ADVANCED_FACE ( 'NONE', ( #2418 ), #530, .T. ) ;
#806 = ORIENTED_EDGE ( 'NONE', *, *, #4366, .T. ) ;
#807 = LINE ( 'NONE', #193, #3234 ) ;
#808 = ORIENTED_EDGE ( 'NONE', *, *, #1968, .F. ) ;
#809 = CARTESIAN_POINT ( 'NONE',  ( 0.1250000000000007494, 0.2000000000000000111, -0.6749999999999999334 ) ) ;
#810 = VERTEX_POINT ( 'NONE', #1209 ) ;
#811 = EDGE_CURVE ( 'NONE', #1993, #1041, #2400, .T. ) ;
#812 = DIRECTION ( 'NONE',  ( 1.000000000000000000, 0.000000000000000000, 0.000000000000000000 ) ) ;
#813 = DIRECTION ( 'NONE',  ( -0.000000000000000000, -1.000000000000000000, -0.000000000000000000 ) ) ;
#814 = LINE ( 'NONE', #6493, #826 ) ;
#815 = VECTOR ( 'NONE', #5852, 1000.000000000000000 ) ;
#816 = DIRECTION ( 'NONE',  ( -0.000000000000000000, -1.000000000000000000, -0.000000000000000000 ) ) ;
#817 = AXIS2_PLACEMENT_3D ( 'NONE', #3447, #6066, #4385 ) ;
#818 = VERTEX_POINT ( 'NONE', #5225 ) ;
#819 = CARTESIAN_POINT ( 'NONE',  ( 0.1250000000000009159, 0.000000000000000000, 0.6749999999999999334 ) ) ;
#820 = ORIENTED_EDGE ( 'NONE', *, *, #1937, .F. ) ;
#821 = DIRECTION ( 'NONE',  ( -1.000000000000000000, 0.000000000000000000, 4.336808689942018722E-16 ) ) ;
#822 = EDGE_LOOP ( 'NONE', ( #6456, #2013, #6496, #6378 ) ) ;
#823 = PLANE ( 'NONE',  #4338 ) ;
#824 = DIRECTION ( 'NONE',  ( 2.282530889443167022E-16, 0.000000000000000000, 1.000000000000000000 ) ) ;
#825 = EDGE_CURVE ( 'NONE', #3771, #5095, #2409, .T. ) ;
#826 = VECTOR ( 'NONE', #236, 1000.000000000000000 ) ;
#827 =( LENGTH_UNIT ( ) NAMED_UNIT ( * ) SI_UNIT ( .MILLI., .METRE. ) );
#828 = LINE ( 'NONE', #1485, #3089 ) ;
#829 = VERTEX_POINT ( 'NONE', #3051 ) ;
#830 = VECTOR ( 'NONE', #564, 1000.000000000000000 ) ;
#831 = AXIS2_PLACEMENT_3D ( 'NONE', #1913, #701, #2814 ) ;
#832 = ORIENTED_EDGE ( 'NONE', *, *, #3506, .F. ) ;
#833 = CARTESIAN_POINT ( 'NONE',  ( 0.6250000000000009992, 0.2000000000000000111, 1.149999999999999911 ) ) ;
#834 = ORIENTED_EDGE ( 'NONE', *, *, #6295, .T. ) ;
#835 = CARTESIAN_POINT ( 'NONE',  ( 0.1250000000000007494, 0.7367727638395973333, -0.6749999999999999334 ) ) ;
#836 = LINE ( 'NONE', #4592, #5396 ) ;
#837 = DIRECTION ( 'NONE',  ( 1.000000000000000000, 0.000000000000000000, -4.336808689942018722E-16 ) ) ;
#838 = VECTOR ( 'NONE', #4693, 1000.000000000000000 ) ;
#839 =( LENGTH_UNIT ( ) NAMED_UNIT ( * ) SI_UNIT ( .MILLI., .METRE. ) );
#840 = ORIENTED_EDGE ( 'NONE', *, *, #2256, .F. ) ;
#841 = VECTOR ( 'NONE', #6579, 1000.000000000000000 ) ;
#842 = EDGE_LOOP ( 'NONE', ( #156, #951, #764, #1075 ) ) ;
#843 = CARTESIAN_POINT ( 'NONE',  ( -0.9250000000000000444, 0.1999999999999999833, -0.8749999999999998890 ) ) ;
#844 = CARTESIAN_POINT ( 'NONE',  ( 0.9250000000000000444, 0.000000000000000000, -0.3749999999999998890 ) ) ;
#845 = EDGE_CURVE ( 'NONE', #4579, #6618, #2487, .T. ) ;
#846 = CARTESIAN_POINT ( 'NONE',  ( -0.3749999999999992228, 0.1300000000000000044, -1.149999999999999911 ) ) ;
#847 = ORIENTED_EDGE ( 'NONE', *, *, #3978, .T. ) ;
#848 = PLANE ( 'NONE',  #3034 ) ;
#849 = CARTESIAN_POINT ( 'NONE',  ( 0.000000000000000000, 0.000000000000000000, 0.000000000000000000 ) ) ;
#850 = FACE_OUTER_BOUND ( 'NONE', #5664, .T. ) ;
#851 = CARTESIAN_POINT ( 'NONE',  ( -0.6249999999999990008, 0.2000000000000000111, 0.6750000000000000444 ) ) ;
#852 = CARTESIAN_POINT ( 'NONE',  ( 1.500000000000000000, 0.1299999999999998934, 1.250000000000000000 ) ) ;
#853 = LINE ( 'NONE', #4778, #5288 ) ;
#854 = ORIENTED_EDGE ( 'NONE', *, *, #6556, .T. ) ;
#855 = ORIENTED_EDGE ( 'NONE', *, *, #500, .T. ) ;
#856 = EDGE_LOOP ( 'NONE', ( #525, #5194, #1413, #6148 ) ) ;
#857 = CARTESIAN_POINT ( 'NONE',  ( 0.6250000000000007772, 0.7367727638395973333, -0.6749999999999999334 ) ) ;
#858 = CARTESIAN_POINT ( 'NONE',  ( 1.500000000000000000, 0.1299999999999998934, 1.250000000000000000 ) ) ;
#859 = LINE ( 'NONE', #6413, #3133 ) ;
#860 = EDGE_CURVE ( 'NONE', #5837, #3853, #4584, .T. ) ;
#861 = LINE ( 'NONE', #3208, #3152 ) ;
#862 = PLANE ( 'NONE',  #6194 ) ;
#863 = CARTESIAN_POINT ( 'NONE',  ( -0.3749999999999990008, 0.1999999999999999833, 1.149999999999999911 ) ) ;
#864 = COLOUR_RGB ( '',0.7921568627450980005, 0.8196078431372548767, 0.9333333333333333481 ) ;
#865 = ORIENTED_EDGE ( 'NONE', *, *, #4993, .T. ) ;
#866 = ORIENTED_EDGE ( 'NONE', *, *, #1997, .T. ) ;
#867 = DIRECTION ( 'NONE',  ( 2.282530889443168008E-16, 0.000000000000000000, -1.000000000000000000 ) ) ;
#868 = PLANE ( 'NONE',  #379 ) ;
#869 = EDGE_CURVE ( 'NONE', #492, #6592, #2255, .T. ) ;
#870 = FACE_OUTER_BOUND ( 'NONE', #938, .T. ) ;
#871 = DIRECTION ( 'NONE',  ( -1.000000000000000000, 0.000000000000000000, 2.282530889443168008E-16 ) ) ;
#872 = VECTOR ( 'NONE', #3555, 1000.000000000000000 ) ;
#873 = CARTESIAN_POINT ( 'NONE',  ( 0.9250000000000001554, 0.1300000000000000044, 0.3750000000000001110 ) ) ;
#874 = AXIS2_PLACEMENT_3D ( 'NONE', #4436, #6166, #871 ) ;
#875 = ORIENTED_EDGE ( 'NONE', *, *, #845, .T. ) ;
#876 = CARTESIAN_POINT ( 'NONE',  ( -0.6249999999999992228, 0.7367727638395973333, -0.6749999999999998224 ) ) ;
#877 = DIRECTION ( 'NONE',  ( -1.000000000000000000, 0.000000000000000000, 2.282530889443167515E-16 ) ) ;
#878 = ORIENTED_EDGE ( 'NONE', *, *, #469, .F. ) ;
#879 = VECTOR ( 'NONE', #361, 1000.000000000000000 ) ;
#880 = VECTOR ( 'NONE', #2117, 1000.000000000000000 ) ;
#881 = SURFACE_STYLE_USAGE ( .BOTH. , #2303 ) ;
#882 = LINE ( 'NONE', #5872, #5498 ) ;
#883 = AXIS2_PLACEMENT_3D ( 'NONE', #6804, #3043, #3574 ) ;
#884 = PLANE ( 'NONE',  #4417 ) ;
#885 = CARTESIAN_POINT ( 'NONE',  ( -0.1249999999999992506, 0.1300000000000000044, -0.6749999999999998224 ) ) ;
#886 = ORIENTED_EDGE ( 'NONE', *, *, #6403, .T. ) ;
#887 = VECTOR ( 'NONE', #6539, 1000.000000000000000 ) ;
#888 = CARTESIAN_POINT ( 'NONE',  ( 0.1250000000000009159, 0.7367727638395973333, 0.6749999999999999334 ) ) ;
#889 = VECTOR ( 'NONE', #4697, 1000.000000000000000 ) ;
#890 = EDGE_CURVE ( 'NONE', #2677, #1330, #4630, .T. ) ;
#891 = VECTOR ( 'NONE', #1293, 1000.000000000000000 ) ;
#892 = EDGE_CURVE ( 'NONE', #1828, #6569, #2264, .T. ) ;
#893 = DIRECTION ( 'NONE',  ( -2.282530889443168008E-16, 0.000000000000000000, -1.000000000000000000 ) ) ;
#894 = ORIENTED_EDGE ( 'NONE', *, *, #1338, .F. ) ;
#895 = AXIS2_PLACEMENT_3D ( 'NONE', #1542, #2104, #4793 ) ;
#896 = CARTESIAN_POINT ( 'NONE',  ( 1.399999999999999911, 0.7367727638395971113, -0.6249999999999997780 ) ) ;
#897 =( GEOMETRIC_REPRESENTATION_CONTEXT ( 3 ) GLOBAL_UNCERTAINTY_ASSIGNED_CONTEXT ( ( #5682 ) ) GLOBAL_UNIT_ASSIGNED_CONTEXT ( ( #4371, #5404, #5001 ) ) REPRESENTATION_CONTEXT ( 'NONE', 'WORKASPACE' ) );
#898 = DIRECTION ( 'NONE',  ( -0.000000000000000000, -1.000000000000000000, -0.000000000000000000 ) ) ;
#899 = ADVANCED_FACE ( 'NONE', ( #4708 ), #1, .F. ) ;
#900 = LINE ( 'NONE', #6057, #935 ) ;
#901 = FACE_OUTER_BOUND ( 'NONE', #71, .T. ) ;
#902 = PLANE ( 'NONE',  #3921 ) ;
#903 = VECTOR ( 'NONE', #964, 1000.000000000000000 ) ;
#904 = EDGE_CURVE ( 'NONE', #81, #5928, #22, .T. ) ;
#905 = ORIENTED_EDGE ( 'NONE', *, *, #4840, .T. ) ;
#906 = CARTESIAN_POINT ( 'NONE',  ( -0.9250000000000001554, 0.7367727638395971113, 0.3750000000000001110 ) ) ;
#907 = CARTESIAN_POINT ( 'NONE',  ( 1.399999999999999911, 0.1999999999999999833, -0.6249999999999997780 ) ) ;
#908 = AXIS2_PLACEMENT_3D ( 'NONE', #3638, #3809, #1984 ) ;
#909 = VECTOR ( 'NONE', #4511, 1000.000000000000000 ) ;
#910 = ORIENTED_EDGE ( 'NONE', *, *, #650, .T. ) ;
#911 = LINE ( 'NONE', #653, #3204 ) ;
#912 = ORIENTED_EDGE ( 'NONE', *, *, #3407, .T. ) ;
#913 = DIRECTION ( 'NONE',  ( 1.000000000000000000, 0.000000000000000000, -2.282530889443168008E-16 ) ) ;
#914 = VECTOR ( 'NONE', #5311, 1000.000000000000000 ) ;
#915 = PLANE ( 'NONE',  #1246 ) ;
#916 = CARTESIAN_POINT ( 'NONE',  ( 0.9250000000000000444, 0.7367727638395971113, -0.3749999999999998890 ) ) ;
#917 = ORIENTED_EDGE ( 'NONE', *, *, #4635, .T. ) ;
#918 = CARTESIAN_POINT ( 'NONE',  ( 0.6250000000000009992, 0.1999999999999999833, 0.6749999999999999334 ) ) ;
#919 = DIRECTION ( 'NONE',  ( 0.000000000000000000, 0.000000000000000000, -1.000000000000000000 ) ) ;
#921 = EDGE_CURVE ( 'NONE', #253, #1644, #4550, .T. ) ;
#920 = LINE ( 'NONE', #1729, #5325 ) ;
#922 = ADVANCED_FACE ( 'NONE', ( #85 ), #667, .T. ) ;
#923 = DIRECTION ( 'NONE',  ( -1.000000000000000000, 0.000000000000000000, -2.282530889443167515E-16 ) ) ;
#924 = ORIENTED_EDGE ( 'NONE', *, *, #138, .T. ) ;
#925 = VECTOR ( 'NONE', #6261, 1000.000000000000000 ) ;
#926 = EDGE_LOOP ( 'NONE', ( #5732, #2464, #3069, #3583 ) ) ;
#927 = VECTOR ( 'NONE', #1198, 1000.000000000000000 ) ;
#928 = VERTEX_POINT ( 'NONE', #3886 ) ;
#929 = PLANE ( 'NONE',  #3797 ) ;
#930 = UNCERTAINTY_MEASURE_WITH_UNIT (LENGTH_MEASURE( 1.000000000000000082E-05 ), #827, 'distance_accuracy_value', 'NONE');
#931 = DIRECTION ( 'NONE',  ( -1.000000000000000000, 0.000000000000000000, 2.282530889443167515E-16 ) ) ;
#932 = EDGE_CURVE ( 'NONE', #4509, #1848, #4773, .T. ) ;
#933 = ORIENTED_EDGE ( 'NONE', *, *, #2639, .F. ) ;
#934 = CARTESIAN_POINT ( 'NONE',  ( -0.1249999999999989175, 0.1300000000000000044, 1.149999999999999689 ) ) ;
#935 = VECTOR ( 'NONE', #3332, 1000.000000000000000 ) ;
#936 = ORIENTED_EDGE ( 'NONE', *, *, #401, .T. ) ;
#937 = VECTOR ( 'NONE', #6533, 1000.000000000000000 ) ;
#938 = EDGE_LOOP ( 'NONE', ( #2323, #1150, #5236, #2215 ) ) ;
#939 = VECTOR ( 'NONE', #1684, 1000.000000000000000 ) ;
#940 = ORIENTED_EDGE ( 'NONE', *, *, #5911, .F. ) ;
#941 = DIRECTION ( 'NONE',  ( 0.000000000000000000, 0.000000000000000000, -1.000000000000000000 ) ) ;
#942 = ORIENTED_EDGE ( 'NONE', *, *, #6733, .T. ) ;
#943 = PLANE ( 'NONE',  #2796 ) ;
#944 = CIRCLE ( 'NONE', #5118, 0.1250000000000004441 ) ;
#945 = ORIENTED_EDGE ( 'NONE', *, *, #2662, .F. ) ;
#946 = LINE ( 'NONE', #4175, #3434 ) ;
#947 = ORIENTED_EDGE ( 'NONE', *, *, #419, .T. ) ;
#948 = CARTESIAN_POINT ( 'NONE',  ( -0.3749999999999991118, 0.2000000000000000111, 0.6749999999999999334 ) ) ;
#949 = ADVANCED_FACE ( 'NONE', ( #78 ), #2866, .T. ) ;
#950 = EDGE_CURVE ( 'NONE', #6618, #1739, #4743, .T. ) ;
#951 = ORIENTED_EDGE ( 'NONE', *, *, #1421, .T. ) ;
#952 = AXIS2_PLACEMENT_3D ( 'NONE', #5558, #3397, #2468 ) ;
#953 = AXIS2_PLACEMENT_3D ( 'NONE', #1094, #2177, #4599 ) ;
#954 = CARTESIAN_POINT ( 'NONE',  ( 0.6250000000000009992, 0.2000000000000000111, 0.6749999999999999334 ) ) ;
#955 = LINE ( 'NONE', #857, #715 ) ;
#956 = DIRECTION ( 'NONE',  ( 1.000000000000000000, 0.000000000000000000, -4.336808689942019215E-16 ) ) ;
#957 = ORIENTED_EDGE ( 'NONE', *, *, #5476, .T. ) ;
#958 = VECTOR ( 'NONE', #3612, 1000.000000000000000 ) ;
#959 = VERTEX_POINT ( 'NONE', #2459 ) ;
#960 = CARTESIAN_POINT ( 'NONE',  ( 1.500000000000000000, 0.1299999999999998934, -1.250000000000000000 ) ) ;
#961 = CARTESIAN_POINT ( 'NONE',  ( 0.1250000000000010270, 0.000000000000000000, 1.149999999999999911 ) ) ;
#962 = CARTESIAN_POINT ( 'NONE',  ( -1.399999999999999911, 0.000000000000000000, 0.8750000000000002220 ) ) ;
#963 = CLOSED_SHELL ( 'NONE', ( #254, #1007, #738, #6018, #3107, #4857 ) ) ;
#964 = DIRECTION ( 'NONE',  ( 0.000000000000000000, 0.000000000000000000, 1.000000000000000000 ) ) ;
#965 = EDGE_CURVE ( 'NONE', #5261, #167, #144, .T. ) ;
#966 = FACE_OUTER_BOUND ( 'NONE', #2079, .T. ) ;
#967 = ORIENTED_EDGE ( 'NONE', *, *, #3268, .F. ) ;
#968 = CARTESIAN_POINT ( 'NONE',  ( 0.1250000000000009159, 0.2000000000000000111, 0.6749999999999999334 ) ) ;
#969 = ORIENTED_EDGE ( 'NONE', *, *, #4770, .T. ) ;
#970 = VECTOR ( 'NONE', #3328, 1000.000000000000000 ) ;
#971 = DIRECTION ( 'NONE',  ( 1.000000000000000000, -0.000000000000000000, 2.282530889443168008E-16 ) ) ;
#972 = LINE ( 'NONE', #347, #5702 ) ;
#973 = ORIENTED_EDGE ( 'NONE', *, *, #4667, .T. ) ;
#974 = CARTESIAN_POINT ( 'NONE',  ( 0.9250000000000001554, 0.1999999999999999833, 0.8750000000000001110 ) ) ;
#975 = CARTESIAN_POINT ( 'NONE',  ( 0.000000000000000000, 0.000000000000000000, 0.000000000000000000 ) ) ;
#976 = DIRECTION ( 'NONE',  ( 0.000000000000000000, -1.000000000000000000, 0.000000000000000000 ) ) ;
#977 = ORIENTED_EDGE ( 'NONE', *, *, #1065, .T. ) ;
#978 = EDGE_CURVE ( 'NONE', #6062, #5509, #2308, .T. ) ;
#979 = EDGE_CURVE ( 'NONE', #1598, #527, #4754, .T. ) ;
#980 = VECTOR ( 'NONE', #1270, 1000.000000000000000 ) ;
#981 = ORIENTED_EDGE ( 'NONE', *, *, #172, .F. ) ;
#982 = LINE ( 'NONE', #1459, #1004 ) ;
#983 = LINE ( 'NONE', #3130, #3483 ) ;
#984 = ORIENTED_EDGE ( 'NONE', *, *, #6021, .F. ) ;
#985 = AXIS2_PLACEMENT_3D ( 'NONE', #5166, #389, #5717 ) ;
#986 = DIRECTION ( 'NONE',  ( 4.336808689942019215E-16, 0.000000000000000000, 1.000000000000000000 ) ) ;
#987 = ORIENTED_EDGE ( 'NONE', *, *, #3899, .F. ) ;
#988 = DIRECTION ( 'NONE',  ( -1.000000000000000000, 0.000000000000000000, -2.282530889443168008E-16 ) ) ;
#989 = SURFACE_STYLE_USAGE ( .BOTH. , #3112 ) ;
#990 = LINE ( 'NONE', #3063, #5572 ) ;
#991 = EDGE_CURVE ( 'NONE', #6379, #202, #177, .T. ) ;
#992 = ORIENTED_EDGE ( 'NONE', *, *, #811, .T. ) ;
#993 = LINE ( 'NONE', #2654, #3217 ) ;
#994 = ORIENTED_EDGE ( 'NONE', *, *, #6044, .F. ) ;
#995 = CARTESIAN_POINT ( 'NONE',  ( 0.6250000000000009992, 0.1300000000000000044, 0.6749999999999999334 ) ) ;
#996 = AXIS2_PLACEMENT_3D ( 'NONE', #6617, #4905, #1143 ) ;
#997 = PLANE ( 'NONE',  #2861 ) ;
#998 = AXIS2_PLACEMENT_3D ( 'NONE', #3545, #285, #3933 ) ;
#999 = EDGE_CURVE ( 'NONE', #1513, #3003, #199, .T. ) ;
#1000 = EDGE_LOOP ( 'NONE', ( #387, #4188, #5807, #3322 ) ) ;
#1001 = DIRECTION ( 'NONE',  ( -4.336808689942017736E-16, 0.000000000000000000, 1.000000000000000000 ) ) ;
#1002 = VECTOR ( 'NONE', #1752, 1000.000000000000000 ) ;
#1003 = VERTEX_POINT ( 'NONE', #1938 ) ;
#1004 = VECTOR ( 'NONE', #4441, 1000.000000000000000 ) ;
#1005 = FACE_OUTER_BOUND ( 'NONE', #6267, .T. ) ;
#1006 = ORIENTED_EDGE ( 'NONE', *, *, #2054, .F. ) ;
#1007 = ADVANCED_FACE ( 'NONE', ( #56 ), #862, .F. ) ;
#1008 = EDGE_CURVE ( 'NONE', #1538, #60, #2356, .T. ) ;
#1009 = DIRECTION ( 'NONE',  ( 0.000000000000000000, -1.000000000000000000, 0.000000000000000000 ) ) ;
#1010 = VERTEX_POINT ( 'NONE', #4552 ) ;
#1011 = PLANE ( 'NONE',  #3590 ) ;
#1012 = ADVANCED_FACE ( 'NONE', ( #69 ), #3938, .T. ) ;
#1013 = VECTOR ( 'NONE', #1176, 1000.000000000000000 ) ;
#1014 = ORIENTED_EDGE ( 'NONE', *, *, #965, .F. ) ;
#1015 = CARTESIAN_POINT ( 'NONE',  ( 0.9250000000000001554, 0.7367727638395971113, 0.3750000000000001110 ) ) ;
#1016 = ORIENTED_EDGE ( 'NONE', *, *, #2321, .T. ) ;
#1017 = LINE ( 'NONE', #517, #925 ) ;
#1018 = DIRECTION ( 'NONE',  ( -4.336808689942017736E-16, 0.000000000000000000, -1.000000000000000000 ) ) ;
#1019 = VECTOR ( 'NONE', #19, 1000.000000000000000 ) ;
#1020 = ORIENTED_EDGE ( 'NONE', *, *, #6044, .T. ) ;
#1021 = DIRECTION ( 'NONE',  ( 2.282530889443168008E-16, 0.000000000000000000, -1.000000000000000000 ) ) ;
#1022 = CARTESIAN_POINT ( 'NONE',  ( 1.399999999999999911, 0.1999999999999999833, -0.1249999999999997918 ) ) ;
#1023 = DIRECTION ( 'NONE',  ( 1.000000000000000000, -0.000000000000000000, 8.673617379884037444E-16 ) ) ;
#1024 = ORIENTED_EDGE ( 'NONE', *, *, #469, .T. ) ;
#1025 = FACE_BOUND ( 'NONE', #1982, .T. ) ;
#1026 = EDGE_LOOP ( 'NONE', ( #5042, #2036, #2966, #4211 ) ) ;
#1027 = ORIENTED_EDGE ( 'NONE', *, *, #5369, .T. ) ;
#1028 = CARTESIAN_POINT ( 'NONE',  ( 0.9250000000000000444, 0.7367727638395971113, 0.1250000000000001110 ) ) ;
#1029 = LINE ( 'NONE', #1373, #3325 ) ;
#1030 = LINE ( 'NONE', #797, #5761 ) ;
#1031 = ORIENTED_EDGE ( 'NONE', *, *, #2660, .T. ) ;
#1032 = CARTESIAN_POINT ( 'NONE',  ( 0.9250000000000000444, 0.000000000000000000, 0.1250000000000001110 ) ) ;
#1033 = EDGE_CURVE ( 'NONE', #4551, #719, #4642, .T. ) ;
#1034 = DIRECTION ( 'NONE',  ( 0.000000000000000000, 0.000000000000000000, -1.000000000000000000 ) ) ;
#1035 = ORIENTED_EDGE ( 'NONE', *, *, #731, .F. ) ;
#1036 = DIRECTION ( 'NONE',  ( -1.000000000000000000, 0.000000000000000000, -8.673617379884038430E-16 ) ) ;
#1037 = FACE_BOUND ( 'NONE', #4462, .T. ) ;
#1038 = VERTEX_POINT ( 'NONE', #1398 ) ;
#1039 = COLOUR_RGB ( '',0.7921568627450980005, 0.8196078431372548767, 0.9333333333333333481 ) ;
#1040 = VECTOR ( 'NONE', #6169, 1000.000000000000000 ) ;
#1041 = VERTEX_POINT ( 'NONE', #1879 ) ;
#1042 = DIRECTION ( 'NONE',  ( -4.336808689942017736E-16, 0.000000000000000000, -1.000000000000000000 ) ) ;
#1043 = AXIS2_PLACEMENT_3D ( 'NONE', #583, #1658, #2339 ) ;
#1044 = DIRECTION ( 'NONE',  ( 1.000000000000000000, 0.000000000000000000, -2.282530889443168501E-16 ) ) ;
#1045 = ORIENTED_EDGE ( 'NONE', *, *, #1617, .T. ) ;
#1046 = CARTESIAN_POINT ( 'NONE',  ( -0.3749999999999990008, 0.2000000000000000111, 1.149999999999999911 ) ) ;
#1047 = CARTESIAN_POINT ( 'NONE',  ( 0.6250000000000007772, 0.2000000000000000111, -0.6749999999999999334 ) ) ;
#1048 = PLANE ( 'NONE',  #2794 ) ;
#1049 = CARTESIAN_POINT ( 'NONE',  ( 1.000000000000000000, 0.2000000000000000111, 0.000000000000000000 ) ) ;
#1050 = FACE_BOUND ( 'NONE', #1274, .T. ) ;
#1051 = DIRECTION ( 'NONE',  ( -0.000000000000000000, 0.000000000000000000, 1.000000000000000000 ) ) ;
#1052 = ORIENTED_EDGE ( 'NONE', *, *, #2383, .F. ) ;
#1053 = DIRECTION ( 'NONE',  ( -2.282530889443168501E-16, 0.000000000000000000, -1.000000000000000000 ) ) ;
#1054 = VECTOR ( 'NONE', #4484, 1000.000000000000000 ) ;
#1055 = ORIENTED_EDGE ( 'NONE', *, *, #2509, .T. ) ;
#1056 = CARTESIAN_POINT ( 'NONE',  ( 0.6250000000000007772, 0.2000000000000000111, -1.149999999999999911 ) ) ;
#1057 = CARTESIAN_POINT ( 'NONE',  ( 0.1250000000000010270, 0.000000000000000000, 1.149999999999999911 ) ) ;
#1058 = DIRECTION ( 'NONE',  ( -0.000000000000000000, -1.000000000000000000, -0.000000000000000000 ) ) ;
#1059 = VERTEX_POINT ( 'NONE', #6064 ) ;
#1060 = CARTESIAN_POINT ( 'NONE',  ( 0.1250000000000009159, 0.1999999999999999833, 0.6749999999999999334 ) ) ;
#1061 = LINE ( 'NONE', #1846, #980 ) ;
#1062 = CARTESIAN_POINT ( 'NONE',  ( 0.9250000000000000444, 0.7367727638395971113, -0.3749999999999998890 ) ) ;
#1063 = ORIENTED_EDGE ( 'NONE', *, *, #1917, .T. ) ;
#1064 = EDGE_LOOP ( 'NONE', ( #5185, #2766, #588, #1634 ) ) ;
#1065 = EDGE_CURVE ( 'NONE', #413, #4245, #207, .T. ) ;
#1066 = CARTESIAN_POINT ( 'NONE',  ( 1.399999999999999911, 0.1999999999999999833, -0.3749999999999997780 ) ) ;
#1067 = EDGE_CURVE ( 'NONE', #1827, #491, #352, .T. ) ;
#1068 = DIRECTION ( 'NONE',  ( -1.000000000000000000, 0.000000000000000000, 2.282530889443167515E-16 ) ) ;
#1069 = DIRECTION ( 'NONE',  ( 0.000000000000000000, 0.000000000000000000, -1.000000000000000000 ) ) ;
#1070 = CARTESIAN_POINT ( 'NONE',  ( 0.3750000000000009992, 0.1300000000000000044, 0.6750000000000000444 ) ) ;
#1071 = ORIENTED_EDGE ( 'NONE', *, *, #5644, .T. ) ;
#1072 = AXIS2_PLACEMENT_3D ( 'NONE', #975, #6318, #6183 ) ;
#1073 = ADVANCED_FACE ( 'NONE', ( #2562 ), #4933, .F. ) ;
#1074 = FACE_BOUND ( 'NONE', #1212, .T. ) ;
#1075 = ORIENTED_EDGE ( 'NONE', *, *, #6580, .F. ) ;
#1076 = PLANE ( 'NONE',  #5189 ) ;
#1077 = FACE_OUTER_BOUND ( 'NONE', #2847, .T. ) ;
#1078 = COLOUR_RGB ( '',0.7921568627450980005, 0.8196078431372548767, 0.9333333333333333481 ) ;
#1079 = ORIENTED_EDGE ( 'NONE', *, *, #3784, .T. ) ;
#1080 = PLANE ( 'NONE',  #217 ) ;
#1081 = DIRECTION ( 'NONE',  ( 0.000000000000000000, -1.000000000000000000, 0.000000000000000000 ) ) ;
#1082 = ORIENTED_EDGE ( 'NONE', *, *, #5642, .F. ) ;
#1083 = EDGE_CURVE ( 'NONE', #1944, #1333, #341, .T. ) ;
#1084 = ADVANCED_FACE ( 'NONE', ( #4965 ), #1217, .F. ) ;
#1085 = DIRECTION ( 'NONE',  ( 4.336808689942017736E-16, -0.000000000000000000, 1.000000000000000000 ) ) ;
#1086 = AXIS2_PLACEMENT_3D ( 'NONE', #2971, #6161, #675 ) ;
#1087 = LINE ( 'NONE', #2506, #5744 ) ;
#1088 = VERTEX_POINT ( 'NONE', #4890 ) ;
#1089 = ORIENTED_EDGE ( 'NONE', *, *, #1172, .F. ) ;
#1090 = FACE_OUTER_BOUND ( 'NONE', #712, .T. ) ;
#1091 = EDGE_CURVE ( 'NONE', #6338, #405, #4940, .T. ) ;
#1092 = VECTOR ( 'NONE', #913, 1000.000000000000000 ) ;
#1093 = VERTEX_POINT ( 'NONE', #6851 ) ;
#1094 = CARTESIAN_POINT ( 'NONE',  ( 0.1250000000000007494, 0.7367727638395973333, -0.6749999999999999334 ) ) ;
#1095 = DIRECTION ( 'NONE',  ( -2.282530889443167022E-16, -0.000000000000000000, -1.000000000000000000 ) ) ;
#1096 = ORIENTED_EDGE ( 'NONE', *, *, #5051, .T. ) ;
#1097 = DIRECTION ( 'NONE',  ( -0.000000000000000000, 0.000000000000000000, 1.000000000000000000 ) ) ;
#1098 = CARTESIAN_POINT ( 'NONE',  ( 0.000000000000000000, 0.2000000000000000111, 0.000000000000000000 ) ) ;
#1099 = FACE_OUTER_BOUND ( 'NONE', #6464, .T. ) ;
#1100 = CARTESIAN_POINT ( 'NONE',  ( 0.9250000000000001554, 0.1999999999999999833, -0.6249999999999998890 ) ) ;
#1101 = ORIENTED_EDGE ( 'NONE', *, *, #1338, .T. ) ;
#1102 = VERTEX_POINT ( 'NONE', #3765 ) ;
#1103 = EDGE_CURVE ( 'NONE', #1041, #1424, #4830, .T. ) ;
#1104 = PLANE ( 'NONE',  #1468 ) ;
#1105 = EDGE_LOOP ( 'NONE', ( #3542, #3717, #3798, #5907 ) ) ;
#1106 = DIRECTION ( 'NONE',  ( -2.282530889443167515E-16, 0.000000000000000000, 1.000000000000000000 ) ) ;
#1107 = CARTESIAN_POINT ( 'NONE',  ( 0.1250000000000009159, 0.2000000000000000111, 0.6749999999999999334 ) ) ;
#1108 = DIRECTION ( 'NONE',  ( -1.000000000000000000, 0.000000000000000000, 2.282530889443168008E-16 ) ) ;
#1109 = ORIENTED_EDGE ( 'NONE', *, *, #337, .F. ) ;
#1110 = CARTESIAN_POINT ( 'NONE',  ( -0.3749999999999990008, 0.2000000000000000111, 1.149999999999999911 ) ) ;
#1111 = EDGE_CURVE ( 'NONE', #3688, #2280, #2501, .T. ) ;
#1112 = LINE ( 'NONE', #1481, #5619 ) ;
#1113 = ORIENTED_EDGE ( 'NONE', *, *, #1269, .T. ) ;
#1114 = CARTESIAN_POINT ( 'NONE',  ( -0.3749999999999991118, 0.2000000000000000111, 0.6749999999999999334 ) ) ;
#1115 = ORIENTED_EDGE ( 'NONE', *, *, #5674, .F. ) ;
#1116 = FACE_OUTER_BOUND ( 'NONE', #2120, .T. ) ;
#1117 = VERTEX_POINT ( 'NONE', #3157 ) ;
#1118 = DIRECTION ( 'NONE',  ( 1.000000000000000000, 0.000000000000000000, 2.282530889443168008E-16 ) ) ;
#1119 = CARTESIAN_POINT ( 'NONE',  ( 1.399999999999999911, 0.7367727638395971113, -0.8749999999999997780 ) ) ;
#1120 = EDGE_LOOP ( 'NONE', ( #5956, #2699, #5920, #3659 ) ) ;
#1121 = AXIS2_PLACEMENT_3D ( 'NONE', #4904, #221, #2353 ) ;
#1122 = EDGE_CURVE ( 'NONE', #5293, #5305, #2631, .T. ) ;
#1123 = LINE ( 'NONE', #2471, #1002 ) ;
#1124 = ORIENTED_EDGE ( 'NONE', *, *, #678, .T. ) ;
#1125 = CARTESIAN_POINT ( 'NONE',  ( 0.9250000000000001554, 0.7367727638395971113, 0.3750000000000001110 ) ) ;
#1126 = LINE ( 'NONE', #194, #937 ) ;
#1127 = VECTOR ( 'NONE', #5470, 1000.000000000000000 ) ;
#1128 = ORIENTED_EDGE ( 'NONE', *, *, #892, .T. ) ;
#1129 = ADVANCED_FACE ( 'NONE', ( #4984 ), #2125, .T. ) ;
#1130 = DIRECTION ( 'NONE',  ( 1.000000000000000000, 0.000000000000000000, -8.673617379884035472E-16 ) ) ;
#1131 = ORIENTED_EDGE ( 'NONE', *, *, #1507, .T. ) ;
#1132 = EDGE_CURVE ( 'NONE', #4117, #4071, #2640, .T. ) ;
#1133 = ADVANCED_FACE ( 'NONE', ( #5007 ), #1080, .F. ) ;
#1134 = FACE_BOUND ( 'NONE', #5915, .T. ) ;
#1135 = CARTESIAN_POINT ( 'NONE',  ( -0.3749999999999992228, 0.2000000000000000111, -0.6749999999999999334 ) ) ;
#1136 = ORIENTED_EDGE ( 'NONE', *, *, #4617, .T. ) ;
#1137 = ORIENTED_EDGE ( 'NONE', *, *, #4802, .T. ) ;
#1138 = LINE ( 'NONE', #1541, #5701 ) ;
#1139 = LINE ( 'NONE', #3611, #1092 ) ;
#1140 = ORIENTED_EDGE ( 'NONE', *, *, #2868, .T. ) ;
#1141 = EDGE_LOOP ( 'NONE', ( #3964, #3568, #5832, #6344 ) ) ;
#1142 = DIRECTION ( 'NONE',  ( -1.000000000000000000, 0.000000000000000000, 2.282530889443167515E-16 ) ) ;
#1143 = DIRECTION ( 'NONE',  ( 0.000000000000000000, -0.000000000000000000, -1.000000000000000000 ) ) ;
#1144 = VECTOR ( 'NONE', #5337, 1000.000000000000000 ) ;
#1145 = ORIENTED_EDGE ( 'NONE', *, *, #6619, .F. ) ;
#1146 = ORIENTED_EDGE ( 'NONE', *, *, #274, .T. ) ;
#1147 = VECTOR ( 'NONE', #6142, 1000.000000000000000 ) ;
#1148 = CARTESIAN_POINT ( 'NONE',  ( 0.9250000000000000444, 0.1999999999999999833, 0.1250000000000001110 ) ) ;
#1149 = LINE ( 'NONE', #1862, #5788 ) ;
#1150 = ORIENTED_EDGE ( 'NONE', *, *, #5873, .T. ) ;
#1151 = CARTESIAN_POINT ( 'NONE',  ( -0.3749999999999992228, 0.2000000000000000111, -0.6749999999999999334 ) ) ;
#1152 = MECHANICAL_DESIGN_GEOMETRIC_PRESENTATION_REPRESENTATION (  '', ( #5371 ), #5890 ) ;
#1153 = CARTESIAN_POINT ( 'NONE',  ( -0.1249999999999992506, 0.2000000000000000111, -1.149999999999999689 ) ) ;
#1154 = VERTEX_POINT ( 'NONE', #5931 ) ;
#1155 = DIRECTION ( 'NONE',  ( 0.000000000000000000, -1.000000000000000000, 0.000000000000000000 ) ) ;
#1156 = VECTOR ( 'NONE', #5099, 1000.000000000000000 ) ;
#1157 = VERTEX_POINT ( 'NONE', #5327 ) ;
#1158 = CARTESIAN_POINT ( 'NONE',  ( -0.9250000000000000444, 0.7367727638395971113, 0.1250000000000001110 ) ) ;
#1159 = EDGE_CURVE ( 'NONE', #405, #253, #2663, .T. ) ;
#1160 = EDGE_LOOP ( 'NONE', ( #1052, #4631, #1016, #1024 ) ) ;
#1161 = VERTEX_POINT ( 'NONE', #1032 ) ;
#1162 = AXIS2_PLACEMENT_3D ( 'NONE', #436, #3096, #2740 ) ;
#1163 = CARTESIAN_POINT ( 'NONE',  ( -0.1249999999999990286, 0.1300000000000000044, 0.6750000000000000444 ) ) ;
#1164 = VERTEX_POINT ( 'NONE', #2076 ) ;
#1165 = ORIENTED_EDGE ( 'NONE', *, *, #2077, .T. ) ;
#1166 = ORIENTED_EDGE ( 'NONE', *, *, #2130, .F. ) ;
#1167 = CARTESIAN_POINT ( 'NONE',  ( 1.399999999999999911, 0.1999999999999999833, 0.8750000000000002220 ) ) ;
#1168 = LINE ( 'NONE', #833, #3495 ) ;
#1169 = FACE_OUTER_BOUND ( 'NONE', #5407, .T. ) ;
#1170 = ORIENTED_EDGE ( 'NONE', *, *, #845, .F. ) ;
#1171 = DIRECTION ( 'NONE',  ( -0.000000000000000000, -1.000000000000000000, -0.000000000000000000 ) ) ;
#1172 = EDGE_CURVE ( 'NONE', #4003, #5903, #277, .T. ) ;
#1173 = CARTESIAN_POINT ( 'NONE',  ( -0.9250000000000001554, 0.7367727638395971113, -0.6249999999999998890 ) ) ;
#1174 = VERTEX_POINT ( 'NONE', #3804 ) ;
#1175 = PLANE ( 'NONE',  #6104 ) ;
#1176 = DIRECTION ( 'NONE',  ( -1.000000000000000000, -0.000000000000000000, -2.282530889443167515E-16 ) ) ;
#1177 = ORIENTED_EDGE ( 'NONE', *, *, #753, .F. ) ;
#1178 = ORIENTED_EDGE ( 'NONE', *, *, #703, .T. ) ;
#1179 = VECTOR ( 'NONE', #2258, 1000.000000000000000 ) ;
#1180 = LINE ( 'NONE', #4659, #3278 ) ;
#1181 = VERTEX_POINT ( 'NONE', #1654 ) ;
#1182 = ORIENTED_EDGE ( 'NONE', *, *, #5162, .T. ) ;
#1183 = DIRECTION ( 'NONE',  ( 0.000000000000000000, 1.000000000000000000, 0.000000000000000000 ) ) ;
#1184 = VERTEX_POINT ( 'NONE', #4345 ) ;
#1185 = CARTESIAN_POINT ( 'NONE',  ( -0.9250000000000001554, 0.000000000000000000, 0.8750000000000001110 ) ) ;
#1186 = CARTESIAN_POINT ( 'NONE',  ( -0.6249999999999990008, 0.1999999999999999833, 0.6750000000000000444 ) ) ;
#1187 = ADVANCED_FACE ( 'NONE', ( #4907 ), #3200, .F. ) ;
#1188 = ORIENTED_EDGE ( 'NONE', *, *, #1122, .F. ) ;
#1189 = ORIENTED_EDGE ( 'NONE', *, *, #5644, .F. ) ;
#1190 = FACE_OUTER_BOUND ( 'NONE', #6571, .T. ) ;
#1191 = CARTESIAN_POINT ( 'NONE',  ( -1.227272727272726627, 0.6399999999999999023, -0.8522727272727266268 ) ) ;
#1192 = LINE ( 'NONE', #5562, #1127 ) ;
#1193 = ORIENTED_EDGE ( 'NONE', *, *, #6283, .T. ) ;
#1194 = CARTESIAN_POINT ( 'NONE',  ( 1.500000000000000000, 0.1299999999999998934, 1.250000000000000000 ) ) ;
#1195 = EDGE_CURVE ( 'NONE', #4835, #306, #4898, .T. ) ;
#1196 = ORIENTED_EDGE ( 'NONE', *, *, #2256, .T. ) ;
#1197 = ORIENTED_EDGE ( 'NONE', *, *, #3088, .T. ) ;
#1198 = DIRECTION ( 'NONE',  ( 1.000000000000000000, -0.000000000000000000, 2.282530889443168008E-16 ) ) ;
#1199 = VERTEX_POINT ( 'NONE', #1608 ) ;
#1200 = CLOSED_SHELL ( 'NONE', ( #6240, #267, #2201, #1686, #2561, #2770 ) ) ;
#1201 = VECTOR ( 'NONE', #1802, 1000.000000000000000 ) ;
#1202 = FACE_OUTER_BOUND ( 'NONE', #3139, .T. ) ;
#1203 = EDGE_LOOP ( 'NONE', ( #5596, #5603, #3430, #6846 ) ) ;
#1204 = ORIENTED_EDGE ( 'NONE', *, *, #4145, .T. ) ;
#1205 = AXIS2_PLACEMENT_3D ( 'NONE', #5418, #4287, #2284 ) ;
#1206 = CARTESIAN_POINT ( 'NONE',  ( 0.9250000000000001554, 0.1300000000000000044, 0.8750000000000001110 ) ) ;
#1207 = DIRECTION ( 'NONE',  ( 0.000000000000000000, -1.000000000000000000, 0.000000000000000000 ) ) ;
#1208 = ORIENTED_EDGE ( 'NONE', *, *, #4026, .F. ) ;
#1209 = CARTESIAN_POINT ( 'NONE',  ( -0.3749999999999992228, 0.1300000000000000044, -0.6749999999999999334 ) ) ;
#1210 = CARTESIAN_POINT ( 'NONE',  ( -0.9250000000000000444, 0.000000000000000000, 0.1250000000000001110 ) ) ;
#1211 = ORIENTED_EDGE ( 'NONE', *, *, #2320, .T. ) ;
#1212 = EDGE_LOOP ( 'NONE', ( #3913, #1710, #1446, #1479 ) ) ;
#1213 = DIRECTION ( 'NONE',  ( -1.000000000000000000, 0.000000000000000000, -2.282530889443168008E-16 ) ) ;
#1214 = VECTOR ( 'NONE', #6469, 1000.000000000000000 ) ;
#1215 = VECTOR ( 'NONE', #2689, 1000.000000000000000 ) ;
#1216 = EDGE_LOOP ( 'NONE', ( #3462, #5880, #3648, #1224 ) ) ;
#1217 = PLANE ( 'NONE',  #2539 ) ;
#1218 = EDGE_CURVE ( 'NONE', #4061, #3095, #2551, .T. ) ;
#1219 = EDGE_LOOP ( 'NONE', ( #3834, #6837, #5779, #5553 ) ) ;
#1220 = CARTESIAN_POINT ( 'NONE',  ( -0.9250000000000000444, 0.1300000000000000044, 0.6250000000000001110 ) ) ;
#1221 = CARTESIAN_POINT ( 'NONE',  ( 0.1250000000000007494, 0.1300000000000000044, -1.149999999999999911 ) ) ;
#1222 = ORIENTED_EDGE ( 'NONE', *, *, #6031, .T. ) ;
#1223 = DIRECTION ( 'NONE',  ( 0.000000000000000000, -0.000000000000000000, -1.000000000000000000 ) ) ;
#1224 = ORIENTED_EDGE ( 'NONE', *, *, #1346, .T. ) ;
#1225 = VECTOR ( 'NONE', #5898, 1000.000000000000000 ) ;
#1226 = EDGE_LOOP ( 'NONE', ( #977, #6795, #2951, #1063 ) ) ;
#1227 = ORIENTED_EDGE ( 'NONE', *, *, #3581, .T. ) ;
#1228 = EDGE_CURVE ( 'NONE', #1386, #5106, #2513, .T. ) ;
#1229 = EDGE_CURVE ( 'NONE', #4207, #1154, #4951, .T. ) ;
#1230 = ORIENTED_EDGE ( 'NONE', *, *, #1441, .T. ) ;
#1231 = CARTESIAN_POINT ( 'NONE',  ( -0.6249999999999992228, 0.7367727638395973333, -1.149999999999999689 ) ) ;
#1232 = DIRECTION ( 'NONE',  ( 1.000000000000000000, 0.000000000000000000, -2.282530889443167515E-16 ) ) ;
#1233 = ORIENTED_EDGE ( 'NONE', *, *, #2031, .T. ) ;
#1234 = ORIENTED_EDGE ( 'NONE', *, *, #4012, .F. ) ;
#1235 = LINE ( 'NONE', #1894, #5925 ) ;
#1236 = CARTESIAN_POINT ( 'NONE',  ( 1.399999999999999911, 0.1300000000000000044, -0.1249999999999997918 ) ) ;
#1237 = ORIENTED_EDGE ( 'NONE', *, *, #29, .F. ) ;
#1238 = DIRECTION ( 'NONE',  ( 1.000000000000000000, 0.000000000000000000, 2.282530889443167515E-16 ) ) ;
#1239 = DIRECTION ( 'NONE',  ( -1.000000000000000000, 0.000000000000000000, -0.000000000000000000 ) ) ;
#1240 = EDGE_LOOP ( 'NONE', ( #1312, #2422, #5998, #2404 ) ) ;
#1241 = DIRECTION ( 'NONE',  ( 0.000000000000000000, -1.000000000000000000, 0.000000000000000000 ) ) ;
#1242 = ORIENTED_EDGE ( 'NONE', *, *, #3760, .F. ) ;
#1243 = EDGE_CURVE ( 'NONE', #1529, #1765, #4818, .T. ) ;
#1244 = CARTESIAN_POINT ( 'NONE',  ( -0.6249999999999992228, 0.2000000000000000111, -0.6749999999999998224 ) ) ;
#1245 = ADVANCED_FACE ( 'NONE', ( #402 ), #1518, .T. ) ;
#1246 = AXIS2_PLACEMENT_3D ( 'NONE', #3518, #4043, #4569 ) ;
#1247 = AXIS2_PLACEMENT_3D ( 'NONE', #4874, #2310, #5352 ) ;
#1248 = ORIENTED_EDGE ( 'NONE', *, *, #92, .F. ) ;
#1249 = ORIENTED_EDGE ( 'NONE', *, *, #3422, .F. ) ;
#1250 = VECTOR ( 'NONE', #2882, 1000.000000000000000 ) ;
#1251 = EDGE_CURVE ( 'NONE', #2129, #1102, #238, .T. ) ;
#1252 = VECTOR ( 'NONE', #2518, 1000.000000000000000 ) ;
#1253 = EDGE_LOOP ( 'NONE', ( #2229, #3587, #3549, #2259 ) ) ;
#1254 = ORIENTED_EDGE ( 'NONE', *, *, #3400, .F. ) ;
#1255 = CARTESIAN_POINT ( 'NONE',  ( -0.6249999999999992228, 0.2000000000000000111, -0.6749999999999998224 ) ) ;
#1256 = DIRECTION ( 'NONE',  ( 4.336808689942017736E-16, -0.000000000000000000, 1.000000000000000000 ) ) ;
#1257 = VERTEX_POINT ( 'NONE', #4197 ) ;
#1258 = CARTESIAN_POINT ( 'NONE',  ( -0.9250000000000001554, 0.7367727638395971113, 0.3750000000000001110 ) ) ;
#1259 = CARTESIAN_POINT ( 'NONE',  ( -0.3749999999999991118, 0.1999999999999999833, 0.6749999999999999334 ) ) ;
#1260 = ORIENTED_EDGE ( 'NONE', *, *, #94, .F. ) ;
#1261 = EDGE_CURVE ( 'NONE', #1424, #514, #305, .T. ) ;
#1262 = DIRECTION ( 'NONE',  ( -0.000000000000000000, 1.000000000000000000, -0.000000000000000000 ) ) ;
#1263 = VECTOR ( 'NONE', #2291, 1000.000000000000000 ) ;
#1264 = VERTEX_POINT ( 'NONE', #4069 ) ;
#1265 = EDGE_LOOP ( 'NONE', ( #6718, #3144, #5487, #3024 ) ) ;
#1266 = DIRECTION ( 'NONE',  ( -2.282530889443167022E-16, 0.000000000000000000, -1.000000000000000000 ) ) ;
#1267 = PLANE ( 'NONE',  #1043 ) ;
#1268 = ORIENTED_EDGE ( 'NONE', *, *, #1724, .T. ) ;
#1269 = EDGE_CURVE ( 'NONE', #1417, #170, #421, .T. ) ;
#1270 = DIRECTION ( 'NONE',  ( 0.000000000000000000, 0.000000000000000000, -1.000000000000000000 ) ) ;
#1271 = UNCERTAINTY_MEASURE_WITH_UNIT (LENGTH_MEASURE( 1.000000000000000082E-05 ), #3685, 'distance_accuracy_value', 'NONE');
#1272 = ORIENTED_EDGE ( 'NONE', *, *, #1937, .T. ) ;
#1273 = VECTOR ( 'NONE', #4934, 1000.000000000000000 ) ;
#1274 = EDGE_LOOP ( 'NONE', ( #4880, #1145, #1614, #1427 ) ) ;
#1275 = CARTESIAN_POINT ( 'NONE',  ( -0.9250000000000001554, 0.7367727638395971113, 0.3750000000000001110 ) ) ;
#1276 = PLANE ( 'NONE',  #5132 ) ;
#1277 = VERTEX_POINT ( 'NONE', #3639 ) ;
#1278 = FILL_AREA_STYLE_COLOUR ( '', #2932 ) ;
#1279 = ORIENTED_EDGE ( 'NONE', *, *, #3916, .F. ) ;
#1280 = CARTESIAN_POINT ( 'NONE',  ( -0.6249999999999990008, 0.2000000000000000111, 0.6750000000000000444 ) ) ;
#1281 = CARTESIAN_POINT ( 'NONE',  ( 0.3750000000000009992, 0.1999999999999999833, 0.6750000000000000444 ) ) ;
#1282 = EDGE_CURVE ( 'NONE', #2033, #5660, #4850, .T. ) ;
#1283 = CARTESIAN_POINT ( 'NONE',  ( 0.3750000000000009992, 0.1999999999999999833, 0.6750000000000000444 ) ) ;
#1284 = ORIENTED_EDGE ( 'NONE', *, *, #2764, .T. ) ;
#1285 = VECTOR ( 'NONE', #1415, 1000.000000000000000 ) ;
#1286 = COLOUR_RGB ( '',0.7921568627450980005, 0.8196078431372548767, 0.9333333333333333481 ) ;
#1287 = ORIENTED_EDGE ( 'NONE', *, *, #6580, .T. ) ;
#1288 = DIRECTION ( 'NONE',  ( 1.000000000000000000, 0.000000000000000000, -2.282530889443168501E-16 ) ) ;
#1289 = EDGE_LOOP ( 'NONE', ( #6019, #2290, #3499, #6083 ) ) ;
#1290 = CARTESIAN_POINT ( 'NONE',  ( 1.399999999999999911, 0.000000000000000000, 0.3750000000000002220 ) ) ;
#1291 = ADVANCED_FACE ( 'NONE', ( #228 ), #2035, .F. ) ;
#1292 = ORIENTED_EDGE ( 'NONE', *, *, #2605, .T. ) ;
#1293 = DIRECTION ( 'NONE',  ( 1.000000000000000000, -0.000000000000000000, 2.282530889443168008E-16 ) ) ;
#1294 = CARTESIAN_POINT ( 'NONE',  ( -1.399999999999999911, 0.000000000000000000, 0.6250000000000002220 ) ) ;
#1295 = AXIS2_PLACEMENT_3D ( 'NONE', #4022, #5638, #5750 ) ;
#1296 = AXIS2_PLACEMENT_3D ( 'NONE', #4740, #5859, #5199 ) ;
#1297 = VERTEX_POINT ( 'NONE', #5283 ) ;
#1298 = LINE ( 'NONE', #685, #1214 ) ;
#1299 = FACE_OUTER_BOUND ( 'NONE', #4744, .T. ) ;
#1300 = ORIENTED_EDGE ( 'NONE', *, *, #1821, .F. ) ;
#1301 = EDGE_LOOP ( 'NONE', ( #6160, #3735, #708, #3896 ) ) ;
#1302 = ADVANCED_FACE ( 'NONE', ( #4810 ), #452, .T. ) ;
#1303 = DIRECTION ( 'NONE',  ( -0.000000000000000000, -1.000000000000000000, -0.000000000000000000 ) ) ;
#1304 = DIRECTION ( 'NONE',  ( 0.000000000000000000, 0.000000000000000000, -1.000000000000000000 ) ) ;
#1305 = ORIENTED_EDGE ( 'NONE', *, *, #94, .T. ) ;
#1306 = CARTESIAN_POINT ( 'NONE',  ( -0.1249999999999992506, 0.1300000000000000044, -0.6749999999999998224 ) ) ;
#1307 = ADVANCED_FACE ( 'NONE', ( #2531 ), #4157, .T. ) ;
#1308 = ORIENTED_EDGE ( 'NONE', *, *, #1172, .T. ) ;
#1309 = DIRECTION ( 'NONE',  ( 0.000000000000000000, -0.000000000000000000, 1.000000000000000000 ) ) ;
#1310 = FACE_OUTER_BOUND ( 'NONE', #1867, .T. ) ;
#1311 = LINE ( 'NONE', #5557, #3571 ) ;
#1312 = ORIENTED_EDGE ( 'NONE', *, *, #1033, .T. ) ;
#1313 = ORIENTED_EDGE ( 'NONE', *, *, #6540, .T. ) ;
#1314 = SURFACE_SIDE_STYLE ('',( #4675 ) ) ;
#1315 = VERTEX_POINT ( 'NONE', #1615 ) ;
#1316 = DIRECTION ( 'NONE',  ( 0.000000000000000000, -1.000000000000000000, 0.000000000000000000 ) ) ;
#1317 = MANIFOLD_SOLID_BREP ( 'LPattern3[2]', #963 ) ;
#1318 = CARTESIAN_POINT ( 'NONE',  ( -1.024999999999999467, 0.1999999999999999833, -0.8749999999999998890 ) ) ;
#1319 = EDGE_CURVE ( 'NONE', #3941, #3368, #2586, .T. ) ;
#1320 = EDGE_CURVE ( 'NONE', #2369, #2200, #329, .T. ) ;
#1321 = ORIENTED_EDGE ( 'NONE', *, *, #2948, .F. ) ;
#1322 = VECTOR ( 'NONE', #3812, 1000.000000000000000 ) ;
#1323 = LINE ( 'NONE', #1220, #3666 ) ;
#1324 = EDGE_LOOP ( 'NONE', ( #987, #5493, #4811, #4665 ) ) ;
#1325 = DIRECTION ( 'NONE',  ( -2.282530889443167022E-16, -0.000000000000000000, -1.000000000000000000 ) ) ;
#1326 = DIRECTION ( 'NONE',  ( 0.000000000000000000, -1.000000000000000000, 0.000000000000000000 ) ) ;
#1327 = EDGE_LOOP ( 'NONE', ( #6015, #2970, #3723, #1550 ) ) ;
#1328 = CARTESIAN_POINT ( 'NONE',  ( 0.9250000000000001554, 0.7367727638395971113, 0.3750000000000001110 ) ) ;
#1329 = MECHANICAL_DESIGN_GEOMETRIC_PRESENTATION_REPRESENTATION (  '', ( #4640 ), #2706 ) ;
#1330 = VERTEX_POINT ( 'NONE', #2636 ) ;
#1331 = DIRECTION ( 'NONE',  ( 0.000000000000000000, -1.000000000000000000, 0.000000000000000000 ) ) ;
#1332 = CARTESIAN_POINT ( 'NONE',  ( -0.9250000000000000444, 0.1300000000000000044, -0.3749999999999998890 ) ) ;
#1333 = VERTEX_POINT ( 'NONE', #4593 ) ;
#1334 = LINE ( 'NONE', #3014, #3570 ) ;
#1335 = CARTESIAN_POINT ( 'NONE',  ( -0.9250000000000000444, 0.1999999999999999833, -0.7749999999999994671 ) ) ;
#1336 = VECTOR ( 'NONE', #1793, 1000.000000000000000 ) ;
#1337 = ORIENTED_EDGE ( 'NONE', *, *, #3381, .T. ) ;
#1338 = EDGE_CURVE ( 'NONE', #1161, #4758, #2835, .T. ) ;
#1339 = DIRECTION ( 'NONE',  ( 0.000000000000000000, -1.000000000000000000, 0.000000000000000000 ) ) ;
#1340 = VERTEX_POINT ( 'NONE', #5641 ) ;
#1341 = CARTESIAN_POINT ( 'NONE',  ( 0.6250000000000007772, 0.2000000000000000111, -0.6749999999999999334 ) ) ;
#1342 = AXIS2_PLACEMENT_3D ( 'NONE', #262, #2883, #4823 ) ;
#1343 = DIRECTION ( 'NONE',  ( 4.336808689942017736E-16, 0.000000000000000000, -1.000000000000000000 ) ) ;
#1344 = ORIENTED_EDGE ( 'NONE', *, *, #4266, .T. ) ;
#1345 = FILL_AREA_STYLE_COLOUR ( '', #864 ) ;
#1346 = EDGE_CURVE ( 'NONE', #2822, #4086, #2870, .T. ) ;
#1347 = CARTESIAN_POINT ( 'NONE',  ( 1.399999999999999911, 0.1999999999999999833, 0.3750000000000002220 ) ) ;
#1348 = ORIENTED_EDGE ( 'NONE', *, *, #1507, .F. ) ;
#1349 = FACE_OUTER_BOUND ( 'NONE', #5973, .T. ) ;
#1350 = LINE ( 'NONE', #3556, #1263 ) ;
#1351 = CLOSED_SHELL ( 'NONE', ( #2376, #1858, #1736, #203, #5207, #3935 ) ) ;
#1352 = ORIENTED_EDGE ( 'NONE', *, *, #4968, .T. ) ;
#1353 = CARTESIAN_POINT ( 'NONE',  ( 0.1250000000000009159, 0.2000000000000000111, 0.6749999999999999334 ) ) ;
#1354 = CARTESIAN_POINT ( 'NONE',  ( 0.9250000000000000444, 0.1300000000000000044, 0.1250000000000001110 ) ) ;
#1355 = ORIENTED_EDGE ( 'NONE', *, *, #3289, .T. ) ;
#1356 = EDGE_CURVE ( 'NONE', #622, #1944, #2815, .T. ) ;
#1357 = CARTESIAN_POINT ( 'NONE',  ( 0.5000000000000000000, 0.2000000000000000111, 0.000000000000000000 ) ) ;
#1358 = CARTESIAN_POINT ( 'NONE',  ( -0.9250000000000001554, 0.1300000000000000044, -0.6249999999999998890 ) ) ;
#1359 = EDGE_LOOP ( 'NONE', ( #4595, #5518, #2287, #2309 ) ) ;
#1360 = CARTESIAN_POINT ( 'NONE',  ( 0.3750000000000011102, 0.2000000000000000111, 1.149999999999999689 ) ) ;
#1361 = VECTOR ( 'NONE', #5517, 1000.000000000000000 ) ;
#1362 = LINE ( 'NONE', #4981, #1457 ) ;
#1363 = VERTEX_POINT ( 'NONE', #3392 ) ;
#1364 = EDGE_CURVE ( 'NONE', #4348, #668, #5184, .T. ) ;
#1365 = EDGE_LOOP ( 'NONE', ( #1233, #3892, #2711, #2537 ) ) ;
#1366 = CARTESIAN_POINT ( 'NONE',  ( -1.399999999999999911, 0.000000000000000000, 0.8750000000000002220 ) ) ;
#1367 = UNCERTAINTY_MEASURE_WITH_UNIT (LENGTH_MEASURE( 1.000000000000000082E-05 ), #4035, 'distance_accuracy_value', 'NONE');
#1368 = VERTEX_POINT ( 'NONE', #720 ) ;
#1369 = DIRECTION ( 'NONE',  ( 1.000000000000000000, 0.000000000000000000, -2.282530889443167515E-16 ) ) ;
#1370 = ORIENTED_EDGE ( 'NONE', *, *, #2685, .F. ) ;
#1371 = LINE ( 'NONE', #4528, #5844 ) ;
#1372 = ORIENTED_EDGE ( 'NONE', *, *, #1558, .T. ) ;
#1373 = CARTESIAN_POINT ( 'NONE',  ( 0.1250000000000010270, 0.1300000000000000044, 1.149999999999999911 ) ) ;
#1374 = PLANE ( 'NONE',  #1794 ) ;
#1375 = EDGE_LOOP ( 'NONE', ( #5357, #832, #4459, #6736 ) ) ;
#1376 = DIRECTION ( 'NONE',  ( -4.336808689942017736E-16, 0.000000000000000000, -1.000000000000000000 ) ) ;
#1377 = AXIS2_PLACEMENT_3D ( 'NONE', #506, #1673, #1097 ) ;
#1378 = EDGE_CURVE ( 'NONE', #1315, #4207, #2786, .T. ) ;
#1379 = ORIENTED_EDGE ( 'NONE', *, *, #5150, .F. ) ;
#1380 = DIRECTION ( 'NONE',  ( 4.336808689942018722E-16, -0.000000000000000000, 1.000000000000000000 ) ) ;
#1381 = EDGE_LOOP ( 'NONE', ( #4610, #3515, #3630, #5813 ) ) ;
#1382 = DIRECTION ( 'NONE',  ( 0.000000000000000000, 0.000000000000000000, 1.000000000000000000 ) ) ;
#1383 = VECTOR ( 'NONE', #6116, 1000.000000000000000 ) ;
#1384 = EDGE_LOOP ( 'NONE', ( #5097, #1670, #5821, #6323 ) ) ;
#1385 = EDGE_CURVE ( 'NONE', #5799, #1174, #2800, .T. ) ;
#1386 = VERTEX_POINT ( 'NONE', #6597 ) ;
#1387 = DIRECTION ( 'NONE',  ( 0.000000000000000000, -1.000000000000000000, 0.000000000000000000 ) ) ;
#1388 = ORIENTED_EDGE ( 'NONE', *, *, #3968, .F. ) ;
#1389 = DIRECTION ( 'NONE',  ( -1.000000000000000000, 0.000000000000000000, 2.282530889443167022E-16 ) ) ;
#1390 = DIRECTION ( 'NONE',  ( 1.000000000000000000, 0.000000000000000000, -4.336808689942017736E-16 ) ) ;
#1391 = ORIENTED_EDGE ( 'NONE', *, *, #5183, .F. ) ;
#1392 = LINE ( 'NONE', #4044, #3678 ) ;
#1393 = VERTEX_POINT ( 'NONE', #819 ) ;
#1394 = ORIENTED_EDGE ( 'NONE', *, *, #4341, .T. ) ;
#1395 = DIRECTION ( 'NONE',  ( 0.000000000000000000, 0.000000000000000000, -1.000000000000000000 ) ) ;
#1396 = DIRECTION ( 'NONE',  ( 1.000000000000000000, -0.000000000000000000, 0.000000000000000000 ) ) ;
#1397 = ORIENTED_EDGE ( 'NONE', *, *, #5417, .F. ) ;
#1398 = CARTESIAN_POINT ( 'NONE',  ( -1.025000000000000355, 0.000000000000000000, -0.8749999999999998890 ) ) ;
#1399 = DIRECTION ( 'NONE',  ( 1.000000000000000000, 0.000000000000000000, -0.000000000000000000 ) ) ;
#1400 = ORIENTED_EDGE ( 'NONE', *, *, #1766, .T. ) ;
#1401 = DIRECTION ( 'NONE',  ( 0.000000000000000000, 0.000000000000000000, -1.000000000000000000 ) ) ;
#1402 = VECTOR ( 'NONE', #380, 1000.000000000000000 ) ;
#1403 = ORIENTED_EDGE ( 'NONE', *, *, #6724, .T. ) ;
#1404 = ORIENTED_EDGE ( 'NONE', *, *, #1421, .F. ) ;
#1405 = CARTESIAN_POINT ( 'NONE',  ( -1.024999999999999467, 0.1300000000000000044, -0.8749999999999998890 ) ) ;
#1406 = PLANE ( 'NONE',  #2337 ) ;
#1407 = EDGE_CURVE ( 'NONE', #5305, #4061, #508, .T. ) ;
#1408 = DIRECTION ( 'NONE',  ( 0.000000000000000000, -1.000000000000000000, 0.000000000000000000 ) ) ;
#1409 = ORIENTED_EDGE ( 'NONE', *, *, #3760, .T. ) ;
#1410 = EDGE_CURVE ( 'NONE', #684, #4755, #5038, .T. ) ;
#1411 = CARTESIAN_POINT ( 'NONE',  ( 1.399999999999999911, 0.000000000000000000, 0.1250000000000002220 ) ) ;
#1412 = MECHANICAL_DESIGN_GEOMETRIC_PRESENTATION_REPRESENTATION (  '', ( #3307 ), #658 ) ;
#1413 = ORIENTED_EDGE ( 'NONE', *, *, #6411, .F. ) ;
#1414 = VERTEX_POINT ( 'NONE', #334 ) ;
#1415 = DIRECTION ( 'NONE',  ( -0.000000000000000000, -1.000000000000000000, -0.000000000000000000 ) ) ;
#1416 = CARTESIAN_POINT ( 'NONE',  ( 0.1250000000000010270, 0.1999999999999999833, 1.149999999999999911 ) ) ;
#1417 = VERTEX_POINT ( 'NONE', #2379 ) ;
#1418 = CARTESIAN_POINT ( 'NONE',  ( 0.000000000000000000, 0.2000000000000000111, 0.000000000000000000 ) ) ;
#1419 = DIRECTION ( 'NONE',  ( 1.000000000000000000, 0.000000000000000000, 0.000000000000000000 ) ) ;
#1420 = ORIENTED_EDGE ( 'NONE', *, *, #4879, .T. ) ;
#1421 = EDGE_CURVE ( 'NONE', #3986, #1706, #578, .T. ) ;
#1422 = CARTESIAN_POINT ( 'NONE',  ( 0.9250000000000000444, 0.000000000000000000, -0.3749999999999998890 ) ) ;
#1423 =( LENGTH_UNIT ( ) NAMED_UNIT ( * ) SI_UNIT ( .MILLI., .METRE. ) );
#1424 = VERTEX_POINT ( 'NONE', #4927 ) ;
#1425 = DIRECTION ( 'NONE',  ( 2.282530889443167515E-16, -0.000000000000000000, 1.000000000000000000 ) ) ;
#1426 = LINE ( 'NONE', #3346, #6017 ) ;
#1427 = ORIENTED_EDGE ( 'NONE', *, *, #2420, .F. ) ;
#1428 = ORIENTED_EDGE ( 'NONE', *, *, #2227, .T. ) ;
#1429 = DIRECTION ( 'NONE',  ( 1.000000000000000000, 0.000000000000000000, -2.282530889443168501E-16 ) ) ;
#1430 = CARTESIAN_POINT ( 'NONE',  ( -0.9250000000000001554, 0.1300000000000000044, 0.3750000000000001110 ) ) ;
#1431 = ORIENTED_EDGE ( 'NONE', *, *, #1645, .T. ) ;
#1432 = DIRECTION ( 'NONE',  ( 4.336808689942018722E-16, -0.000000000000000000, 1.000000000000000000 ) ) ;
#1433 = ORIENTED_EDGE ( 'NONE', *, *, #4065, .T. ) ;
#1434 = LINE ( 'NONE', #552, #1252 ) ;
#1435 = VERTEX_POINT ( 'NONE', #4516 ) ;
#1436 = EDGE_CURVE ( 'NONE', #4141, #2033, #654, .T. ) ;
#1437 = CARTESIAN_POINT ( 'NONE',  ( 0.6250000000000007772, 0.2000000000000000111, -0.6749999999999999334 ) ) ;
#1438 = LINE ( 'NONE', #6519, #6111 ) ;
#1439 = CARTESIAN_POINT ( 'NONE',  ( 0.9250000000000001554, 0.7367727638395971113, 0.8750000000000001110 ) ) ;
#1440 = VERTEX_POINT ( 'NONE', #5016 ) ;
#1441 = EDGE_CURVE ( 'NONE', #1088, #719, #5065, .T. ) ;
#1442 = CARTESIAN_POINT ( 'NONE',  ( 0.9250000000000001554, 0.1999999999999999833, -0.6249999999999998890 ) ) ;
#1443 = VERTEX_POINT ( 'NONE', #1880 ) ;
#1444 = CARTESIAN_POINT ( 'NONE',  ( -0.3749999999999991118, 0.2000000000000000111, 0.6749999999999999334 ) ) ;
#1445 = LINE ( 'NONE', #906, #5856 ) ;
#1446 = ORIENTED_EDGE ( 'NONE', *, *, #457, .F. ) ;
#1447 = ADVANCED_FACE ( 'NONE', ( #5143 ), #6500, .F. ) ;
#1448 = VECTOR ( 'NONE', #1142, 1000.000000000000000 ) ;
#1450 = CARTESIAN_POINT ( 'NONE',  ( -0.6249999999999992228, 0.7367727638395973333, -0.6749999999999998224 ) ) ;
#1449 = LINE ( 'NONE', #3917, #3837 ) ;
#1451 = CARTESIAN_POINT ( 'NONE',  ( -0.6249999999999992228, 0.1300000000000000044, -1.149999999999999689 ) ) ;
#1452 = PLANE ( 'NONE',  #4531 ) ;
#1453 = MECHANICAL_DESIGN_GEOMETRIC_PRESENTATION_REPRESENTATION (  '', ( #6767 ), #5161 ) ;
#1454 = EDGE_CURVE ( 'NONE', #6763, #3635, #566, .T. ) ;
#1455 = ORIENTED_EDGE ( 'NONE', *, *, #4457, .T. ) ;
#1456 = ADVANCED_FACE ( 'NONE', ( #544 ), #3164, .T. ) ;
#1457 = VECTOR ( 'NONE', #2467, 1000.000000000000000 ) ;
#1458 = ORIENTED_EDGE ( 'NONE', *, *, #2604, .F. ) ;
#1459 = CARTESIAN_POINT ( 'NONE',  ( -1.399999999999999911, 0.7367727638395971113, 0.1250000000000002220 ) ) ;
#1460 = DIRECTION ( 'NONE',  ( 0.000000000000000000, -1.000000000000000000, 0.000000000000000000 ) ) ;
#1461 = LINE ( 'NONE', #1280, #1604 ) ;
#1462 = CARTESIAN_POINT ( 'NONE',  ( -0.1249999999999990286, 0.1300000000000000044, 0.6750000000000000444 ) ) ;
#1463 = LINE ( 'NONE', #188, #6103 ) ;
#1464 = ADVANCED_FACE ( 'NONE', ( #5151 ), #54, .F. ) ;
#1465 = AXIS2_PLACEMENT_3D ( 'NONE', #1811, #2398, #5618 ) ;
#1466 = CARTESIAN_POINT ( 'NONE',  ( 1.399999999999999911, 0.7367727638395971113, 0.8750000000000002220 ) ) ;
#1467 = ORIENTED_EDGE ( 'NONE', *, *, #825, .F. ) ;
#1468 = AXIS2_PLACEMENT_3D ( 'NONE', #1676, #2143, #1053 ) ;
#1469 = CARTESIAN_POINT ( 'NONE',  ( -1.399999999999999911, 0.1999999999999999833, 0.1250000000000002220 ) ) ;
#1470 = ORIENTED_EDGE ( 'NONE', *, *, #6807, .T. ) ;
#1471 = CARTESIAN_POINT ( 'NONE',  ( 0.6250000000000007772, 0.7367727638395973333, -1.149999999999999911 ) ) ;
#1472 = PLANE ( 'NONE',  #3102 ) ;
#1473 = ORIENTED_EDGE ( 'NONE', *, *, #2515, .F. ) ;
#1474 = VECTOR ( 'NONE', #1339, 1000.000000000000000 ) ;
#1475 = CARTESIAN_POINT ( 'NONE',  ( -1.499999999999999778, 0.1299999999999998934, 1.250000000000000000 ) ) ;
#1476 = CARTESIAN_POINT ( 'NONE',  ( 0.6250000000000009992, 0.000000000000000000, 0.6749999999999999334 ) ) ;
#1477 = ORIENTED_EDGE ( 'NONE', *, *, #4399, .F. ) ;
#1478 = ORIENTED_EDGE ( 'NONE', *, *, #5552, .T. ) ;
#1479 = ORIENTED_EDGE ( 'NONE', *, *, #2498, .F. ) ;
#1480 = AXIS2_PLACEMENT_3D ( 'NONE', #6061, #4973, #5500 ) ;
#1481 = CARTESIAN_POINT ( 'NONE',  ( 0.3750000000000007772, 0.1300000000000000044, -0.6749999999999998224 ) ) ;
#1482 = AXIS2_PLACEMENT_3D ( 'NONE', #835, #1852, #3616 ) ;
#1483 = PLANE ( 'NONE',  #1871 ) ;
#1484 = CIRCLE ( 'NONE', #2180, 0.1250000000000004441 ) ;
#1485 = CARTESIAN_POINT ( 'NONE',  ( 0.6250000000000007772, 0.1999999999999999833, -0.6749999999999999334 ) ) ;
#1486 = ORIENTED_EDGE ( 'NONE', *, *, #6504, .F. ) ;
#1487 =( LENGTH_UNIT ( ) NAMED_UNIT ( * ) SI_UNIT ( .MILLI., .METRE. ) );
#1488 = ORIENTED_EDGE ( 'NONE', *, *, #5769, .F. ) ;
#1489 = EDGE_CURVE ( 'NONE', #5566, #4163, #463, .T. ) ;
#1490 = VECTOR ( 'NONE', #360, 1000.000000000000000 ) ;
#1492 = CARTESIAN_POINT ( 'NONE',  ( 1.500000000000000000, 5.385124837953327415, 1.250000000000000000 ) ) ;
#1491 = LINE ( 'NONE', #1718, #3919 ) ;
#1493 = AXIS2_PLACEMENT_3D ( 'NONE', #1135, #5188, #6467 ) ;
#1494 = EDGE_CURVE ( 'NONE', #4207, #1954, #524, .T. ) ;
#1495 = DIRECTION ( 'NONE',  ( 1.000000000000000000, 0.000000000000000000, 2.282530889443168008E-16 ) ) ;
#1496 = CARTESIAN_POINT ( 'NONE',  ( 0.9250000000000001554, 0.7367727638395971113, 0.3750000000000001110 ) ) ;
#1497 = ORIENTED_EDGE ( 'NONE', *, *, #1159, .T. ) ;
#1498 = LINE ( 'NONE', #3777, #3975 ) ;
#1499 = ORIENTED_EDGE ( 'NONE', *, *, #921, .T. ) ;
#1500 = CARTESIAN_POINT ( 'NONE',  ( 0.6250000000000007772, 0.1300000000000000044, -1.149999999999999911 ) ) ;
#1501 = PLANE ( 'NONE',  #2705 ) ;
#1502 = CARTESIAN_POINT ( 'NONE',  ( 0.9250000000000000444, 0.1999999999999999833, 0.6250000000000001110 ) ) ;
#1503 = EDGE_LOOP ( 'NONE', ( #4721, #4887, #2826, #5672 ) ) ;
#1504 = CYLINDRICAL_SURFACE ( 'NONE', #5292, 0.1250000000000004441 ) ;
#1505 = MANIFOLD_SOLID_BREP ( 'LPattern4[5]', #1727 ) ;
#1506 = DIRECTION ( 'NONE',  ( 1.000000000000000000, -0.000000000000000000, 8.673617379884038430E-16 ) ) ;
#1507 = EDGE_CURVE ( 'NONE', #5984, #4003, #5172, .T. ) ;
#1508 = CARTESIAN_POINT ( 'NONE',  ( 0.9250000000000001554, 0.1300000000000000044, -0.6249999999999998890 ) ) ;
#1509 = ORIENTED_EDGE ( 'NONE', *, *, #3289, .F. ) ;
#1510 = ADVANCED_FACE ( 'NONE', ( #5193 ), #2867, .F. ) ;
#1511 = CARTESIAN_POINT ( 'NONE',  ( 0.9250000000000001554, 0.1999999999999999833, -0.1249999999999998890 ) ) ;
#1512 = LINE ( 'NONE', #6340, #6072 ) ;
#1513 = VERTEX_POINT ( 'NONE', #5064 ) ;
#1514 = DIRECTION ( 'NONE',  ( 8.673617379884035472E-17, -0.000000000000000000, 1.000000000000000000 ) ) ;
#1515 = DIRECTION ( 'NONE',  ( -0.000000000000000000, -0.000000000000000000, 1.000000000000000000 ) ) ;
#1516 = LINE ( 'NONE', #4316, #3783 ) ;
#1517 = LINE ( 'NONE', #3425, #3977 ) ;
#1518 = PLANE ( 'NONE',  #533 ) ;
#1519 = EDGE_LOOP ( 'NONE', ( #4060, #2944, #6241, #6254 ) ) ;
#1520 = VECTOR ( 'NONE', #1331, 1000.000000000000000 ) ;
#1521 = ORIENTED_EDGE ( 'NONE', *, *, #138, .F. ) ;
#1522 = FILL_AREA_STYLE_COLOUR ( '', #2194 ) ;
#1523 = VECTOR ( 'NONE', #3825, 1000.000000000000000 ) ;
#1524 = DIRECTION ( 'NONE',  ( 1.000000000000000000, 0.000000000000000000, -2.282530889443168008E-16 ) ) ;
#1525 = ORIENTED_EDGE ( 'NONE', *, *, #1091, .F. ) ;
#1526 = DIRECTION ( 'NONE',  ( 4.336808689942019215E-16, 0.000000000000000000, 1.000000000000000000 ) ) ;
#1527 = LINE ( 'NONE', #2434, #4224 ) ;
#1528 = ORIENTED_EDGE ( 'NONE', *, *, #3828, .F. ) ;
#1529 = VERTEX_POINT ( 'NONE', #3500 ) ;
#1530 = DIRECTION ( 'NONE',  ( -1.000000000000000000, 0.000000000000000000, 2.282530889443168008E-16 ) ) ;
#1532 = CARTESIAN_POINT ( 'NONE',  ( -0.1249999999999992506, 0.1999999999999999833, -0.6749999999999998224 ) ) ;
#1531 = VECTOR ( 'NONE', #6670, 1000.000000000000000 ) ;
#1533 = AXIS2_PLACEMENT_3D ( 'NONE', #4831, #5818, #4784 ) ;
#1534 = CARTESIAN_POINT ( 'NONE',  ( -0.3749999999999990008, 0.7367727638395973333, 1.149999999999999911 ) ) ;
#1535 = CARTESIAN_POINT ( 'NONE',  ( 1.399999999999999911, 0.1300000000000000044, -0.1249999999999997918 ) ) ;
#1536 = VERTEX_POINT ( 'NONE', #3446 ) ;
#1537 = PLANE ( 'NONE',  #2408 ) ;
#1538 = VERTEX_POINT ( 'NONE', #1358 ) ;
#1539 = LINE ( 'NONE', #2805, #3780 ) ;
#1540 = VERTEX_POINT ( 'NONE', #162 ) ;
#1541 = CARTESIAN_POINT ( 'NONE',  ( 1.399999999999999911, 0.1300000000000000044, 0.8750000000000002220 ) ) ;
#1542 = CARTESIAN_POINT ( 'NONE',  ( 0.9250000000000001554, 0.7367727638395971113, 0.8750000000000001110 ) ) ;
#1543 = SURFACE_STYLE_USAGE ( .BOTH. , #5775 ) ;
#1544 = CARTESIAN_POINT ( 'NONE',  ( 0.3750000000000007772, 0.000000000000000000, -1.149999999999999689 ) ) ;
#1545 = EDGE_CURVE ( 'NONE', #3379, #170, #431, .T. ) ;
#1546 = LINE ( 'NONE', #4836, #3893 ) ;
#1547 = DIRECTION ( 'NONE',  ( 8.673617379884038430E-16, 0.000000000000000000, -1.000000000000000000 ) ) ;
#1548 = DIRECTION ( 'NONE',  ( 1.000000000000000000, -0.000000000000000000, 2.282530889443168008E-16 ) ) ;
#1549 = ORIENTED_EDGE ( 'NONE', *, *, #1228, .T. ) ;
#1550 = ORIENTED_EDGE ( 'NONE', *, *, #6230, .F. ) ;
#1551 = PLANE ( 'NONE',  #3054 ) ;
#1552 = LINE ( 'NONE', #1185, #6255 ) ;
#1553 = VERTEX_POINT ( 'NONE', #4227 ) ;
#1554 = DIRECTION ( 'NONE',  ( -1.000000000000000000, 0.000000000000000000, -4.336808689942017736E-16 ) ) ;
#1555 = CARTESIAN_POINT ( 'NONE',  ( -0.6249999999999992228, 0.000000000000000000, -1.149999999999999689 ) ) ;
#1556 = VERTEX_POINT ( 'NONE', #68 ) ;
#1557 = FACE_OUTER_BOUND ( 'NONE', #4300, .T. ) ;
#1558 = EDGE_CURVE ( 'NONE', #6534, #1330, #620, .T. ) ;
#1559 = EDGE_CURVE ( 'NONE', #4085, #1948, #2718, .T. ) ;
#1560 = DIRECTION ( 'NONE',  ( -1.000000000000000000, 0.000000000000000000, -0.000000000000000000 ) ) ;
#1561 = ORIENTED_EDGE ( 'NONE', *, *, #2732, .T. ) ;
#1562 = STYLED_ITEM ( 'NONE', ( #534 ), #1505 ) ;
#1563 = AXIS2_PLACEMENT_3D ( 'NONE', #2678, #1183, #5899 ) ;
#1564 = ORIENTED_EDGE ( 'NONE', *, *, #427, .T. ) ;
#1565 = ORIENTED_EDGE ( 'NONE', *, *, #4667, .F. ) ;
#1566 = DIRECTION ( 'NONE',  ( -1.000000000000000000, 0.000000000000000000, -0.000000000000000000 ) ) ;
#1567 = VECTOR ( 'NONE', #4991, 1000.000000000000000 ) ;
#1568 = DIRECTION ( 'NONE',  ( 0.000000000000000000, -1.000000000000000000, 0.000000000000000000 ) ) ;
#1569 = LINE ( 'NONE', #437, #1531 ) ;
#1570 = ADVANCED_FACE ( 'NONE', ( #5219 ), #2565, .T. ) ;
#1571 = EDGE_CURVE ( 'NONE', #5425, #4162, #441, .T. ) ;
#1572 = ORIENTED_EDGE ( 'NONE', *, *, #457, .T. ) ;
#1573 = ORIENTED_EDGE ( 'NONE', *, *, #6003, .T. ) ;
#1574 = AXIS2_PLACEMENT_3D ( 'NONE', #2062, #3042, #3620 ) ;
#1575 = SURFACE_STYLE_FILL_AREA ( #269 ) ;
#1576 = AXIS2_PLACEMENT_3D ( 'NONE', #528, #5221, #3838 ) ;
#1577 = ORIENTED_EDGE ( 'NONE', *, *, #29, .T. ) ;
#1578 = VECTOR ( 'NONE', #691, 1000.000000000000000 ) ;
#1579 = ADVANCED_FACE ( 'NONE', ( #2918 ), #1501, .T. ) ;
#1580 = FACE_BOUND ( 'NONE', #3617, .T. ) ;
#1581 = DIRECTION ( 'NONE',  ( -1.000000000000000000, 0.000000000000000000, 0.000000000000000000 ) ) ;
#1582 = DIRECTION ( 'NONE',  ( 1.000000000000000000, -0.000000000000000000, 2.282530889443168008E-16 ) ) ;
#1583 = DIRECTION ( 'NONE',  ( 1.000000000000000000, 0.000000000000000000, -4.336808689942017736E-16 ) ) ;
#1584 = EDGE_LOOP ( 'NONE', ( #1170, #2453, #3497, #3469 ) ) ;
#1585 = DIRECTION ( 'NONE',  ( -4.336808689942017736E-16, 0.000000000000000000, 1.000000000000000000 ) ) ;
#1586 = ORIENTED_EDGE ( 'NONE', *, *, #2967, .T. ) ;
#1587 = VECTOR ( 'NONE', #5815, 1000.000000000000000 ) ;
#1588 = ORIENTED_EDGE ( 'NONE', *, *, #5968, .F. ) ;
#1589 = CARTESIAN_POINT ( 'NONE',  ( 0.9250000000000001554, 0.7367727638395971113, -0.6249999999999998890 ) ) ;
#1590 = EDGE_CURVE ( 'NONE', #1682, #1556, #2730, .T. ) ;
#1591 = DIRECTION ( 'NONE',  ( 1.000000000000000000, -0.000000000000000000, 8.673617379884037444E-16 ) ) ;
#1592 = DIRECTION ( 'NONE',  ( 0.000000000000000000, -1.000000000000000000, 0.000000000000000000 ) ) ;
#1593 = EDGE_LOOP ( 'NONE', ( #1208, #5289, #5317, #6147 ) ) ;
#1594 = CARTESIAN_POINT ( 'NONE',  ( 0.9250000000000000444, 0.1999999999999999833, -0.3749999999999998890 ) ) ;
#1595 = LINE ( 'NONE', #1119, #3932 ) ;
#1596 =( NAMED_UNIT ( * ) PLANE_ANGLE_UNIT ( ) SI_UNIT ( $, .RADIAN. ) );
#1597 = EDGE_CURVE ( 'NONE', #6558, #4551, #453, .T. ) ;
#1598 = VERTEX_POINT ( 'NONE', #3660 ) ;
#1599 = ORIENTED_EDGE ( 'NONE', *, *, #4879, .F. ) ;
#1600 = DIRECTION ( 'NONE',  ( -0.000000000000000000, -1.000000000000000000, -0.000000000000000000 ) ) ;
#1601 = VECTOR ( 'NONE', #5951, 1000.000000000000000 ) ;
#1602 = CLOSED_SHELL ( 'NONE', ( #2512, #1133, #5512, #1447, #151, #756 ) ) ;
#1603 = PLANE ( 'NONE',  #3406 ) ;
#1604 = VECTOR ( 'NONE', #2759, 1000.000000000000000 ) ;
#1605 = VECTOR ( 'NONE', #5269, 1000.000000000000000 ) ;
#1606 = PLANE ( 'NONE',  #20 ) ;
#1607 = VERTEX_POINT ( 'NONE', #4705 ) ;
#1608 = CARTESIAN_POINT ( 'NONE',  ( 1.399999999999999911, 0.000000000000000000, -0.1249999999999997918 ) ) ;
#1609 = EDGE_CURVE ( 'NONE', #1174, #3252, #2739, .T. ) ;
#1610 = VERTEX_POINT ( 'NONE', #3744 ) ;
#1611 = COLOUR_RGB ( '',0.7921568627450980005, 0.8196078431372548767, 0.9333333333333333481 ) ;
#1612 = ORIENTED_EDGE ( 'NONE', *, *, #6722, .T. ) ;
#1613 = CARTESIAN_POINT ( 'NONE',  ( 0.000000000000000000, 0.2000000000000000111, 0.000000000000000000 ) ) ;
#1614 = ORIENTED_EDGE ( 'NONE', *, *, #3229, .F. ) ;
#1615 = CARTESIAN_POINT ( 'NONE',  ( -0.3749999999999991118, 0.1999999999999999833, 0.6749999999999999334 ) ) ;
#1616 = LINE ( 'NONE', #5575, #6181 ) ;
#1617 = EDGE_CURVE ( 'NONE', #1975, #5928, #3195, .T. ) ;
#1618 = EDGE_LOOP ( 'NONE', ( #109, #4878, #5501, #3443 ) ) ;
#1619 = PLANE ( 'NONE',  #243 ) ;
#1620 = AXIS2_PLACEMENT_3D ( 'NONE', #6636, #284, #4232 ) ;
#1621 = EDGE_LOOP ( 'NONE', ( #5695, #3625, #250, #1308 ) ) ;
#1622 = DIRECTION ( 'NONE',  ( -0.000000000000000000, -1.000000000000000000, -0.000000000000000000 ) ) ;
#1623 = AXIS2_PLACEMENT_3D ( 'NONE', #2894, #4143, #3476 ) ;
#1624 = LINE ( 'NONE', #137, #3852 ) ;
#1625 = EDGE_LOOP ( 'NONE', ( #662, #626, #3374, #4304 ) ) ;
#1626 = PLANE ( 'NONE',  #5681 ) ;
#1628 = CARTESIAN_POINT ( 'NONE',  ( -0.9250000000000000444, 0.7367727638395971113, 0.1250000000000001110 ) ) ;
#1627 = LINE ( 'NONE', #714, #1605 ) ;
#1629 = ADVANCED_FACE ( 'NONE', ( #5262 ), #4273, .T. ) ;
#1630 = CARTESIAN_POINT ( 'NONE',  ( 0.9250000000000001554, 0.1300000000000000044, -0.1249999999999998890 ) ) ;
#1631 = ORIENTED_EDGE ( 'NONE', *, *, #259, .T. ) ;
#1632 = PLANE ( 'NONE',  #4082 ) ;
#1633 = EDGE_CURVE ( 'NONE', #2505, #6010, #5328, .T. ) ;
#1634 = ORIENTED_EDGE ( 'NONE', *, *, #2732, .F. ) ;
#1635 = VECTOR ( 'NONE', #5437, 1000.000000000000000 ) ;
#1636 = ORIENTED_EDGE ( 'NONE', *, *, #1837, .F. ) ;
#1637 = CARTESIAN_POINT ( 'NONE',  ( -0.9250000000000001554, 0.7367727638395971113, 0.8750000000000001110 ) ) ;
#1638 = VECTOR ( 'NONE', #596, 1000.000000000000000 ) ;
#1639 = CARTESIAN_POINT ( 'NONE',  ( 1.500000000000000000, 5.385124837953327415, 1.250000000000000000 ) ) ;
#1640 = ADVANCED_FACE ( 'NONE', ( #2943 ), #2405, .T. ) ;
#1641 = LINE ( 'NONE', #313, #6144 ) ;
#1642 = DIRECTION ( 'NONE',  ( -1.000000000000000000, 0.000000000000000000, -0.000000000000000000 ) ) ;
#1643 = ORIENTED_EDGE ( 'NONE', *, *, #5805, .F. ) ;
#1644 = VERTEX_POINT ( 'NONE', #315 ) ;
#1645 = EDGE_CURVE ( 'NONE', #73, #5762, #5316, .T. ) ;
#1646 = ORIENTED_EDGE ( 'NONE', *, *, #2578, .T. ) ;
#1647 = EDGE_CURVE ( 'NONE', #681, #4509, #5375, .T. ) ;
#1648 = PLANE ( 'NONE',  #3508 ) ;
#1649 = VERTEX_POINT ( 'NONE', #364 ) ;
#1650 = LINE ( 'NONE', #2282, #3970 ) ;
#1651 = AXIS2_PLACEMENT_3D ( 'NONE', #3210, #4257, #3775 ) ;
#1652 = CARTESIAN_POINT ( 'NONE',  ( -1.500000000000000000, 0.1299999999999998934, -1.250000000000000000 ) ) ;
#1653 = ORIENTED_EDGE ( 'NONE', *, *, #3268, .T. ) ;
#1654 = CARTESIAN_POINT ( 'NONE',  ( 0.9250000000000001554, 0.1300000000000000044, -0.1249999999999998890 ) ) ;
#1655 = EDGE_LOOP ( 'NONE', ( #3417, #4899, #5458, #800 ) ) ;
#1656 = LINE ( 'NONE', #4494, #1691 ) ;
#1657 = EDGE_LOOP ( 'NONE', ( #344, #3189, #2936, #1082 ) ) ;
#1658 = DIRECTION ( 'NONE',  ( -1.000000000000000000, 0.000000000000000000, 0.000000000000000000 ) ) ;
#1659 = CLOSED_SHELL ( 'NONE', ( #5435, #550, #1084, #1073, #2037, #5909 ) ) ;
#1660 = EDGE_CURVE ( 'NONE', #1777, #3310, #693, .T. ) ;
#1661 = DIRECTION ( 'NONE',  ( 4.336808689942019215E-16, 0.000000000000000000, 1.000000000000000000 ) ) ;
#1662 = VECTOR ( 'NONE', #3333, 1000.000000000000000 ) ;
#1663 = AXIS2_PLACEMENT_3D ( 'NONE', #1450, #6293, #5860 ) ;
#1664 = PLANE ( 'NONE',  #1493 ) ;
#1665 = EDGE_CURVE ( 'NONE', #475, #5655, #5473, .T. ) ;
#1666 = VERTEX_POINT ( 'NONE', #4102 ) ;
#1667 = CARTESIAN_POINT ( 'NONE',  ( -1.399999999999999911, 0.7367727638395971113, 0.8750000000000002220 ) ) ;
#1668 = ORIENTED_EDGE ( 'NONE', *, *, #481, .T. ) ;
#1669 = LINE ( 'NONE', #1532, #3963 ) ;
#1670 = ORIENTED_EDGE ( 'NONE', *, *, #4589, .F. ) ;
#1671 = ADVANCED_FACE ( 'NONE', ( #5387 ), #2443, .F. ) ;
#1672 = VECTOR ( 'NONE', #3255, 1000.000000000000000 ) ;
#1673 = DIRECTION ( 'NONE',  ( -1.000000000000000000, 0.000000000000000000, -0.000000000000000000 ) ) ;
#1674 = DIRECTION ( 'NONE',  ( 4.336808689942017736E-16, 0.000000000000000000, -1.000000000000000000 ) ) ;
#1675 = CARTESIAN_POINT ( 'NONE',  ( -0.9250000000000001554, 0.000000000000000000, 0.8750000000000001110 ) ) ;
#1676 = CARTESIAN_POINT ( 'NONE',  ( -0.6249999999999990008, 0.7367727638395973333, 0.6750000000000000444 ) ) ;
#1677 = ORIENTED_EDGE ( 'NONE', *, *, #6387, .F. ) ;
#1678 = CARTESIAN_POINT ( 'NONE',  ( -1.227272727272726627, 0.6399999999999999023, -1.102272727272727293 ) ) ;
#1679 = ORIENTED_EDGE ( 'NONE', *, *, #4292, .T. ) ;
#1680 = ADVANCED_FACE ( 'NONE', ( #742 ), #1919, .T. ) ;
#1681 = LINE ( 'NONE', #4404, #6207 ) ;
#1682 = VERTEX_POINT ( 'NONE', #934 ) ;
#1683 = DIRECTION ( 'NONE',  ( 0.000000000000000000, 0.000000000000000000, -1.000000000000000000 ) ) ;
#1684 = DIRECTION ( 'NONE',  ( -1.000000000000000000, 0.000000000000000000, 8.673617379884035472E-16 ) ) ;
#1685 = EDGE_CURVE ( 'NONE', #6048, #1443, #760, .T. ) ;
#1686 = ADVANCED_FACE ( 'NONE', ( #2969 ), #848, .F. ) ;
#1687 = DIRECTION ( 'NONE',  ( 0.000000000000000000, -1.000000000000000000, 0.000000000000000000 ) ) ;
#1688 = ORIENTED_EDGE ( 'NONE', *, *, #2305, .T. ) ;
#1689 = ORIENTED_EDGE ( 'NONE', *, *, #6385, .T. ) ;
#1690 = PLANE ( 'NONE',  #1162 ) ;
#1691 = VECTOR ( 'NONE', #4992, 1000.000000000000000 ) ;
#1692 = ORIENTED_EDGE ( 'NONE', *, *, #638, .F. ) ;
#1693 = DIRECTION ( 'NONE',  ( -1.000000000000000000, 0.000000000000000000, -8.673617379884037444E-16 ) ) ;
#1694 = SURFACE_STYLE_FILL_AREA ( #6120 ) ;
#1695 = ADVANCED_FACE ( 'NONE', ( #3019 ), #5696, .T. ) ;
#1696 = EDGE_CURVE ( 'NONE', #745, #5799, #828, .T. ) ;
#1697 = ORIENTED_EDGE ( 'NONE', *, *, #4236, .F. ) ;
#1698 = CARTESIAN_POINT ( 'NONE',  ( -0.9250000000000001554, 0.1999999999999999833, 0.8750000000000001110 ) ) ;
#1699 = CLOSED_SHELL ( 'NONE', ( #6073, #3140, #3291, #4193, #1807, #3353, #5271 ) ) ;
#1700 = VECTOR ( 'NONE', #6663, 1000.000000000000000 ) ;
#1701 = ORIENTED_EDGE ( 'NONE', *, *, #2406, .T. ) ;
#1702 = DIRECTION ( 'NONE',  ( 0.000000000000000000, -1.000000000000000000, 0.000000000000000000 ) ) ;
#1703 = VECTOR ( 'NONE', #4036, 1000.000000000000000 ) ;
#1704 = EDGE_CURVE ( 'NONE', #3598, #5214, #861, .T. ) ;
#1705 = CARTESIAN_POINT ( 'NONE',  ( -0.3749999999999992228, 0.2000000000000000111, -0.6749999999999999334 ) ) ;
#1706 = VERTEX_POINT ( 'NONE', #2042 ) ;
#1707 = EDGE_LOOP ( 'NONE', ( #3038, #5354, #1818, #3858 ) ) ;
#1708 = DIRECTION ( 'NONE',  ( -0.000000000000000000, -1.000000000000000000, -0.000000000000000000 ) ) ;
#1709 = LINE ( 'NONE', #6490, #1943 ) ;
#1710 = ORIENTED_EDGE ( 'NONE', *, *, #1228, .F. ) ;
#1711 = LINE ( 'NONE', #2941, #4042 ) ;
#1712 = CARTESIAN_POINT ( 'NONE',  ( 0.3750000000000011102, 0.2000000000000000111, 1.149999999999999689 ) ) ;
#1713 = CARTESIAN_POINT ( 'NONE',  ( -1.399999999999999911, 0.000000000000000000, -0.6249999999999997780 ) ) ;
#1714 = AXIS2_PLACEMENT_3D ( 'NONE', #1049, #5816, #3818 ) ;
#1715 = CARTESIAN_POINT ( 'NONE',  ( -0.1249999999999992506, 0.1300000000000000044, -1.149999999999999689 ) ) ;
#1716 = CARTESIAN_POINT ( 'NONE',  ( 0.1250000000000010270, 0.1999999999999999833, 1.149999999999999911 ) ) ;
#1717 = ORIENTED_EDGE ( 'NONE', *, *, #2490, .T. ) ;
#1718 = CARTESIAN_POINT ( 'NONE',  ( 0.6250000000000007772, 0.1300000000000000044, -0.6749999999999999334 ) ) ;
#1719 = VERTEX_POINT ( 'NONE', #2510 ) ;
#1720 = LINE ( 'NONE', #6312, #4087 ) ;
#1721 = ORIENTED_EDGE ( 'NONE', *, *, #3370, .T. ) ;
#1722 = COLOUR_RGB ( '',0.7921568627450980005, 0.8196078431372548767, 0.9333333333333333481 ) ;
#1723 = CARTESIAN_POINT ( 'NONE',  ( -0.3749999999999991118, 0.2000000000000000111, 0.6749999999999999334 ) ) ;
#1724 = EDGE_CURVE ( 'NONE', #3310, #1854, #3036, .T. ) ;
#1725 = DIRECTION ( 'NONE',  ( -2.282530889443167515E-16, 0.000000000000000000, 1.000000000000000000 ) ) ;
#1726 = EDGE_CURVE ( 'NONE', #5700, #1649, #5341, .T. ) ;
#1727 = CLOSED_SHELL ( 'NONE', ( #1783, #2367, #4896, #6644, #5548, #6454 ) ) ;
#1728 = ORIENTED_EDGE ( 'NONE', *, *, #3159, .F. ) ;
#1729 = CARTESIAN_POINT ( 'NONE',  ( 1.399999999999999911, 0.7367727638395971113, 0.6250000000000002220 ) ) ;
#1730 = FACE_OUTER_BOUND ( 'NONE', #4195, .T. ) ;
#1731 = AXIS2_PLACEMENT_3D ( 'NONE', #6271, #77, #2238 ) ;
#1732 = VERTEX_POINT ( 'NONE', #995 ) ;
#1733 = DIRECTION ( 'NONE',  ( 0.000000000000000000, 1.000000000000000000, 0.000000000000000000 ) ) ;
#1734 = FACE_OUTER_BOUND ( 'NONE', #434, .T. ) ;
#1735 = CARTESIAN_POINT ( 'NONE',  ( 0.9250000000000001554, 0.7367727638395971113, -0.6249999999999998890 ) ) ;
#1736 = ADVANCED_FACE ( 'NONE', ( #901 ), #1841, .F. ) ;
#1737 = DIRECTION ( 'NONE',  ( 0.000000000000000000, -0.000000000000000000, 1.000000000000000000 ) ) ;
#1738 = CARTESIAN_POINT ( 'NONE',  ( -0.6249999999999990008, 0.1300000000000000044, 0.6750000000000000444 ) ) ;
#1739 = VERTEX_POINT ( 'NONE', #2920 ) ;
#1740 = DIRECTION ( 'NONE',  ( 0.000000000000000000, 0.000000000000000000, 1.000000000000000000 ) ) ;
#1741 = EDGE_CURVE ( 'NONE', #4326, #4515, #707, .T. ) ;
#1742 = VERTEX_POINT ( 'NONE', #4078 ) ;
#1743 = FACE_OUTER_BOUND ( 'NONE', #5469, .T. ) ;
#1744 = ORIENTED_EDGE ( 'NONE', *, *, #67, .F. ) ;
#1745 = CARTESIAN_POINT ( 'NONE',  ( 0.1250000000000009159, 0.7367727638395973333, 0.6749999999999999334 ) ) ;
#1746 = EDGE_CURVE ( 'NONE', #2679, #60, #5442, .T. ) ;
#1747 = DIRECTION ( 'NONE',  ( 0.000000000000000000, -0.000000000000000000, -1.000000000000000000 ) ) ;
#1748 = VECTOR ( 'NONE', #3402, 1000.000000000000000 ) ;
#1749 = ADVANCED_FACE ( 'NONE', ( #3099 ), #6823, .F. ) ;
#1750 = EDGE_CURVE ( 'NONE', #1257, #5244, #2982, .T. ) ;
#1751 = CARTESIAN_POINT ( 'NONE',  ( -0.3749999999999992228, 0.7367727638395973333, -1.149999999999999911 ) ) ;
#1752 = DIRECTION ( 'NONE',  ( 4.336808689942017736E-16, -0.000000000000000000, 1.000000000000000000 ) ) ;
#1753 = EDGE_LOOP ( 'NONE', ( #4832, #649, #5830, #910 ) ) ;
#1754 = VERTEX_POINT ( 'NONE', #6203 ) ;
#1755 = PLANE ( 'NONE',  #1563 ) ;
#1756 = LINE ( 'NONE', #2232, #6333 ) ;
#1757 = ORIENTED_EDGE ( 'NONE', *, *, #2406, .F. ) ;
#1758 = LINE ( 'NONE', #5559, #6587 ) ;
#1759 = EDGE_CURVE ( 'NONE', #2914, #3901, #853, .T. ) ;
#1760 = CARTESIAN_POINT ( 'NONE',  ( 0.6250000000000009992, 0.2000000000000000111, 0.6749999999999999334 ) ) ;
#1761 = DIRECTION ( 'NONE',  ( 0.000000000000000000, -1.000000000000000000, 0.000000000000000000 ) ) ;
#1762 = DIRECTION ( 'NONE',  ( 0.000000000000000000, -1.000000000000000000, 0.000000000000000000 ) ) ;
#1763 = VECTOR ( 'NONE', #5834, 1000.000000000000000 ) ;
#1764 = CARTESIAN_POINT ( 'NONE',  ( -0.1249999999999990286, 0.1999999999999999833, 0.6750000000000000444 ) ) ;
#1765 = VERTEX_POINT ( 'NONE', #4735 ) ;
#1766 = EDGE_CURVE ( 'NONE', #3558, #6585, #5464, .T. ) ;
#1767 = PLANE ( 'NONE',  #2220 ) ;
#1768 = VERTEX_POINT ( 'NONE', #1442 ) ;
#1769 = LINE ( 'NONE', #1062, #4347 ) ;
#1770 = ORIENTED_EDGE ( 'NONE', *, *, #5932, .T. ) ;
#1771 = CARTESIAN_POINT ( 'NONE',  ( 1.500000000000000000, 0.1299999999999998934, -1.250000000000000000 ) ) ;
#1772 = VECTOR ( 'NONE', #4392, 1000.000000000000000 ) ;
#1773 = DIRECTION ( 'NONE',  ( 1.000000000000000000, 0.000000000000000000, 0.000000000000000000 ) ) ;
#1774 = DIRECTION ( 'NONE',  ( -1.000000000000000000, 0.000000000000000000, -0.000000000000000000 ) ) ;
#1775 = UNCERTAINTY_MEASURE_WITH_UNIT (LENGTH_MEASURE( 1.000000000000000082E-05 ), #1423, 'distance_accuracy_value', 'NONE');
#1776 = LINE ( 'NONE', #3272, #1523 ) ;
#1777 = VERTEX_POINT ( 'NONE', #5645 ) ;
#1778 = ORIENTED_EDGE ( 'NONE', *, *, #5235, .T. ) ;
#1779 = AXIS2_PLACEMENT_3D ( 'NONE', #4112, #6820, #1036 ) ;
#1780 = LINE ( 'NONE', #968, #4187 ) ;
#1781 = EDGE_LOOP ( 'NONE', ( #6554, #6668, #6682, #3988 ) ) ;
#1782 = DIRECTION ( 'NONE',  ( -1.000000000000000000, 0.000000000000000000, -4.336808689942017736E-16 ) ) ;
#1783 = ADVANCED_FACE ( 'NONE', ( #3137 ), #1619, .F. ) ;
#1784 = DIRECTION ( 'NONE',  ( 0.000000000000000000, -1.000000000000000000, 0.000000000000000000 ) ) ;
#1785 = CARTESIAN_POINT ( 'NONE',  ( -0.9250000000000000444, 0.000000000000000000, 0.6250000000000001110 ) ) ;
#1786 = LINE ( 'NONE', #2105, #6615 ) ;
#1787 = DIRECTION ( 'NONE',  ( 1.000000000000000000, -0.000000000000000000, 0.000000000000000000 ) ) ;
#1788 = ORIENTED_EDGE ( 'NONE', *, *, #6619, .T. ) ;
#1789 = ORIENTED_EDGE ( 'NONE', *, *, #1008, .F. ) ;
#1790 = ADVANCED_FACE ( 'NONE', ( #717 ), #2527, .T. ) ;
#1791 = VECTOR ( 'NONE', #5216, 1000.000000000000000 ) ;
#1792 = EDGE_LOOP ( 'NONE', ( #700, #454, #1344, #6107 ) ) ;
#1793 = DIRECTION ( 'NONE',  ( 4.336808689942017736E-16, 0.000000000000000000, -1.000000000000000000 ) ) ;
#1794 = AXIS2_PLACEMENT_3D ( 'NONE', #1895, #2650, #5441 ) ;
#1795 = DIRECTION ( 'NONE',  ( -1.000000000000000000, 0.000000000000000000, -2.282530889443167515E-16 ) ) ;
#1796 = CARTESIAN_POINT ( 'NONE',  ( 0.3750000000000007772, 0.000000000000000000, -0.6749999999999998224 ) ) ;
#1797 = ADVANCED_FACE ( 'NONE', ( #5432 ), #10, .T. ) ;
#1798 = DIRECTION ( 'NONE',  ( 0.000000000000000000, 1.000000000000000000, 0.000000000000000000 ) ) ;
#1799 = VECTOR ( 'NONE', #5547, 1000.000000000000000 ) ;
#1800 = ORIENTED_EDGE ( 'NONE', *, *, #3706, .F. ) ;
#1801 = DIRECTION ( 'NONE',  ( -1.000000000000000000, -0.000000000000000000, -2.282530889443167515E-16 ) ) ;
#1802 = DIRECTION ( 'NONE',  ( -1.000000000000000000, 0.000000000000000000, 2.282530889443167515E-16 ) ) ;
#1803 = EDGE_LOOP ( 'NONE', ( #4525, #5648, #3494, #5483 ) ) ;
#1804 =( NAMED_UNIT ( * ) PLANE_ANGLE_UNIT ( ) SI_UNIT ( $, .RADIAN. ) );
#1805 = LINE ( 'NONE', #2276, #4173 ) ;
#1806 = EDGE_LOOP ( 'NONE', ( #1178, #192, #5524, #2653 ) ) ;
#1807 = ADVANCED_FACE ( 'NONE', ( #2998 ), #4467, .F. ) ;
#1808 = CARTESIAN_POINT ( 'NONE',  ( 0.9250000000000000444, 0.000000000000000000, 0.1250000000000001110 ) ) ;
#1809 =( LENGTH_UNIT ( ) NAMED_UNIT ( * ) SI_UNIT ( .MILLI., .METRE. ) );
#1810 =( GEOMETRIC_REPRESENTATION_CONTEXT ( 3 ) GLOBAL_UNCERTAINTY_ASSIGNED_CONTEXT ( ( #4258 ) ) GLOBAL_UNIT_ASSIGNED_CONTEXT ( ( #292, #1939, #770 ) ) REPRESENTATION_CONTEXT ( 'NONE', 'WORKASPACE' ) );
#1811 = CARTESIAN_POINT ( 'NONE',  ( 0.9250000000000001554, 0.7367727638395971113, -0.1249999999999998890 ) ) ;
#1812 = AXIS2_PLACEMENT_3D ( 'NONE', #3720, #2671, #5793 ) ;
#1813 = LINE ( 'NONE', #2007, #4344 ) ;
#1814 = CARTESIAN_POINT ( 'NONE',  ( 0.9250000000000001554, 0.000000000000000000, 0.8750000000000001110 ) ) ;
#1815 = EDGE_LOOP ( 'NONE', ( #2427, #3044, #4508, #6206 ) ) ;
#1816 = DIRECTION ( 'NONE',  ( 0.000000000000000000, 1.000000000000000000, 0.000000000000000000 ) ) ;
#1817 = DIRECTION ( 'NONE',  ( -2.282530889443168501E-16, 0.000000000000000000, -1.000000000000000000 ) ) ;
#1818 = ORIENTED_EDGE ( 'NONE', *, *, #1826, .T. ) ;
#1819 = LINE ( 'NONE', #1900, #6465 ) ;
#1820 = ORIENTED_EDGE ( 'NONE', *, *, #5043, .F. ) ;
#1821 = EDGE_CURVE ( 'NONE', #1330, #3452, #5452, .T. ) ;
#1822 = PLANE ( 'NONE',  #5711 ) ;
#1823 = MECHANICAL_DESIGN_GEOMETRIC_PRESENTATION_REPRESENTATION (  '', ( #3145 ), #4736 ) ;
#1824 = AXIS2_PLACEMENT_3D ( 'NONE', #2910, #4549, #6149 ) ;
#1825 = SURFACE_STYLE_FILL_AREA ( #4662 ) ;
#1826 = EDGE_CURVE ( 'NONE', #1556, #113, #766, .T. ) ;
#1827 = VERTEX_POINT ( 'NONE', #2340 ) ;
#1828 = VERTEX_POINT ( 'NONE', #1796 ) ;
#1829 = VECTOR ( 'NONE', #4137, 1000.000000000000000 ) ;
#1830 = VERTEX_POINT ( 'NONE', #3946 ) ;
#1831 = CARTESIAN_POINT ( 'NONE',  ( -0.6249999999999992228, 0.2000000000000000111, -0.6749999999999998224 ) ) ;
#1832 = FILL_AREA_STYLE ('',( #4555 ) ) ;
#1833 = VECTOR ( 'NONE', #286, 1000.000000000000000 ) ;
#1834 = EDGE_CURVE ( 'NONE', #5279, #5789, #3052, .T. ) ;
#1835 = CARTESIAN_POINT ( 'NONE',  ( 0.6250000000000009992, 0.7367727638395973333, 0.6749999999999999334 ) ) ;
#1836 = ORIENTED_EDGE ( 'NONE', *, *, #2907, .T. ) ;
#1837 = EDGE_CURVE ( 'NONE', #499, #4620, #3168, .T. ) ;
#1838 = ORIENTED_EDGE ( 'NONE', *, *, #5593, .T. ) ;
#1839 = COLOUR_RGB ( '',0.7921568627450980005, 0.8196078431372548767, 0.9333333333333333481 ) ;
#1840 = EDGE_LOOP ( 'NONE', ( #5585, #6128, #233, #2466 ) ) ;
#1841 = PLANE ( 'NONE',  #6796 ) ;
#1842 = CARTESIAN_POINT ( 'NONE',  ( -0.9250000000000001554, 0.1999999999999999833, -0.1249999999999998890 ) ) ;
#1843 = SURFACE_STYLE_USAGE ( .BOTH. , #1314 ) ;
#1844 = EDGE_CURVE ( 'NONE', #4515, #928, #3062, .T. ) ;
#1845 = PLANE ( 'NONE',  #3716 ) ;
#1846 = CARTESIAN_POINT ( 'NONE',  ( 1.399999999999999911, 0.1999999999999999833, -0.1249999999999997918 ) ) ;
#1847 = VECTOR ( 'NONE', #3615, 1000.000000000000000 ) ;
#1848 = VERTEX_POINT ( 'NONE', #2981 ) ;
#1849 = PLANE ( 'NONE',  #3404 ) ;
#1850 = PLANE ( 'NONE',  #6652 ) ;
#1851 = ORIENTED_EDGE ( 'NONE', *, *, #3532, .F. ) ;
#1852 = DIRECTION ( 'NONE',  ( -4.336808689942017736E-16, 0.000000000000000000, -1.000000000000000000 ) ) ;
#1853 = FACE_OUTER_BOUND ( 'NONE', #5978, .T. ) ;
#1854 = VERTEX_POINT ( 'NONE', #4748 ) ;
#1855 = DIRECTION ( 'NONE',  ( 1.000000000000000000, 0.000000000000000000, -4.336808689942017736E-16 ) ) ;
#1856 = EDGE_CURVE ( 'NONE', #5165, #3572, #5486, .T. ) ;
#1857 = CARTESIAN_POINT ( 'NONE',  ( -0.1249999999999990286, 0.000000000000000000, 0.6750000000000000444 ) ) ;
#1858 = ADVANCED_FACE ( 'NONE', ( #791 ), #6487, .F. ) ;
#1859 = VECTOR ( 'NONE', #1068, 1000.000000000000000 ) ;
#1860 = CARTESIAN_POINT ( 'NONE',  ( 0.9250000000000000444, 0.1300000000000000044, 0.6250000000000001110 ) ) ;
#1861 = EDGE_LOOP ( 'NONE', ( #6020, #1588, #1404, #2363 ) ) ;
#1862 = CARTESIAN_POINT ( 'NONE',  ( 0.1250000000000007494, 0.2000000000000000111, -1.149999999999999911 ) ) ;
#1863 = CARTESIAN_POINT ( 'NONE',  ( 0.1250000000000009159, 0.2000000000000000111, 0.6749999999999999334 ) ) ;
#1864 = DIRECTION ( 'NONE',  ( -1.000000000000000000, -0.000000000000000000, -2.282530889443167515E-16 ) ) ;
#1865 = ORIENTED_EDGE ( 'NONE', *, *, #6159, .F. ) ;
#1866 = LINE ( 'NONE', #4534, #6439 ) ;
#1867 = EDGE_LOOP ( 'NONE', ( #3309, #375, #3762, #4943 ) ) ;
#1868 = DIRECTION ( 'NONE',  ( 1.000000000000000000, 0.000000000000000000, -2.282530889443168501E-16 ) ) ;
#1869 = DIRECTION ( 'NONE',  ( 0.000000000000000000, -1.000000000000000000, 0.000000000000000000 ) ) ;
#1870 =( GEOMETRIC_REPRESENTATION_CONTEXT ( 3 ) GLOBAL_UNCERTAINTY_ASSIGNED_CONTEXT ( ( #501 ) ) GLOBAL_UNIT_ASSIGNED_CONTEXT ( ( #3543, #2127, #2589 ) ) REPRESENTATION_CONTEXT ( 'NONE', 'WORKASPACE' ) );
#1871 = AXIS2_PLACEMENT_3D ( 'NONE', #1439, #3161, #6377 ) ;
#1872 = VERTEX_POINT ( 'NONE', #6350 ) ;
#1873 = CARTESIAN_POINT ( 'NONE',  ( -1.399999999999999911, 0.1999999999999999833, 0.8750000000000002220 ) ) ;
#1874 = EDGE_LOOP ( 'NONE', ( #6232, #1653, #1586, #3713 ) ) ;
#1875 = DIRECTION ( 'NONE',  ( 1.000000000000000000, -0.000000000000000000, -4.336808689942017736E-16 ) ) ;
#1876 = VECTOR ( 'NONE', #923, 1000.000000000000000 ) ;
#1877 = VERTEX_POINT ( 'NONE', #1500 ) ;
#1878 = FACE_OUTER_BOUND ( 'NONE', #784, .T. ) ;
#1879 = CARTESIAN_POINT ( 'NONE',  ( -0.9250000000000001554, 0.1300000000000000044, 0.3750000000000001110 ) ) ;
#1880 = CARTESIAN_POINT ( 'NONE',  ( -1.499999999999999778, 0.1299999999999998934, 1.250000000000000000 ) ) ;
#1881 = FACE_OUTER_BOUND ( 'NONE', #6560, .T. ) ;
#1882 = DIRECTION ( 'NONE',  ( 1.000000000000000000, 0.000000000000000000, -4.336808689942019215E-16 ) ) ;
#1883 = EDGE_LOOP ( 'NONE', ( #5658, #6140, #27, #4588, #6042 ) ) ;
#1884 = ORIENTED_EDGE ( 'NONE', *, *, #5002, .F. ) ;
#1885 = VECTOR ( 'NONE', #3141, 1000.000000000000000 ) ;
#1886 = ORIENTED_EDGE ( 'NONE', *, *, #5770, .T. ) ;
#1887 = CARTESIAN_POINT ( 'NONE',  ( 0.9250000000000001554, 0.7367727638395971113, -0.6249999999999998890 ) ) ;
#1888 = PLANE ( 'NONE',  #709 ) ;
#1889 = EDGE_LOOP ( 'NONE', ( #3448, #5940, #3559, #2708 ) ) ;
#1890 = CARTESIAN_POINT ( 'NONE',  ( -0.1249999999999990286, 0.2000000000000000111, 0.6750000000000000444 ) ) ;
#1891 = FACE_OUTER_BOUND ( 'NONE', #5751, .T. ) ;
#1892 = EDGE_CURVE ( 'NONE', #4375, #6586, #3110, .T. ) ;
#1893 = ORIENTED_EDGE ( 'NONE', *, *, #890, .F. ) ;
#1894 = CARTESIAN_POINT ( 'NONE',  ( 0.9250000000000000444, 0.000000000000000000, -0.3749999999999998890 ) ) ;
#1895 = CARTESIAN_POINT ( 'NONE',  ( 0.000000000000000000, 0.2000000000000000111, 0.000000000000000000 ) ) ;
#1896 = EDGE_LOOP ( 'NONE', ( #422, #5263, #4995, #2816 ) ) ;
#1897 = LINE ( 'NONE', #660, #4210 ) ;
#1898 = AXIS2_PLACEMENT_3D ( 'NONE', #948, #1526, #1882 ) ;
#1899 = ORIENTED_EDGE ( 'NONE', *, *, #4913, .F. ) ;
#1900 = CARTESIAN_POINT ( 'NONE',  ( -0.9250000000000001554, 0.000000000000000000, -0.6249999999999998890 ) ) ;
#1901 = ORIENTED_EDGE ( 'NONE', *, *, #3326, .T. ) ;
#1902 = LINE ( 'NONE', #2712, #1748 ) ;
#1903 = CARTESIAN_POINT ( 'NONE',  ( -0.1249999999999992506, 0.000000000000000000, -1.149999999999999689 ) ) ;
#1904 = LINE ( 'NONE', #6108, #4264 ) ;
#1905 = DIRECTION ( 'NONE',  ( 0.000000000000000000, 0.000000000000000000, 1.000000000000000000 ) ) ;
#1906 = ORIENTED_EDGE ( 'NONE', *, *, #2776, .F. ) ;
#1907 = EDGE_CURVE ( 'NONE', #5244, #6405, #911, .T. ) ;
#1908 = DIRECTION ( 'NONE',  ( -1.000000000000000000, 0.000000000000000000, 2.282530889443167515E-16 ) ) ;
#1909 = CARTESIAN_POINT ( 'NONE',  ( -1.399999999999999911, 0.1300000000000000044, -0.6249999999999997780 ) ) ;
#1910 = MANIFOLD_SOLID_BREP ( 'Chamfer3', #4283 ) ;
#1911 = CARTESIAN_POINT ( 'NONE',  ( -0.9250000000000001554, 0.000000000000000000, -0.1249999999999998890 ) ) ;
#1912 = VERTEX_POINT ( 'NONE', #4704 ) ;
#1913 = CARTESIAN_POINT ( 'NONE',  ( -0.9250000000000001554, 0.7367727638395971113, -0.6249999999999998890 ) ) ;
#1914 = LINE ( 'NONE', #1114, #6512 ) ;
#1915 = VERTEX_POINT ( 'NONE', #3742 ) ;
#1916 = AXIS2_PLACEMENT_3D ( 'NONE', #6828, #4216, #5157 ) ;
#1917 = EDGE_CURVE ( 'NONE', #1157, #413, #5508, .T. ) ;
#1918 = AXIS2_PLACEMENT_3D ( 'NONE', #6453, #6060, #3980 ) ;
#1919 = PLANE ( 'NONE',  #6219 ) ;
#1920 = PLANE ( 'NONE',  #6058 ) ;
#1921 = EDGE_CURVE ( 'NONE', #3897, #829, #1138, .T. ) ;
#1922 = DIRECTION ( 'NONE',  ( 0.000000000000000000, -0.000000000000000000, -1.000000000000000000 ) ) ;
#1923 = EDGE_LOOP ( 'NONE', ( #4159, #4393, #3264, #3129 ) ) ;
#1924 = CARTESIAN_POINT ( 'NONE',  ( 0.3750000000000007772, 0.000000000000000000, -0.6749999999999998224 ) ) ;
#1925 = LINE ( 'NONE', #5835, #4229 ) ;
#1926 = LINE ( 'NONE', #5012, #1799 ) ;
#1927 = EDGE_LOOP ( 'NONE', ( #5875, #4658, #2442, #129 ) ) ;
#1928 = CARTESIAN_POINT ( 'NONE',  ( 1.399999999999999911, 0.1300000000000000044, 0.3750000000000002220 ) ) ;
#1929 = EDGE_LOOP ( 'NONE', ( #6098, #2581, #4692, #6848 ) ) ;
#1930 = CARTESIAN_POINT ( 'NONE',  ( -0.3749999999999992228, 0.2000000000000000111, -0.6749999999999999334 ) ) ;
#1931 = FACE_OUTER_BOUND ( 'NONE', #1618, .T. ) ;
#1932 = ORIENTED_EDGE ( 'NONE', *, *, #6071, .F. ) ;
#1933 = EDGE_CURVE ( 'NONE', #6388, #5995, #5760, .T. ) ;
#1934 = ADVANCED_FACE ( 'NONE', ( #1116 ), #4226, .F. ) ;
#1935 = EDGE_LOOP ( 'NONE', ( #3743, #5809, #3778, #2720 ) ) ;
#1936 = VECTOR ( 'NONE', #6463, 1000.000000000000000 ) ;
#1937 = EDGE_CURVE ( 'NONE', #1117, #3541, #5577, .T. ) ;
#1938 = CARTESIAN_POINT ( 'NONE',  ( -0.9250000000000001554, 0.1999999999999999833, -0.1249999999999998890 ) ) ;
#1939 =( NAMED_UNIT ( * ) PLANE_ANGLE_UNIT ( ) SI_UNIT ( $, .RADIAN. ) );
#1940 = CARTESIAN_POINT ( 'NONE',  ( 0.9250000000000001554, 0.1999999999999999833, 0.3750000000000001110 ) ) ;
#1941 = EDGE_CURVE ( 'NONE', #1393, #3771, #1126, .T. ) ;
#1942 = EDGE_LOOP ( 'NONE', ( #1692, #4822, #2517, #6257 ) ) ;
#1943 = VECTOR ( 'NONE', #4418, 1000.000000000000000 ) ;
#1944 = VERTEX_POINT ( 'NONE', #706 ) ;
#1945 = DIRECTION ( 'NONE',  ( -0.000000000000000000, -1.000000000000000000, -0.000000000000000000 ) ) ;
#1946 = CARTESIAN_POINT ( 'NONE',  ( -0.1249999999999992506, 0.2000000000000000111, -1.149999999999999689 ) ) ;
#1947 = CARTESIAN_POINT ( 'NONE',  ( -0.1249999999999992506, 0.2000000000000000111, -0.6749999999999998224 ) ) ;
#1948 = VERTEX_POINT ( 'NONE', #961 ) ;
#1949 = VECTOR ( 'NONE', #6364, 1000.000000000000000 ) ;
#1950 = DIRECTION ( 'NONE',  ( 1.000000000000000000, 0.000000000000000000, -8.673617379884035472E-16 ) ) ;
#1951 = CARTESIAN_POINT ( 'NONE',  ( 1.399999999999999911, 0.1999999999999999833, 0.1250000000000002220 ) ) ;
#1952 = PLANE ( 'NONE',  #102 ) ;
#1953 = ADVANCED_FACE ( 'NONE', ( #5494 ), #21, .T. ) ;
#1954 = VERTEX_POINT ( 'NONE', #3178 ) ;
#1955 = DIRECTION ( 'NONE',  ( 0.000000000000000000, -1.000000000000000000, 0.000000000000000000 ) ) ;
#1956 = EDGE_CURVE ( 'NONE', #2179, #1877, #3441, .T. ) ;
#1957 = VECTOR ( 'NONE', #1506, 1000.000000000000000 ) ;
#1958 = ORIENTED_EDGE ( 'NONE', *, *, #1407, .F. ) ;
#1959 = CARTESIAN_POINT ( 'NONE',  ( -1.399999999999999911, 0.000000000000000000, -0.3749999999999997780 ) ) ;
#1960 = ORIENTED_EDGE ( 'NONE', *, *, #5848, .T. ) ;
#1961 = VECTOR ( 'NONE', #976, 1000.000000000000000 ) ;
#1962 = DIRECTION ( 'NONE',  ( -0.000000000000000000, 1.000000000000000000, -0.000000000000000000 ) ) ;
#1963 = EDGE_LOOP ( 'NONE', ( #1455, #442, #1379, #793 ) ) ;
#1964 = DIRECTION ( 'NONE',  ( 2.282530889443168008E-16, 0.000000000000000000, -1.000000000000000000 ) ) ;
#1965 = LINE ( 'NONE', #3758, #4158 ) ;
#1966 = CARTESIAN_POINT ( 'NONE',  ( -0.9250000000000001554, 0.1999999999999999833, 0.8750000000000001110 ) ) ;
#1967 = PLANE ( 'NONE',  #2496 ) ;
#1968 = EDGE_CURVE ( 'NONE', #99, #4328, #3254, .T. ) ;
#1969 = DIRECTION ( 'NONE',  ( 0.000000000000000000, -0.000000000000000000, 1.000000000000000000 ) ) ;
#1970 = EDGE_LOOP ( 'NONE', ( #2244, #2576, #96, #3453 ) ) ;
#1971 = LINE ( 'NONE', #368, #6595 ) ;
#1972 = STYLED_ITEM ( 'NONE', ( #4140 ), #2968 ) ;
#1973 = ORIENTED_EDGE ( 'NONE', *, *, #4413, .F. ) ;
#1974 = DIRECTION ( 'NONE',  ( 0.000000000000000000, -1.000000000000000000, 0.000000000000000000 ) ) ;
#1975 = VERTEX_POINT ( 'NONE', #4272 ) ;
#1976 = CARTESIAN_POINT ( 'NONE',  ( -0.9250000000000001554, 0.1999999999999999833, 0.3750000000000001110 ) ) ;
#1977 = LINE ( 'NONE', #1535, #1703 ) ;
#1978 = ORIENTED_EDGE ( 'NONE', *, *, #4674, .T. ) ;
#1979 = LINE ( 'NONE', #6794, #4218 ) ;
#1980 = CARTESIAN_POINT ( 'NONE',  ( 0.6250000000000009992, 0.2000000000000000111, 0.6749999999999999334 ) ) ;
#1981 = AXIS2_PLACEMENT_3D ( 'NONE', #3650, #4317, #4869 ) ;
#1982 = EDGE_LOOP ( 'NONE', ( #332, #196, #4862, #3521 ) ) ;
#1983 = EDGE_CURVE ( 'NONE', #1059, #2846, #1017, .T. ) ;
#1984 = DIRECTION ( 'NONE',  ( -1.000000000000000000, 0.000000000000000000, 2.282530889443168008E-16 ) ) ;
#1985 = CARTESIAN_POINT ( 'NONE',  ( -0.9250000000000001554, 0.7367727638395971113, -0.1249999999999998890 ) ) ;
#1986 = ORIENTED_EDGE ( 'NONE', *, *, #3068, .F. ) ;
#1987 = VERTEX_POINT ( 'NONE', #6791 ) ;
#1988 = LINE ( 'NONE', #3580, #1961 ) ;
#1989 = ORIENTED_EDGE ( 'NONE', *, *, #2988, .F. ) ;
#1990 = CARTESIAN_POINT ( 'NONE',  ( -0.3749999999999992228, 0.2000000000000000111, -0.6749999999999999334 ) ) ;
#1991 = VECTOR ( 'NONE', #1256, 1000.000000000000000 ) ;
#1992 = DIRECTION ( 'NONE',  ( -1.000000000000000000, 0.000000000000000000, -2.282530889443168008E-16 ) ) ;
#1993 = VERTEX_POINT ( 'NONE', #2564 ) ;
#1994 = FACE_OUTER_BOUND ( 'NONE', #5324, .T. ) ;
#1995 = ORIENTED_EDGE ( 'NONE', *, *, #2416, .F. ) ;
#1996 = CARTESIAN_POINT ( 'NONE',  ( 0.9250000000000000444, 0.000000000000000000, 0.1250000000000001110 ) ) ;
#1997 = EDGE_CURVE ( 'NONE', #1174, #1828, #946, .T. ) ;
#1998 = CARTESIAN_POINT ( 'NONE',  ( 0.9250000000000001554, 0.7367727638395971113, 0.8750000000000001110 ) ) ;
#1999 = EDGE_CURVE ( 'NONE', #2854, #2722, #993, .T. ) ;
#2000 = ADVANCED_FACE ( 'NONE', ( #1077 ), #4963, .T. ) ;
#2001 = VERTEX_POINT ( 'NONE', #4507 ) ;
#2002 = VERTEX_POINT ( 'NONE', #317 ) ;
#2003 = DIRECTION ( 'NONE',  ( 2.282530889443168008E-16, 0.000000000000000000, -1.000000000000000000 ) ) ;
#2004 = AXIS2_PLACEMENT_3D ( 'NONE', #4694, #335, #4212 ) ;
#2005 = FACE_OUTER_BOUND ( 'NONE', #4585, .T. ) ;
#2006 = DIRECTION ( 'NONE',  ( 1.000000000000000000, 0.000000000000000000, 2.282530889443168008E-16 ) ) ;
#2007 = CARTESIAN_POINT ( 'NONE',  ( -0.3749999999999991118, 0.1300000000000000044, 0.6749999999999999334 ) ) ;
#2008 = VERTEX_POINT ( 'NONE', #4059 ) ;
#2009 = CARTESIAN_POINT ( 'NONE',  ( -0.9250000000000001554, 0.7367727638395971113, 0.3750000000000001110 ) ) ;
#2010 = LINE ( 'NONE', #2544, #4324 ) ;
#2011 = ORIENTED_EDGE ( 'NONE', *, *, #3832, .T. ) ;
#2012 = EDGE_CURVE ( 'NONE', #6592, #6405, #3232, .T. ) ;
#2013 = ORIENTED_EDGE ( 'NONE', *, *, #2929, .T. ) ;
#2014 = VECTOR ( 'NONE', #3455, 1000.000000000000000 ) ;
#2015 = CARTESIAN_POINT ( 'NONE',  ( -0.1249999999999992922, 0.1999999999999999833, -1.149999999999999689 ) ) ;
#2016 = ORIENTED_EDGE ( 'NONE', *, *, #4790, .T. ) ;
#2017 = VECTOR ( 'NONE', #3884, 1000.000000000000000 ) ;
#2018 = EDGE_CURVE ( 'NONE', #3606, #3196, #3262, .T. ) ;
#2019 = CARTESIAN_POINT ( 'NONE',  ( 0.1250000000000007494, 0.1999999999999999833, -0.6749999999999999334 ) ) ;
#2020 = PLANE ( 'NONE',  #1072 ) ;
#2021 = EDGE_CURVE ( 'NONE', #4124, #5209, #5555, .T. ) ;
#2022 = DIRECTION ( 'NONE',  ( 1.000000000000000000, 0.000000000000000000, -2.282530889443167515E-16 ) ) ;
#2023 = VERTEX_POINT ( 'NONE', #851 ) ;
#2024 = FACE_OUTER_BOUND ( 'NONE', #6185, .T. ) ;
#2025 = ORIENTED_EDGE ( 'NONE', *, *, #6329, .F. ) ;
#2026 = VERTEX_POINT ( 'NONE', #6053 ) ;
#2027 = LINE ( 'NONE', #4700, #4505 ) ;
#2028 = ORIENTED_EDGE ( 'NONE', *, *, #2338, .T. ) ;
#2029 = VECTOR ( 'NONE', #5591, 1000.000000000000000 ) ;
#2030 = ADVANCED_FACE ( 'NONE', ( #1090 ), #759, .F. ) ;
#2031 = EDGE_CURVE ( 'NONE', #425, #1417, #5544, .T. ) ;
#2032 = DIRECTION ( 'NONE',  ( -0.000000000000000000, -1.000000000000000000, -0.000000000000000000 ) ) ;
#2033 = VERTEX_POINT ( 'NONE', #1294 ) ;
#2034 = FACE_OUTER_BOUND ( 'NONE', #5623, .T. ) ;
#2035 = PLANE ( 'NONE',  #4612 ) ;
#2036 = ORIENTED_EDGE ( 'NONE', *, *, #6438, .F. ) ;
#2037 = ADVANCED_FACE ( 'NONE', ( #5533 ), #3972, .T. ) ;
#2038 = ORIENTED_EDGE ( 'NONE', *, *, #1558, .F. ) ;
#2039 = EDGE_CURVE ( 'NONE', #3335, #1435, #5716, .T. ) ;
#2040 = FACE_OUTER_BOUND ( 'NONE', #2402, .T. ) ;
#2041 = VERTEX_POINT ( 'NONE', #2407 ) ;
#2042 = CARTESIAN_POINT ( 'NONE',  ( -0.9250000000000001554, 0.1300000000000000044, 0.8750000000000001110 ) ) ;
#2043 = LINE ( 'NONE', #6591, #2029 ) ;
#2044 = DIRECTION ( 'NONE',  ( 1.000000000000000000, -0.000000000000000000, 2.282530889443168008E-16 ) ) ;
#2045 = VERTEX_POINT ( 'NONE', #2902 ) ;
#2046 = ORIENTED_EDGE ( 'NONE', *, *, #4576, .F. ) ;
#2047 = PLANE ( 'NONE',  #31 ) ;
#2048 = CARTESIAN_POINT ( 'NONE',  ( 0.9250000000000001554, 0.7367727638395971113, 0.8750000000000001110 ) ) ;
#2049 = FILL_AREA_STYLE_COLOUR ( '', #1722 ) ;
#2050 = VECTOR ( 'NONE', #5299, 1000.000000000000000 ) ;
#2051 = ORIENTED_EDGE ( 'NONE', *, *, #4732, .F. ) ;
#2052 = CARTESIAN_POINT ( 'NONE',  ( 0.9250000000000001554, 0.1999999999999999833, 0.8750000000000001110 ) ) ;
#2053 = AXIS2_PLACEMENT_3D ( 'NONE', #699, #1239, #16 ) ;
#2054 = EDGE_CURVE ( 'NONE', #2431, #5566, #5735, .T. ) ;
#2055 = LINE ( 'NONE', #6400, #6737 ) ;
#2056 = CARTESIAN_POINT ( 'NONE',  ( 0.9250000000000001554, 0.1999999999999999833, 0.8750000000000001110 ) ) ;
#2057 = DIRECTION ( 'NONE',  ( 0.000000000000000000, 0.000000000000000000, -1.000000000000000000 ) ) ;
#2058 = PLANE ( 'NONE',  #985 ) ;
#2059 = EDGE_LOOP ( 'NONE', ( #6420, #3822, #1428, #3950 ) ) ;
#2060 = LINE ( 'NONE', #3684, #4357 ) ;
#2061 = ORIENTED_EDGE ( 'NONE', *, *, #4176, .F. ) ;
#2062 = CARTESIAN_POINT ( 'NONE',  ( 1.399999999999999911, 0.7367727638395971113, -0.1249999999999997918 ) ) ;
#2063 = LINE ( 'NONE', #885, #2084 ) ;
#2064 = CARTESIAN_POINT ( 'NONE',  ( -0.1249999999999990286, 0.2000000000000000111, 0.6750000000000000444 ) ) ;
#2065 = ORIENTED_EDGE ( 'NONE', *, *, #3238, .T. ) ;
#2066 = FACE_BOUND ( 'NONE', #3563, .T. ) ;
#2067 = CARTESIAN_POINT ( 'NONE',  ( -0.9250000000000000444, 0.000000000000000000, 0.6250000000000001110 ) ) ;
#2068 = CARTESIAN_POINT ( 'NONE',  ( 1.399999999999999911, 0.000000000000000000, 0.3750000000000002220 ) ) ;
#2069 = DIRECTION ( 'NONE',  ( 1.000000000000000000, -0.000000000000000000, 0.000000000000000000 ) ) ;
#2070 = EDGE_LOOP ( 'NONE', ( #3999, #5635, #6177, #3610 ) ) ;
#2071 = LINE ( 'NONE', #1437, #2151 ) ;
#2072 = ORIENTED_EDGE ( 'NONE', *, *, #1933, .F. ) ;
#2073 = CARTESIAN_POINT ( 'NONE',  ( -0.6249999999999990008, 0.2000000000000000111, 0.6750000000000000444 ) ) ;
#2074 = LINE ( 'NONE', #2813, #4532 ) ;
#2075 = ORIENTED_EDGE ( 'NONE', *, *, #522, .F. ) ;
#2076 = CARTESIAN_POINT ( 'NONE',  ( 0.9250000000000000444, 0.1300000000000000044, 0.1250000000000001110 ) ) ;
#2077 = EDGE_CURVE ( 'NONE', #2045, #2839, #3454, .T. ) ;
#2078 = FILL_AREA_STYLE ('',( #1522 ) ) ;
#2079 = EDGE_LOOP ( 'NONE', ( #6417, #2931, #6390, #1467 ) ) ;
#2080 = CARTESIAN_POINT ( 'NONE',  ( -0.1249999999999992506, 0.2000000000000000111, -0.6749999999999998224 ) ) ;
#2081 = VECTOR ( 'NONE', #4434, 1000.000000000000000 ) ;
#2082 = PLANE ( 'NONE',  #2755 ) ;
#2083 = ORIENTED_EDGE ( 'NONE', *, *, #6319, .F. ) ;
#2084 = VECTOR ( 'NONE', #5534, 1000.000000000000000 ) ;
#2085 = ORIENTED_EDGE ( 'NONE', *, *, #2213, .F. ) ;
#2086 = DIRECTION ( 'NONE',  ( -1.000000000000000000, 0.000000000000000000, -4.336808689942017736E-16 ) ) ;
#2087 = LINE ( 'NONE', #5310, #2246 ) ;
#2088 = CARTESIAN_POINT ( 'NONE',  ( 1.399999999999999911, 0.7367727638395971113, -0.6249999999999997780 ) ) ;
#2089 = ADVANCED_FACE ( 'NONE', ( #3467 ), #1849, .T. ) ;
#2090 = EDGE_CURVE ( 'NONE', #4228, #514, #982, .T. ) ;
#2091 = ORIENTED_EDGE ( 'NONE', *, *, #6300, .T. ) ;
#2092 = LINE ( 'NONE', #4936, #4489 ) ;
#2093 = ORIENTED_EDGE ( 'NONE', *, *, #6247, .F. ) ;
#2094 = CARTESIAN_POINT ( 'NONE',  ( 0.9250000000000001554, 0.7367727638395971113, 0.8750000000000001110 ) ) ;
#2095 = PRESENTATION_LAYER_ASSIGNMENT (  '', '', ( #1562 ) ) ;
#2096 = DIRECTION ( 'NONE',  ( -1.000000000000000000, 0.000000000000000000, 8.673617379884035472E-16 ) ) ;
#2097 = AXIS2_PLACEMENT_3D ( 'NONE', #4190, #2939, #3579 ) ;
#2098 = ADVANCED_FACE ( 'NONE', ( #3277 ), #5472, .T. ) ;
#2099 = LINE ( 'NONE', #6093, #2197 ) ;
#2100 = ORIENTED_EDGE ( 'NONE', *, *, #5002, .T. ) ;
#2101 = DIRECTION ( 'NONE',  ( 0.000000000000000000, -1.000000000000000000, 0.000000000000000000 ) ) ;
#2102 = VECTOR ( 'NONE', #4752, 1000.000000000000000 ) ;
#2103 = DIRECTION ( 'NONE',  ( 1.000000000000000000, 0.000000000000000000, -2.282530889443168008E-16 ) ) ;
#2104 = DIRECTION ( 'NONE',  ( 2.282530889443168008E-16, 0.000000000000000000, -1.000000000000000000 ) ) ;
#2105 = CARTESIAN_POINT ( 'NONE',  ( -0.6249999999999990008, 0.1300000000000000044, 0.6750000000000000444 ) ) ;
#2106 = ORIENTED_EDGE ( 'NONE', *, *, #5622, .T. ) ;
#2107 = CARTESIAN_POINT ( 'NONE',  ( 0.6250000000000009992, 0.000000000000000000, 0.6749999999999999334 ) ) ;
#2108 = LINE ( 'NONE', #6727, #4282 ) ;
#2109 = ORIENTED_EDGE ( 'NONE', *, *, #4913, .T. ) ;
#2110 = EDGE_CURVE ( 'NONE', #4620, #684, #3244, .T. ) ;
#2111 = DIRECTION ( 'NONE',  ( 1.000000000000000000, 0.000000000000000000, -4.336808689942017736E-16 ) ) ;
#2112 = FACE_OUTER_BOUND ( 'NONE', #2599, .T. ) ;
#2113 = EDGE_CURVE ( 'NONE', #6544, #2118, #3311, .T. ) ;
#2114 = CARTESIAN_POINT ( 'NONE',  ( -0.07500000000000633937, 0.000000000000000000, 0.07500000000000536793 ) ) ;
#2115 = ORIENTED_EDGE ( 'NONE', *, *, #3211, .F. ) ;
#2116 = VECTOR ( 'NONE', #5092, 1000.000000000000000 ) ;
#2117 = DIRECTION ( 'NONE',  ( 0.000000000000000000, -1.000000000000000000, 0.000000000000000000 ) ) ;
#2118 = VERTEX_POINT ( 'NONE', #6036 ) ;
#2119 = LINE ( 'NONE', #5281, #6666 ) ;
#2120 = EDGE_LOOP ( 'NONE', ( #6309, #4970, #6210, #2585 ) ) ;
#2121 = EDGE_CURVE ( 'NONE', #535, #1912, #1029, .T. ) ;
#2122 = DIRECTION ( 'NONE',  ( -2.282530889443167022E-16, 0.000000000000000000, -1.000000000000000000 ) ) ;
#2123 = VECTOR ( 'NONE', #5602, 1000.000000000000000 ) ;
#2124 = ORIENTED_EDGE ( 'NONE', *, *, #1750, .F. ) ;
#2125 = PLANE ( 'NONE',  #2372 ) ;
#2126 = FACE_BOUND ( 'NONE', #4901, .T. ) ;
#2127 =( NAMED_UNIT ( * ) PLANE_ANGLE_UNIT ( ) SI_UNIT ( $, .RADIAN. ) );
#2128 = MANIFOLD_SOLID_BREP ( 'LPattern4[6]', #1659 ) ;
#2129 = VERTEX_POINT ( 'NONE', #303 ) ;
#2130 = EDGE_CURVE ( 'NONE', #4086, #2431, #1371, .T. ) ;
#2131 = FACE_OUTER_BOUND ( 'NONE', #3575, .T. ) ;
#2132 = DIRECTION ( 'NONE',  ( -0.000000000000000000, -0.000000000000000000, 1.000000000000000000 ) ) ;
#2133 = VECTOR ( 'NONE', #1582, 1000.000000000000000 ) ;
#2134 = ORIENTED_EDGE ( 'NONE', *, *, #4335, .T. ) ;
#2135 = DIRECTION ( 'NONE',  ( 0.000000000000000000, -0.000000000000000000, 1.000000000000000000 ) ) ;
#2136 = LINE ( 'NONE', #3827, #6640 ) ;
#2137 = LINE ( 'NONE', #5379, #2081 ) ;
#2138 = DIRECTION ( 'NONE',  ( -1.000000000000000000, 0.000000000000000000, 8.673617379884035472E-16 ) ) ;
#2139 = AXIS2_PLACEMENT_3D ( 'NONE', #333, #3498, #6594 ) ;
#2140 = CARTESIAN_POINT ( 'NONE',  ( -0.9250000000000000444, 0.000000000000000000, -0.3749999999999998890 ) ) ;
#2141 = CARTESIAN_POINT ( 'NONE',  ( 0.1250000000000007494, 0.000000000000000000, -0.6749999999999999334 ) ) ;
#2142 = LINE ( 'NONE', #4123, #4414 ) ;
#2143 = DIRECTION ( 'NONE',  ( 1.000000000000000000, 0.000000000000000000, -2.282530889443168501E-16 ) ) ;
#2144 = ORIENTED_EDGE ( 'NONE', *, *, #5406, .T. ) ;
#2145 = CARTESIAN_POINT ( 'NONE',  ( 0.9250000000000001554, 0.7367727638395971113, 0.8750000000000001110 ) ) ;
#2146 = EDGE_LOOP ( 'NONE', ( #967, #2611, #308, #6051 ) ) ;
#2147 = DIRECTION ( 'NONE',  ( -0.000000000000000000, -1.000000000000000000, -0.000000000000000000 ) ) ;
#2148 = CARTESIAN_POINT ( 'NONE',  ( 0.3750000000000007772, 0.1999999999999999833, -0.6749999999999998224 ) ) ;
#2149 = CARTESIAN_POINT ( 'NONE',  ( 1.399999999999999911, 0.7367727638395971113, -0.1249999999999997918 ) ) ;
#2150 = CARTESIAN_POINT ( 'NONE',  ( 1.500000000000000000, 0.000000000000000000, 1.250000000000000000 ) ) ;
#2151 = VECTOR ( 'NONE', #6770, 1000.000000000000000 ) ;
#2152 = ADVANCED_FACE ( 'NONE', ( #3641 ), #3904, .F. ) ;
#2153 = AXIS2_PLACEMENT_3D ( 'NONE', #4138, #1018, #435 ) ;
#2154 = FACE_OUTER_BOUND ( 'NONE', #6511, .T. ) ;
#2155 = VERTEX_POINT ( 'NONE', #5516 ) ;
#2156 = VECTOR ( 'NONE', #1460, 1000.000000000000000 ) ;
#2157 = ORIENTED_EDGE ( 'NONE', *, *, #6633, .T. ) ;
#2158 = CARTESIAN_POINT ( 'NONE',  ( -0.6249999999999990008, 0.1999999999999999833, 0.6750000000000000444 ) ) ;
#2159 = CARTESIAN_POINT ( 'NONE',  ( -0.9250000000000001554, 0.7367727638395971113, -0.1249999999999998890 ) ) ;
#2160 = CARTESIAN_POINT ( 'NONE',  ( -0.1249999999999990286, 0.000000000000000000, 0.6750000000000000444 ) ) ;
#2161 = ADVANCED_FACE ( 'NONE', ( #5957 ), #6745, .T. ) ;
#2162 = LINE ( 'NONE', #1928, #6754 ) ;
#2163 = EDGE_CURVE ( 'NONE', #4801, #6294, #1168, .T. ) ;
#2164 = EDGE_CURVE ( 'NONE', #2836, #3681, #1235, .T. ) ;
#2165 = DIRECTION ( 'NONE',  ( -0.000000000000000000, -1.000000000000000000, -0.000000000000000000 ) ) ;
#2166 = LINE ( 'NONE', #2185, #2050 ) ;
#2167 = EDGE_LOOP ( 'NONE', ( #3079, #2051, #5426, #5307 ) ) ;
#2168 = DIRECTION ( 'NONE',  ( -1.000000000000000000, 0.000000000000000000, -2.282530889443167515E-16 ) ) ;
#2169 = AXIS2_PLACEMENT_3D ( 'NONE', #6723, #2497, #4014 ) ;
#2170 = PRESENTATION_LAYER_ASSIGNMENT (  '', '', ( #6814 ) ) ;
#2171 = EDGE_LOOP ( 'NONE', ( #6234, #2801, #3703, #3911, #5008 ) ) ;
#2172 = CARTESIAN_POINT ( 'NONE',  ( -0.9250000000000000444, 0.000000000000000000, 0.1250000000000001110 ) ) ;
#2173 = FACE_OUTER_BOUND ( 'NONE', #4554, .T. ) ;
#2174 = EDGE_CURVE ( 'NONE', #1154, #477, #5797, .T. ) ;
#2175 = VECTOR ( 'NONE', #4011, 1000.000000000000000 ) ;
#2176 = ORIENTED_EDGE ( 'NONE', *, *, #1559, .T. ) ;
#2177 = DIRECTION ( 'NONE',  ( -1.000000000000000000, 0.000000000000000000, 0.000000000000000000 ) ) ;
#2178 = LINE ( 'NONE', #2149, #4406 ) ;
#2179 = VERTEX_POINT ( 'NONE', #349 ) ;
#2180 = AXIS2_PLACEMENT_3D ( 'NONE', #2763, #1816, #106 ) ;
#2181 = LINE ( 'NONE', #5936, #6703 ) ;
#2182 = CARTESIAN_POINT ( 'NONE',  ( -0.9250000000000001554, 0.7367727638395971113, -0.1249999999999998890 ) ) ;
#2183 = DIRECTION ( 'NONE',  ( 0.000000000000000000, -1.000000000000000000, 0.000000000000000000 ) ) ;
#2184 = DIRECTION ( 'NONE',  ( 1.000000000000000000, 0.000000000000000000, -2.282530889443167515E-16 ) ) ;
#2185 = CARTESIAN_POINT ( 'NONE',  ( 0.9250000000000000444, 0.1999999999999999833, 0.6250000000000001110 ) ) ;
#2186 = CARTESIAN_POINT ( 'NONE',  ( -0.9250000000000001554, 0.1999999999999999833, 0.8750000000000001110 ) ) ;
#2187 = EDGE_LOOP ( 'NONE', ( #2926, #4929, #5933, #3480 ) ) ;
#2188 = CARTESIAN_POINT ( 'NONE',  ( 1.399999999999999911, 0.1300000000000000044, 0.3750000000000002220 ) ) ;
#2189 = PRESENTATION_STYLE_ASSIGNMENT (( #6834 ) ) ;
#2190 = ORIENTED_EDGE ( 'NONE', *, *, #4891, .F. ) ;
#2191 = EDGE_CURVE ( 'NONE', #959, #1257, #5855, .T. ) ;
#2192 = CARTESIAN_POINT ( 'NONE',  ( -1.399999999999999911, 0.7367727638395971113, 0.8750000000000002220 ) ) ;
#2193 = DIRECTION ( 'NONE',  ( 1.000000000000000000, 0.000000000000000000, -8.673617379884035472E-16 ) ) ;
#2194 = COLOUR_RGB ( '',1.000000000000000000, 1.000000000000000000, 1.000000000000000000 ) ;
#2195 =( LENGTH_UNIT ( ) NAMED_UNIT ( * ) SI_UNIT ( .MILLI., .METRE. ) );
#2196 = EDGE_CURVE ( 'NONE', #3930, #5388, #3537, .T. ) ;
#2197 = VECTOR ( 'NONE', #512, 1000.000000000000000 ) ;
#2198 = ORIENTED_EDGE ( 'NONE', *, *, #4110, .T. ) ;
#2199 = VECTOR ( 'NONE', #1009, 1000.000000000000000 ) ;
#2200 = VERTEX_POINT ( 'NONE', #6123 ) ;
#2201 = ADVANCED_FACE ( 'NONE', ( #5787 ), #915, .F. ) ;
#2202 = DIRECTION ( 'NONE',  ( 0.000000000000000000, 1.000000000000000000, 0.000000000000000000 ) ) ;
#2203 = LINE ( 'NONE', #4893, #4410 ) ;
#2204 = PLANE ( 'NONE',  #4726 ) ;
#2205 = VERTEX_POINT ( 'NONE', #5078 ) ;
#2206 = DIRECTION ( 'NONE',  ( -2.282530889443168008E-16, 0.000000000000000000, -1.000000000000000000 ) ) ;
#2207 = FACE_BOUND ( 'NONE', #6613, .T. ) ;
#2208 = VERTEX_POINT ( 'NONE', #1951 ) ;
#2209 = DIRECTION ( 'NONE',  ( -0.000000000000000000, -1.000000000000000000, -0.000000000000000000 ) ) ;
#2210 = ADVANCED_FACE ( 'NONE', ( #1190 ), #902, .F. ) ;
#2211 = LINE ( 'NONE', #101, #6803 ) ;
#2212 = CARTESIAN_POINT ( 'NONE',  ( -1.024999999999999467, 0.1300000000000000044, -0.8749999999999998890 ) ) ;
#2213 = EDGE_CURVE ( 'NONE', #2385, #4141, #1334, .T. ) ;
#2214 = FACE_OUTER_BOUND ( 'NONE', #5520, .T. ) ;
#2215 = ORIENTED_EDGE ( 'NONE', *, *, #1065, .F. ) ;
#2216 = FACE_BOUND ( 'NONE', #1806, .T. ) ;
#2217 = STYLED_ITEM ( 'NONE', ( #104 ), #3514 ) ;
#2218 = VERTEX_POINT ( 'NONE', #3601 ) ;
#2219 = CARTESIAN_POINT ( 'NONE',  ( 1.399999999999999911, 0.7367727638395971113, -0.6249999999999997780 ) ) ;
#2220 = AXIS2_PLACEMENT_3D ( 'NONE', #2362, #2853, #4502 ) ;
#2221 = CARTESIAN_POINT ( 'NONE',  ( 0.3750000000000009992, 0.2000000000000000111, 0.6750000000000000444 ) ) ;
#2222 = DIRECTION ( 'NONE',  ( 8.673617379884037444E-16, 0.000000000000000000, -1.000000000000000000 ) ) ;
#2223 = VECTOR ( 'NONE', #6184, 1000.000000000000000 ) ;
#2224 = CARTESIAN_POINT ( 'NONE',  ( -0.3749999999999992228, 0.1300000000000000044, -1.149999999999999911 ) ) ;
#2225 = ORIENTED_EDGE ( 'NONE', *, *, #1385, .T. ) ;
#2226 = CARTESIAN_POINT ( 'NONE',  ( 0.3750000000000007772, 0.1300000000000000044, -1.149999999999999689 ) ) ;
#2227 = EDGE_CURVE ( 'NONE', #167, #3379, #3510, .T. ) ;
#2228 = SURFACE_STYLE_FILL_AREA ( #4706 ) ;
#2229 = ORIENTED_EDGE ( 'NONE', *, *, #345, .F. ) ;
#2230 = CARTESIAN_POINT ( 'NONE',  ( 1.399999999999999911, 0.000000000000000000, -0.1249999999999997918 ) ) ;
#2231 = LINE ( 'NONE', #6343, #2250 ) ;
#2232 = CARTESIAN_POINT ( 'NONE',  ( 1.399999999999999911, 0.000000000000000000, -0.6249999999999997780 ) ) ;
#2233 = VECTOR ( 'NONE', #4958, 1000.000000000000000 ) ;
#2234 = ORIENTED_EDGE ( 'NONE', *, *, #1696, .T. ) ;
#2235 = FACE_OUTER_BOUND ( 'NONE', #5241, .T. ) ;
#2236 = EDGE_LOOP ( 'NONE', ( #1249, #4608, #3165, #4819 ) ) ;
#2237 = EDGE_CURVE ( 'NONE', #1644, #6338, #3560, .T. ) ;
#2238 = DIRECTION ( 'NONE',  ( -1.000000000000000000, 0.000000000000000000, -2.282530889443168008E-16 ) ) ;
#2239 = EDGE_CURVE ( 'NONE', #6265, #4088, #3607, .T. ) ;
#2240 = CARTESIAN_POINT ( 'NONE',  ( 0.000000000000000000, 0.2000000000000000111, 1.500000000000000000 ) ) ;
#2241 = FACE_OUTER_BOUND ( 'NONE', #926, .T. ) ;
#2242 = AXIS2_PLACEMENT_3D ( 'NONE', #888, #1432, #3588 ) ;
#2243 = FACE_OUTER_BOUND ( 'NONE', #1942, .T. ) ;
#2244 = ORIENTED_EDGE ( 'NONE', *, *, #5873, .F. ) ;
#2245 = CARTESIAN_POINT ( 'NONE',  ( 1.500000000000000000, 0.1299999999999998934, -1.250000000000000000 ) ) ;
#2246 = VECTOR ( 'NONE', #1058, 1000.000000000000000 ) ;
#2247 = ORIENTED_EDGE ( 'NONE', *, *, #4561, .T. ) ;
#2248 = DIRECTION ( 'NONE',  ( 0.000000000000000000, -1.000000000000000000, 0.000000000000000000 ) ) ;
#2249 = EDGE_CURVE ( 'NONE', #3986, #2357, #5892, .T. ) ;
#2250 = VECTOR ( 'NONE', #4167, 1000.000000000000000 ) ;
#2251 = ADVANCED_FACE ( 'NONE', ( #3677 ), #1850, .T. ) ;
#2252 = AXIS2_PLACEMENT_3D ( 'NONE', #6303, #3028, #426 ) ;
#2253 = CARTESIAN_POINT ( 'NONE',  ( -1.227272727272726627, 0.7399999999999999911, -0.9772727272727270709 ) ) ;
#2254 = AXIS2_PLACEMENT_3D ( 'NONE', #484, #1554, #4056 ) ;
#2255 = LINE ( 'NONE', #4884, #46 ) ;
#2256 = EDGE_CURVE ( 'NONE', #1199, #2836, #1298, .T. ) ;
#2257 = ORIENTED_EDGE ( 'NONE', *, *, #2546, .T. ) ;
#2258 = DIRECTION ( 'NONE',  ( -1.000000000000000000, 0.000000000000000000, -2.282530889443167515E-16 ) ) ;
#2259 = ORIENTED_EDGE ( 'NONE', *, *, #6724, .F. ) ;
#2260 = ADVANCED_FACE ( 'NONE', ( #1310 ), #4989, .T. ) ;
#2261 = VECTOR ( 'NONE', #1408, 1000.000000000000000 ) ;
#2262 = CARTESIAN_POINT ( 'NONE',  ( 0.9250000000000001554, 0.7367727638395971113, -0.1249999999999998890 ) ) ;
#2263 = EDGE_CURVE ( 'NONE', #4279, #6783, #3585, .T. ) ;
#2264 = LINE ( 'NONE', #2580, #2345 ) ;
#2265 = CARTESIAN_POINT ( 'NONE',  ( 0.1250000000000007494, 0.2000000000000000111, -1.149999999999999911 ) ) ;
#2266 = ORIENTED_EDGE ( 'NONE', *, *, #2789, .T. ) ;
#2267 = CARTESIAN_POINT ( 'NONE',  ( 1.399999999999999911, 0.7367727638395971113, 0.6250000000000002220 ) ) ;
#2268 = EDGE_CURVE ( 'NONE', #2200, #6827, #3628, .T. ) ;
#2269 = FACE_OUTER_BOUND ( 'NONE', #4734, .T. ) ;
#2270 = ORIENTED_EDGE ( 'NONE', *, *, #515, .T. ) ;
#2271 = CARTESIAN_POINT ( 'NONE',  ( -0.9250000000000000444, 0.7367727638395971113, -0.7749999999999992450 ) ) ;
#2272 = CARTESIAN_POINT ( 'NONE',  ( -1.399999999999999911, 0.7367727638395971113, -0.6249999999999997780 ) ) ;
#2273 = EDGE_CURVE ( 'NONE', #5095, #113, #5912, .T. ) ;
#2274 = LINE ( 'NONE', #5765, #4546 ) ;
#2275 = DIRECTION ( 'NONE',  ( -1.000000000000000000, 0.000000000000000000, -2.282530889443168008E-16 ) ) ;
#2276 = CARTESIAN_POINT ( 'NONE',  ( 0.3750000000000007772, 0.2000000000000000111, -1.149999999999999689 ) ) ;
#2277 = VECTOR ( 'NONE', #2441, 1000.000000000000000 ) ;
#2278 = EDGE_LOOP ( 'NONE', ( #3689, #159, #6012, #5948 ) ) ;
#2279 = VECTOR ( 'NONE', #5979, 1000.000000000000000 ) ;
#2280 = VERTEX_POINT ( 'NONE', #5993 ) ;
#2281 = DIRECTION ( 'NONE',  ( 1.000000000000000000, -0.000000000000000000, 0.000000000000000000 ) ) ;
#2282 = CARTESIAN_POINT ( 'NONE',  ( -0.9250000000000001554, 0.1999999999999999833, -0.6249999999999998890 ) ) ;
#2283 = LINE ( 'NONE', #5158, #4601 ) ;
#2284 = DIRECTION ( 'NONE',  ( 0.000000000000000000, 0.000000000000000000, 1.000000000000000000 ) ) ;
#2285 = CARTESIAN_POINT ( 'NONE',  ( -0.9250000000000001554, 0.1300000000000000044, 0.8750000000000001110 ) ) ;
#2286 = VECTOR ( 'NONE', #486, 1000.000000000000000 ) ;
#2287 = ORIENTED_EDGE ( 'NONE', *, *, #2268, .T. ) ;
#2288 = CARTESIAN_POINT ( 'NONE',  ( 0.9250000000000001554, 0.1999999999999999833, -0.1249999999999998890 ) ) ;
#2289 = FACE_OUTER_BOUND ( 'NONE', #4151, .T. ) ;
#2290 = ORIENTED_EDGE ( 'NONE', *, *, #3487, .T. ) ;
#2291 = DIRECTION ( 'NONE',  ( -1.000000000000000000, 0.000000000000000000, 8.673617379884035472E-16 ) ) ;
#2292 = CARTESIAN_POINT ( 'NONE',  ( 1.399999999999999911, 0.1999999999999999833, 0.3750000000000002220 ) ) ;
#2293 = VECTOR ( 'NONE', #5706, 1000.000000000000000 ) ;
#2294 = CARTESIAN_POINT ( 'NONE',  ( 0.9250000000000001554, 0.000000000000000000, 0.8750000000000001110 ) ) ;
#2295 = CARTESIAN_POINT ( 'NONE',  ( 0.3750000000000007772, 0.7367727638395973333, -1.149999999999999689 ) ) ;
#2296 = LINE ( 'NONE', #6674, #107 ) ;
#2297 = VERTEX_POINT ( 'NONE', #2298 ) ;
#2298 = CARTESIAN_POINT ( 'NONE',  ( -1.399999999999999911, 0.000000000000000000, 0.1250000000000002220 ) ) ;
#2299 = VECTOR ( 'NONE', #247, 1000.000000000000000 ) ;
#2300 = ORIENTED_EDGE ( 'NONE', *, *, #1545, .F. ) ;
#2301 = CARTESIAN_POINT ( 'NONE',  ( -0.9250000000000000444, 0.1999999999999999833, 0.1250000000000001110 ) ) ;
#2302 = LINE ( 'NONE', #6164, #2352 ) ;
#2303 = SURFACE_SIDE_STYLE ('',( #6225 ) ) ;
#2304 = CARTESIAN_POINT ( 'NONE',  ( 0.6250000000000007772, 0.2000000000000000111, -0.6749999999999999334 ) ) ;
#2305 = EDGE_CURVE ( 'NONE', #6654, #4364, #3652, .T. ) ;
#2306 = CARTESIAN_POINT ( 'NONE',  ( 0.1250000000000007494, 0.2000000000000000111, -0.6749999999999999334 ) ) ;
#2307 = ADVANCED_FACE ( 'NONE', ( #5934 ), #3905, .F. ) ;
#2308 = LINE ( 'NONE', #244, #2448 ) ;
#2309 = ORIENTED_EDGE ( 'NONE', *, *, #2658, .T. ) ;
#2310 = DIRECTION ( 'NONE',  ( -1.000000000000000000, 0.000000000000000000, -0.000000000000000000 ) ) ;
#2311 = PRODUCT_DEFINITION ( 'UNKNOWN', '', #5806, #173 ) ;
#2312 = LINE ( 'NONE', #5373, #2411 ) ;
#2313 = CARTESIAN_POINT ( 'NONE',  ( 0.6250000000000009992, 0.1300000000000000044, 0.6749999999999999334 ) ) ;
#2314 = ORIENTED_EDGE ( 'NONE', *, *, #4237, .T. ) ;
#2315 = CARTESIAN_POINT ( 'NONE',  ( 0.1250000000000009159, 0.1300000000000000044, 0.6749999999999999334 ) ) ;
#2316 = DIRECTION ( 'NONE',  ( -1.000000000000000000, 0.000000000000000000, 2.282530889443167022E-16 ) ) ;
#2317 = ADVANCED_FACE ( 'NONE', ( #1349 ), #1276, .F. ) ;
#2318 = VECTOR ( 'NONE', #208, 1000.000000000000000 ) ;
#2319 = SURFACE_STYLE_USAGE ( .BOTH. , #6011 ) ;
#2320 = EDGE_CURVE ( 'NONE', #5660, #6684, #5946, .T. ) ;
#2321 = EDGE_CURVE ( 'NONE', #4368, #2620, #1392, .T. ) ;
#2322 = LINE ( 'NONE', #6137, #126 ) ;
#2323 = ORIENTED_EDGE ( 'NONE', *, *, #5088, .T. ) ;
#2324 = VECTOR ( 'NONE', #4766, 1000.000000000000000 ) ;
#2325 = VERTEX_POINT ( 'NONE', #6124 ) ;
#2326 = AXIS2_PLACEMENT_3D ( 'NONE', #1705, #2751, #5148 ) ;
#2327 = CARTESIAN_POINT ( 'NONE',  ( 0.000000000000000000, 0.7399999999999999911, 0.000000000000000000 ) ) ;
#2328 = LINE ( 'NONE', #4651, #2414 ) ;
#2329 = CARTESIAN_POINT ( 'NONE',  ( 1.500000000000000000, 5.385124837953327415, 1.250000000000000000 ) ) ;
#2330 = DIRECTION ( 'NONE',  ( 0.000000000000000000, -1.000000000000000000, 0.000000000000000000 ) ) ;
#2331 = CARTESIAN_POINT ( 'NONE',  ( 0.9250000000000001554, 0.1300000000000000044, -0.6249999999999998890 ) ) ;
#2332 = VECTOR ( 'NONE', #2069, 1000.000000000000000 ) ;
#2333 = CLOSED_SHELL ( 'NONE', ( #353, #2260, #680, #6509, #621, #618, #3055, #2317, #6245, #5874, #2456, #4046, #3873, #1570, #5215, #4318, #6349, #1129, #2880, #4083, #1790, #5405, #521, #4435, #4742, #6291, #2251, #2161, #567, #1579, #3595, #4684, #922, #1953, #6850, #6801, #4523, #3243, #2520, #6357, #6412, #6584, #1510, #2098, #2554, #788, #3173, #1307, #3412, #397, #3045, #93, #4622, #3701, #3432, #6152, #4849, #536, #1629, #5125, #4950, #4763, #2504 ) ) ;
#2334 = EDGE_CURVE ( 'NONE', #2129, #1830, #3629, .T. ) ;
#2335 = VECTOR ( 'NONE', #5421, 1000.000000000000000 ) ;
#2336 = VERTEX_POINT ( 'NONE', #339 ) ;
#2337 = AXIS2_PLACEMENT_3D ( 'NONE', #1887, #724, #774 ) ;
#2338 = EDGE_CURVE ( 'NONE', #2822, #3850, #3709, .T. ) ;
#2339 = DIRECTION ( 'NONE',  ( 0.000000000000000000, 0.000000000000000000, 1.000000000000000000 ) ) ;
#2340 = CARTESIAN_POINT ( 'NONE',  ( -1.399999999999999911, 0.1999999999999999833, 0.6250000000000002220 ) ) ;
#2341 = EDGE_CURVE ( 'NONE', #2002, #1117, #1362, .T. ) ;
#2342 = LINE ( 'NONE', #3724, #2388 ) ;
#2343 = CARTESIAN_POINT ( 'NONE',  ( -0.9250000000000000444, 0.000000000000000000, -0.3749999999999998890 ) ) ;
#2344 = CARTESIAN_POINT ( 'NONE',  ( 0.6250000000000007772, 0.7367727638395973333, -1.149999999999999911 ) ) ;
#2345 = VECTOR ( 'NONE', #3673, 1000.000000000000000 ) ;
#2346 = ORIENTED_EDGE ( 'NONE', *, *, #860, .F. ) ;
#2347 = CARTESIAN_POINT ( 'NONE',  ( -1.499999999999999778, 5.385124837953327415, 1.250000000000000000 ) ) ;
#2348 = LINE ( 'NONE', #2500, #195 ) ;
#2349 = ORIENTED_EDGE ( 'NONE', *, *, #4749, .T. ) ;
#2350 = CARTESIAN_POINT ( 'NONE',  ( -0.9250000000000001554, 0.7367727638395971113, 0.3750000000000001110 ) ) ;
#2351 = EDGE_CURVE ( 'NONE', #3572, #73, #6050, .T. ) ;
#2352 = VECTOR ( 'NONE', #4522, 1000.000000000000000 ) ;
#2353 = DIRECTION ( 'NONE',  ( 0.000000000000000000, -0.000000000000000000, 1.000000000000000000 ) ) ;
#2354 = PLANE ( 'NONE',  #996 ) ;
#2355 = DIRECTION ( 'NONE',  ( 0.000000000000000000, -1.000000000000000000, 0.000000000000000000 ) ) ;
#2356 = LINE ( 'NONE', #5015, #6845 ) ;
#2357 = VERTEX_POINT ( 'NONE', #1366 ) ;
#2358 = DIRECTION ( 'NONE',  ( 0.000000000000000000, 0.000000000000000000, -1.000000000000000000 ) ) ;
#2359 = DIRECTION ( 'NONE',  ( 1.000000000000000000, 0.000000000000000000, 0.000000000000000000 ) ) ;
#2360 = EDGE_CURVE ( 'NONE', #6521, #5056, #3727, .T. ) ;
#2361 = VECTOR ( 'NONE', #5958, 1000.000000000000000 ) ;
#2362 = CARTESIAN_POINT ( 'NONE',  ( -0.3749999999999991118, 0.7367727638395973333, 0.6749999999999999334 ) ) ;
#2363 = ORIENTED_EDGE ( 'NONE', *, *, #5476, .F. ) ;
#2364 =( LENGTH_UNIT ( ) NAMED_UNIT ( * ) SI_UNIT ( .MILLI., .METRE. ) );
#2365 = LINE ( 'NONE', #907, #89 ) ;
#2366 = DIRECTION ( 'NONE',  ( 1.000000000000000000, -0.000000000000000000, 2.282530889443168008E-16 ) ) ;
#2367 = ADVANCED_FACE ( 'NONE', ( #5870 ), #3894, .F. ) ;
#2368 = VECTOR ( 'NONE', #4926, 1000.000000000000000 ) ;
#2369 = VERTEX_POINT ( 'NONE', #5069 ) ;
#2370 = LINE ( 'NONE', #4722, #2478 ) ;
#2371 = VERTEX_POINT ( 'NONE', #5021 ) ;
#2372 = AXIS2_PLACEMENT_3D ( 'NONE', #6816, #494, #6373 ) ;
#2373 = EDGE_CURVE ( 'NONE', #1164, #1161, #3597, .T. ) ;
#2374 = CARTESIAN_POINT ( 'NONE',  ( -0.9250000000000001554, 0.1999999999999999833, 0.8750000000000001110 ) ) ;
#2375 = CARTESIAN_POINT ( 'NONE',  ( 0.9250000000000000444, 0.7367727638395971113, 0.6250000000000001110 ) ) ;
#2376 = ADVANCED_FACE ( 'NONE', ( #1299 ), #1406, .F. ) ;
#2377 = LINE ( 'NONE', #1998, #2293 ) ;
#2378 = DIRECTION ( 'NONE',  ( 0.000000000000000000, -1.000000000000000000, 0.000000000000000000 ) ) ;
#2379 = CARTESIAN_POINT ( 'NONE',  ( -1.399999999999999911, 0.1999999999999999833, 0.1250000000000002220 ) ) ;
#2380 = CARTESIAN_POINT ( 'NONE',  ( -0.9250000000000001554, 0.1999999999999999833, 0.3750000000000001110 ) ) ;
#2381 = FACE_OUTER_BOUND ( 'NONE', #1384, .T. ) ;
#2382 = ORIENTED_EDGE ( 'NONE', *, *, #1319, .T. ) ;
#2383 = EDGE_CURVE ( 'NONE', #2743, #5837, #1426, .T. ) ;
#2384 = LINE ( 'NONE', #5228, #2324 ) ;
#2385 = VERTEX_POINT ( 'NONE', #2837 ) ;
#2386 = CARTESIAN_POINT ( 'NONE',  ( -0.9250000000000000444, 0.1300000000000000044, -0.3749999999999998890 ) ) ;
#2387 = DIRECTION ( 'NONE',  ( 1.000000000000000000, 0.000000000000000000, -4.336808689942017736E-16 ) ) ;
#2388 = VECTOR ( 'NONE', #4247, 1000.000000000000000 ) ;
#2389 = DIRECTION ( 'NONE',  ( 1.000000000000000000, 0.000000000000000000, -2.282530889443168501E-16 ) ) ;
#2390 = VECTOR ( 'NONE', #3477, 1000.000000000000000 ) ;
#2391 = ORIENTED_EDGE ( 'NONE', *, *, #2570, .T. ) ;
#2392 = CARTESIAN_POINT ( 'NONE',  ( -1.399999999999999911, 0.7367727638395971113, -0.6249999999999997780 ) ) ;
#2393 = LINE ( 'NONE', #4888, #26 ) ;
#2394 = ORIENTED_EDGE ( 'NONE', *, *, #2895, .T. ) ;
#2395 = CARTESIAN_POINT ( 'NONE',  ( 0.1250000000000007494, 0.1300000000000000044, -0.6749999999999999334 ) ) ;
#2396 = EDGE_CURVE ( 'NONE', #4261, #1732, #5971, .T. ) ;
#2397 = CARTESIAN_POINT ( 'NONE',  ( -0.3749999999999992228, 0.1999999999999999833, -0.6749999999999999334 ) ) ;
#2398 = DIRECTION ( 'NONE',  ( 1.000000000000000000, 0.000000000000000000, -4.336808689942017736E-16 ) ) ;
#2399 = AXIS2_PLACEMENT_3D ( 'NONE', #6024, #4476, #3342 ) ;
#2400 = LINE ( 'NONE', #4144, #4605 ) ;
#2401 = DIRECTION ( 'NONE',  ( -1.000000000000000000, 0.000000000000000000, -8.673617379884037444E-16 ) ) ;
#2402 = EDGE_LOOP ( 'NONE', ( #4415, #4353, #746, #5535 ) ) ;
#2403 = VECTOR ( 'NONE', #4294, 1000.000000000000000 ) ;
#2404 = ORIENTED_EDGE ( 'NONE', *, *, #1597, .T. ) ;
#2405 = PLANE ( 'NONE',  #5889 ) ;
#2406 = EDGE_CURVE ( 'NONE', #491, #4008, #1311, .T. ) ;
#2407 = CARTESIAN_POINT ( 'NONE',  ( -1.399999999999999911, 0.1999999999999999833, -0.3749999999999997780 ) ) ;
#2408 = AXIS2_PLACEMENT_3D ( 'NONE', #2145, #3700, #4222 ) ;
#2409 = LINE ( 'NONE', #2160, #2286 ) ;
#2410 = ORIENTED_EDGE ( 'NONE', *, *, #5754, .T. ) ;
#2412 = CARTESIAN_POINT ( 'NONE',  ( 0.1250000000000009159, 0.7367727638395973333, 0.6749999999999999334 ) ) ;
#2411 = VECTOR ( 'NONE', #581, 1000.000000000000000 ) ;
#2413 = ORIENTED_EDGE ( 'NONE', *, *, #1665, .F. ) ;
#2414 = VECTOR ( 'NONE', #4604, 1000.000000000000000 ) ;
#2415 = CARTESIAN_POINT ( 'NONE',  ( 1.500000000000000000, 0.7400000000000002132, -1.250000000000000000 ) ) ;
#2416 = EDGE_CURVE ( 'NONE', #1944, #1607, #1350, .T. ) ;
#2417 = CARTESIAN_POINT ( 'NONE',  ( -1.025000000000000355, 0.1999999999999999833, -0.8749999999999998890 ) ) ;
#2418 = FACE_OUTER_BOUND ( 'NONE', #5039, .T. ) ;
#2419 = ORIENTED_EDGE ( 'NONE', *, *, #4504, .T. ) ;
#2420 = EDGE_CURVE ( 'NONE', #527, #6526, #5883, .T. ) ;
#2421 = LINE ( 'NONE', #1167, #4578 ) ;
#2422 = ORIENTED_EDGE ( 'NONE', *, *, #4301, .T. ) ;
#2423 = CARTESIAN_POINT ( 'NONE',  ( 1.399999999999999911, 0.7367727638395971113, -0.6249999999999997780 ) ) ;
#2424 = DIRECTION ( 'NONE',  ( 0.000000000000000000, 1.000000000000000000, 0.000000000000000000 ) ) ;
#2425 = CARTESIAN_POINT ( 'NONE',  ( -1.399999999999999911, 0.1300000000000000044, 0.6250000000000002220 ) ) ;
#2426 = VECTOR ( 'NONE', #4677, 1000.000000000000000 ) ;
#2427 = ORIENTED_EDGE ( 'NONE', *, *, #1441, .F. ) ;
#2428 = DIRECTION ( 'NONE',  ( -4.336808689942017736E-16, 0.000000000000000000, -1.000000000000000000 ) ) ;
#2429 = CARTESIAN_POINT ( 'NONE',  ( -1.227272727272726627, 0.6399999999999999023, -0.8522727272727266268 ) ) ;
#2430 = FACE_OUTER_BOUND ( 'NONE', #1889, .T. ) ;
#2431 = VERTEX_POINT ( 'NONE', #2386 ) ;
#2432 = PLANE ( 'NONE',  #6798 ) ;
#2433 = VECTOR ( 'NONE', #971, 1000.000000000000000 ) ;
#2434 = CARTESIAN_POINT ( 'NONE',  ( 0.6250000000000009992, 0.1300000000000000044, 0.6749999999999999334 ) ) ;
#2435 = EDGE_CURVE ( 'NONE', #5305, #5789, #3538, .T. ) ;
#2436 = DIRECTION ( 'NONE',  ( 0.000000000000000000, 0.000000000000000000, -1.000000000000000000 ) ) ;
#2437 = VECTOR ( 'NONE', #161, 1000.000000000000000 ) ;
#2438 = ORIENTED_EDGE ( 'NONE', *, *, #1696, .F. ) ;
#2439 = CARTESIAN_POINT ( 'NONE',  ( 0.000000000000000000, 0.2000000000000000111, 0.000000000000000000 ) ) ;
#2440 = VECTOR ( 'NONE', #2628, 1000.000000000000000 ) ;
#2441 = DIRECTION ( 'NONE',  ( 1.000000000000000000, -0.000000000000000000, -2.282530889443168008E-16 ) ) ;
#2442 = ORIENTED_EDGE ( 'NONE', *, *, #1008, .T. ) ;
#2443 = PLANE ( 'NONE',  #2169 ) ;
#2444 = DIRECTION ( 'NONE',  ( 2.282530889443167022E-16, 0.000000000000000000, 1.000000000000000000 ) ) ;
#2445 = LINE ( 'NONE', #1332, #4914 ) ;
#2446 = DIRECTION ( 'NONE',  ( 2.282530889443168501E-16, 0.000000000000000000, 1.000000000000000000 ) ) ;
#2447 = AXIS2_PLACEMENT_3D ( 'NONE', #641, #5245, #4866 ) ;
#2448 = VECTOR ( 'NONE', #768, 1000.000000000000000 ) ;
#2449 = ORIENTED_EDGE ( 'NONE', *, *, #3544, .F. ) ;
#2451 = PLANE ( 'NONE',  #616 ) ;
#2450 = VECTOR ( 'NONE', #1390, 1000.000000000000000 ) ;
#2452 = MANIFOLD_SOLID_BREP ( 'LPattern4[3]', #181 ) ;
#2453 = ORIENTED_EDGE ( 'NONE', *, *, #4160, .T. ) ;
#2454 = DIRECTION ( 'NONE',  ( -0.000000000000000000, -1.000000000000000000, -0.000000000000000000 ) ) ;
#2455 = PLANE ( 'NONE',  #3674 ) ;
#2456 = ADVANCED_FACE ( 'NONE', ( #3737 ), #823, .T. ) ;
#2457 = LINE ( 'NONE', #3862, #2558 ) ;
#2458 = EDGE_CURVE ( 'NONE', #2026, #4713, #1323, .T. ) ;
#2459 = CARTESIAN_POINT ( 'NONE',  ( -1.399999999999999911, 0.1999999999999999833, -0.6249999999999997780 ) ) ;
#2460 = DIRECTION ( 'NONE',  ( 0.000000000000000000, 0.000000000000000000, -1.000000000000000000 ) ) ;
#2461 = CARTESIAN_POINT ( 'NONE',  ( 0.000000000000000000, 0.000000000000000000, 0.000000000000000000 ) ) ;
#2462 = VECTOR ( 'NONE', #6690, 1000.000000000000000 ) ;
#2463 = UNCERTAINTY_MEASURE_WITH_UNIT (LENGTH_MEASURE( 1.000000000000000082E-05 ), #6220, 'distance_accuracy_value', 'NONE');
#2464 = ORIENTED_EDGE ( 'NONE', *, *, #2163, .F. ) ;
#2465 = FACE_OUTER_BOUND ( 'NONE', #5233, .T. ) ;
#2466 = ORIENTED_EDGE ( 'NONE', *, *, #5162, .F. ) ;
#2467 = DIRECTION ( 'NONE',  ( 0.000000000000000000, -1.000000000000000000, 0.000000000000000000 ) ) ;
#2468 = DIRECTION ( 'NONE',  ( 0.000000000000000000, 0.000000000000000000, -1.000000000000000000 ) ) ;
#2469 = VECTOR ( 'NONE', #5480, 1000.000000000000000 ) ;
#2470 = DIRECTION ( 'NONE',  ( 4.336808689942019215E-16, 0.000000000000000000, 1.000000000000000000 ) ) ;
#2471 = CARTESIAN_POINT ( 'NONE',  ( 0.9250000000000001554, 0.1300000000000000044, 0.8750000000000001110 ) ) ;
#2472 = EDGE_CURVE ( 'NONE', #2325, #6030, #5947, .T. ) ;
#2473 = EDGE_CURVE ( 'NONE', #5777, #1059, #5959, .T. ) ;
#2474 = VECTOR ( 'NONE', #3194, 1000.000000000000000 ) ;
#2475 = ORIENTED_EDGE ( 'NONE', *, *, #1251, .F. ) ;
#2476 = CARTESIAN_POINT ( 'NONE',  ( 0.1250000000000010270, 0.2000000000000000111, 1.149999999999999911 ) ) ;
#2477 = CARTESIAN_POINT ( 'NONE',  ( -0.3749999999999992228, 0.1300000000000000044, -0.6749999999999999334 ) ) ;
#2478 = VECTOR ( 'NONE', #2165, 1000.000000000000000 ) ;
#2479 = DIRECTION ( 'NONE',  ( 0.7071067811865430208, -0.000000000000000000, 0.7071067811865521247 ) ) ;
#2480 = ORIENTED_EDGE ( 'NONE', *, *, #3614, .F. ) ;
#2481 = CARTESIAN_POINT ( 'NONE',  ( 0.6250000000000009992, 0.1300000000000000044, 1.149999999999999911 ) ) ;
#2482 =( GEOMETRIC_REPRESENTATION_CONTEXT ( 3 ) GLOBAL_UNCERTAINTY_ASSIGNED_CONTEXT ( ( #3675 ) ) GLOBAL_UNIT_ASSIGNED_CONTEXT ( ( #4795, #518, #5257 ) ) REPRESENTATION_CONTEXT ( 'NONE', 'WORKASPACE' ) );
#2483 = DIRECTION ( 'NONE',  ( 1.000000000000000000, -0.000000000000000000, 0.000000000000000000 ) ) ;
#2484 = CARTESIAN_POINT ( 'NONE',  ( 0.9250000000000001554, 0.7367727638395971113, -0.1249999999999998890 ) ) ;
#2485 = PLANE ( 'NONE',  #883 ) ;
#2486 = DIRECTION ( 'NONE',  ( -1.000000000000000000, -0.000000000000000000, -2.282530889443167515E-16 ) ) ;
#2487 = LINE ( 'NONE', #438, #2332 ) ;
#2488 = CARTESIAN_POINT ( 'NONE',  ( 0.9250000000000000444, 0.000000000000000000, -0.3749999999999998890 ) ) ;
#2489 = ORIENTED_EDGE ( 'NONE', *, *, #322, .T. ) ;
#2490 = EDGE_CURVE ( 'NONE', #1777, #1768, #3687, .T. ) ;
#2491 = DIRECTION ( 'NONE',  ( -2.282530889443167515E-16, 0.000000000000000000, 1.000000000000000000 ) ) ;
#2492 = FACE_OUTER_BOUND ( 'NONE', #1365, .T. ) ;
#2493 = CARTESIAN_POINT ( 'NONE',  ( -0.3749999999999992228, 0.2000000000000000111, -1.149999999999999911 ) ) ;
#2494 = ORIENTED_EDGE ( 'NONE', *, *, #2227, .F. ) ;
#2495 = AXIS2_PLACEMENT_3D ( 'NONE', #5616, #3573, #2614 ) ;
#2496 = AXIS2_PLACEMENT_3D ( 'NONE', #6808, #2491, #2534 ) ;
#2497 = DIRECTION ( 'NONE',  ( 0.000000000000000000, 1.000000000000000000, 0.000000000000000000 ) ) ;
#2498 = EDGE_CURVE ( 'NONE', #1181, #4029, #5836, .T. ) ;
#2499 = LINE ( 'NONE', #4050, #2582 ) ;
#2500 = CARTESIAN_POINT ( 'NONE',  ( 1.399999999999999911, 0.7367727638395971113, 0.1250000000000002220 ) ) ;
#2501 = LINE ( 'NONE', #5374, #218 ) ;
#2502 = EDGE_LOOP ( 'NONE', ( #3065, #432, #6002, #3830 ) ) ;
#2503 = LINE ( 'NONE', #1771, #4597 ) ;
#2504 = ADVANCED_FACE ( 'NONE', ( #5982 ), #6740, .T. ) ;
#2505 = VERTEX_POINT ( 'NONE', #3075 ) ;
#2506 = CARTESIAN_POINT ( 'NONE',  ( 1.399999999999999911, 0.1999999999999999833, -0.6249999999999997780 ) ) ;
#2507 = CARTESIAN_POINT ( 'NONE',  ( -0.3749999999999992228, 0.2000000000000000111, -0.6749999999999999334 ) ) ;
#2508 = VECTOR ( 'NONE', #6621, 1000.000000000000000 ) ;
#2509 = EDGE_CURVE ( 'NONE', #1157, #5801, #5996, .T. ) ;
#2510 = CARTESIAN_POINT ( 'NONE',  ( -1.500000000000000000, 0.000000000000000000, -1.250000000000000000 ) ) ;
#2511 =( NAMED_UNIT ( * ) PLANE_ANGLE_UNIT ( ) SI_UNIT ( $, .RADIAN. ) );
#2512 = ADVANCED_FACE ( 'NONE', ( #5845 ), #3605, .F. ) ;
#2513 = LINE ( 'NONE', #125, #4859 ) ;
#2514 = ORIENTED_EDGE ( 'NONE', *, *, #1750, .T. ) ;
#2515 = EDGE_CURVE ( 'NONE', #810, #3015, #3718, .T. ) ;
#2516 = LINE ( 'NONE', #606, #2361 ) ;
#2517 = ORIENTED_EDGE ( 'NONE', *, *, #38, .T. ) ;
#2518 = DIRECTION ( 'NONE',  ( 1.000000000000000000, 0.000000000000000000, -4.336808689942017736E-16 ) ) ;
#2519 = CARTESIAN_POINT ( 'NONE',  ( -0.6249999999999990008, 0.000000000000000000, 0.6750000000000000444 ) ) ;
#2520 = ADVANCED_FACE ( 'NONE', ( #3748 ), #1048, .T. ) ;
#2521 = CARTESIAN_POINT ( 'NONE',  ( -0.9250000000000001554, 0.000000000000000000, -0.6249999999999998890 ) ) ;
#2522 = VECTOR ( 'NONE', #2672, 1000.000000000000000 ) ;
#2523 = ORIENTED_EDGE ( 'NONE', *, *, #2249, .T. ) ;
#2524 = FILL_AREA_STYLE_COLOUR ( '', #6472 ) ;
#2525 = ORIENTED_EDGE ( 'NONE', *, *, #1410, .F. ) ;
#2526 = EDGE_CURVE ( 'NONE', #1513, #810, #1434, .T. ) ;
#2527 = PLANE ( 'NONE',  #4948 ) ;
#2528 = LINE ( 'NONE', #599, #4780 ) ;
#2529 = PLANE ( 'NONE',  #1574 ) ;
#2530 = PLANE ( 'NONE',  #2153 ) ;
#2531 = FACE_OUTER_BOUND ( 'NONE', #4254, .T. ) ;
#2532 = CARTESIAN_POINT ( 'NONE',  ( -0.9250000000000001554, 0.000000000000000000, -0.1249999999999998890 ) ) ;
#2533 = ORIENTED_EDGE ( 'NONE', *, *, #1647, .T. ) ;
#2534 = DIRECTION ( 'NONE',  ( 1.000000000000000000, 0.000000000000000000, 2.282530889443167515E-16 ) ) ;
#2535 = CARTESIAN_POINT ( 'NONE',  ( 1.399999999999999911, 0.7367727638395971113, 0.8750000000000002220 ) ) ;
#2536 = VECTOR ( 'NONE', #2964, 1000.000000000000000 ) ;
#2537 = ORIENTED_EDGE ( 'NONE', *, *, #5921, .T. ) ;
#2538 = MECHANICAL_DESIGN_GEOMETRIC_PRESENTATION_REPRESENTATION (  '', ( #5942 ), #1870 ) ;
#2539 = AXIS2_PLACEMENT_3D ( 'NONE', #3294, #4386, #1740 ) ;
#2540 = ADVANCED_FACE ( 'NONE', ( #6040 ), #2047, .F. ) ;
#2541 = PLANE ( 'NONE',  #644 ) ;
#2542 = ORIENTED_EDGE ( 'NONE', *, *, #753, .T. ) ;
#2544 = CARTESIAN_POINT ( 'NONE',  ( -1.399999999999999911, 0.1999999999999999833, -0.6249999999999997780 ) ) ;
#2543 = LINE ( 'NONE', #3602, #4969 ) ;
#2545 = EDGE_LOOP ( 'NONE', ( #6664, #2091, #1372, #1893 ) ) ;
#2546 = EDGE_CURVE ( 'NONE', #475, #2635, #1445, .T. ) ;
#2547 = DIRECTION ( 'NONE',  ( 0.000000000000000000, -1.000000000000000000, 0.000000000000000000 ) ) ;
#2548 = VECTOR ( 'NONE', #3172, 1000.000000000000000 ) ;
#2549 = DIRECTION ( 'NONE',  ( 0.000000000000000000, 1.000000000000000000, 0.000000000000000000 ) ) ;
#2550 =( NAMED_UNIT ( * ) SI_UNIT ( $, .STERADIAN. ) SOLID_ANGLE_UNIT ( ) );
#2551 = LINE ( 'NONE', #5276, #2522 ) ;
#2552 = ORIENTED_EDGE ( 'NONE', *, *, #4349, .F. ) ;
#2553 = LINE ( 'NONE', #6694, #366 ) ;
#2554 = ADVANCED_FACE ( 'NONE', ( #6266 ), #4262, .T. ) ;
#2555 = ORIENTED_EDGE ( 'NONE', *, *, #6228, .F. ) ;
#2556 = CARTESIAN_POINT ( 'NONE',  ( 0.9250000000000001554, 0.7367727638395971113, 0.3750000000000001110 ) ) ;
#2557 = EDGE_CURVE ( 'NONE', #4328, #4171, #6199, .T. ) ;
#2558 = VECTOR ( 'NONE', #3366, 1000.000000000000000 ) ;
#2559 = DIRECTION ( 'NONE',  ( -1.000000000000000000, 0.000000000000000000, -2.282530889443168008E-16 ) ) ;
#2560 = AXIS2_PLACEMENT_3D ( 'NONE', #3955, #4490, #785 ) ;
#2561 = ADVANCED_FACE ( 'NONE', ( #4007 ), #5200, .F. ) ;
#2562 = FACE_OUTER_BOUND ( 'NONE', #1781, .T. ) ;
#2563 = ORIENTED_EDGE ( 'NONE', *, *, #6647, .F. ) ;
#2564 = CARTESIAN_POINT ( 'NONE',  ( -1.399999999999999911, 0.1300000000000000044, 0.3750000000000002220 ) ) ;
#2565 = PLANE ( 'NONE',  #560 ) ;
#2566 = VECTOR ( 'NONE', #3016, 1000.000000000000000 ) ;
#2567 = ORIENTED_EDGE ( 'NONE', *, *, #2878, .T. ) ;
#2568 = CARTESIAN_POINT ( 'NONE',  ( 1.399999999999999911, 0.000000000000000000, -0.6249999999999997780 ) ) ;
#2569 = PLANE ( 'NONE',  #5047 ) ;
#2570 = EDGE_CURVE ( 'NONE', #647, #3849, #1669, .T. ) ;
#2571 = CARTESIAN_POINT ( 'NONE',  ( 0.9250000000000000444, 0.1300000000000000044, 0.1250000000000001110 ) ) ;
#2572 = ORIENTED_EDGE ( 'NONE', *, *, #1407, .T. ) ;
#2573 = EDGE_CURVE ( 'NONE', #4088, #1529, #1498, .T. ) ;
#2574 = VECTOR ( 'NONE', #3059, 1000.000000000000000 ) ;
#2575 = CARTESIAN_POINT ( 'NONE',  ( -1.399999999999999911, 0.7367727638395971113, -0.8749999999999997780 ) ) ;
#2576 = ORIENTED_EDGE ( 'NONE', *, *, #4199, .F. ) ;
#2577 = CARTESIAN_POINT ( 'NONE',  ( 1.399999999999999911, 0.1999999999999999833, -0.6249999999999997780 ) ) ;
#2578 = EDGE_CURVE ( 'NONE', #5655, #4031, #6109, .T. ) ;
#2579 = LINE ( 'NONE', #5195, #443 ) ;
#2580 = CARTESIAN_POINT ( 'NONE',  ( 0.6250000000000007772, 0.000000000000000000, -0.6749999999999999334 ) ) ;
#2581 = ORIENTED_EDGE ( 'NONE', *, *, #1195, .F. ) ;
#2582 = VECTOR ( 'NONE', #3668, 1000.000000000000000 ) ;
#2583 = CARTESIAN_POINT ( 'NONE',  ( 0.3750000000000011102, 0.000000000000000000, 1.149999999999999689 ) ) ;
#2584 = DIRECTION ( 'NONE',  ( 0.000000000000000000, 1.000000000000000000, 0.000000000000000000 ) ) ;
#2585 = ORIENTED_EDGE ( 'NONE', *, *, #4277, .F. ) ;
#2586 = LINE ( 'NONE', #3205, #2697 ) ;
#2587 = VERTEX_POINT ( 'NONE', #3123 ) ;
#2589 =( NAMED_UNIT ( * ) SI_UNIT ( $, .STERADIAN. ) SOLID_ANGLE_UNIT ( ) );
#2588 = LINE ( 'NONE', #2783, #433 ) ;
#2590 = EDGE_LOOP ( 'NONE', ( #2346, #878, #5715, #3209 ) ) ;
#2591 = DIRECTION ( 'NONE',  ( 0.000000000000000000, 0.000000000000000000, 1.000000000000000000 ) ) ;
#2592 = DIRECTION ( 'NONE',  ( 0.000000000000000000, 1.000000000000000000, 0.000000000000000000 ) ) ;
#2593 = EDGE_CURVE ( 'NONE', #5904, #721, #6244, .T. ) ;
#2594 = DIRECTION ( 'NONE',  ( -4.336808689942017736E-16, 0.000000000000000000, 1.000000000000000000 ) ) ;
#2595 = CARTESIAN_POINT ( 'NONE',  ( -0.3749999999999991118, 0.1300000000000000044, 0.6749999999999999334 ) ) ;
#2596 = VECTOR ( 'NONE', #2784, 1000.000000000000000 ) ;
#2597 = ORIENTED_EDGE ( 'NONE', *, *, #1103, .T. ) ;
#2598 = VECTOR ( 'NONE', #5153, 1000.000000000000000 ) ;
#2599 = EDGE_LOOP ( 'NONE', ( #178, #2862, #5965, #3394 ) ) ;
#2600 = PLANE ( 'NONE',  #1377 ) ;
#2601 = CARTESIAN_POINT ( 'NONE',  ( -0.3749999999999990008, 0.1300000000000000044, 1.149999999999999911 ) ) ;
#2602 = LINE ( 'NONE', #554, #2548 ) ;
#2603 = DIRECTION ( 'NONE',  ( 0.000000000000000000, 0.000000000000000000, 1.000000000000000000 ) ) ;
#2604 = EDGE_CURVE ( 'NONE', #4755, #499, #6277, .T. ) ;
#2605 = EDGE_CURVE ( 'NONE', #716, #5388, #6188, .T. ) ;
#2606 = VECTOR ( 'NONE', #6423, 1000.000000000000000 ) ;
#2607 = ORIENTED_EDGE ( 'NONE', *, *, #2961, .F. ) ;
#2608 = FILL_AREA_STYLE ('',( #3702 ) ) ;
#2609 = CARTESIAN_POINT ( 'NONE',  ( -0.3749999999999991118, 0.2000000000000000111, 0.6749999999999999334 ) ) ;
#2610 = VECTOR ( 'NONE', #5647, 1000.000000000000000 ) ;
#2611 = ORIENTED_EDGE ( 'NONE', *, *, #1726, .F. ) ;
#2612 = DIRECTION ( 'NONE',  ( -2.282530889443167022E-16, -0.000000000000000000, -1.000000000000000000 ) ) ;
#2613 = FACE_OUTER_BOUND ( 'NONE', #1792, .T. ) ;
#2614 = DIRECTION ( 'NONE',  ( -1.000000000000000000, 0.000000000000000000, -2.282530889443168008E-16 ) ) ;
#2615 = EDGE_CURVE ( 'NONE', #2041, #1553, #1512, .T. ) ;
#2616 = EDGE_LOOP ( 'NONE', ( #917, #2410, #1284, #48 ) ) ;
#2617 = AXIS2_PLACEMENT_3D ( 'NONE', #2412, #5964, #6450 ) ;
#2618 = PRESENTATION_STYLE_ASSIGNMENT (( #989 ) ) ;
#2619 = CARTESIAN_POINT ( 'NONE',  ( -1.024999999999999467, 0.000000000000000000, -0.8749999999999998890 ) ) ;
#2620 = VERTEX_POINT ( 'NONE', #2221 ) ;
#2621 = PLANE ( 'NONE',  #3998 ) ;
#2622 = CARTESIAN_POINT ( 'NONE',  ( 0.6250000000000007772, 0.1300000000000000044, -0.6749999999999999334 ) ) ;
#2623 = VECTOR ( 'NONE', #1622, 1000.000000000000000 ) ;
#2624 = DIRECTION ( 'NONE',  ( 2.282530889443167515E-16, 0.000000000000000000, 1.000000000000000000 ) ) ;
#2625 = ORIENTED_EDGE ( 'NONE', *, *, #2031, .F. ) ;
#2626 = ADVANCED_FACE ( 'NONE', ( #6097 ), #6435, .F. ) ;
#2627 = VECTOR ( 'NONE', #1762, 1000.000000000000000 ) ;
#2628 = DIRECTION ( 'NONE',  ( 2.282530889443168501E-16, 0.000000000000000000, 1.000000000000000000 ) ) ;
#2630 = DIRECTION ( 'NONE',  ( 1.000000000000000000, -0.000000000000000000, 2.282530889443168008E-16 ) ) ;
#2629 = AXIS2_PLACEMENT_3D ( 'NONE', #509, #5393, #1001 ) ;
#2631 = LINE ( 'NONE', #1698, #4797 ) ;
#2632 = ORIENTED_EDGE ( 'NONE', *, *, #4077, .F. ) ;
#2634 = CARTESIAN_POINT ( 'NONE',  ( 0.1250000000000007494, 0.000000000000000000, -1.149999999999999911 ) ) ;
#2633 = FACE_OUTER_BOUND ( 'NONE', #1707, .T. ) ;
#2635 = VERTEX_POINT ( 'NONE', #4867 ) ;
#2636 = CARTESIAN_POINT ( 'NONE',  ( -0.3749999999999991118, 0.000000000000000000, 0.6749999999999999334 ) ) ;
#2637 = DIRECTION ( 'NONE',  ( 1.000000000000000000, 0.000000000000000000, -4.336808689942017736E-16 ) ) ;
#2638 = CARTESIAN_POINT ( 'NONE',  ( -0.9250000000000000444, 0.1300000000000000044, -0.7749999999999992450 ) ) ;
#2639 = EDGE_CURVE ( 'NONE', #3930, #5703, #6163, .T. ) ;
#2640 = LINE ( 'NONE', #3249, #363 ) ;
#2641 = ORIENTED_EDGE ( 'NONE', *, *, #3433, .F. ) ;
#2642 = EDGE_CURVE ( 'NONE', #2336, #3688, #6139, .T. ) ;
#2643 = LINE ( 'NONE', #1360, #2536 ) ;
#2644 = ORIENTED_EDGE ( 'NONE', *, *, #2110, .T. ) ;
#2645 = DIRECTION ( 'NONE',  ( 0.000000000000000000, -1.000000000000000000, 0.000000000000000000 ) ) ;
#2646 = DIRECTION ( 'NONE',  ( 0.000000000000000000, -0.000000000000000000, -1.000000000000000000 ) ) ;
#2647 = DIRECTION ( 'NONE',  ( 2.282530889443168501E-16, 0.000000000000000000, 1.000000000000000000 ) ) ;
#2648 = AXIS2_PLACEMENT_3D ( 'NONE', #4747, #2651, #2603 ) ;
#2649 = DIRECTION ( 'NONE',  ( 0.000000000000000000, 0.000000000000000000, -1.000000000000000000 ) ) ;
#2650 = DIRECTION ( 'NONE',  ( 0.000000000000000000, 1.000000000000000000, 0.000000000000000000 ) ) ;
#2651 = DIRECTION ( 'NONE',  ( 0.000000000000000000, 1.000000000000000000, 0.000000000000000000 ) ) ;
#2652 = VECTOR ( 'NONE', #4295, 1000.000000000000000 ) ;
#2653 = ORIENTED_EDGE ( 'NONE', *, *, #4816, .T. ) ;
#2654 = CARTESIAN_POINT ( 'NONE',  ( -1.399999999999999911, 0.000000000000000000, -0.1249999999999997918 ) ) ;
#2655 = DIRECTION ( 'NONE',  ( -1.000000000000000000, 0.000000000000000000, -2.282530889443167515E-16 ) ) ;
#2656 = DIRECTION ( 'NONE',  ( -0.000000000000000000, -1.000000000000000000, -0.000000000000000000 ) ) ;
#2657 = ORIENTED_EDGE ( 'NONE', *, *, #5728, .F. ) ;
#2658 = EDGE_CURVE ( 'NONE', #6827, #3305, #3940, .T. ) ;
#2659 = DIRECTION ( 'NONE',  ( -0.000000000000000000, -0.000000000000000000, 1.000000000000000000 ) ) ;
#2660 = EDGE_CURVE ( 'NONE', #2218, #5244, #1539, .T. ) ;
#2661 = CARTESIAN_POINT ( 'NONE',  ( -0.6249999999999992228, 0.000000000000000000, -0.6749999999999998224 ) ) ;
#2662 = EDGE_CURVE ( 'NONE', #6689, #5857, #1681, .T. ) ;
#2663 = LINE ( 'NONE', #5841, #372 ) ;
#2664 = DIRECTION ( 'NONE',  ( -2.282530889443168501E-16, 0.000000000000000000, -1.000000000000000000 ) ) ;
#2665 = ORIENTED_EDGE ( 'NONE', *, *, #1647, .F. ) ;
#2666 = CARTESIAN_POINT ( 'NONE',  ( -1.227272727272726627, 0.7399999999999999911, -0.9772727272727270709 ) ) ;
#2667 = PLANE ( 'NONE',  #5944 ) ;
#2668 = VECTOR ( 'NONE', #6158, 1000.000000000000000 ) ;
#2669 = DIRECTION ( 'NONE',  ( 0.7071067811865430208, -0.000000000000000000, 0.7071067811865521247 ) ) ;
#2670 = EDGE_LOOP ( 'NONE', ( #2475, #3613, #3708, #4798 ) ) ;
#2671 = DIRECTION ( 'NONE',  ( 0.000000000000000000, 1.000000000000000000, 0.000000000000000000 ) ) ;
#2672 = DIRECTION ( 'NONE',  ( 0.000000000000000000, 0.000000000000000000, 1.000000000000000000 ) ) ;
#2673 = VECTOR ( 'NONE', #5229, 1000.000000000000000 ) ;
#2674 = ORIENTED_EDGE ( 'NONE', *, *, #3861, .F. ) ;
#2676 = CARTESIAN_POINT ( 'NONE',  ( -0.9250000000000001554, 0.000000000000000000, 0.3750000000000001110 ) ) ;
#2675 = VECTOR ( 'NONE', #3118, 1000.000000000000000 ) ;
#2677 = VERTEX_POINT ( 'NONE', #790 ) ;
#2678 = CARTESIAN_POINT ( 'NONE',  ( -1.227272727272726627, 0.6399999999999999023, -0.9772727272727270709 ) ) ;
#2679 = VERTEX_POINT ( 'NONE', #1713 ) ;
#2680 = VECTOR ( 'NONE', #5344, 1000.000000000000000 ) ;
#2681 = ORIENTED_EDGE ( 'NONE', *, *, #3047, .F. ) ;
#2682 = DIRECTION ( 'NONE',  ( -1.000000000000000000, 0.000000000000000000, 2.282530889443167515E-16 ) ) ;
#2683 = DIRECTION ( 'NONE',  ( -0.000000000000000000, -1.000000000000000000, -0.000000000000000000 ) ) ;
#2684 = PRESENTATION_LAYER_ASSIGNMENT (  '', '', ( #5496 ) ) ;
#2685 = EDGE_CURVE ( 'NONE', #1440, #3930, #6296, .T. ) ;
#2686 = DIRECTION ( 'NONE',  ( 1.000000000000000000, -0.000000000000000000, -4.336808689942017736E-16 ) ) ;
#2687 = CARTESIAN_POINT ( 'NONE',  ( -0.9250000000000001554, 0.000000000000000000, 0.8750000000000001110 ) ) ;
#2688 = MANIFOLD_SOLID_BREP ( 'LPattern4[4]', #2747 ) ;
#2689 = DIRECTION ( 'NONE',  ( 4.336808689942017736E-16, 0.000000000000000000, -1.000000000000000000 ) ) ;
#2690 = ORIENTED_EDGE ( 'NONE', *, *, #2642, .F. ) ;
#2691 = DIRECTION ( 'NONE',  ( 1.000000000000000000, 0.000000000000000000, 0.000000000000000000 ) ) ;
#2692 = ORIENTED_EDGE ( 'NONE', *, *, #6331, .F. ) ;
#2693 = MECHANICAL_DESIGN_GEOMETRIC_PRESENTATION_REPRESENTATION (  '', ( #3013 ), #2694 ) ;
#2694 =( GEOMETRIC_REPRESENTATION_CONTEXT ( 3 ) GLOBAL_UNCERTAINTY_ASSIGNED_CONTEXT ( ( #5427 ) ) GLOBAL_UNIT_ASSIGNED_CONTEXT ( ( #839, #6568, #223 ) ) REPRESENTATION_CONTEXT ( 'NONE', 'WORKASPACE' ) );
#2695 = CARTESIAN_POINT ( 'NONE',  ( -1.399999999999999911, 0.7367727638395971113, 0.8750000000000002220 ) ) ;
#2696 = ORIENTED_EDGE ( 'NONE', *, *, #4718, .T. ) ;
#2697 = VECTOR ( 'NONE', #1568, 1000.000000000000000 ) ;
#2698 = CARTESIAN_POINT ( 'NONE',  ( 0.9250000000000001554, 0.7367727638395971113, -0.1249999999999998890 ) ) ;
#2699 = ORIENTED_EDGE ( 'NONE', *, *, #3486, .F. ) ;
#2700 = CARTESIAN_POINT ( 'NONE',  ( -0.9250000000000000444, 0.1999999999999999833, 0.6250000000000001110 ) ) ;
#2701 = FACE_BOUND ( 'NONE', #1381, .T. ) ;
#2702 = ORIENTED_EDGE ( 'NONE', *, *, #4648, .T. ) ;
#2703 = DIRECTION ( 'NONE',  ( 2.282530889443168501E-16, 0.000000000000000000, 1.000000000000000000 ) ) ;
#2704 = DIRECTION ( 'NONE',  ( 4.336808689942017736E-16, 0.000000000000000000, -1.000000000000000000 ) ) ;
#2705 = AXIS2_PLACEMENT_3D ( 'NONE', #428, #5211, #2057 ) ;
#2706 =( GEOMETRIC_REPRESENTATION_CONTEXT ( 3 ) GLOBAL_UNCERTAINTY_ASSIGNED_CONTEXT ( ( #6381 ) ) GLOBAL_UNIT_ASSIGNED_CONTEXT ( ( #1487, #2511, #2550 ) ) REPRESENTATION_CONTEXT ( 'NONE', 'WORKASPACE' ) );
#2707 = VECTOR ( 'NONE', #1171, 1000.000000000000000 ) ;
#2708 = ORIENTED_EDGE ( 'NONE', *, *, #4266, .F. ) ;
#2710 = DIRECTION ( 'NONE',  ( -0.000000000000000000, -1.000000000000000000, -0.000000000000000000 ) ) ;
#2709 = FACE_OUTER_BOUND ( 'NONE', #3281, .T. ) ;
#2711 = ORIENTED_EDGE ( 'NONE', *, *, #6105, .T. ) ;
#2712 = CARTESIAN_POINT ( 'NONE',  ( -0.3749999999999991118, 0.000000000000000000, 0.6749999999999999334 ) ) ;
#2713 = DIRECTION ( 'NONE',  ( 0.000000000000000000, 1.000000000000000000, 0.000000000000000000 ) ) ;
#2714 = EDGE_CURVE ( 'NONE', #2041, #2779, #3929, .T. ) ;
#2715 = SURFACE_STYLE_FILL_AREA ( #3961 ) ;
#2716 = MECHANICAL_DESIGN_GEOMETRIC_PRESENTATION_REPRESENTATION (  '', ( #255 ), #656 ) ;
#2717 = CARTESIAN_POINT ( 'NONE',  ( -0.3749999999999991118, 0.2000000000000000111, 0.6749999999999999334 ) ) ;
#2718 = LINE ( 'NONE', #1057, #631 ) ;
#2719 = AXIS2_PLACEMENT_3D ( 'NONE', #4466, #2863, #1304 ) ;
#2720 = ORIENTED_EDGE ( 'NONE', *, *, #6750, .T. ) ;
#2721 = VECTOR ( 'NONE', #205, 1000.000000000000000 ) ;
#2722 = VERTEX_POINT ( 'NONE', #182 ) ;
#2723 = DIRECTION ( 'NONE',  ( 0.000000000000000000, -1.000000000000000000, 0.000000000000000000 ) ) ;
#2724 = CARTESIAN_POINT ( 'NONE',  ( 0.9250000000000001554, 0.7367727638395971113, -0.1249999999999998890 ) ) ;
#2725 = DIRECTION ( 'NONE',  ( -1.000000000000000000, 0.000000000000000000, -8.673617379884037444E-16 ) ) ;
#2726 = ADVANCED_FACE ( 'NONE', ( #3840 ), #3817, .F. ) ;
#2727 = DIRECTION ( 'NONE',  ( -1.000000000000000000, 0.000000000000000000, 4.336808689942018722E-16 ) ) ;
#2728 = DIRECTION ( 'NONE',  ( -0.000000000000000000, 0.000000000000000000, 1.000000000000000000 ) ) ;
#2729 = LINE ( 'NONE', #183, #2469 ) ;
#2730 = LINE ( 'NONE', #5824, #5026 ) ;
#2731 = ORIENTED_EDGE ( 'NONE', *, *, #2807, .T. ) ;
#2732 = EDGE_CURVE ( 'NONE', #1644, #2371, #3821, .T. ) ;
#2733 = PLANE ( 'NONE',  #3491 ) ;
#2734 = SURFACE_STYLE_FILL_AREA ( #3646 ) ;
#2735 = ORIENTED_EDGE ( 'NONE', *, *, #358, .F. ) ;
#2736 = DIRECTION ( 'NONE',  ( -0.000000000000000000, -1.000000000000000000, -0.000000000000000000 ) ) ;
#2737 = DIRECTION ( 'NONE',  ( 1.000000000000000000, 0.000000000000000000, 2.282530889443167515E-16 ) ) ;
#2738 = LINE ( 'NONE', #6270, #4794 ) ;
#2739 = LINE ( 'NONE', #2148, #804 ) ;
#2740 = DIRECTION ( 'NONE',  ( 1.000000000000000000, 0.000000000000000000, -0.000000000000000000 ) ) ;
#2741 = ORIENTED_EDGE ( 'NONE', *, *, #2338, .F. ) ;
#2742 = DIRECTION ( 'NONE',  ( 0.000000000000000000, -1.000000000000000000, 0.000000000000000000 ) ) ;
#2743 = VERTEX_POINT ( 'NONE', #3266 ) ;
#2744 = CARTESIAN_POINT ( 'NONE',  ( -1.227272727272726627, 0.6399999999999999023, -0.8522727272727266268 ) ) ;
#2745 = CARTESIAN_POINT ( 'NONE',  ( -0.3749999999999992228, 0.2000000000000000111, -1.149999999999999911 ) ) ;
#2746 = LINE ( 'NONE', #6226, #2433 ) ;
#2747 = CLOSED_SHELL ( 'NONE', ( #2840, #157, #4189, #1934, #6366, #4688 ) ) ;
#2749 = DIRECTION ( 'NONE',  ( 0.000000000000000000, 1.000000000000000000, 0.000000000000000000 ) ) ;
#2748 = VECTOR ( 'NONE', #5614, 1000.000000000000000 ) ;
#2750 = EDGE_LOOP ( 'NONE', ( #6488, #1668, #4170, #4037 ) ) ;
#2751 = DIRECTION ( 'NONE',  ( -1.000000000000000000, 0.000000000000000000, -0.000000000000000000 ) ) ;
#2752 = CARTESIAN_POINT ( 'NONE',  ( -0.9250000000000000444, 0.1999999999999999833, -0.8749999999999998890 ) ) ;
#2753 = LINE ( 'NONE', #4871, #666 ) ;
#2754 = CARTESIAN_POINT ( 'NONE',  ( 0.9250000000000000444, 0.1999999999999999833, -0.3749999999999998890 ) ) ;
#2755 = AXIS2_PLACEMENT_3D ( 'NONE', #5485, #4452, #4265 ) ;
#2756 = VECTOR ( 'NONE', #6065, 1000.000000000000000 ) ;
#2757 = EDGE_LOOP ( 'NONE', ( #5643, #2438, #3360, #240 ) ) ;
#2758 = VERTEX_POINT ( 'NONE', #597 ) ;
#2759 = DIRECTION ( 'NONE',  ( 0.000000000000000000, -1.000000000000000000, 0.000000000000000000 ) ) ;
#2760 = CARTESIAN_POINT ( 'NONE',  ( -1.399999999999999911, 0.1999999999999999833, -0.1249999999999997918 ) ) ;
#2761 = CARTESIAN_POINT ( 'NONE',  ( -0.9250000000000000444, 0.7367727638395971113, 0.6250000000000001110 ) ) ;
#2762 = CARTESIAN_POINT ( 'NONE',  ( -0.3749999999999992228, 0.000000000000000000, -0.6749999999999999334 ) ) ;
#2763 = CARTESIAN_POINT ( 'NONE',  ( -1.227272727272726627, 0.7399999999999999911, -0.9772727272727270709 ) ) ;
#2764 = EDGE_CURVE ( 'NONE', #4182, #535, #1624, .T. ) ;
#2765 = LINE ( 'NONE', #6570, #879 ) ;
#2766 = ORIENTED_EDGE ( 'NONE', *, *, #5666, .T. ) ;
#2767 = LINE ( 'NONE', #6836, #5086 ) ;
#2768 = ORIENTED_EDGE ( 'NONE', *, *, #5080, .F. ) ;
#2769 = DIRECTION ( 'NONE',  ( 0.000000000000000000, 0.000000000000000000, -1.000000000000000000 ) ) ;
#2770 = ADVANCED_FACE ( 'NONE', ( #6150 ), #2354, .F. ) ;
#2771 = FILL_AREA_STYLE_COLOUR ( '', #1839 ) ;
#2772 = LINE ( 'NONE', #2891, #2884 ) ;
#2773 = EDGE_CURVE ( 'NONE', #4073, #1277, #1552, .T. ) ;
#2774 = DIRECTION ( 'NONE',  ( 0.000000000000000000, 0.000000000000000000, -1.000000000000000000 ) ) ;
#2775 = ORIENTED_EDGE ( 'NONE', *, *, #5272, .T. ) ;
#2776 = EDGE_CURVE ( 'NONE', #4259, #2679, #3865, .T. ) ;
#2777 = DIRECTION ( 'NONE',  ( 0.000000000000000000, -0.000000000000000000, 1.000000000000000000 ) ) ;
#2778 = FACE_BOUND ( 'NONE', #3386, .T. ) ;
#2779 = VERTEX_POINT ( 'NONE', #2760 ) ;
#2780 = DIRECTION ( 'NONE',  ( -4.336808689942017736E-16, 0.000000000000000000, -1.000000000000000000 ) ) ;
#2781 = AXIS2_PLACEMENT_3D ( 'NONE', #4541, #6629, #4456 ) ;
#2782 = DIRECTION ( 'NONE',  ( -1.000000000000000000, 0.000000000000000000, 2.282530889443167515E-16 ) ) ;
#2783 = CARTESIAN_POINT ( 'NONE',  ( -0.3749999999999992228, 0.000000000000000000, -0.6749999999999999334 ) ) ;
#2784 = DIRECTION ( 'NONE',  ( 4.336808689942017736E-16, -0.000000000000000000, 1.000000000000000000 ) ) ;
#2785 = VECTOR ( 'NONE', #4618, 1000.000000000000000 ) ;
#2786 = LINE ( 'NONE', #1259, #5117 ) ;
#2787 = ORIENTED_EDGE ( 'NONE', *, *, #427, .F. ) ;
#2788 = CARTESIAN_POINT ( 'NONE',  ( 0.9250000000000001554, 0.1999999999999999833, -0.6249999999999998890 ) ) ;
#2789 = EDGE_CURVE ( 'NONE', #6566, #2008, #1656, .T. ) ;
#2790 = CARTESIAN_POINT ( 'NONE',  ( 0.9250000000000000444, 0.000000000000000000, -0.8749999999999998890 ) ) ;
#2791 = VERTEX_POINT ( 'NONE', #3315 ) ;
#2792 = EDGE_CURVE ( 'NONE', #1340, #1975, #6118, .T. ) ;
#2793 = PLANE ( 'NONE',  #874 ) ;
#2794 = AXIS2_PLACEMENT_3D ( 'NONE', #12, #3021, #5296 ) ;
#2795 = CARTESIAN_POINT ( 'NONE',  ( 0.3750000000000011102, 0.2000000000000000111, 1.149999999999999689 ) ) ;
#2796 = AXIS2_PLACEMENT_3D ( 'NONE', #4156, #411, #988 ) ;
#2797 = CARTESIAN_POINT ( 'NONE',  ( -0.9250000000000001554, 0.000000000000000000, -0.1249999999999998890 ) ) ;
#2798 = LINE ( 'NONE', #5865, #5115 ) ;
#2799 = DIRECTION ( 'NONE',  ( -2.282530889443168008E-16, 0.000000000000000000, -1.000000000000000000 ) ) ;
#2800 = LINE ( 'NONE', #4429, #5094 ) ;
#2801 = ORIENTED_EDGE ( 'NONE', *, *, #3621, .T. ) ;
#2802 = FACE_BOUND ( 'NONE', #3279, .T. ) ;
#2803 = ORIENTED_EDGE ( 'NONE', *, *, #5416, .F. ) ;
#2804 = DIRECTION ( 'NONE',  ( 1.000000000000000000, -0.000000000000000000, 8.673617379884037444E-16 ) ) ;
#2805 = CARTESIAN_POINT ( 'NONE',  ( -0.9250000000000001554, 0.7367727638395971113, -0.6249999999999998890 ) ) ;
#2806 = SURFACE_SIDE_STYLE ('',( #2715 ) ) ;
#2807 = EDGE_CURVE ( 'NONE', #5703, #716, #3833, .T. ) ;
#2808 = CARTESIAN_POINT ( 'NONE',  ( 0.1250000000000010270, 0.2000000000000000111, 1.149999999999999911 ) ) ;
#2809 = DIRECTION ( 'NONE',  ( -0.000000000000000000, 1.000000000000000000, -0.000000000000000000 ) ) ;
#2810 = LINE ( 'NONE', #4363, #652 ) ;
#2811 = CARTESIAN_POINT ( 'NONE',  ( -0.1249999999999989175, 0.1300000000000000044, 1.149999999999999689 ) ) ;
#2812 = EDGE_CURVE ( 'NONE', #1732, #4279, #1527, .T. ) ;
#2813 = CARTESIAN_POINT ( 'NONE',  ( -0.1249999999999990286, 0.2000000000000000111, 0.6750000000000000444 ) ) ;
#2814 = DIRECTION ( 'NONE',  ( -4.336808689942017736E-16, 0.000000000000000000, 1.000000000000000000 ) ) ;
#2815 = LINE ( 'NONE', #2507, #611 ) ;
#2816 = ORIENTED_EDGE ( 'NONE', *, *, #5666, .F. ) ;
#2817 = LINE ( 'NONE', #5943, #466 ) ;
#2818 = ORIENTED_EDGE ( 'NONE', *, *, #3068, .T. ) ;
#2819 = EDGE_CURVE ( 'NONE', #2779, #1003, #1866, .T. ) ;
#2820 = CARTESIAN_POINT ( 'NONE',  ( 0.9250000000000001554, 0.1999999999999999833, -0.1249999999999998890 ) ) ;
#2821 = LINE ( 'NONE', #4267, #5285 ) ;
#2822 = VERTEX_POINT ( 'NONE', #309 ) ;
#2823 = ADVANCED_FACE ( 'NONE', ( #6356 ), #5126, .T. ) ;
#2824 = VECTOR ( 'NONE', #2330, 1000.000000000000000 ) ;
#2825 = DIRECTION ( 'NONE',  ( -1.000000000000000000, 0.000000000000000000, 2.282530889443167515E-16 ) ) ;
#2826 = ORIENTED_EDGE ( 'NONE', *, *, #5620, .T. ) ;
#2827 = DIRECTION ( 'NONE',  ( 0.000000000000000000, 1.000000000000000000, 0.000000000000000000 ) ) ;
#2828 = LINE ( 'NONE', #918, #2748 ) ;
#2829 = VERTEX_POINT ( 'NONE', #357 ) ;
#2830 = EDGE_CURVE ( 'NONE', #6604, #1393, #1780, .T. ) ;
#2831 = DIRECTION ( 'NONE',  ( 8.673617379884037444E-16, 0.000000000000000000, -1.000000000000000000 ) ) ;
#2832 = ADVANCED_FACE ( 'NONE', ( #4030 ), #2569, .F. ) ;
#2833 = LINE ( 'NONE', #3143, #5082 ) ;
#2834 = ORIENTED_EDGE ( 'NONE', *, *, #5399, .F. ) ;
#2835 = LINE ( 'NONE', #543, #5053 ) ;
#2836 = VERTEX_POINT ( 'NONE', #6130 ) ;
#2837 = CARTESIAN_POINT ( 'NONE',  ( -0.9250000000000000444, 0.1999999999999999833, 0.6250000000000001110 ) ) ;
#2838 = VECTOR ( 'NONE', #3463, 1000.000000000000000 ) ;
#2839 = VERTEX_POINT ( 'NONE', #6802 ) ;
#2840 = ADVANCED_FACE ( 'NONE', ( #6342 ), #395, .F. ) ;
#2841 = AXIS2_PLACEMENT_3D ( 'NONE', #3489, #4334, #1642 ) ;
#2842 = CARTESIAN_POINT ( 'NONE',  ( 0.1250000000000007494, 0.1300000000000000044, -1.149999999999999911 ) ) ;
#2843 = AXIS2_PLACEMENT_3D ( 'NONE', #3428, #1429, #6186 ) ;
#2844 = DIRECTION ( 'NONE',  ( 1.000000000000000000, 0.000000000000000000, -8.673617379884035472E-17 ) ) ;
#2845 = VECTOR ( 'NONE', #4909, 1000.000000000000000 ) ;
#2846 = VERTEX_POINT ( 'NONE', #6179 ) ;
#2847 = EDGE_LOOP ( 'NONE', ( #1006, #4690, #2144, #6835 ) ) ;
#2848 = DIRECTION ( 'NONE',  ( 2.282530889443168501E-16, -0.000000000000000000, 1.000000000000000000 ) ) ;
#2849 = AXIS2_PLACEMENT_3D ( 'NONE', #1534, #2222, #2725 ) ;
#2850 = DIRECTION ( 'NONE',  ( 0.000000000000000000, 1.000000000000000000, 0.000000000000000000 ) ) ;
#2851 = PLANE ( 'NONE',  #5455 ) ;
#2852 = VECTOR ( 'NONE', #2401, 1000.000000000000000 ) ;
#2853 = DIRECTION ( 'NONE',  ( -1.000000000000000000, 0.000000000000000000, 2.282530889443167022E-16 ) ) ;
#2854 = VERTEX_POINT ( 'NONE', #1959 ) ;
#2855 = ORIENTED_EDGE ( 'NONE', *, *, #3767, .F. ) ;
#2856 = SURFACE_SIDE_STYLE ('',( #3246 ) ) ;
#2857 = DIRECTION ( 'NONE',  ( 0.000000000000000000, -1.000000000000000000, 0.000000000000000000 ) ) ;
#2858 = EDGE_CURVE ( 'NONE', #1765, #2118, #1819, .T. ) ;
#2859 = EDGE_CURVE ( 'NONE', #3525, #6162, #4127, .T. ) ;
#2860 = LINE ( 'NONE', #479, #688 ) ;
#2861 = AXIS2_PLACEMENT_3D ( 'NONE', #6734, #376, #1992 ) ;
#2862 = ORIENTED_EDGE ( 'NONE', *, *, #4519, .F. ) ;
#2863 = DIRECTION ( 'NONE',  ( 1.000000000000000000, 0.000000000000000000, 0.000000000000000000 ) ) ;
#2864 = FACE_BOUND ( 'NONE', #5847, .T. ) ;
#2865 = ORIENTED_EDGE ( 'NONE', *, *, #6789, .T. ) ;
#2866 = PLANE ( 'NONE',  #2139 ) ;
#2867 = PLANE ( 'NONE',  #3982 ) ;
#2868 = EDGE_CURVE ( 'NONE', #5599, #1948, #6428, .T. ) ;
#2869 = VECTOR ( 'NONE', #5783, 1000.000000000000000 ) ;
#2870 = LINE ( 'NONE', #1985, #2908 ) ;
#2871 = ORIENTED_EDGE ( 'NONE', *, *, #1033, .F. ) ;
#2872 = DIRECTION ( 'NONE',  ( -1.000000000000000000, 0.000000000000000000, -2.282530889443168008E-16 ) ) ;
#2873 = STYLED_ITEM ( 'NONE', ( #3788 ), #2688 ) ;
#2874 = EDGE_CURVE ( 'NONE', #405, #4375, #6308, .T. ) ;
#2876 =( LENGTH_UNIT ( ) NAMED_UNIT ( * ) SI_UNIT ( .MILLI., .METRE. ) );
#2875 = VECTOR ( 'NONE', #6384, 1000.000000000000000 ) ;
#2877 = EDGE_LOOP ( 'NONE', ( #5825, #1227, #2349, #3623 ) ) ;
#2878 = EDGE_CURVE ( 'NONE', #1435, #4041, #6391, .T. ) ;
#2879 = DIRECTION ( 'NONE',  ( 1.000000000000000000, 0.000000000000000000, -4.336808689942019215E-16 ) ) ;
#2880 = ADVANCED_FACE ( 'NONE', ( #1853 ), #2529, .T. ) ;
#2881 = PLANE ( 'NONE',  #5900 ) ;
#2882 = DIRECTION ( 'NONE',  ( 0.000000000000000000, -1.000000000000000000, 0.000000000000000000 ) ) ;
#2883 = DIRECTION ( 'NONE',  ( -1.000000000000000000, 0.000000000000000000, -0.000000000000000000 ) ) ;
#2884 = VECTOR ( 'NONE', #4142, 1000.000000000000000 ) ;
#2885 = VECTOR ( 'NONE', #4384, 1000.000000000000000 ) ;
#2886 = ORIENTED_EDGE ( 'NONE', *, *, #3127, .T. ) ;
#2887 = LINE ( 'NONE', #5665, #657 ) ;
#2888 = ORIENTED_EDGE ( 'NONE', *, *, #3027, .F. ) ;
#2889 = DIRECTION ( 'NONE',  ( -4.336808689942017736E-16, 0.000000000000000000, -1.000000000000000000 ) ) ;
#2890 = CARTESIAN_POINT ( 'NONE',  ( -1.399999999999999911, 0.7367727638395971113, 0.3750000000000002220 ) ) ;
#2891 = CARTESIAN_POINT ( 'NONE',  ( 0.9250000000000001554, 0.000000000000000000, -0.1249999999999998890 ) ) ;
#2892 = DIRECTION ( 'NONE',  ( 0.000000000000000000, 0.000000000000000000, -1.000000000000000000 ) ) ;
#2893 = LINE ( 'NONE', #4623, #2978 ) ;
#2894 = CARTESIAN_POINT ( 'NONE',  ( -0.9250000000000001554, 0.7367727638395971113, -0.6249999999999998890 ) ) ;
#2895 = EDGE_CURVE ( 'NONE', #5214, #24, #4098, .T. ) ;
#2896 = CARTESIAN_POINT ( 'NONE',  ( -0.6249999999999992228, 0.000000000000000000, -1.149999999999999689 ) ) ;
#2897 = ORIENTED_EDGE ( 'NONE', *, *, #4654, .T. ) ;
#2898 = LINE ( 'NONE', #2350, #5164 ) ;
#2899 = DIRECTION ( 'NONE',  ( -1.000000000000000000, 0.000000000000000000, -2.282530889443167515E-16 ) ) ;
#2900 = ORIENTED_EDGE ( 'NONE', *, *, #2213, .T. ) ;
#2901 = CARTESIAN_POINT ( 'NONE',  ( 0.9250000000000001554, 0.1300000000000000044, 0.8750000000000001110 ) ) ;
#2902 = CARTESIAN_POINT ( 'NONE',  ( 0.3750000000000009992, 0.000000000000000000, 0.6750000000000000444 ) ) ;
#2903 = ORIENTED_EDGE ( 'NONE', *, *, #2812, .T. ) ;
#2904 = LINE ( 'NONE', #1716, #2852 ) ;
#2905 = EDGE_LOOP ( 'NONE', ( #394, #3890, #4670, #4746 ) ) ;
#2906 = EDGE_CURVE ( 'NONE', #99, #6473, #4152, .T. ) ;
#2907 = EDGE_CURVE ( 'NONE', #1368, #2758, #4107, .T. ) ;
#2908 = VECTOR ( 'NONE', #371, 1000.000000000000000 ) ;
#2909 = EDGE_LOOP ( 'NONE', ( #3318, #3596, #1146, #1409 ) ) ;
#2910 = CARTESIAN_POINT ( 'NONE',  ( -0.9250000000000001554, 0.7367727638395971113, -0.1249999999999998890 ) ) ;
#2911 = LINE ( 'NONE', #6517, #5155 ) ;
#2912 = ORIENTED_EDGE ( 'NONE', *, *, #5380, .F. ) ;
#2914 = VERTEX_POINT ( 'NONE', #5780 ) ;
#2913 = DIRECTION ( 'NONE',  ( 0.000000000000000000, 0.000000000000000000, 1.000000000000000000 ) ) ;
#2915 = SURFACE_SIDE_STYLE ('',( #2734 ) ) ;
#2916 = VECTOR ( 'NONE', #6133, 1000.000000000000000 ) ;
#2917 = VERTEX_POINT ( 'NONE', #5168 ) ;
#2918 = FACE_OUTER_BOUND ( 'NONE', #4201, .T. ) ;
#2919 = ORIENTED_EDGE ( 'NONE', *, *, #3643, .T. ) ;
#2920 = CARTESIAN_POINT ( 'NONE',  ( 1.500000000000000000, 0.000000000000000000, 1.250000000000000000 ) ) ;
#2921 = DIRECTION ( 'NONE',  ( -1.000000000000000000, 0.000000000000000000, 4.336808689942019215E-16 ) ) ;
#2923 = CARTESIAN_POINT ( 'NONE',  ( 0.000000000000000000, 0.2000000000000000111, 1.000000000000000000 ) ) ;
#2922 = VECTOR ( 'NONE', #1955, 1000.000000000000000 ) ;
#2924 = ORIENTED_EDGE ( 'NONE', *, *, #1436, .T. ) ;
#2925 = CARTESIAN_POINT ( 'NONE',  ( -0.6249999999999992228, 0.1300000000000000044, -1.149999999999999689 ) ) ;
#2926 = ORIENTED_EDGE ( 'NONE', *, *, #13, .T. ) ;
#2927 = CIRCLE ( 'NONE', #5990, 0.1250000000000004441 ) ;
#2928 = DIRECTION ( 'NONE',  ( -1.000000000000000000, 0.000000000000000000, -4.336808689942017736E-16 ) ) ;
#2929 = EDGE_CURVE ( 'NONE', #6515, #4835, #1720, .T. ) ;
#2930 = VECTOR ( 'NONE', #4885, 1000.000000000000000 ) ;
#2931 = ORIENTED_EDGE ( 'NONE', *, *, #6421, .T. ) ;
#2932 = COLOUR_RGB ( '',0.7921568627450980005, 0.8196078431372548767, 0.9333333333333333481 ) ;
#2933 = ORIENTED_EDGE ( 'NONE', *, *, #3, .T. ) ;
#2934 = DIRECTION ( 'NONE',  ( -0.000000000000000000, -1.000000000000000000, -0.000000000000000000 ) ) ;
#2935 = FILL_AREA_STYLE_COLOUR ( '', #4762 ) ;
#2936 = ORIENTED_EDGE ( 'NONE', *, *, #2961, .T. ) ;
#2937 = CARTESIAN_POINT ( 'NONE',  ( 0.000000000000000000, 0.2000000000000000111, 1.500000000000000000 ) ) ;
#2938 = UNCERTAINTY_MEASURE_WITH_UNIT (LENGTH_MEASURE( 1.000000000000000082E-05 ), #3952, 'distance_accuracy_value', 'NONE');
#2939 = DIRECTION ( 'NONE',  ( -2.282530889443168008E-16, 0.000000000000000000, -1.000000000000000000 ) ) ;
#2940 = LINE ( 'NONE', #796, #5191 ) ;
#2941 = CARTESIAN_POINT ( 'NONE',  ( 0.3750000000000007772, 0.000000000000000000, -0.6749999999999998224 ) ) ;
#2942 = ORIENTED_EDGE ( 'NONE', *, *, #670, .F. ) ;
#2943 = FACE_OUTER_BOUND ( 'NONE', #6637, .T. ) ;
#2944 = ORIENTED_EDGE ( 'NONE', *, *, #979, .T. ) ;
#2945 = FACE_BOUND ( 'NONE', #2980, .T. ) ;
#2946 = CARTESIAN_POINT ( 'NONE',  ( -0.6249999999999990008, 0.2000000000000000111, 0.6750000000000000444 ) ) ;
#2947 = ORIENTED_EDGE ( 'NONE', *, *, #3844, .F. ) ;
#2948 = EDGE_CURVE ( 'NONE', #681, #5425, #6418, .T. ) ;
#2949 = PLANE ( 'NONE',  #739 ) ;
#2950 = ADVANCED_FACE ( 'NONE', ( #1743 ), #6838, .T. ) ;
#2951 = ORIENTED_EDGE ( 'NONE', *, *, #4248, .T. ) ;
#2952 = AXIS2_PLACEMENT_3D ( 'NONE', #4421, #2281, #2774 ) ;
#2953 = LINE ( 'NONE', #843, #5260 ) ;
#2954 = DIRECTION ( 'NONE',  ( -1.000000000000000000, 0.000000000000000000, 2.282530889443168008E-16 ) ) ;
#2955 = VECTOR ( 'NONE', #3478, 1000.000000000000000 ) ;
#2956 = PLANE ( 'NONE',  #176 ) ;
#2957 = ORIENTED_EDGE ( 'NONE', *, *, #5570, .T. ) ;
#2958 = CARTESIAN_POINT ( 'NONE',  ( 0.000000000000000000, 0.000000000000000000, 1.500000000000000000 ) ) ;
#2959 = SURFACE_STYLE_FILL_AREA ( #5033 ) ;
#2960 = ORIENTED_EDGE ( 'NONE', *, *, #1759, .F. ) ;
#2961 = EDGE_CURVE ( 'NONE', #4987, #6689, #1805, .T. ) ;
#2963 = ORIENTED_EDGE ( 'NONE', *, *, #5146, .T. ) ;
#2962 = CARTESIAN_POINT ( 'NONE',  ( -0.9250000000000000444, 0.7367727638395971113, -0.3749999999999998890 ) ) ;
#2964 = DIRECTION ( 'NONE',  ( 0.000000000000000000, -1.000000000000000000, 0.000000000000000000 ) ) ;
#2965 = FACE_OUTER_BOUND ( 'NONE', #6282, .T. ) ;
#2966 = ORIENTED_EDGE ( 'NONE', *, *, #1356, .T. ) ;
#2967 = EDGE_CURVE ( 'NONE', #4114, #4551, #1709, .T. ) ;
#2968 = MANIFOLD_SOLID_BREP ( 'LPattern3[1]', #5294 ) ;
#2969 = FACE_OUTER_BOUND ( 'NONE', #6394, .T. ) ;
#2970 = ORIENTED_EDGE ( 'NONE', *, *, #3836, .F. ) ;
#2971 = CARTESIAN_POINT ( 'NONE',  ( -0.9250000000000001554, 0.7367727638395971113, 0.8750000000000001110 ) ) ;
#2973 = DIRECTION ( 'NONE',  ( 0.000000000000000000, -0.000000000000000000, 1.000000000000000000 ) ) ;
#2972 = FACE_OUTER_BOUND ( 'NONE', #6307, .T. ) ;
#2974 = EDGE_LOOP ( 'NONE', ( #4298, #5456, #1045, #5910 ) ) ;
#2975 =( NAMED_UNIT ( * ) PLANE_ANGLE_UNIT ( ) SI_UNIT ( $, .RADIAN. ) );
#2976 = ORIENTED_EDGE ( 'NONE', *, *, #3937, .F. ) ;
#2977 = FILL_AREA_STYLE_COLOUR ( '', #1039 ) ;
#2979 = EDGE_CURVE ( 'NONE', #6596, #3485, #1756, .T. ) ;
#2978 = VECTOR ( 'NONE', #3473, 1000.000000000000000 ) ;
#2980 = EDGE_LOOP ( 'NONE', ( #1478, #6224, #5, #3866 ) ) ;
#2981 = CARTESIAN_POINT ( 'NONE',  ( 0.9250000000000001554, 0.1999999999999999833, -0.6249999999999998890 ) ) ;
#2982 = LINE ( 'NONE', #6289, #3160 ) ;
#2983 = ORIENTED_EDGE ( 'NONE', *, *, #2490, .F. ) ;
#2984 = DIRECTION ( 'NONE',  ( 0.000000000000000000, 0.000000000000000000, -1.000000000000000000 ) ) ;
#2985 = LINE ( 'NONE', #4961, #3091 ) ;
#2986 = ORIENTED_EDGE ( 'NONE', *, *, #3213, .F. ) ;
#2987 = DIRECTION ( 'NONE',  ( -1.000000000000000000, 0.000000000000000000, 4.336808689942019215E-16 ) ) ;
#2988 = EDGE_CURVE ( 'NONE', #4544, #1010, #1897, .T. ) ;
#2989 = CARTESIAN_POINT ( 'NONE',  ( -0.1249999999999989175, 0.7367727638395973333, 1.149999999999999689 ) ) ;
#2990 = ORIENTED_EDGE ( 'NONE', *, *, #3345, .T. ) ;
#2991 =( NAMED_UNIT ( * ) PLANE_ANGLE_UNIT ( ) SI_UNIT ( $, .RADIAN. ) );
#2992 = CARTESIAN_POINT ( 'NONE',  ( -0.3749999999999990008, 0.000000000000000000, 1.149999999999999911 ) ) ;
#2993 = PLANE ( 'NONE',  #2097 ) ;
#2994 = VECTOR ( 'NONE', #2547, 1000.000000000000000 ) ;
#2995 = CARTESIAN_POINT ( 'NONE',  ( -0.1249999999999990286, 0.2000000000000000111, 0.6750000000000000444 ) ) ;
#2996 = ORIENTED_EDGE ( 'NONE', *, *, #6067, .T. ) ;
#2997 = CARTESIAN_POINT ( 'NONE',  ( -0.9250000000000001554, 0.7367727638395971113, 0.8750000000000001110 ) ) ;
#2998 = FACE_OUTER_BOUND ( 'NONE', #2171, .T. ) ;
#2999 = ORIENTED_EDGE ( 'NONE', *, *, #2858, .T. ) ;
#3000 = FACE_OUTER_BOUND ( 'NONE', #5017, .T. ) ;
#3001 = ORIENTED_EDGE ( 'NONE', *, *, #3815, .F. ) ;
#3002 = CARTESIAN_POINT ( 'NONE',  ( 0.6250000000000009992, 0.000000000000000000, 0.6749999999999999334 ) ) ;
#3003 = VERTEX_POINT ( 'NONE', #2661 ) ;
#3004 = AXIS2_PLACEMENT_3D ( 'NONE', #6395, #3426, #1051 ) ;
#3005 = VECTOR ( 'NONE', #3851, 1000.000000000000000 ) ;
#3006 = ORIENTED_EDGE ( 'NONE', *, *, #904, .F. ) ;
#3007 = VECTOR ( 'NONE', #1343, 1000.000000000000000 ) ;
#3008 = CARTESIAN_POINT ( 'NONE',  ( -0.9250000000000000444, 0.7367727638395971113, 0.1250000000000001110 ) ) ;
#3009 = DIRECTION ( 'NONE',  ( 0.000000000000000000, -1.000000000000000000, 0.000000000000000000 ) ) ;
#3010 = EDGE_LOOP ( 'NONE', ( #2681, #4566, #5595, #4813 ) ) ;
#3011 = LINE ( 'NONE', #1060, #3103 ) ;
#3012 = ORIENTED_EDGE ( 'NONE', *, *, #1319, .F. ) ;
#3013 = STYLED_ITEM ( 'NONE', ( #197 ), #3802 ) ;
#3015 = VERTEX_POINT ( 'NONE', #3750 ) ;
#3014 = CARTESIAN_POINT ( 'NONE',  ( -0.9250000000000000444, 0.7367727638395971113, 0.6250000000000001110 ) ) ;
#3016 = DIRECTION ( 'NONE',  ( -2.282530889443167022E-16, 0.000000000000000000, -1.000000000000000000 ) ) ;
#3017 = VECTOR ( 'NONE', #6589, 1000.000000000000000 ) ;
#3018 = ORIENTED_EDGE ( 'NONE', *, *, #978, .F. ) ;
#3019 = FACE_OUTER_BOUND ( 'NONE', #4094, .T. ) ;
#3020 = VERTEX_POINT ( 'NONE', #4842 ) ;
#3021 = DIRECTION ( 'NONE',  ( -1.000000000000000000, 0.000000000000000000, 2.282530889443167022E-16 ) ) ;
#3023 = CARTESIAN_POINT ( 'NONE',  ( -0.3749999999999992228, 0.7367727638395973333, -1.149999999999999911 ) ) ;
#3022 = VECTOR ( 'NONE', #430, 1000.000000000000000 ) ;
#3024 = ORIENTED_EDGE ( 'NONE', *, *, #5028, .T. ) ;
#3025 = CARTESIAN_POINT ( 'NONE',  ( -0.9250000000000001554, 0.1300000000000000044, -0.6249999999999998890 ) ) ;
#3026 = EDGE_LOOP ( 'NONE', ( #808, #5413, #5103, #5170 ) ) ;
#3027 = EDGE_CURVE ( 'NONE', #1540, #4428, #1914, .T. ) ;
#3028 = DIRECTION ( 'NONE',  ( -2.282530889443167515E-16, 0.000000000000000000, 1.000000000000000000 ) ) ;
#3029 = VECTOR ( 'NONE', #5453, 1000.000000000000000 ) ;
#3030 = ORIENTED_EDGE ( 'NONE', *, *, #4400, .F. ) ;
#3031 = CARTESIAN_POINT ( 'NONE',  ( 1.000000000000000000, 0.2000000000000000111, 0.000000000000000000 ) ) ;
#3032 = ADVANCED_FACE ( 'NONE', ( #1730 ), #4799, .T. ) ;
#3033 = CARTESIAN_POINT ( 'NONE',  ( -0.9250000000000000444, 0.1300000000000000044, -0.7749999999999992450 ) ) ;
#3034 = AXIS2_PLACEMENT_3D ( 'NONE', #4646, #1042, #4072 ) ;
#3035 = PLANE ( 'NONE',  #2560 ) ;
#3036 = LINE ( 'NONE', #4161, #838 ) ;
#3037 = AXIS2_PLACEMENT_3D ( 'NONE', #6445, #3228, #70 ) ;
#3038 = ORIENTED_EDGE ( 'NONE', *, *, #4820, .F. ) ;
#3039 = LINE ( 'NONE', #3662, #5330 ) ;
#3040 = ORIENTED_EDGE ( 'NONE', *, *, #6319, .T. ) ;
#3041 = ORIENTED_EDGE ( 'NONE', *, *, #4400, .T. ) ;
#3042 = DIRECTION ( 'NONE',  ( -1.000000000000000000, 0.000000000000000000, -0.000000000000000000 ) ) ;
#3043 = DIRECTION ( 'NONE',  ( 1.000000000000000000, 0.000000000000000000, -2.282530889443168501E-16 ) ) ;
#3044 = ORIENTED_EDGE ( 'NONE', *, *, #6805, .T. ) ;
#3045 = ADVANCED_FACE ( 'NONE', ( #1931 ), #5877, .T. ) ;
#3046 = CARTESIAN_POINT ( 'NONE',  ( -0.3749999999999990008, 0.1999999999999999833, 1.149999999999999911 ) ) ;
#3047 = EDGE_CURVE ( 'NONE', #3355, #5165, #4234, .T. ) ;
#3048 = CARTESIAN_POINT ( 'NONE',  ( -1.399999999999999911, 0.1300000000000000044, -0.1249999999999997918 ) ) ;
#3049 = LINE ( 'NONE', #6806, #3071 ) ;
#3050 = DIRECTION ( 'NONE',  ( -1.000000000000000000, 0.000000000000000000, -0.000000000000000000 ) ) ;
#3051 = CARTESIAN_POINT ( 'NONE',  ( 1.399999999999999911, 0.1300000000000000044, 0.6250000000000002220 ) ) ;
#3052 = LINE ( 'NONE', #4478, #5353 ) ;
#3053 = ORIENTED_EDGE ( 'NONE', *, *, #4388, .F. ) ;
#3054 = AXIS2_PLACEMENT_3D ( 'NONE', #6451, #3795, #573 ) ;
#3055 = ADVANCED_FACE ( 'NONE', ( #6535 ), #571, .F. ) ;
#3056 = ORIENTED_EDGE ( 'NONE', *, *, #5428, .T. ) ;
#3057 = CARTESIAN_POINT ( 'NONE',  ( -0.6249999999999990008, 0.1300000000000000044, 0.6750000000000000444 ) ) ;
#3058 = ORIENTED_EDGE ( 'NONE', *, *, #4802, .F. ) ;
#3059 = DIRECTION ( 'NONE',  ( -1.000000000000000000, 0.000000000000000000, 0.000000000000000000 ) ) ;
#3060 = LINE ( 'NONE', #1511, #5350 ) ;
#3061 = DIRECTION ( 'NONE',  ( 0.000000000000000000, -1.000000000000000000, 0.000000000000000000 ) ) ;
#3062 = LINE ( 'NONE', #3033, #3185 ) ;
#3063 = CARTESIAN_POINT ( 'NONE',  ( 1.399999999999999911, 0.000000000000000000, 0.8750000000000002220 ) ) ;
#3064 = FILL_AREA_STYLE ('',( #6242 ) ) ;
#3065 = ORIENTED_EDGE ( 'NONE', *, *, #1229, .F. ) ;
#3066 = LINE ( 'NONE', #1594, #710 ) ;
#3067 = EDGE_LOOP ( 'NONE', ( #1636, #1458, #2525, #4108 ) ) ;
#3068 = EDGE_CURVE ( 'NONE', #3095, #5972, #4019, .T. ) ;
#3069 = ORIENTED_EDGE ( 'NONE', *, *, #3523, .F. ) ;
#3070 = DIRECTION ( 'NONE',  ( 0.000000000000000000, -1.000000000000000000, -0.000000000000000000 ) ) ;
#3071 = VECTOR ( 'NONE', #3283, 1000.000000000000000 ) ;
#3072 = EDGE_CURVE ( 'NONE', #6338, #4220, #4074, .T. ) ;
#3073 = VECTOR ( 'NONE', #3180, 1000.000000000000000 ) ;
#3074 = ORIENTED_EDGE ( 'NONE', *, *, #4009, .T. ) ;
#3075 = CARTESIAN_POINT ( 'NONE',  ( -0.6249999999999992228, 0.1300000000000000044, -0.6749999999999998224 ) ) ;
#3076 = CARTESIAN_POINT ( 'NONE',  ( 0.9250000000000001554, 0.000000000000000000, 0.3750000000000001110 ) ) ;
#3078 = DIRECTION ( 'NONE',  ( -0.000000000000000000, -1.000000000000000000, -0.000000000000000000 ) ) ;
#3077 = LINE ( 'NONE', #519, #3162 ) ;
#3079 = ORIENTED_EDGE ( 'NONE', *, *, #869, .F. ) ;
#3080 = EDGE_LOOP ( 'NONE', ( #6407, #4020, #1701, #5182 ) ) ;
#3081 = CARTESIAN_POINT ( 'NONE',  ( 0.9250000000000001554, 0.1999999999999999833, -0.1249999999999998890 ) ) ;
#3082 = ORIENTED_EDGE ( 'NONE', *, *, #4184, .F. ) ;
#3083 = DIRECTION ( 'NONE',  ( 0.000000000000000000, 0.000000000000000000, -1.000000000000000000 ) ) ;
#3084 = LINE ( 'NONE', #2067, #3119 ) ;
#3085 = DIRECTION ( 'NONE',  ( -1.000000000000000000, -0.000000000000000000, -2.282530889443167515E-16 ) ) ;
#3086 = CARTESIAN_POINT ( 'NONE',  ( 1.399999999999999911, 0.1300000000000000044, 0.8750000000000002220 ) ) ;
#3087 = DIRECTION ( 'NONE',  ( 2.282530889443167515E-16, -0.000000000000000000, 1.000000000000000000 ) ) ;
#3088 = EDGE_CURVE ( 'NONE', #4889, #4117, #1769, .T. ) ;
#3089 = VECTOR ( 'NONE', #548, 1000.000000000000000 ) ;
#3090 = ORIENTED_EDGE ( 'NONE', *, *, #1999, .F. ) ;
#3091 = VECTOR ( 'NONE', #3431, 1000.000000000000000 ) ;
#3092 = EDGE_LOOP ( 'NONE', ( #4437, #6588, #1124, #1079 ) ) ;
#3093 = CARTESIAN_POINT ( 'NONE',  ( -0.6249999999999990008, 0.7367727638395973333, 0.6750000000000000444 ) ) ;
#3094 = CARTESIAN_POINT ( 'NONE',  ( -0.9250000000000000444, 0.1999999999999999833, -0.3749999999999998890 ) ) ;
#3095 = VERTEX_POINT ( 'NONE', #1873 ) ;
#3096 = DIRECTION ( 'NONE',  ( 0.000000000000000000, -0.000000000000000000, 1.000000000000000000 ) ) ;
#3097 = LINE ( 'NONE', #663, #3108 ) ;
#3098 = CARTESIAN_POINT ( 'NONE',  ( 0.3750000000000009992, 0.2000000000000000111, 0.6750000000000000444 ) ) ;
#3099 = FACE_OUTER_BOUND ( 'NONE', #5326, .T. ) ;
#3100 = ORIENTED_EDGE ( 'NONE', *, *, #6634, .T. ) ;
#3101 = AXIS2_PLACEMENT_3D ( 'NONE', #324, #4728, #5234 ) ;
#3102 = AXIS2_PLACEMENT_3D ( 'NONE', #2535, #3050, #5381 ) ;
#3103 = VECTOR ( 'NONE', #3231, 1000.000000000000000 ) ;
#3104 = ORIENTED_EDGE ( 'NONE', *, *, #3784, .F. ) ;
#3105 = CARTESIAN_POINT ( 'NONE',  ( 0.1250000000000007494, 0.000000000000000000, -0.6749999999999999334 ) ) ;
#3106 = ORIENTED_EDGE ( 'NONE', *, *, #2191, .F. ) ;
#3107 = ADVANCED_FACE ( 'NONE', ( #6766 ), #5919, .F. ) ;
#3108 = VECTOR ( 'NONE', #1303, 1000.000000000000000 ) ;
#3109 = DIRECTION ( 'NONE',  ( 0.000000000000000000, 0.000000000000000000, 1.000000000000000000 ) ) ;
#3110 = LINE ( 'NONE', #148, #5410 ) ;
#3111 = PLANE ( 'NONE',  #3755 ) ;
#3112 = SURFACE_SIDE_STYLE ('',( #248 ) ) ;
#3113 = VERTEX_POINT ( 'NONE', #3280 ) ;
#3114 = VECTOR ( 'NONE', #6354, 1000.000000000000000 ) ;
#3115 = ADVANCED_FACE ( 'NONE', ( #4255 ), #5408, .F. ) ;
#3116 = EDGE_LOOP ( 'NONE', ( #6023, #6292, #3994, #1851 ) ) ;
#3117 = ORIENTED_EDGE ( 'NONE', *, *, #419, .F. ) ;
#3118 = DIRECTION ( 'NONE',  ( -1.000000000000000000, 0.000000000000000000, -2.282530889443167515E-16 ) ) ;
#3119 = VECTOR ( 'NONE', #5922, 1000.000000000000000 ) ;
#3120 = VECTOR ( 'NONE', #5049, 1000.000000000000000 ) ;
#3121 = ORIENTED_EDGE ( 'NONE', *, *, #4145, .F. ) ;
#3122 = DIRECTION ( 'NONE',  ( -4.336808689942017736E-16, 0.000000000000000000, -1.000000000000000000 ) ) ;
#3123 = CARTESIAN_POINT ( 'NONE',  ( -0.1249999999999992506, 0.000000000000000000, -0.6749999999999998224 ) ) ;
#3124 = EDGE_CURVE ( 'NONE', #2791, #3941, #4309, .T. ) ;
#3125 = FACE_OUTER_BOUND ( 'NONE', #4841, .T. ) ;
#3126 = ORIENTED_EDGE ( 'NONE', *, *, #3816, .F. ) ;
#3127 = EDGE_CURVE ( 'NONE', #276, #4163, #1971, .T. ) ;
#3128 = CARTESIAN_POINT ( 'NONE',  ( -1.399999999999999911, 0.7367727638395971113, -0.6249999999999997780 ) ) ;
#3129 = ORIENTED_EDGE ( 'NONE', *, *, #3532, .T. ) ;
#3130 = CARTESIAN_POINT ( 'NONE',  ( 0.3750000000000007772, 0.2000000000000000111, -0.6749999999999998224 ) ) ;
#3131 = AXIS2_PLACEMENT_3D ( 'NONE', #637, #5124, #3411 ) ;
#3132 = CARTESIAN_POINT ( 'NONE',  ( -0.9250000000000001554, 0.1300000000000000044, -0.1249999999999998890 ) ) ;
#3133 = VECTOR ( 'NONE', #1118, 1000.000000000000000 ) ;
#3134 = CARTESIAN_POINT ( 'NONE',  ( -0.3749999999999992228, 0.1300000000000000044, -0.6749999999999999334 ) ) ;
#3135 = DIRECTION ( 'NONE',  ( 0.000000000000000000, 1.000000000000000000, 0.000000000000000000 ) ) ;
#3136 = CARTESIAN_POINT ( 'NONE',  ( 1.500000000000000000, 0.1299999999999998934, 1.250000000000000000 ) ) ;
#3137 = FACE_OUTER_BOUND ( 'NONE', #1000, .T. ) ;
#3138 = LINE ( 'NONE', #4796, #914 ) ;
#3139 = EDGE_LOOP ( 'NONE', ( #2625, #367, #3260, #6151 ) ) ;
#3140 = ADVANCED_FACE ( 'NONE', ( #4432 ), #4155, .F. ) ;
#3141 = DIRECTION ( 'NONE',  ( -0.000000000000000000, -1.000000000000000000, -0.000000000000000000 ) ) ;
#3142 = EDGE_CURVE ( 'NONE', #6827, #2179, #2071, .T. ) ;
#3143 = CARTESIAN_POINT ( 'NONE',  ( 0.6250000000000009992, 0.1300000000000000044, 1.149999999999999911 ) ) ;
#3144 = ORIENTED_EDGE ( 'NONE', *, *, #5428, .F. ) ;
#3145 = STYLED_ITEM ( 'NONE', ( #5935 ), #2452 ) ;
#3146 = PLANE ( 'NONE',  #1731 ) ;
#3147 = AXIS2_PLACEMENT_3D ( 'NONE', #2240, #2202, #2777 ) ;
#3148 = CARTESIAN_POINT ( 'NONE',  ( -0.9250000000000001554, 0.1300000000000000044, -0.6249999999999998890 ) ) ;
#3149 = LINE ( 'NONE', #5730, #3192 ) ;
#3150 = DIRECTION ( 'NONE',  ( 4.336808689942017736E-16, -0.000000000000000000, 1.000000000000000000 ) ) ;
#3151 = EDGE_CURVE ( 'NONE', #2914, #6322, #4270, .T. ) ;
#3152 = VECTOR ( 'NONE', #5104, 1000.000000000000000 ) ;
#3153 = LINE ( 'NONE', #3324, #927 ) ;
#3154 = ORIENTED_EDGE ( 'NONE', *, *, #5365, .T. ) ;
#3155 = DIRECTION ( 'NONE',  ( 0.000000000000000000, -1.000000000000000000, 0.000000000000000000 ) ) ;
#3156 = VERTEX_POINT ( 'NONE', #4591 ) ;
#3157 = CARTESIAN_POINT ( 'NONE',  ( -0.6249999999999988898, 0.1300000000000000044, 1.149999999999999689 ) ) ;
#3159 = EDGE_CURVE ( 'NONE', #3849, #3679, #4501, .T. ) ;
#3158 = VECTOR ( 'NONE', #482, 1000.000000000000000 ) ;
#3160 = VECTOR ( 'NONE', #1524, 1000.000000000000000 ) ;
#3161 = DIRECTION ( 'NONE',  ( 2.282530889443168008E-16, 0.000000000000000000, -1.000000000000000000 ) ) ;
#3162 = VECTOR ( 'NONE', #5721, 1000.000000000000000 ) ;
#3163 = ORIENTED_EDGE ( 'NONE', *, *, #4576, .T. ) ;
#3165 = ORIENTED_EDGE ( 'NONE', *, *, #1704, .T. ) ;
#3164 = PLANE ( 'NONE',  #447 ) ;
#3166 = DIRECTION ( 'NONE',  ( 4.336808689942017736E-16, 0.000000000000000000, -1.000000000000000000 ) ) ;
#3167 = LINE ( 'NONE', #2158, #5430 ) ;
#3168 = LINE ( 'NONE', #3076, #889 ) ;
#3169 = CARTESIAN_POINT ( 'NONE',  ( 0.6250000000000007772, 0.000000000000000000, -1.149999999999999911 ) ) ;
#3170 = DIRECTION ( 'NONE',  ( 0.000000000000000000, 0.000000000000000000, -1.000000000000000000 ) ) ;
#3172 = DIRECTION ( 'NONE',  ( 0.7071067811865467956, -0.000000000000000000, 0.7071067811865483499 ) ) ;
#3171 = LINE ( 'NONE', #2272, #841 ) ;
#3173 = ADVANCED_FACE ( 'NONE', ( #2024 ), #4109, .T. ) ;
#3174 = DIRECTION ( 'NONE',  ( 1.000000000000000000, 0.000000000000000000, -4.336808689942019215E-16 ) ) ;
#3175 = CARTESIAN_POINT ( 'NONE',  ( 0.9250000000000000444, 0.000000000000000000, -0.8749999999999998890 ) ) ;
#3176 = ORIENTED_EDGE ( 'NONE', *, *, #6653, .F. ) ;
#3177 = DIRECTION ( 'NONE',  ( 1.000000000000000000, 0.000000000000000000, 2.282530889443167515E-16 ) ) ;
#3178 = CARTESIAN_POINT ( 'NONE',  ( -0.6249999999999988898, 0.1999999999999999833, 1.149999999999999689 ) ) ;
#3179 = VECTOR ( 'NONE', #4845, 1000.000000000000000 ) ;
#3180 = DIRECTION ( 'NONE',  ( 1.000000000000000000, -0.000000000000000000, 2.282530889443168008E-16 ) ) ;
#3181 = DIRECTION ( 'NONE',  ( 0.000000000000000000, -0.000000000000000000, 1.000000000000000000 ) ) ;
#3182 = MANIFOLD_SOLID_BREP ( 'PIN1', #674 ) ;
#3183 = DIRECTION ( 'NONE',  ( -1.000000000000000000, 0.000000000000000000, -2.282530889443167515E-16 ) ) ;
#3184 = ADVANCED_FACE ( 'NONE', ( #1994 ), #5098, .T. ) ;
#3185 = VECTOR ( 'NONE', #2479, 1000.000000000000000 ) ;
#3186 = LINE ( 'NONE', #2150, #3114 ) ;
#3187 = DIRECTION ( 'NONE',  ( 0.000000000000000000, -1.000000000000000000, 0.000000000000000000 ) ) ;
#3188 = EDGE_CURVE ( 'NONE', #3598, #3670, #2162, .T. ) ;
#3189 = ORIENTED_EDGE ( 'NONE', *, *, #4419, .T. ) ;
#3190 = PRESENTATION_LAYER_ASSIGNMENT (  '', '', ( #1972 ) ) ;
#3191 = CARTESIAN_POINT ( 'NONE',  ( -1.499999999999999556, 0.7400000000000002132, -1.250000000000000000 ) ) ;
#3192 = VECTOR ( 'NONE', #1600, 1000.000000000000000 ) ;
#3193 = CARTESIAN_POINT ( 'NONE',  ( -0.1249999999999990286, 0.2000000000000000111, 0.6750000000000000444 ) ) ;
#3194 = DIRECTION ( 'NONE',  ( -2.282530889443167022E-16, -0.000000000000000000, -1.000000000000000000 ) ) ;
#3195 = LINE ( 'NONE', #470, #3073 ) ;
#3196 = VERTEX_POINT ( 'NONE', #2634 ) ;
#3197 = VECTOR ( 'NONE', #2612, 1000.000000000000000 ) ;
#3198 = CARTESIAN_POINT ( 'NONE',  ( -0.3749999999999992228, 0.1300000000000000044, -0.6749999999999999334 ) ) ;
#3199 = ORIENTED_EDGE ( 'NONE', *, *, #2593, .F. ) ;
#3200 = PLANE ( 'NONE',  #6608 ) ;
#3201 = VECTOR ( 'NONE', #3754, 1000.000000000000000 ) ;
#3202 = CARTESIAN_POINT ( 'NONE',  ( 0.3750000000000007772, 0.1999999999999999833, -1.149999999999999689 ) ) ;
#3203 = ORIENTED_EDGE ( 'NONE', *, *, #6732, .T. ) ;
#3204 = VECTOR ( 'NONE', #6832, 1000.000000000000000 ) ;
#3205 = CARTESIAN_POINT ( 'NONE',  ( 0.1250000000000007494, 0.2000000000000000111, -1.149999999999999911 ) ) ;
#3206 = ORIENTED_EDGE ( 'NONE', *, *, #4993, .F. ) ;
#3207 = LINE ( 'NONE', #4663, #732 ) ;
#3209 = ORIENTED_EDGE ( 'NONE', *, *, #6216, .T. ) ;
#3208 = CARTESIAN_POINT ( 'NONE',  ( 1.399999999999999911, 0.7367727638395971113, 0.3750000000000002220 ) ) ;
#3210 = CARTESIAN_POINT ( 'NONE',  ( 0.000000000000000000, 0.000000000000000000, 0.000000000000000000 ) ) ;
#3211 = EDGE_CURVE ( 'NONE', #4348, #959, #2010, .T. ) ;
#3212 = UNCERTAINTY_MEASURE_WITH_UNIT (LENGTH_MEASURE( 1.000000000000000082E-05 ), #5308, 'distance_accuracy_value', 'NONE');
#3213 = EDGE_CURVE ( 'NONE', #3541, #4428, #2108, .T. ) ;
#3214 = LINE ( 'NONE', #1930, #5420 ) ;
#3215 = ADVANCED_FACE ( 'NONE', ( #2131 ), #495, .F. ) ;
#3216 = ORIENTED_EDGE ( 'NONE', *, *, #2196, .T. ) ;
#3217 = VECTOR ( 'NONE', #5210, 1000.000000000000000 ) ;
#3218 = EDGE_LOOP ( 'NONE', ( #4469, #3203, #1140, #2134 ) ) ;
#3219 = CARTESIAN_POINT ( 'NONE',  ( -0.9250000000000000444, 0.1300000000000000044, -0.3749999999999998890 ) ) ;
#3221 = CARTESIAN_POINT ( 'NONE',  ( 1.399999999999999911, 0.1300000000000000044, 0.3750000000000002220 ) ) ;
#3220 = LINE ( 'NONE', #1110, #5306 ) ;
#3222 = PRESENTATION_LAYER_ASSIGNMENT (  '', '', ( #4640 ) ) ;
#3223 = PLANE ( 'NONE',  #5583 ) ;
#3224 = CARTESIAN_POINT ( 'NONE',  ( 1.399999999999999911, 0.000000000000000000, 0.8750000000000002220 ) ) ;
#3225 = ORIENTED_EDGE ( 'NONE', *, *, #4237, .F. ) ;
#3226 = CARTESIAN_POINT ( 'NONE',  ( 0.9250000000000000444, 0.7367727638395971113, 0.1250000000000001110 ) ) ;
#3227 = FACE_OUTER_BOUND ( 'NONE', #242, .T. ) ;
#3228 = DIRECTION ( 'NONE',  ( 4.336808689942018722E-16, -0.000000000000000000, 1.000000000000000000 ) ) ;
#3229 = EDGE_CURVE ( 'NONE', #6526, #4053, #2060, .T. ) ;
#3230 = ORIENTED_EDGE ( 'NONE', *, *, #5985, .F. ) ;
#3231 = DIRECTION ( 'NONE',  ( 2.282530889443167022E-16, 0.000000000000000000, 1.000000000000000000 ) ) ;
#3232 = LINE ( 'NONE', #5003, #3376 ) ;
#3233 = ORIENTED_EDGE ( 'NONE', *, *, #6457, .F. ) ;
#3234 = VECTOR ( 'NONE', #3481, 1000.000000000000000 ) ;
#3235 = ADVANCED_FACE ( 'NONE', ( #2034 ), #4202, .F. ) ;
#3236 = EDGE_CURVE ( 'NONE', #4336, #3635, #4297, .T. ) ;
#3237 = DIRECTION ( 'NONE',  ( 1.000000000000000000, 0.000000000000000000, -2.282530889443167515E-16 ) ) ;
#3238 = EDGE_CURVE ( 'NONE', #1607, #3437, #4453, .T. ) ;
#3239 = ORIENTED_EDGE ( 'NONE', *, *, #321, .F. ) ;
#3240 = DIRECTION ( 'NONE',  ( 1.000000000000000000, -0.000000000000000000, 2.282530889443168008E-16 ) ) ;
#3241 = LINE ( 'NONE', #6106, #5528 ) ;
#3242 = ORIENTED_EDGE ( 'NONE', *, *, #2239, .F. ) ;
#3243 = ADVANCED_FACE ( 'NONE', ( #6691 ), #2451, .T. ) ;
#3244 = LINE ( 'NONE', #5659, #3299 ) ;
#3245 = ORIENTED_EDGE ( 'NONE', *, *, #6438, .T. ) ;
#3246 = SURFACE_STYLE_FILL_AREA ( #6052 ) ;
#3247 = EDGE_CURVE ( 'NONE', #1848, #1536, #2092, .T. ) ;
#3248 = EDGE_LOOP ( 'NONE', ( #5901, #2690, #1397, #1486 ) ) ;
#3249 = CARTESIAN_POINT ( 'NONE',  ( 0.9250000000000001554, 0.1300000000000000044, -0.1249999999999998890 ) ) ;
#3250 = LINE ( 'NONE', #4306, #1144 ) ;
#3251 = CARTESIAN_POINT ( 'NONE',  ( 1.399999999999999911, 0.1999999999999999833, 0.3750000000000002220 ) ) ;
#3252 = VERTEX_POINT ( 'NONE', #3202 ) ;
#3253 = VERTEX_POINT ( 'NONE', #6551 ) ;
#3254 = LINE ( 'NONE', #3658, #5650 ) ;
#3255 = DIRECTION ( 'NONE',  ( -0.000000000000000000, -1.000000000000000000, -0.000000000000000000 ) ) ;
#3256 = ORIENTED_EDGE ( 'NONE', *, *, #4504, .F. ) ;
#3257 = DIRECTION ( 'NONE',  ( 0.000000000000000000, -1.000000000000000000, 0.000000000000000000 ) ) ;
#3258 = ORIENTED_EDGE ( 'NONE', *, *, #3511, .F. ) ;
#3259 = FACE_BOUND ( 'NONE', #330, .T. ) ;
#3260 = ORIENTED_EDGE ( 'NONE', *, *, #1545, .T. ) ;
#3261 = ORIENTED_EDGE ( 'NONE', *, *, #5826, .T. ) ;
#3262 = LINE ( 'NONE', #6581, #3286 ) ;
#3263 = LINE ( 'NONE', #3949, #1054 ) ;
#3264 = ORIENTED_EDGE ( 'NONE', *, *, #6021, .T. ) ;
#3265 = CARTESIAN_POINT ( 'NONE',  ( -0.9250000000000001554, 0.000000000000000000, -0.6249999999999998890 ) ) ;
#3266 = CARTESIAN_POINT ( 'NONE',  ( 0.6250000000000009992, 0.1300000000000000044, 0.6749999999999999334 ) ) ;
#3267 = STYLED_ITEM ( 'NONE', ( #6121 ), #186 ) ;
#3268 = EDGE_CURVE ( 'NONE', #1649, #4114, #6681, .T. ) ;
#3269 = CARTESIAN_POINT ( 'NONE',  ( -0.9250000000000001554, 0.1300000000000000044, -0.1249999999999998890 ) ) ;
#3270 = CARTESIAN_POINT ( 'NONE',  ( -0.9250000000000000444, 0.000000000000000000, 0.1250000000000001110 ) ) ;
#3271 = ORIENTED_EDGE ( 'NONE', *, *, #1489, .T. ) ;
#3272 = CARTESIAN_POINT ( 'NONE',  ( 1.500000000000000000, 5.385124837953327415, -1.250000000000000000 ) ) ;
#3273 = VECTOR ( 'NONE', #6514, 1000.000000000000000 ) ;
#3274 = CARTESIAN_POINT ( 'NONE',  ( -0.9250000000000000444, 0.000000000000000000, -0.7749999999999994671 ) ) ;
#3275 = ORIENTED_EDGE ( 'NONE', *, *, #1685, .T. ) ;
#3276 = CARTESIAN_POINT ( 'NONE',  ( 0.6250000000000007772, 0.1300000000000000044, -0.6749999999999999334 ) ) ;
#3277 = FACE_OUTER_BOUND ( 'NONE', #41, .T. ) ;
#3278 = VECTOR ( 'NONE', #6260, 1000.000000000000000 ) ;
#3279 = EDGE_LOOP ( 'NONE', ( #1470, #4853, #5771, #2247 ) ) ;
#3280 = CARTESIAN_POINT ( 'NONE',  ( -0.3749999999999990008, 0.2000000000000000111, 1.149999999999999911 ) ) ;
#3281 = EDGE_LOOP ( 'NONE', ( #2038, #2106, #1352, #1300 ) ) ;
#3282 = ADVANCED_FACE ( 'NONE', ( #6643 ), #1267, .F. ) ;
#3283 = DIRECTION ( 'NONE',  ( 1.000000000000000000, -0.000000000000000000, 0.000000000000000000 ) ) ;
#3284 = FACE_OUTER_BOUND ( 'NONE', #5176, .T. ) ;
#3285 = ORIENTED_EDGE ( 'NONE', *, *, #5062, .T. ) ;
#3286 = VECTOR ( 'NONE', #3378, 1000.000000000000000 ) ;
#3287 = LINE ( 'NONE', #4269, #5776 ) ;
#3288 = ORIENTED_EDGE ( 'NONE', *, *, #4686, .F. ) ;
#3289 = EDGE_CURVE ( 'NONE', #6173, #276, #2137, .T. ) ;
#3290 = PRESENTATION_STYLE_ASSIGNMENT (( #3971 ) ) ;
#3291 = ADVANCED_FACE ( 'NONE', ( #6777 ), #166, .F. ) ;
#3292 = CARTESIAN_POINT ( 'NONE',  ( -0.1249999999999992506, 0.000000000000000000, -0.6749999999999998224 ) ) ;
#3293 = EDGE_LOOP ( 'NONE', ( #3288, #5284, #771, #2382 ) ) ;
#3294 = CARTESIAN_POINT ( 'NONE',  ( 1.399999999999999911, 0.7367727638395971113, 0.8750000000000002220 ) ) ;
#3295 = LINE ( 'NONE', #4817, #1156 ) ;
#3296 = CARTESIAN_POINT ( 'NONE',  ( 0.3750000000000007772, 0.2000000000000000111, -0.6749999999999998224 ) ) ;
#3297 = ORIENTED_EDGE ( 'NONE', *, *, #6088, .F. ) ;
#3298 = ADVANCED_FACE ( 'NONE', ( #4376 ), #540, .F. ) ;
#3299 = VECTOR ( 'NONE', #2006, 1000.000000000000000 ) ;
#3300 = VECTOR ( 'NONE', #4172, 1000.000000000000000 ) ;
#3301 = ORIENTED_EDGE ( 'NONE', *, *, #290, .T. ) ;
#3302 = CARTESIAN_POINT ( 'NONE',  ( 0.9250000000000000444, 0.1999999999999999833, -0.8749999999999998890 ) ) ;
#3303 = EDGE_CURVE ( 'NONE', #1440, #4106, #2119, .T. ) ;
#3305 = VERTEX_POINT ( 'NONE', #3846 ) ;
#3304 = CARTESIAN_POINT ( 'NONE',  ( -0.1249999999999992506, 0.2000000000000000111, -0.6749999999999998224 ) ) ;
#3306 = CARTESIAN_POINT ( 'NONE',  ( -1.399999999999999911, 0.000000000000000000, 0.6250000000000002220 ) ) ;
#3307 = STYLED_ITEM ( 'NONE', ( #3377 ), #4826 ) ;
#3308 = LINE ( 'NONE', #4858, #5756 ) ;
#3309 = ORIENTED_EDGE ( 'NONE', *, *, #1704, .F. ) ;
#3310 = VERTEX_POINT ( 'NONE', #2790 ) ;
#3311 = LINE ( 'NONE', #6170, #5597 ) ;
#3312 = VECTOR ( 'NONE', #4939, 1000.000000000000000 ) ;
#3313 = ORIENTED_EDGE ( 'NONE', *, *, #5966, .T. ) ;
#3314 = CARTESIAN_POINT ( 'NONE',  ( -1.399999999999999911, 0.000000000000000000, 0.1250000000000002220 ) ) ;
#3315 = CARTESIAN_POINT ( 'NONE',  ( 0.1250000000000007494, 0.2000000000000000111, -0.6749999999999999334 ) ) ;
#3316 = PLANE ( 'NONE',  #6776 ) ;
#3317 = DIRECTION ( 'NONE',  ( -0.000000000000000000, -1.000000000000000000, -0.000000000000000000 ) ) ;
#3318 = ORIENTED_EDGE ( 'NONE', *, *, #6084, .F. ) ;
#3319 = CARTESIAN_POINT ( 'NONE',  ( -1.500000000000000000, 5.385124837953327415, -1.250000000000000000 ) ) ;
#3320 = FACE_OUTER_BOUND ( 'NONE', #1026, .T. ) ;
#3321 = CARTESIAN_POINT ( 'NONE',  ( 0.6250000000000007772, 0.1999999999999999833, -0.6749999999999999334 ) ) ;
#3322 = ORIENTED_EDGE ( 'NONE', *, *, #5808, .F. ) ;
#3323 = ORIENTED_EDGE ( 'NONE', *, *, #1956, .F. ) ;
#3324 = CARTESIAN_POINT ( 'NONE',  ( 0.9250000000000001554, 0.1999999999999999833, 0.3750000000000001110 ) ) ;
#3325 = VECTOR ( 'NONE', #6557, 1000.000000000000000 ) ;
#3326 = EDGE_CURVE ( 'NONE', #414, #202, #2203, .T. ) ;
#3328 = DIRECTION ( 'NONE',  ( 1.000000000000000000, -0.000000000000000000, 2.282530889443168008E-16 ) ) ;
#3327 = LINE ( 'NONE', #5908, #5718 ) ;
#3329 = ORIENTED_EDGE ( 'NONE', *, *, #3657, .F. ) ;
#3330 = FILL_AREA_STYLE ('',( #2771 ) ) ;
#3331 = ORIENTED_EDGE ( 'NONE', *, *, #5606, .T. ) ;
#3332 = DIRECTION ( 'NONE',  ( 4.336808689942017736E-16, 0.000000000000000000, -1.000000000000000000 ) ) ;
#3333 = DIRECTION ( 'NONE',  ( -1.000000000000000000, 0.000000000000000000, 4.336808689942019215E-16 ) ) ;
#3334 = FACE_BOUND ( 'NONE', #1929, .T. ) ;
#3335 = VERTEX_POINT ( 'NONE', #3251 ) ;
#3336 = EDGE_CURVE ( 'NONE', #2336, #5903, #2181, .T. ) ;
#3337 = SURFACE_STYLE_FILL_AREA ( #215 ) ;
#3338 = FACE_BOUND ( 'NONE', #2146, .T. ) ;
#3339 = ORIENTED_EDGE ( 'NONE', *, *, #3422, .T. ) ;
#3340 = DIRECTION ( 'NONE',  ( 1.000000000000000000, 0.000000000000000000, -4.336808689942017736E-16 ) ) ;
#3341 = DIRECTION ( 'NONE',  ( -1.000000000000000000, 0.000000000000000000, 2.282530889443167515E-16 ) ) ;
#3342 = DIRECTION ( 'NONE',  ( -4.336808689942017736E-16, 0.000000000000000000, 1.000000000000000000 ) ) ;
#3343 = ORIENTED_EDGE ( 'NONE', *, *, #3503, .F. ) ;
#3344 = DIRECTION ( 'NONE',  ( -1.000000000000000000, 0.000000000000000000, 0.000000000000000000 ) ) ;
#3345 = EDGE_CURVE ( 'NONE', #2200, #6553, #6743, .T. ) ;
#3346 = CARTESIAN_POINT ( 'NONE',  ( 0.6250000000000009992, 0.1300000000000000044, 0.6749999999999999334 ) ) ;
#3347 = FACE_BOUND ( 'NONE', #3010, .T. ) ;
#3348 = DIRECTION ( 'NONE',  ( -1.000000000000000000, 0.000000000000000000, -4.336808689942017736E-16 ) ) ;
#3349 = ORIENTED_EDGE ( 'NONE', *, *, #3828, .T. ) ;
#3350 = ORIENTED_EDGE ( 'NONE', *, *, #1320, .T. ) ;
#3351 = SURFACE_STYLE_FILL_AREA ( #300 ) ;
#3352 = EDGE_LOOP ( 'NONE', ( #723, #4731, #3117, #711 ) ) ;
#3353 = ADVANCED_FACE ( 'NONE', ( #2173 ), #4350, .T. ) ;
#3354 = DIRECTION ( 'NONE',  ( 0.000000000000000000, -0.000000000000000000, 1.000000000000000000 ) ) ;
#3355 = VERTEX_POINT ( 'NONE', #4856 ) ;
#3356 = PLANE ( 'NONE',  #410 ) ;
#3357 = AXIS2_PLACEMENT_3D ( 'NONE', #6046, #5678, #6761 ) ;
#3358 = VECTOR ( 'NONE', #1798, 1000.000000000000000 ) ;
#3359 = ORIENTED_EDGE ( 'NONE', *, *, #4419, .F. ) ;
#3360 = ORIENTED_EDGE ( 'NONE', *, *, #4790, .F. ) ;
#3361 = ADVANCED_FACE ( 'NONE', ( #4464 ), #676, .T. ) ;
#3362 = VECTOR ( 'NONE', #5447, 1000.000000000000000 ) ;
#3363 = LINE ( 'NONE', #2295, #3312 ) ;
#3364 = ORIENTED_EDGE ( 'NONE', *, *, #4559, .F. ) ;
#3365 = DIRECTION ( 'NONE',  ( 0.000000000000000000, -1.000000000000000000, 0.000000000000000000 ) ) ;
#3366 = DIRECTION ( 'NONE',  ( 1.000000000000000000, -0.000000000000000000, -4.336808689942017736E-16 ) ) ;
#3367 = CARTESIAN_POINT ( 'NONE',  ( -0.9250000000000001554, 0.7367727638395971113, -0.6249999999999998890 ) ) ;
#3368 = VERTEX_POINT ( 'NONE', #1221 ) ;
#3369 = DIRECTION ( 'NONE',  ( 1.000000000000000000, 0.000000000000000000, -8.673617379884035472E-16 ) ) ;
#3370 = EDGE_CURVE ( 'NONE', #81, #2208, #64, .T. ) ;
#3371 = PLANE ( 'NONE',  #3357 ) ;
#3372 = FACE_OUTER_BOUND ( 'NONE', #6611, .T. ) ;
#3373 = DIRECTION ( 'NONE',  ( 8.673617379884035472E-17, -0.000000000000000000, 1.000000000000000000 ) ) ;
#3374 = ORIENTED_EDGE ( 'NONE', *, *, #5966, .F. ) ;
#3375 = CARTESIAN_POINT ( 'NONE',  ( 1.399999999999999911, 0.1300000000000000044, -0.1249999999999997918 ) ) ;
#3376 = VECTOR ( 'NONE', #4016, 1000.000000000000000 ) ;
#3378 = DIRECTION ( 'NONE',  ( 0.000000000000000000, 0.000000000000000000, -1.000000000000000000 ) ) ;
#3377 = PRESENTATION_STYLE_ASSIGNMENT (( #4789 ) ) ;
#3379 = VERTEX_POINT ( 'NONE', #2172 ) ;
#3380 = ORIENTED_EDGE ( 'NONE', *, *, #337, .T. ) ;
#3381 = EDGE_CURVE ( 'NONE', #4358, #2635, #4649, .T. ) ;
#3382 = PLANE ( 'NONE',  #2952 ) ;
#3383 = EDGE_CURVE ( 'NONE', #2369, #3642, #2342, .T. ) ;
#3384 = CARTESIAN_POINT ( 'NONE',  ( 0.1250000000000009159, 0.000000000000000000, 0.6749999999999999334 ) ) ;
#3385 = FACE_BOUND ( 'NONE', #2070, .T. ) ;
#3386 = EDGE_LOOP ( 'NONE', ( #6153, #1403, #2270, #3781 ) ) ;
#3387 = ORIENTED_EDGE ( 'NONE', *, *, #1261, .T. ) ;
#3388 = LINE ( 'NONE', #2521, #1215 ) ;
#3389 = ORIENTED_EDGE ( 'NONE', *, *, #6732, .F. ) ;
#3390 = AXIS2_PLACEMENT_3D ( 'NONE', #6249, #2086, #2594 ) ;
#3391 = AXIS2_PLACEMENT_3D ( 'NONE', #849, #5537, #5961 ) ;
#3392 = CARTESIAN_POINT ( 'NONE',  ( 1.399999999999999911, 0.000000000000000000, 0.8750000000000002220 ) ) ;
#3393 = DIRECTION ( 'NONE',  ( 0.000000000000000000, 0.000000000000000000, -1.000000000000000000 ) ) ;
#3394 = ORIENTED_EDGE ( 'NONE', *, *, #2948, .T. ) ;
#3395 =( NAMED_UNIT ( * ) SI_UNIT ( $, .STERADIAN. ) SOLID_ANGLE_UNIT ( ) );
#3396 = CIRCLE ( 'NONE', #6145, 0.1250000000000004441 ) ;
#3397 = DIRECTION ( 'NONE',  ( 1.000000000000000000, 0.000000000000000000, 0.000000000000000000 ) ) ;
#3398 = ADVANCED_FACE ( 'NONE', ( #4510 ), #6425, .F. ) ;
#3399 = ORIENTED_EDGE ( 'NONE', *, *, #6313, .T. ) ;
#3400 = EDGE_CURVE ( 'NONE', #3875, #3156, #30, .T. ) ;
#3401 = EDGE_LOOP ( 'NONE', ( #146, #2075, #5495, #5445 ) ) ;
#3402 = DIRECTION ( 'NONE',  ( -1.000000000000000000, 0.000000000000000000, 4.336808689942018722E-16 ) ) ;
#3403 = EDGE_LOOP ( 'NONE', ( #5669, #5226, #3339, #894 ) ) ;
#3404 = AXIS2_PLACEMENT_3D ( 'NONE', #2476, #6658, #5031 ) ;
#3405 = DIRECTION ( 'NONE',  ( -1.000000000000000000, 0.000000000000000000, 8.673617379884035472E-16 ) ) ;
#3406 = AXIS2_PLACEMENT_3D ( 'NONE', #3796, #4422, #35 ) ;
#3407 = EDGE_CURVE ( 'NONE', #3436, #3592, #4636, .T. ) ;
#3408 = DIRECTION ( 'NONE',  ( -1.000000000000000000, 0.000000000000000000, 4.336808689942017736E-16 ) ) ;
#3410 = EDGE_LOOP ( 'NONE', ( #136, #1287, #4308, #2314 ) ) ;
#3409 = DIRECTION ( 'NONE',  ( -8.673617379884035472E-17, 0.000000000000000000, -1.000000000000000000 ) ) ;
#3411 = DIRECTION ( 'NONE',  ( -1.000000000000000000, 0.000000000000000000, -8.673617379884038430E-16 ) ) ;
#3412 = ADVANCED_FACE ( 'NONE', ( #4716 ), #5653, .T. ) ;
#3413 = LINE ( 'NONE', #1318, #3358 ) ;
#3414 = EDGE_LOOP ( 'NONE', ( #3686, #579, #5054, #1197 ) ) ;
#3415 = ORIENTED_EDGE ( 'NONE', *, *, #2373, .T. ) ;
#3416 = FACE_OUTER_BOUND ( 'NONE', #1655, .T. ) ;
#3417 = ORIENTED_EDGE ( 'NONE', *, *, #5051, .F. ) ;
#3418 = CARTESIAN_POINT ( 'NONE',  ( -0.3749999999999990008, 0.000000000000000000, 1.149999999999999911 ) ) ;
#3419 = DIRECTION ( 'NONE',  ( -1.000000000000000000, 0.000000000000000000, 4.336808689942017736E-16 ) ) ;
#3420 = PLANE ( 'NONE',  #1465 ) ;
#3421 = ADVANCED_FACE ( 'NONE', ( #75 ), #1888, .F. ) ;
#3422 = EDGE_CURVE ( 'NONE', #1754, #4758, #4613, .T. ) ;
#3423 = CARTESIAN_POINT ( 'NONE',  ( 0.000000000000000000, 0.2000000000000000111, 0.000000000000000000 ) ) ;
#3424 = ORIENTED_EDGE ( 'NONE', *, *, #1320, .F. ) ;
#3425 = CARTESIAN_POINT ( 'NONE',  ( -1.399999999999999911, 0.1300000000000000044, 0.8750000000000002220 ) ) ;
#3426 = DIRECTION ( 'NONE',  ( -1.000000000000000000, 0.000000000000000000, -0.000000000000000000 ) ) ;
#3427 = EDGE_CURVE ( 'NONE', #3679, #2587, #2302, .T. ) ;
#3428 = CARTESIAN_POINT ( 'NONE',  ( -0.1249999999999990286, 0.7367727638395973333, 0.6750000000000000444 ) ) ;
#3429 = LINE ( 'NONE', #5514, #5594 ) ;
#3430 = ORIENTED_EDGE ( 'NONE', *, *, #2021, .T. ) ;
#3431 = DIRECTION ( 'NONE',  ( 4.336808689942017736E-16, 0.000000000000000000, -1.000000000000000000 ) ) ;
#3432 = ADVANCED_FACE ( 'NONE', ( #83 ), #4560, .T. ) ;
#3433 = EDGE_CURVE ( 'NONE', #1264, #1093, #4661, .T. ) ;
#3434 = VECTOR ( 'NONE', #2147, 1000.000000000000000 ) ;
#3435 = DIRECTION ( 'NONE',  ( 2.282530889443167515E-16, 0.000000000000000000, 1.000000000000000000 ) ) ;
#3436 = VERTEX_POINT ( 'NONE', #342 ) ;
#3437 = VERTEX_POINT ( 'NONE', #1451 ) ;
#3438 = CARTESIAN_POINT ( 'NONE',  ( 0.6250000000000007772, 0.000000000000000000, -1.149999999999999911 ) ) ;
#3439 = FACE_BOUND ( 'NONE', #1861, .T. ) ;
#3440 = ORIENTED_EDGE ( 'NONE', *, *, #3383, .T. ) ;
#3441 = LINE ( 'NONE', #1056, #958 ) ;
#3442 = LINE ( 'NONE', #6705, #5749 ) ;
#3443 = ORIENTED_EDGE ( 'NONE', *, *, #4498, .F. ) ;
#3444 = EDGE_CURVE ( 'NONE', #4240, #4768, #2328, .T. ) ;
#3445 = DIRECTION ( 'NONE',  ( -0.000000000000000000, -1.000000000000000000, -0.000000000000000000 ) ) ;
#3446 = CARTESIAN_POINT ( 'NONE',  ( 1.399999999999999911, 0.1999999999999999833, -0.6249999999999997780 ) ) ;
#3447 = CARTESIAN_POINT ( 'NONE',  ( -1.227272727272726627, 0.7399999999999999911, -0.9772727272727270709 ) ) ;
#3448 = ORIENTED_EDGE ( 'NONE', *, *, #6593, .F. ) ;
#3449 = DIRECTION ( 'NONE',  ( 0.000000000000000000, 1.000000000000000000, 0.000000000000000000 ) ) ;
#3450 = VECTOR ( 'NONE', #3257, 1000.000000000000000 ) ;
#3451 =( NAMED_UNIT ( * ) PLANE_ANGLE_UNIT ( ) SI_UNIT ( $, .RADIAN. ) );
#3452 = VERTEX_POINT ( 'NONE', #2519 ) ;
#3453 = ORIENTED_EDGE ( 'NONE', *, *, #1685, .F. ) ;
#3454 = LINE ( 'NONE', #6678, #5748 ) ;
#3455 = DIRECTION ( 'NONE',  ( 1.000000000000000000, 0.000000000000000000, -2.282530889443168008E-16 ) ) ;
#3456 = ORIENTED_EDGE ( 'NONE', *, *, #5146, .F. ) ;
#3457 = PRESENTATION_LAYER_ASSIGNMENT (  '', '', ( #2217 ) ) ;
#3458 = CARTESIAN_POINT ( 'NONE',  ( 0.6250000000000007772, 0.000000000000000000, -0.6749999999999999334 ) ) ;
#3459 = AXIS2_PLACEMENT_3D ( 'NONE', #5139, #5738, #718 ) ;
#3460 = SURFACE_SIDE_STYLE ('',( #3337 ) ) ;
#3462 = ORIENTED_EDGE ( 'NONE', *, *, #4770, .F. ) ;
#3461 = DIRECTION ( 'NONE',  ( -1.000000000000000000, 0.000000000000000000, 4.336808689942018722E-16 ) ) ;
#3463 = DIRECTION ( 'NONE',  ( 0.000000000000000000, -1.000000000000000000, 0.000000000000000000 ) ) ;
#3464 = LINE ( 'NONE', #3008, #3450 ) ;
#3465 = ADVANCED_FACE ( 'NONE', ( #4625 ), #868, .T. ) ;
#3466 = ORIENTED_EDGE ( 'NONE', *, *, #4077, .T. ) ;
#3467 = FACE_OUTER_BOUND ( 'NONE', #4545, .T. ) ;
#3468 = LINE ( 'NONE', #2052, #3300 ) ;
#3469 = ORIENTED_EDGE ( 'NONE', *, *, #950, .F. ) ;
#3470 = SURFACE_SIDE_STYLE ('',( #1575 ) ) ;
#3471 = EDGE_CURVE ( 'NONE', #5293, #5279, #17, .T. ) ;
#3472 = DIRECTION ( 'NONE',  ( 1.000000000000000000, 0.000000000000000000, 0.000000000000000000 ) ) ;
#3473 = DIRECTION ( 'NONE',  ( -0.000000000000000000, -1.000000000000000000, -0.000000000000000000 ) ) ;
#3474 = ORIENTED_EDGE ( 'NONE', *, *, #787, .F. ) ;
#3475 = DIRECTION ( 'NONE',  ( 8.673617379884035472E-16, 0.000000000000000000, 1.000000000000000000 ) ) ;
#3476 = DIRECTION ( 'NONE',  ( -1.000000000000000000, 0.000000000000000000, 2.282530889443168008E-16 ) ) ;
#3477 = DIRECTION ( 'NONE',  ( -1.000000000000000000, 0.000000000000000000, 8.673617379884035472E-16 ) ) ;
#3478 = DIRECTION ( 'NONE',  ( 8.673617379884035472E-17, -0.000000000000000000, 1.000000000000000000 ) ) ;
#3479 = ORIENTED_EDGE ( 'NONE', *, *, #418, .T. ) ;
#3480 = ORIENTED_EDGE ( 'NONE', *, *, #2660, .F. ) ;
#3481 = DIRECTION ( 'NONE',  ( 4.336808689942017736E-16, -0.000000000000000000, 1.000000000000000000 ) ) ;
#3482 = VECTOR ( 'NONE', #1325, 1000.000000000000000 ) ;
#3484 = CARTESIAN_POINT ( 'NONE',  ( -0.9250000000000000444, 0.1300000000000000044, -0.3749999999999998890 ) ) ;
#3483 = VECTOR ( 'NONE', #2101, 1000.000000000000000 ) ;
#3485 = VERTEX_POINT ( 'NONE', #6741 ) ;
#3486 = EDGE_CURVE ( 'NONE', #5209, #6763, #2283, .T. ) ;
#3487 = EDGE_CURVE ( 'NONE', #3003, #1610, #6822, .T. ) ;
#3488 = ORIENTED_EDGE ( 'NONE', *, *, #2573, .T. ) ;
#3489 = CARTESIAN_POINT ( 'NONE',  ( 1.500000000000000000, 5.385124837953327415, 1.250000000000000000 ) ) ;
#3490 = CARTESIAN_POINT ( 'NONE',  ( -0.9250000000000001554, 0.1999999999999999833, 0.3750000000000001110 ) ) ;
#3491 = AXIS2_PLACEMENT_3D ( 'NONE', #2192, #2691, #1683 ) ;
#3492 = DIRECTION ( 'NONE',  ( 1.000000000000000000, 0.000000000000000000, 2.282530889443167515E-16 ) ) ;
#3493 = EDGE_LOOP ( 'NONE', ( #2912, #6728, #6458, #591 ) ) ;
#3494 = ORIENTED_EDGE ( 'NONE', *, *, #6552, .T. ) ;
#3495 = VECTOR ( 'NONE', #6079, 1000.000000000000000 ) ;
#3496 = FACE_OUTER_BOUND ( 'NONE', #3768, .T. ) ;
#3497 = ORIENTED_EDGE ( 'NONE', *, *, #5113, .T. ) ;
#3498 = DIRECTION ( 'NONE',  ( -1.000000000000000000, 0.000000000000000000, -0.000000000000000000 ) ) ;
#3499 = ORIENTED_EDGE ( 'NONE', *, *, #6159, .T. ) ;
#3500 = CARTESIAN_POINT ( 'NONE',  ( -1.399999999999999911, 0.000000000000000000, -0.8749999999999997780 ) ) ;
#3501 = DIRECTION ( 'NONE',  ( 0.000000000000000000, -0.000000000000000000, 1.000000000000000000 ) ) ;
#3502 = ORIENTED_EDGE ( 'NONE', *, *, #3072, .F. ) ;
#3503 = EDGE_CURVE ( 'NONE', #1536, #681, #2365, .T. ) ;
#3504 = SURFACE_STYLE_USAGE ( .BOTH. , #6026 ) ;
#3505 = AXIS2_PLACEMENT_3D ( 'NONE', #5564, #2428, #3408 ) ;
#3506 = EDGE_CURVE ( 'NONE', #6388, #4408, #2377, .T. ) ;
#3507 = DIRECTION ( 'NONE',  ( 0.000000000000000000, -1.000000000000000000, 0.000000000000000000 ) ) ;
#3508 = AXIS2_PLACEMENT_3D ( 'NONE', #2666, #2827, #3714 ) ;
#3509 = ORIENTED_EDGE ( 'NONE', *, *, #2054, .T. ) ;
#3510 = LINE ( 'NONE', #6778, #5902 ) ;
#3511 = EDGE_CURVE ( 'NONE', #6365, #2357, #4582, .T. ) ;
#3512 = CARTESIAN_POINT ( 'NONE',  ( 0.6250000000000009992, 0.2000000000000000111, 0.6749999999999999334 ) ) ;
#3513 = LINE ( 'NONE', #1194, #3524 ) ;
#3514 = MANIFOLD_SOLID_BREP ( 'LPattern4[2]', #4387 ) ;
#3515 = ORIENTED_EDGE ( 'NONE', *, *, #772, .T. ) ;
#3516 = ORIENTED_EDGE ( 'NONE', *, *, #4160, .F. ) ;
#3517 = CARTESIAN_POINT ( 'NONE',  ( 0.000000000000000000, 0.2000000000000000111, 0.000000000000000000 ) ) ;
#3518 = CARTESIAN_POINT ( 'NONE',  ( -0.3749999999999992228, 0.7367727638395973333, -0.6749999999999999334 ) ) ;
#3519 = ORIENTED_EDGE ( 'NONE', *, *, #5570, .F. ) ;
#3520 = CARTESIAN_POINT ( 'NONE',  ( -0.9250000000000001554, 0.1999999999999999833, -0.6249999999999998890 ) ) ;
#3521 = ORIENTED_EDGE ( 'NONE', *, *, #5622, .F. ) ;
#3522 = ORIENTED_EDGE ( 'NONE', *, *, #3247, .F. ) ;
#3523 = EDGE_CURVE ( 'NONE', #2620, #4801, #4571, .T. ) ;
#3524 = VECTOR ( 'NONE', #2892, 1000.000000000000000 ) ;
#3525 = VERTEX_POINT ( 'NONE', #1186 ) ;
#3526 = EDGE_CURVE ( 'NONE', #306, #3738, #6, .T. ) ;
#3527 = CARTESIAN_POINT ( 'NONE',  ( -1.227272727272726627, 0.6399999999999999023, -1.102272727272727293 ) ) ;
#3528 = EDGE_LOOP ( 'NONE', ( #6332, #4526, #6402, #1865 ) ) ;
#3529 = CARTESIAN_POINT ( 'NONE',  ( 0.9250000000000001554, 0.1999999999999999833, -0.1249999999999998890 ) ) ;
#3530 = EDGE_LOOP ( 'NONE', ( #1189, #365, #266, #5781 ) ) ;
#3531 = DIRECTION ( 'NONE',  ( 0.000000000000000000, -0.000000000000000000, 1.000000000000000000 ) ) ;
#3532 = EDGE_CURVE ( 'NONE', #2587, #3606, #2274, .T. ) ;
#3533 = ADVANCED_FACE ( 'NONE', ( #6787 ), #643, .F. ) ;
#3534 = ORIENTED_EDGE ( 'NONE', *, *, #6172, .T. ) ;
#3535 = ORIENTED_EDGE ( 'NONE', *, *, #5183, .T. ) ;
#3536 = DIRECTION ( 'NONE',  ( 0.000000000000000000, 0.000000000000000000, -1.000000000000000000 ) ) ;
#3537 = LINE ( 'NONE', #876, #1285 ) ;
#3538 = LINE ( 'NONE', #6602, #5914 ) ;
#3539 = ORIENTED_EDGE ( 'NONE', *, *, #1941, .F. ) ;
#3540 = DIRECTION ( 'NONE',  ( -0.7071067811865520136, 0.000000000000000000, 0.7071067811865430208 ) ) ;
#3541 = VERTEX_POINT ( 'NONE', #2601 ) ;
#3542 = ORIENTED_EDGE ( 'NONE', *, *, #6750, .F. ) ;
#3543 =( LENGTH_UNIT ( ) NAMED_UNIT ( * ) SI_UNIT ( .MILLI., .METRE. ) );
#3544 = EDGE_CURVE ( 'NONE', #1093, #716, #2211, .T. ) ;
#3545 = CARTESIAN_POINT ( 'NONE',  ( 0.1250000000000007494, 0.2000000000000000111, -0.6749999999999999334 ) ) ;
#3546 = DIRECTION ( 'NONE',  ( 0.000000000000000000, 1.000000000000000000, 0.000000000000000000 ) ) ;
#3547 = EDGE_LOOP ( 'NONE', ( #6485, #6455, #4018, #6353 ) ) ;
#3548 = ORIENTED_EDGE ( 'NONE', *, *, #1571, .T. ) ;
#3549 = ORIENTED_EDGE ( 'NONE', *, *, #4868, .T. ) ;
#3550 = EDGE_LOOP ( 'NONE', ( #3242, #5991, #2775, #6136 ) ) ;
#3551 = DIRECTION ( 'NONE',  ( -1.000000000000000000, 0.000000000000000000, 4.336808689942017736E-16 ) ) ;
#3552 = CARTESIAN_POINT ( 'NONE',  ( -1.025000000000000355, 0.7367727638395971113, -0.8749999999999998890 ) ) ;
#3553 = ORIENTED_EDGE ( 'NONE', *, *, #259, .F. ) ;
#3554 = AXIS2_PLACEMENT_3D ( 'NONE', #5022, #2424, #2973 ) ;
#3555 = DIRECTION ( 'NONE',  ( 0.000000000000000000, 1.000000000000000000, 0.000000000000000000 ) ) ;
#3556 = CARTESIAN_POINT ( 'NONE',  ( -0.3749999999999992228, 0.2000000000000000111, -1.149999999999999911 ) ) ;
#3557 = DIRECTION ( 'NONE',  ( 0.000000000000000000, 1.000000000000000000, 0.000000000000000000 ) ) ;
#3558 = VERTEX_POINT ( 'NONE', #6392 ) ;
#3559 = ORIENTED_EDGE ( 'NONE', *, *, #2021, .F. ) ;
#3560 = LINE ( 'NONE', #783, #1179 ) ;
#3561 = CARTESIAN_POINT ( 'NONE',  ( -1.399999999999999911, 0.1999999999999999833, 0.8750000000000002220 ) ) ;
#3562 = VECTOR ( 'NONE', #61, 1000.000000000000000 ) ;
#3563 = EDGE_LOOP ( 'NONE', ( #3387, #5348, #992, #2597 ) ) ;
#3564 = EDGE_LOOP ( 'NONE', ( #5796, #3474, #5131, #1305 ) ) ;
#3565 = ORIENTED_EDGE ( 'NONE', *, *, #2334, .F. ) ;
#3566 = CARTESIAN_POINT ( 'NONE',  ( -1.399999999999999911, 0.1999999999999999833, 0.3750000000000002220 ) ) ;
#3567 = CARTESIAN_POINT ( 'NONE',  ( -1.227272727272726627, 0.7399999999999999911, -1.102272727272727293 ) ) ;
#3568 = ORIENTED_EDGE ( 'NONE', *, *, #3847, .F. ) ;
#3569 = VERTEX_POINT ( 'NONE', #62 ) ;
#3570 = VECTOR ( 'NONE', #5287, 1000.000000000000000 ) ;
#3571 = VECTOR ( 'NONE', #3990, 1000.000000000000000 ) ;
#3572 = VERTEX_POINT ( 'NONE', #3269 ) ;
#3573 = DIRECTION ( 'NONE',  ( 2.282530889443168008E-16, 0.000000000000000000, -1.000000000000000000 ) ) ;
#3574 = DIRECTION ( 'NONE',  ( -2.282530889443168501E-16, 0.000000000000000000, -1.000000000000000000 ) ) ;
#3575 = EDGE_LOOP ( 'NONE', ( #1055, #4615, #5543, #4513 ) ) ;
#3576 = CARTESIAN_POINT ( 'NONE',  ( 0.1250000000000010270, 0.000000000000000000, 1.149999999999999911 ) ) ;
#3577 = DIRECTION ( 'NONE',  ( 1.000000000000000000, -0.000000000000000000, 8.673617379884037444E-16 ) ) ;
#3578 = EDGE_LOOP ( 'NONE', ( #547, #264, #5510, #502 ) ) ;
#3579 = DIRECTION ( 'NONE',  ( -1.000000000000000000, 0.000000000000000000, 2.282530889443168008E-16 ) ) ;
#3580 = CARTESIAN_POINT ( 'NONE',  ( 0.1250000000000007494, 0.2000000000000000111, -1.149999999999999911 ) ) ;
#3581 = EDGE_CURVE ( 'NONE', #5857, #3761, #2231, .T. ) ;
#3582 = EDGE_CURVE ( 'NONE', #4713, #6365, #6839, .T. ) ;
#3583 = ORIENTED_EDGE ( 'NONE', *, *, #2321, .F. ) ;
#3584 = APPLICATION_PROTOCOL_DEFINITION ( 'draft international standard', 'automotive_design', 1998, #4629 ) ;
#3585 = LINE ( 'NONE', #5340, #5867 ) ;
#3586 = VECTOR ( 'NONE', #6610, 1000.000000000000000 ) ;
#3587 = ORIENTED_EDGE ( 'NONE', *, *, #2420, .T. ) ;
#3588 = DIRECTION ( 'NONE',  ( 1.000000000000000000, 0.000000000000000000, -4.336808689942018722E-16 ) ) ;
#3589 = EDGE_LOOP ( 'NONE', ( #3058, #2016, #2963, #2933 ) ) ;
#3590 = AXIS2_PLACEMENT_3D ( 'NONE', #5359, #3087, #5167 ) ;
#3591 = ADVANCED_FACE ( 'NONE', ( #2241 ), #4829, .T. ) ;
#3592 = VERTEX_POINT ( 'NONE', #1715 ) ;
#3593 = SURFACE_STYLE_USAGE ( .BOTH. , #5147 ) ;
#3594 = PLANE ( 'NONE',  #908 ) ;
#3595 = ADVANCED_FACE ( 'NONE', ( #4539 ), #6297, .T. ) ;
#3596 = ORIENTED_EDGE ( 'NONE', *, *, #6504, .T. ) ;
#3597 = LINE ( 'NONE', #4558, #3770 ) ;
#3598 = VERTEX_POINT ( 'NONE', #3221 ) ;
#3599 = EDGE_CURVE ( 'NONE', #1830, #1719, #271, .T. ) ;
#3600 = EDGE_LOOP ( 'NONE', ( #1757, #5785, #1211, #2735 ) ) ;
#3601 = CARTESIAN_POINT ( 'NONE',  ( -0.9250000000000001554, 0.1999999999999999833, -0.6249999999999998890 ) ) ;
#3602 = CARTESIAN_POINT ( 'NONE',  ( 1.399999999999999911, 0.7367727638395971113, -0.3749999999999997780 ) ) ;
#3603 = VERTEX_POINT ( 'NONE', #2140 ) ;
#3604 = EDGE_CURVE ( 'NONE', #6684, #4141, #348, .T. ) ;
#3605 = PLANE ( 'NONE',  #5539 ) ;
#3606 = VERTEX_POINT ( 'NONE', #5349 ) ;
#3607 = LINE ( 'NONE', #2752, #1201 ) ;
#3608 = CARTESIAN_POINT ( 'NONE',  ( -0.3749999999999991118, 0.000000000000000000, 0.6749999999999999334 ) ) ;
#3609 = EDGE_LOOP ( 'NONE', ( #5286, #855, #4315, #6369 ) ) ;
#3610 = ORIENTED_EDGE ( 'NONE', *, *, #2396, .F. ) ;
#3611 = CARTESIAN_POINT ( 'NONE',  ( -0.9250000000000001554, 0.1999999999999999833, -0.6249999999999998890 ) ) ;
#3612 = DIRECTION ( 'NONE',  ( 0.000000000000000000, -1.000000000000000000, 0.000000000000000000 ) ) ;
#3613 = ORIENTED_EDGE ( 'NONE', *, *, #2334, .T. ) ;
#3614 = EDGE_CURVE ( 'NONE', #414, #1513, #164, .T. ) ;
#3615 = DIRECTION ( 'NONE',  ( 0.000000000000000000, 0.000000000000000000, -1.000000000000000000 ) ) ;
#3616 = DIRECTION ( 'NONE',  ( -1.000000000000000000, 0.000000000000000000, 4.336808689942017736E-16 ) ) ;
#3617 = EDGE_LOOP ( 'NONE', ( #773, #5746 ) ) ;
#3618 = SURFACE_STYLE_FILL_AREA ( #6068 ) ;
#3619 = EDGE_LOOP ( 'NONE', ( #2607, #973, #905, #945 ) ) ;
#3620 = DIRECTION ( 'NONE',  ( -0.000000000000000000, 0.000000000000000000, 1.000000000000000000 ) ) ;
#3621 = EDGE_CURVE ( 'NONE', #1038, #5767, #2602, .T. ) ;
#3622 = DIRECTION ( 'NONE',  ( 1.000000000000000000, -0.000000000000000000, 8.673617379884038430E-16 ) ) ;
#3623 = ORIENTED_EDGE ( 'NONE', *, *, #5642, .T. ) ;
#3624 = PLANE ( 'NONE',  #5817 ) ;
#3625 = ORIENTED_EDGE ( 'NONE', *, *, #2642, .T. ) ;
#3626 = PLANE ( 'NONE',  #1623 ) ;
#3627 = ORIENTED_EDGE ( 'NONE', *, *, #2685, .T. ) ;
#3628 = LINE ( 'NONE', #5431, #3665 ) ;
#3629 = LINE ( 'NONE', #6080, #3586 ) ;
#3630 = ORIENTED_EDGE ( 'NONE', *, *, #4236, .T. ) ;
#3631 = CARTESIAN_POINT ( 'NONE',  ( 0.9250000000000001554, 0.7367727638395971113, -0.1249999999999998890 ) ) ;
#3632 = EDGE_LOOP ( 'NONE', ( #6660, #5402, #6771, #4389 ) ) ;
#3633 = DIRECTION ( 'NONE',  ( -0.000000000000000000, -0.000000000000000000, 1.000000000000000000 ) ) ;
#3634 = AXIS2_PLACEMENT_3D ( 'NONE', #1357, #4472, #4975 ) ;
#3635 = VERTEX_POINT ( 'NONE', #5952 ) ;
#3636 = DIRECTION ( 'NONE',  ( -2.282530889443167022E-16, 0.000000000000000000, -1.000000000000000000 ) ) ;
#3637 = ADVANCED_FACE ( 'NONE', ( #4903 ), #6440, .T. ) ;
#3638 = CARTESIAN_POINT ( 'NONE',  ( -0.9250000000000001554, 0.7367727638395971113, 0.8750000000000001110 ) ) ;
#3639 = CARTESIAN_POINT ( 'NONE',  ( -0.9250000000000000444, 0.000000000000000000, 0.6250000000000001110 ) ) ;
#3640 = ORIENTED_EDGE ( 'NONE', *, *, #67, .T. ) ;
#3641 = FACE_OUTER_BOUND ( 'NONE', #2059, .T. ) ;
#3642 = VERTEX_POINT ( 'NONE', #4217 ) ;
#3643 = EDGE_CURVE ( 'NONE', #6702, #6175, #2528, .T. ) ;
#3644 = EDGE_LOOP ( 'NONE', ( #2025, #5556, #940, #5320 ) ) ;
#3645 = DIRECTION ( 'NONE',  ( -4.336808689942017736E-16, 0.000000000000000000, -1.000000000000000000 ) ) ;
#3646 = FILL_AREA_STYLE ('',( #459 ) ) ;
#3647 = ADVANCED_FACE ( 'NONE', ( #184 ), #5249, .F. ) ;
#3648 = ORIENTED_EDGE ( 'NONE', *, *, #4485, .T. ) ;
#3649 = DIRECTION ( 'NONE',  ( 8.673617379884035472E-16, 0.000000000000000000, 1.000000000000000000 ) ) ;
#3650 = CARTESIAN_POINT ( 'NONE',  ( 0.6250000000000009992, 0.7367727638395973333, 1.149999999999999911 ) ) ;
#3651 = ORIENTED_EDGE ( 'NONE', *, *, #2196, .F. ) ;
#3652 = LINE ( 'NONE', #2797, #1322 ) ;
#3653 = DIRECTION ( 'NONE',  ( 0.000000000000000000, 0.000000000000000000, -1.000000000000000000 ) ) ;
#3654 = VECTOR ( 'NONE', #4477, 1000.000000000000000 ) ;
#3655 = EDGE_LOOP ( 'NONE', ( #4296, #4474, #4281, #6642 ) ) ;
#3656 = VERTEX_POINT ( 'NONE', #4263 ) ;
#3657 = EDGE_CURVE ( 'NONE', #2001, #2791, #2457, .T. ) ;
#3658 = CARTESIAN_POINT ( 'NONE',  ( 0.9250000000000001554, 0.1999999999999999833, 0.8750000000000001110 ) ) ;
#3659 = ORIENTED_EDGE ( 'NONE', *, *, #3236, .T. ) ;
#3660 = CARTESIAN_POINT ( 'NONE',  ( -0.1249999999999992506, 0.1300000000000000044, -1.149999999999999689 ) ) ;
#3661 = CARTESIAN_POINT ( 'NONE',  ( -0.6249999999999992228, 0.1999999999999999833, -1.149999999999999689 ) ) ;
#3662 = CARTESIAN_POINT ( 'NONE',  ( -0.6249999999999992228, 0.2000000000000000111, -0.6749999999999998224 ) ) ;
#3663 = AXIS2_PLACEMENT_3D ( 'NONE', #1639, #6404, #5213 ) ;
#3664 = ORIENTED_EDGE ( 'NONE', *, *, #639, .T. ) ;
#3665 = VECTOR ( 'NONE', #4863, 1000.000000000000000 ) ;
#3666 = VECTOR ( 'NONE', #3944, 1000.000000000000000 ) ;
#3667 = ORIENTED_EDGE ( 'NONE', *, *, #3487, .F. ) ;
#3668 = DIRECTION ( 'NONE',  ( 0.000000000000000000, -1.000000000000000000, 0.000000000000000000 ) ) ;
#3669 = EDGE_LOOP ( 'NONE', ( #5884, #1337, #5828, #6547 ) ) ;
#3670 = VERTEX_POINT ( 'NONE', #4577 ) ;
#3671 = EDGE_CURVE ( 'NONE', #73, #3355, #2445, .T. ) ;
#3672 = DIRECTION ( 'NONE',  ( -1.000000000000000000, -0.000000000000000000, -2.282530889443167515E-16 ) ) ;
#3673 = DIRECTION ( 'NONE',  ( 1.000000000000000000, -0.000000000000000000, -4.336808689942017736E-16 ) ) ;
#3674 = AXIS2_PLACEMENT_3D ( 'NONE', #2958, #3546, #4070 ) ;
#3675 = UNCERTAINTY_MEASURE_WITH_UNIT (LENGTH_MEASURE( 1.000000000000000082E-05 ), #4795, 'distance_accuracy_value', 'NONE');
#3676 = ORIENTED_EDGE ( 'NONE', *, *, #6215, .F. ) ;
#3677 = FACE_OUTER_BOUND ( 'NONE', #1519, .T. ) ;
#3678 = VECTOR ( 'NONE', #3461, 1000.000000000000000 ) ;
#3679 = VERTEX_POINT ( 'NONE', #1903 ) ;
#3680 = CARTESIAN_POINT ( 'NONE',  ( 0.6250000000000007772, 0.7367727638395973333, -0.6749999999999999334 ) ) ;
#3681 = VERTEX_POINT ( 'NONE', #1422 ) ;
#3682 = DIRECTION ( 'NONE',  ( 0.000000000000000000, 1.000000000000000000, 0.000000000000000000 ) ) ;
#3683 = ORIENTED_EDGE ( 'NONE', *, *, #2807, .F. ) ;
#3684 = CARTESIAN_POINT ( 'NONE',  ( 0.1250000000000007494, 0.1300000000000000044, -0.6749999999999999334 ) ) ;
#3685 =( LENGTH_UNIT ( ) NAMED_UNIT ( * ) SI_UNIT ( .MILLI., .METRE. ) );
#3686 = ORIENTED_EDGE ( 'NONE', *, *, #650, .F. ) ;
#3687 = LINE ( 'NONE', #2788, #1383 ) ;
#3688 = VERTEX_POINT ( 'NONE', #1283 ) ;
#3689 = ORIENTED_EDGE ( 'NONE', *, *, #5691, .F. ) ;
#3690 = CARTESIAN_POINT ( 'NONE',  ( 0.000000000000000000, 0.2000000000000000111, 0.000000000000000000 ) ) ;
#3691 = ORIENTED_EDGE ( 'NONE', *, *, #496, .F. ) ;
#3692 = CARTESIAN_POINT ( 'NONE',  ( 1.399999999999999911, 0.1999999999999999833, 0.3750000000000002220 ) ) ;
#3693 = DIRECTION ( 'NONE',  ( -1.000000000000000000, 0.000000000000000000, 4.336808689942017736E-16 ) ) ;
#3694 = DIRECTION ( 'NONE',  ( 1.000000000000000000, -0.000000000000000000, 2.282530889443168008E-16 ) ) ;
#3695 = DIRECTION ( 'NONE',  ( 0.000000000000000000, -1.000000000000000000, 0.000000000000000000 ) ) ;
#3696 = VERTEX_POINT ( 'NONE', #6131 ) ;
#3697 = VECTOR ( 'NONE', #1266, 1000.000000000000000 ) ;
#3698 = ORIENTED_EDGE ( 'NONE', *, *, #5111, .T. ) ;
#3699 = EDGE_LOOP ( 'NONE', ( #2552, #4941, #555, #1131 ) ) ;
#3700 = DIRECTION ( 'NONE',  ( 1.000000000000000000, 0.000000000000000000, -4.336808689942017736E-16 ) ) ;
#3701 = ADVANCED_FACE ( 'NONE', ( #224 ), #4447, .T. ) ;
#3702 = FILL_AREA_STYLE_COLOUR ( '', #5304 ) ;
#3703 = ORIENTED_EDGE ( 'NONE', *, *, #4457, .F. ) ;
#3704 = DIRECTION ( 'NONE',  ( 1.000000000000000000, 0.000000000000000000, -4.336808689942017736E-16 ) ) ;
#3705 = CARTESIAN_POINT ( 'NONE',  ( 0.1250000000000007494, 0.1300000000000000044, -1.149999999999999911 ) ) ;
#3706 = EDGE_CURVE ( 'NONE', #1368, #1742, #4825, .T. ) ;
#3707 = ADVANCED_FACE ( 'NONE', ( #4865 ), #3316, .T. ) ;
#3708 = ORIENTED_EDGE ( 'NONE', *, *, #3599, .T. ) ;
#3709 = LINE ( 'NONE', #1842, #1336 ) ;
#3710 = EDGE_LOOP ( 'NONE', ( #3056, #2109 ) ) ;
#3711 = CARTESIAN_POINT ( 'NONE',  ( 1.399999999999999911, 0.7367727638395971113, -0.8749999999999997780 ) ) ;
#3712 = VERTEX_POINT ( 'NONE', #4906 ) ;
#3713 = ORIENTED_EDGE ( 'NONE', *, *, #1597, .F. ) ;
#3714 = DIRECTION ( 'NONE',  ( 0.000000000000000000, -0.000000000000000000, 1.000000000000000000 ) ) ;
#3715 = CARTESIAN_POINT ( 'NONE',  ( -0.9250000000000000444, 0.1999999999999999833, 0.1250000000000001110 ) ) ;
#3716 = AXIS2_PLACEMENT_3D ( 'NONE', #1751, #777, #4938 ) ;
#3717 = ORIENTED_EDGE ( 'NONE', *, *, #3916, .T. ) ;
#3718 = LINE ( 'NONE', #4166, #6009 ) ;
#3719 = ORIENTED_EDGE ( 'NONE', *, *, #4223, .T. ) ;
#3720 = CARTESIAN_POINT ( 'NONE',  ( 0.000000000000000000, 0.2000000000000000111, 0.000000000000000000 ) ) ;
#3721 = ORIENTED_EDGE ( 'NONE', *, *, #1844, .T. ) ;
#3722 = CARTESIAN_POINT ( 'NONE',  ( 0.000000000000000000, 0.2000000000000000111, 0.5000000000000000000 ) ) ;
#3723 = ORIENTED_EDGE ( 'NONE', *, *, #3621, .F. ) ;
#3724 = CARTESIAN_POINT ( 'NONE',  ( 0.3750000000000007772, 0.2000000000000000111, -1.149999999999999689 ) ) ;
#3725 = PLANE ( 'NONE',  #5345 ) ;
#3726 = ORIENTED_EDGE ( 'NONE', *, *, #5552, .F. ) ;
#3727 = LINE ( 'NONE', #6651, #6028 ) ;
#3728 = VERTEX_POINT ( 'NONE', #6667 ) ;
#3729 = EDGE_LOOP ( 'NONE', ( #1254, #5895, #1193, #4724 ) ) ;
#3730 = ORIENTED_EDGE ( 'NONE', *, *, #3047, .T. ) ;
#3731 = DIRECTION ( 'NONE',  ( 0.000000000000000000, -1.000000000000000000, 0.000000000000000000 ) ) ;
#3732 = EDGE_CURVE ( 'NONE', #3525, #1315, #4846, .T. ) ;
#3733 = DIRECTION ( 'NONE',  ( 0.000000000000000000, 0.000000000000000000, 1.000000000000000000 ) ) ;
#3734 = EDGE_CURVE ( 'NONE', #319, #2325, #234, .T. ) ;
#3735 = ORIENTED_EDGE ( 'NONE', *, *, #3671, .T. ) ;
#3736 = DIRECTION ( 'NONE',  ( 1.000000000000000000, 0.000000000000000000, -2.282530889443167515E-16 ) ) ;
#3737 = FACE_OUTER_BOUND ( 'NONE', #3729, .T. ) ;
#3738 = VERTEX_POINT ( 'NONE', #5439 ) ;
#3739 = VECTOR ( 'NONE', #2723, 1000.000000000000000 ) ;
#3740 = PLANE ( 'NONE',  #343 ) ;
#3741 = PRESENTATION_LAYER_ASSIGNMENT (  '', '', ( #5278 ) ) ;
#3742 = CARTESIAN_POINT ( 'NONE',  ( -1.399999999999999911, 0.1300000000000000044, -0.6249999999999997780 ) ) ;
#3743 = ORIENTED_EDGE ( 'NONE', *, *, #15, .T. ) ;
#3744 = CARTESIAN_POINT ( 'NONE',  ( -0.3749999999999992228, 0.000000000000000000, -0.6749999999999999334 ) ) ;
#3745 = FILL_AREA_STYLE_COLOUR ( '', #6811 ) ;
#3746 = CARTESIAN_POINT ( 'NONE',  ( 1.399999999999999911, 0.1999999999999999833, -0.8749999999999997780 ) ) ;
#3747 = ORIENTED_EDGE ( 'NONE', *, *, #2164, .F. ) ;
#3748 = FACE_OUTER_BOUND ( 'NONE', #2545, .T. ) ;
#3749 = ORIENTED_EDGE ( 'NONE', *, *, #2526, .F. ) ;
#3750 = CARTESIAN_POINT ( 'NONE',  ( -0.3749999999999992228, 0.1300000000000000044, -1.149999999999999911 ) ) ;
#3751 = EDGE_CURVE ( 'NONE', #3113, #3541, #323, .T. ) ;
#3752 = LINE ( 'NONE', #1760, #6143 ) ;
#3753 = ADVANCED_FACE ( 'NONE', ( #2613 ), #3420, .T. ) ;
#3754 = DIRECTION ( 'NONE',  ( -0.000000000000000000, -1.000000000000000000, -0.000000000000000000 ) ) ;
#3755 = AXIS2_PLACEMENT_3D ( 'NONE', #589, #370, #1369 ) ;
#3756 = UNCERTAINTY_MEASURE_WITH_UNIT (LENGTH_MEASURE( 1.000000000000000082E-05 ), #2876, 'distance_accuracy_value', 'NONE');
#3757 = CLOSED_SHELL ( 'NONE', ( #1640, #3533, #2307, #2832, #5394, #3298 ) ) ;
#3758 = CARTESIAN_POINT ( 'NONE',  ( 0.9250000000000000444, 0.7367727638395971113, 0.1250000000000001110 ) ) ;
#3759 = DIRECTION ( 'NONE',  ( 1.000000000000000000, 0.000000000000000000, -2.282530889443168501E-16 ) ) ;
#3760 = EDGE_CURVE ( 'NONE', #4268, #5984, #2729, .T. ) ;
#3761 = VERTEX_POINT ( 'NONE', #5037 ) ;
#3762 = ORIENTED_EDGE ( 'NONE', *, *, #5985, .T. ) ;
#3763 = DIRECTION ( 'NONE',  ( -0.000000000000000000, 0.000000000000000000, 1.000000000000000000 ) ) ;
#3764 = VECTOR ( 'NONE', #2645, 1000.000000000000000 ) ;
#3765 = CARTESIAN_POINT ( 'NONE',  ( -1.500000000000000000, 0.1299999999999998934, -1.250000000000000000 ) ) ;
#3766 = VECTOR ( 'NONE', #1908, 1000.000000000000000 ) ;
#3767 = EDGE_CURVE ( 'NONE', #2385, #1827, #5036, .T. ) ;
#3768 = EDGE_LOOP ( 'NONE', ( #5853, #614, #378, #2085 ) ) ;
#3769 = DIRECTION ( 'NONE',  ( -0.000000000000000000, -0.000000000000000000, 1.000000000000000000 ) ) ;
#3770 = VECTOR ( 'NONE', #206, 1000.000000000000000 ) ;
#3771 = VERTEX_POINT ( 'NONE', #1857 ) ;
#3772 = EDGE_CURVE ( 'NONE', #2791, #6433, #4771, .T. ) ;
#3773 = LINE ( 'NONE', #741, #1578 ) ;
#3774 = VECTOR ( 'NONE', #6716, 1000.000000000000000 ) ;
#3775 = DIRECTION ( 'NONE',  ( 0.000000000000000000, -0.000000000000000000, 1.000000000000000000 ) ) ;
#3776 = CARTESIAN_POINT ( 'NONE',  ( 1.399999999999999911, 0.000000000000000000, 0.8750000000000002220 ) ) ;
#3777 = CARTESIAN_POINT ( 'NONE',  ( -1.399999999999999911, 0.7367727638395971113, -0.8749999999999997780 ) ) ;
#3778 = ORIENTED_EDGE ( 'NONE', *, *, #2819, .T. ) ;
#3779 = PLANE ( 'NONE',  #4463 ) ;
#3780 = VECTOR ( 'NONE', #3365, 1000.000000000000000 ) ;
#3781 = ORIENTED_EDGE ( 'NONE', *, *, #5060, .T. ) ;
#3782 = CARTESIAN_POINT ( 'NONE',  ( -1.399999999999999911, 0.1300000000000000044, 0.8750000000000002220 ) ) ;
#3783 = VECTOR ( 'NONE', #2682, 1000.000000000000000 ) ;
#3784 = EDGE_CURVE ( 'NONE', #4240, #535, #336, .T. ) ;
#3785 = LINE ( 'NONE', #4499, #6227 ) ;
#3786 = DIRECTION ( 'NONE',  ( -1.000000000000000000, 0.000000000000000000, 4.336808689942019215E-16 ) ) ;
#3787 = EDGE_LOOP ( 'NONE', ( #4967, #4985, #1230, #2871 ) ) ;
#3788 = PRESENTATION_STYLE_ASSIGNMENT (( #4004 ) ) ;
#3789 = ORIENTED_EDGE ( 'NONE', *, *, #6633, .F. ) ;
#3790 = DIRECTION ( 'NONE',  ( 0.000000000000000000, -1.000000000000000000, 0.000000000000000000 ) ) ;
#3791 = VECTOR ( 'NONE', #135, 1000.000000000000000 ) ;
#3792 = AXIS2_PLACEMENT_3D ( 'NONE', #478, #1547, #5081 ) ;
#3793 = FACE_OUTER_BOUND ( 'NONE', #1226, .T. ) ;
#3794 = MECHANICAL_DESIGN_GEOMETRIC_PRESENTATION_REPRESENTATION (  '', ( #5496 ), #3956 ) ;
#3795 = DIRECTION ( 'NONE',  ( -2.282530889443167515E-16, 0.000000000000000000, 1.000000000000000000 ) ) ;
#3796 = CARTESIAN_POINT ( 'NONE',  ( 0.6250000000000009992, 0.7367727638395973333, 0.6749999999999999334 ) ) ;
#3797 = AXIS2_PLACEMENT_3D ( 'NONE', #3423, #6182, #3965 ) ;
#3798 = ORIENTED_EDGE ( 'NONE', *, *, #6411, .T. ) ;
#3799 = VECTOR ( 'NONE', #4741, 1000.000000000000000 ) ;
#3800 = CLOSED_SHELL ( 'NONE', ( #4482, #4808, #5976, #52, #4312, #4134 ) ) ;
#3801 = DIRECTION ( 'NONE',  ( -0.000000000000000000, -1.000000000000000000, -0.000000000000000000 ) ) ;
#3802 = MANIFOLD_SOLID_BREP ( 'Boss-Extrude2[1]', #1200 ) ;
#3803 = VECTOR ( 'NONE', #2804, 1000.000000000000000 ) ;
#3804 = CARTESIAN_POINT ( 'NONE',  ( 0.3750000000000007772, 0.1999999999999999833, -0.6749999999999998224 ) ) ;
#3805 = LINE ( 'NONE', #1151, #1474 ) ;
#3806 = ADVANCED_FACE ( 'NONE', ( #4837 ), #4994, .T. ) ;
#3807 = CARTESIAN_POINT ( 'NONE',  ( 0.000000000000000000, 0.2000000000000000111, 0.000000000000000000 ) ) ;
#3808 = ORIENTED_EDGE ( 'NONE', *, *, #1494, .F. ) ;
#3809 = DIRECTION ( 'NONE',  ( -2.282530889443168008E-16, 0.000000000000000000, -1.000000000000000000 ) ) ;
#3810 = ORIENTED_EDGE ( 'NONE', *, *, #4749, .F. ) ;
#3811 = LINE ( 'NONE', #2262, #3739 ) ;
#3812 = DIRECTION ( 'NONE',  ( 1.000000000000000000, -0.000000000000000000, -2.282530889443168008E-16 ) ) ;
#3813 = FACE_OUTER_BOUND ( 'NONE', #6542, .T. ) ;
#3814 = DIRECTION ( 'NONE',  ( 0.000000000000000000, 1.000000000000000000, 0.000000000000000000 ) ) ;
#3815 = EDGE_CURVE ( 'NONE', #5995, #3897, #2499, .T. ) ;
#3816 = EDGE_CURVE ( 'NONE', #4322, #4085, #4751, .T. ) ;
#3817 = PLANE ( 'NONE',  #340 ) ;
#3818 = DIRECTION ( 'NONE',  ( 0.000000000000000000, -0.000000000000000000, -1.000000000000000000 ) ) ;
#3819 =( GEOMETRIC_REPRESENTATION_CONTEXT ( 3 ) GLOBAL_UNCERTAINTY_ASSIGNED_CONTEXT ( ( #4518 ) ) GLOBAL_UNIT_ASSIGNED_CONTEXT ( ( #2364, #5050, #5581 ) ) REPRESENTATION_CONTEXT ( 'NONE', 'WORKASPACE' ) );
#3820 = ORIENTED_EDGE ( 'NONE', *, *, #1378, .F. ) ;
#3821 = LINE ( 'NONE', #100, #6286 ) ;
#3822 = ORIENTED_EDGE ( 'NONE', *, *, #965, .T. ) ;
#3823 = DIRECTION ( 'NONE',  ( 0.000000000000000000, 0.000000000000000000, 1.000000000000000000 ) ) ;
#3824 = LINE ( 'NONE', #3418, #3803 ) ;
#3825 = DIRECTION ( 'NONE',  ( -0.000000000000000000, -1.000000000000000000, -0.000000000000000000 ) ) ;
#3826 = LINE ( 'NONE', #3319, #6055 ) ;
#3827 = CARTESIAN_POINT ( 'NONE',  ( -0.1249999999999992506, 0.2000000000000000111, -0.6749999999999998224 ) ) ;
#3828 = EDGE_CURVE ( 'NONE', #3335, #684, #302, .T. ) ;
#3829 =( NAMED_UNIT ( * ) SI_UNIT ( $, .STERADIAN. ) SOLID_ANGLE_UNIT ( ) );
#3830 = ORIENTED_EDGE ( 'NONE', *, *, #174, .T. ) ;
#3831 = AXIS2_PLACEMENT_3D ( 'NONE', #3953, #6037, #90 ) ;
#3832 = EDGE_CURVE ( 'NONE', #4408, #3897, #2746, .T. ) ;
#3833 = LINE ( 'NONE', #1231, #6127 ) ;
#3834 = ORIENTED_EDGE ( 'NONE', *, *, #3902, .F. ) ;
#3835 = DIRECTION ( 'NONE',  ( 0.000000000000000000, -1.000000000000000000, 0.000000000000000000 ) ) ;
#3836 = EDGE_CURVE ( 'NONE', #5767, #4148, #4739, .T. ) ;
#3837 = VECTOR ( 'NONE', #5484, 1000.000000000000000 ) ;
#3838 = DIRECTION ( 'NONE',  ( 0.000000000000000000, 0.000000000000000000, -1.000000000000000000 ) ) ;
#3839 = EDGE_LOOP ( 'NONE', ( #3359, #6466, #4777, #1565 ) ) ;
#3840 = FACE_OUTER_BOUND ( 'NONE', #133, .T. ) ;
#3841 = ORIENTED_EDGE ( 'NONE', *, *, #3992, .F. ) ;
#3842 = DIRECTION ( 'NONE',  ( 0.000000000000000000, 1.000000000000000000, 0.000000000000000000 ) ) ;
#3843 = FACE_OUTER_BOUND ( 'NONE', #11, .T. ) ;
#3844 = EDGE_CURVE ( 'NONE', #1297, #1363, #5024, .T. ) ;
#3845 = LINE ( 'NONE', #4100, #3856 ) ;
#3846 = CARTESIAN_POINT ( 'NONE',  ( 0.6250000000000007772, 0.1300000000000000044, -0.6749999999999999334 ) ) ;
#3847 = EDGE_CURVE ( 'NONE', #2917, #1993, #2738, .T. ) ;
#3848 = DIRECTION ( 'NONE',  ( 1.000000000000000000, 0.000000000000000000, 2.282530889443167515E-16 ) ) ;
#3849 = VERTEX_POINT ( 'NONE', #2015 ) ;
#3850 = VERTEX_POINT ( 'NONE', #3094 ) ;
#3851 = DIRECTION ( 'NONE',  ( 0.000000000000000000, -1.000000000000000000, 0.000000000000000000 ) ) ;
#3852 = VECTOR ( 'NONE', #2848, 1000.000000000000000 ) ;
#3853 = VERTEX_POINT ( 'NONE', #5129 ) ;
#3854 = FACE_OUTER_BOUND ( 'NONE', #1216, .T. ) ;
#3855 = DIRECTION ( 'NONE',  ( 2.282530889443168501E-16, -0.000000000000000000, 1.000000000000000000 ) ) ;
#3856 = VECTOR ( 'NONE', #1514, 1000.000000000000000 ) ;
#3857 = PLANE ( 'NONE',  #245 ) ;
#3858 = ORIENTED_EDGE ( 'NONE', *, *, #2273, .F. ) ;
#3859 = PLANE ( 'NONE',  #6276 ) ;
#3860 = CARTESIAN_POINT ( 'NONE',  ( 0.9250000000000001554, 0.7367727638395971113, 0.3750000000000001110 ) ) ;
#3861 = EDGE_CURVE ( 'NONE', #6631, #4326, #5227, .T. ) ;
#3862 = CARTESIAN_POINT ( 'NONE',  ( 0.1250000000000007494, 0.2000000000000000111, -0.6749999999999999334 ) ) ;
#3863 = ADVANCED_FACE ( 'NONE', ( #619 ), #2485, .T. ) ;
#3864 = ORIENTED_EDGE ( 'NONE', *, *, #3732, .T. ) ;
#3865 = LINE ( 'NONE', #6000, #3878 ) ;
#3866 = ORIENTED_EDGE ( 'NONE', *, *, #2273, .T. ) ;
#3867 = CARTESIAN_POINT ( 'NONE',  ( 0.6250000000000009992, 0.000000000000000000, 0.6749999999999999334 ) ) ;
#3868 = FACE_OUTER_BOUND ( 'NONE', #5020, .T. ) ;
#3869 = CARTESIAN_POINT ( 'NONE',  ( -1.399999999999999911, 0.000000000000000000, 0.3750000000000002220 ) ) ;
#3870 = FACE_OUTER_BOUND ( 'NONE', #1327, .T. ) ;
#3871 = PLANE ( 'NONE',  #4068 ) ;
#3872 = CARTESIAN_POINT ( 'NONE',  ( -0.9250000000000000444, 0.1999999999999999833, 0.1250000000000001110 ) ) ;
#3873 = ADVANCED_FACE ( 'NONE', ( #5169 ), #2530, .T. ) ;
#3874 = DIRECTION ( 'NONE',  ( 2.282530889443168008E-16, 0.000000000000000000, -1.000000000000000000 ) ) ;
#3875 = VERTEX_POINT ( 'NONE', #1508 ) ;
#3876 = AXIS2_PLACEMENT_3D ( 'NONE', #4685, #893, #2954 ) ;
#3877 = ORIENTED_EDGE ( 'NONE', *, *, #1489, .F. ) ;
#3878 = VECTOR ( 'NONE', #3960, 1000.000000000000000 ) ;
#3879 = ORIENTED_EDGE ( 'NONE', *, *, #3957, .T. ) ;
#3880 = CARTESIAN_POINT ( 'NONE',  ( 0.9250000000000000444, 0.7367727638395971113, -0.3749999999999998890 ) ) ;
#3881 = LINE ( 'NONE', #1808, #3915 ) ;
#3882 = LINE ( 'NONE', #6843, #3766 ) ;
#3883 = DIRECTION ( 'NONE',  ( 0.000000000000000000, -0.000000000000000000, 1.000000000000000000 ) ) ;
#3884 = DIRECTION ( 'NONE',  ( -1.000000000000000000, 0.000000000000000000, -2.282530889443167515E-16 ) ) ;
#3885 = ORIENTED_EDGE ( 'NONE', *, *, #483, .F. ) ;
#3886 = CARTESIAN_POINT ( 'NONE',  ( -0.9250000000000000444, 0.1300000000000000044, -0.7749999999999992450 ) ) ;
#3887 = DIRECTION ( 'NONE',  ( 1.000000000000000000, 0.000000000000000000, -2.282530889443168008E-16 ) ) ;
#3888 = EDGE_LOOP ( 'NONE', ( #5839, #1027, #3331, #1272 ) ) ;
#3889 = VECTOR ( 'NONE', #2183, 1000.000000000000000 ) ;
#3890 = ORIENTED_EDGE ( 'NONE', *, *, #3599, .F. ) ;
#3891 = PLANE ( 'NONE',  #6302 ) ;
#3892 = ORIENTED_EDGE ( 'NONE', *, *, #5705, .T. ) ;
#3893 = VECTOR ( 'NONE', #2728, 1000.000000000000000 ) ;
#3894 = PLANE ( 'NONE',  #1086 ) ;
#3895 = CARTESIAN_POINT ( 'NONE',  ( 0.5000000000000000000, 0.000000000000000000, 0.000000000000000000 ) ) ;
#3896 = ORIENTED_EDGE ( 'NONE', *, *, #235, .F. ) ;
#3897 = VERTEX_POINT ( 'NONE', #5218 ) ;
#3898 = DIRECTION ( 'NONE',  ( 0.000000000000000000, 0.000000000000000000, -1.000000000000000000 ) ) ;
#3899 = EDGE_CURVE ( 'NONE', #3853, #2205, #2833, .T. ) ;
#3900 = PRODUCT_RELATED_PRODUCT_CATEGORY ( 'part', '', ( #4606 ) ) ;
#3901 = VERTEX_POINT ( 'NONE', #2064 ) ;
#3902 = EDGE_CURVE ( 'NONE', #3670, #1164, #5203, .T. ) ;
#3903 = FACE_OUTER_BOUND ( 'NONE', #6731, .T. ) ;
#3904 = PLANE ( 'NONE',  #417 ) ;
#3905 = PLANE ( 'NONE',  #3831 ) ;
#3906 = VECTOR ( 'NONE', #3240, 1000.000000000000000 ) ;
#3907 = DIRECTION ( 'NONE',  ( -1.000000000000000000, 0.000000000000000000, 2.282530889443168008E-16 ) ) ;
#3908 = PRESENTATION_LAYER_ASSIGNMENT (  '', '', ( #3307 ) ) ;
#3909 = EDGE_LOOP ( 'NONE', ( #763, #1989, #6536, #6480 ) ) ;
#3910 = CARTESIAN_POINT ( 'NONE',  ( -0.6249999999999988898, 0.2000000000000000111, 1.149999999999999689 ) ) ;
#3911 = ORIENTED_EDGE ( 'NONE', *, *, #2858, .F. ) ;
#3912 = VECTOR ( 'NONE', #1761, 1000.000000000000000 ) ;
#3913 = ORIENTED_EDGE ( 'NONE', *, *, #556, .F. ) ;
#3914 = DIRECTION ( 'NONE',  ( 0.000000000000000000, -1.000000000000000000, 0.000000000000000000 ) ) ;
#3915 = VECTOR ( 'NONE', #2486, 1000.000000000000000 ) ;
#3916 = EDGE_CURVE ( 'NONE', #1003, #4364, #5250, .T. ) ;
#3917 = CARTESIAN_POINT ( 'NONE',  ( -0.9250000000000000444, 0.000000000000000000, -0.3749999999999998890 ) ) ;
#3918 = PLANE ( 'NONE',  #6849 ) ;
#3919 = VECTOR ( 'NONE', #2358, 1000.000000000000000 ) ;
#3920 = CARTESIAN_POINT ( 'NONE',  ( -1.399999999999999911, 0.7367727638395971113, -0.1249999999999997918 ) ) ;
#3921 = AXIS2_PLACEMENT_3D ( 'NONE', #4115, #6383, #4253 ) ;
#3922 = EDGE_CURVE ( 'NONE', #4071, #6763, #2860, .T. ) ;
#3923 = CARTESIAN_POINT ( 'NONE',  ( 0.1250000000000007494, 0.000000000000000000, -1.149999999999999911 ) ) ;
#3924 = PLANE ( 'NONE',  #2781 ) ;
#3925 = DIRECTION ( 'NONE',  ( 1.000000000000000000, 0.000000000000000000, -2.282530889443167515E-16 ) ) ;
#3926 = EDGE_LOOP ( 'NONE', ( #5885, #4703, #1577, #3121 ) ) ;
#3927 = ADVANCED_FACE ( 'NONE', ( #531 ), #4570, .F. ) ;
#3928 = ORIENTED_EDGE ( 'NONE', *, *, #2239, .T. ) ;
#3929 = LINE ( 'NONE', #5478, #6223 ) ;
#3930 = VERTEX_POINT ( 'NONE', #6707 ) ;
#3931 = COLOUR_RGB ( '',0.7921568627450980005, 0.8196078431372548767, 0.9333333333333333481 ) ;
#3932 = VECTOR ( 'NONE', #1207, 1000.000000000000000 ) ;
#3933 = DIRECTION ( 'NONE',  ( -1.000000000000000000, 0.000000000000000000, 4.336808689942017736E-16 ) ) ;
#3934 = EDGE_CURVE ( 'NONE', #2635, #4031, #584, .T. ) ;
#3935 = ADVANCED_FACE ( 'NONE', ( #5149 ), #1374, .T. ) ;
#3936 = ORIENTED_EDGE ( 'NONE', *, *, #187, .T. ) ;
#3937 = EDGE_CURVE ( 'NONE', #3020, #6433, #2810, .T. ) ;
#3938 = PLANE ( 'NONE',  #3634 ) ;
#3939 = ORIENTED_EDGE ( 'NONE', *, *, #1243, .T. ) ;
#3940 = LINE ( 'NONE', #2304, #3912 ) ;
#3941 = VERTEX_POINT ( 'NONE', #2265 ) ;
#3942 = LINE ( 'NONE', #3776, #6201 ) ;
#3943 = FACE_OUTER_BOUND ( 'NONE', #6575, .T. ) ;
#3944 = DIRECTION ( 'NONE',  ( -1.000000000000000000, 0.000000000000000000, 2.282530889443167515E-16 ) ) ;
#3945 = DIRECTION ( 'NONE',  ( 0.000000000000000000, -1.000000000000000000, 0.000000000000000000 ) ) ;
#3946 = CARTESIAN_POINT ( 'NONE',  ( 1.500000000000000000, 0.000000000000000000, -1.250000000000000000 ) ) ;
#3947 = ORIENTED_EDGE ( 'NONE', *, *, #15, .F. ) ;
#3948 = VERTEX_POINT ( 'NONE', #1191 ) ;
#3949 = CARTESIAN_POINT ( 'NONE',  ( -0.1249999999999989175, 0.2000000000000000111, 1.149999999999999689 ) ) ;
#3950 = ORIENTED_EDGE ( 'NONE', *, *, #673, .F. ) ;
#3951 = LINE ( 'NONE', #1712, #3764 ) ;
#3952 =( LENGTH_UNIT ( ) NAMED_UNIT ( * ) SI_UNIT ( .MILLI., .METRE. ) );
#3953 = CARTESIAN_POINT ( 'NONE',  ( 0.3750000000000009992, 0.7367727638395973333, 0.6750000000000000444 ) ) ;
#3954 = VECTOR ( 'NONE', #3672, 1000.000000000000000 ) ;
#3955 = CARTESIAN_POINT ( 'NONE',  ( 0.6250000000000009992, 0.2000000000000000111, 1.149999999999999911 ) ) ;
#3956 =( GEOMETRIC_REPRESENTATION_CONTEXT ( 3 ) GLOBAL_UNCERTAINTY_ASSIGNED_CONTEXT ( ( #1271 ) ) GLOBAL_UNIT_ASSIGNED_CONTEXT ( ( #3685, #4205, #5800 ) ) REPRESENTATION_CONTEXT ( 'NONE', 'WORKASPACE' ) );
#3957 = EDGE_CURVE ( 'NONE', #6007, #2045, #5072, .T. ) ;
#3958 = ORIENTED_EDGE ( 'NONE', *, *, #2874, .F. ) ;
#3959 = CARTESIAN_POINT ( 'NONE',  ( 0.9250000000000001554, 0.7367727638395971113, 0.3750000000000001110 ) ) ;
#3960 = DIRECTION ( 'NONE',  ( -0.000000000000000000, -0.000000000000000000, 1.000000000000000000 ) ) ;
#3961 = FILL_AREA_STYLE ('',( #2935 ) ) ;
#3962 = ORIENTED_EDGE ( 'NONE', *, *, #5782, .T. ) ;
#3963 = VECTOR ( 'NONE', #3170, 1000.000000000000000 ) ;
#3964 = ORIENTED_EDGE ( 'NONE', *, *, #811, .F. ) ;
#3965 = DIRECTION ( 'NONE',  ( 0.000000000000000000, -0.000000000000000000, -1.000000000000000000 ) ) ;
#3966 = LINE ( 'NONE', #1046, #6258 ) ;
#3967 = DIRECTION ( 'NONE',  ( 0.000000000000000000, 0.000000000000000000, 1.000000000000000000 ) ) ;
#3968 = EDGE_CURVE ( 'NONE', #928, #6631, #2821, .T. ) ;
#3969 = PLANE ( 'NONE',  #4040 ) ;
#3970 = VECTOR ( 'NONE', #6495, 1000.000000000000000 ) ;
#3971 = SURFACE_STYLE_USAGE ( .BOTH. , #2856 ) ;
#3972 = PLANE ( 'NONE',  #4080 ) ;
#3973 = ORIENTED_EDGE ( 'NONE', *, *, #2859, .F. ) ;
#3974 = ORIENTED_EDGE ( 'NONE', *, *, #4547, .T. ) ;
#3975 = VECTOR ( 'NONE', #6389, 1000.000000000000000 ) ;
#3976 = ORIENTED_EDGE ( 'NONE', *, *, #904, .T. ) ;
#3977 = VECTOR ( 'NONE', #3967, 1000.000000000000000 ) ;
#3978 = EDGE_CURVE ( 'NONE', #2008, #4358, #2798, .T. ) ;
#3979 = CARTESIAN_POINT ( 'NONE',  ( -0.9250000000000001554, 0.1999999999999999833, -0.1249999999999998890 ) ) ;
#3980 = DIRECTION ( 'NONE',  ( -4.336808689942017736E-16, 0.000000000000000000, -1.000000000000000000 ) ) ;
#3981 = ORIENTED_EDGE ( 'NONE', *, *, #5992, .T. ) ;
#3982 = AXIS2_PLACEMENT_3D ( 'NONE', #5977, #1737, #1399 ) ;
#3983 = MECHANICAL_DESIGN_GEOMETRIC_PRESENTATION_REPRESENTATION (  '', ( #5527 ), #6460 ) ;
#3984 = ADVANCED_FACE ( 'NONE', ( #520 ), #1104, .F. ) ;
#3985 = CARTESIAN_POINT ( 'NONE',  ( 1.399999999999999911, 0.000000000000000000, 0.3750000000000002220 ) ) ;
#3986 = VERTEX_POINT ( 'NONE', #3782 ) ;
#3987 = VECTOR ( 'NONE', #3694, 1000.000000000000000 ) ;
#3988 = ORIENTED_EDGE ( 'NONE', *, *, #2906, .F. ) ;
#3989 = CARTESIAN_POINT ( 'NONE',  ( 0.000000000000000000, 0.2000000000000000111, 0.5000000000000000000 ) ) ;
#3990 = DIRECTION ( 'NONE',  ( 1.000000000000000000, 0.000000000000000000, -2.282530889443168008E-16 ) ) ;
#3991 =( NAMED_UNIT ( * ) SI_UNIT ( $, .STERADIAN. ) SOLID_ANGLE_UNIT ( ) );
#3992 = EDGE_CURVE ( 'NONE', #3015, #414, #595, .T. ) ;
#3993 = EDGE_LOOP ( 'NONE', ( #4099, #2300, #2494, #6246 ) ) ;
#3994 = ORIENTED_EDGE ( 'NONE', *, *, #2018, .F. ) ;
#3995 = MECHANICAL_DESIGN_GEOMETRIC_PRESENTATION_REPRESENTATION (  '', ( #2873 ), #5383 ) ;
#3996 = CARTESIAN_POINT ( 'NONE',  ( 0.9250000000000001554, 0.000000000000000000, 0.3750000000000001110 ) ) ;
#3997 = VECTOR ( 'NONE', #3419, 1000.000000000000000 ) ;
#3998 = AXIS2_PLACEMENT_3D ( 'NONE', #2439, #4672, #3531 ) ;
#3999 = ORIENTED_EDGE ( 'NONE', *, *, #6468, .F. ) ;
#4000 = LINE ( 'NONE', #2995, #6505 ) ;
#4001 = DIRECTION ( 'NONE',  ( -0.000000000000000000, 0.000000000000000000, 1.000000000000000000 ) ) ;
#4002 = DIRECTION ( 'NONE',  ( 4.336808689942017736E-16, 0.000000000000000000, -1.000000000000000000 ) ) ;
#4003 = VERTEX_POINT ( 'NONE', #65 ) ;
#4004 = SURFACE_STYLE_USAGE ( .BOTH. , #3470 ) ;
#4005 = CARTESIAN_POINT ( 'NONE',  ( 0.9250000000000001554, 0.7367727638395971113, -0.6249999999999998890 ) ) ;
#4006 = ORIENTED_EDGE ( 'NONE', *, *, #6387, .T. ) ;
#4007 = FACE_OUTER_BOUND ( 'NONE', #4174, .T. ) ;
#4008 = VERTEX_POINT ( 'NONE', #2186 ) ;
#4009 = EDGE_CURVE ( 'NONE', #6175, #3310, #5102, .T. ) ;
#4010 = LINE ( 'NONE', #6758, #4192 ) ;
#4011 = DIRECTION ( 'NONE',  ( -1.000000000000000000, 0.000000000000000000, -2.282530889443167515E-16 ) ) ;
#4012 = EDGE_CURVE ( 'NONE', #5388, #4106, #5180, .T. ) ;
#4013 = DIRECTION ( 'NONE',  ( -2.282530889443167022E-16, 0.000000000000000000, -1.000000000000000000 ) ) ;
#4014 = DIRECTION ( 'NONE',  ( 0.000000000000000000, -0.000000000000000000, 1.000000000000000000 ) ) ;
#4015 = CARTESIAN_POINT ( 'NONE',  ( -1.024999999999999467, 0.1300000000000000044, -0.8749999999999998890 ) ) ;
#4016 = DIRECTION ( 'NONE',  ( 0.000000000000000000, -1.000000000000000000, 0.000000000000000000 ) ) ;
#4017 = VERTEX_POINT ( 'NONE', #3224 ) ;
#4018 = ORIENTED_EDGE ( 'NONE', *, *, #3526, .T. ) ;
#4019 = LINE ( 'NONE', #2695, #4052 ) ;
#4020 = ORIENTED_EDGE ( 'NONE', *, *, #1067, .T. ) ;
#4021 = LINE ( 'NONE', #5137, #4278 ) ;
#4022 = CARTESIAN_POINT ( 'NONE',  ( 1.500000000000000000, 5.385124837953327415, 1.250000000000000000 ) ) ;
#4023 = CARTESIAN_POINT ( 'NONE',  ( 1.000000000000000000, 0.000000000000000000, 0.000000000000000000 ) ) ;
#4024 = CARTESIAN_POINT ( 'NONE',  ( 0.9250000000000001554, 0.000000000000000000, -0.6249999999999998890 ) ) ;
#4025 = VERTEX_POINT ( 'NONE', #4953 ) ;
#4026 = EDGE_CURVE ( 'NONE', #1954, #2829, #5091, .T. ) ;
#4027 = CARTESIAN_POINT ( 'NONE',  ( 0.1250000000000010270, 0.7367727638395973333, 1.149999999999999911 ) ) ;
#4028 = DIRECTION ( 'NONE',  ( 1.000000000000000000, 0.000000000000000000, -2.282530889443167515E-16 ) ) ;
#4029 = VERTEX_POINT ( 'NONE', #1236 ) ;
#4030 = FACE_OUTER_BOUND ( 'NONE', #3699, .T. ) ;
#4031 = VERTEX_POINT ( 'NONE', #3270 ) ;
#4032 = PLANE ( 'NONE',  #2004 ) ;
#4033 = LINE ( 'NONE', #3025, #2014 ) ;
#4034 = DIRECTION ( 'NONE',  ( -1.000000000000000000, 0.000000000000000000, 0.000000000000000000 ) ) ;
#4035 =( LENGTH_UNIT ( ) NAMED_UNIT ( * ) SI_UNIT ( .MILLI., .METRE. ) );
#4036 = DIRECTION ( 'NONE',  ( 0.000000000000000000, 0.000000000000000000, -1.000000000000000000 ) ) ;
#4037 = ORIENTED_EDGE ( 'NONE', *, *, #6807, .F. ) ;
#4038 = EDGE_LOOP ( 'NONE', ( #5699, #570, #523, #5251 ) ) ;
#4039 = CARTESIAN_POINT ( 'NONE',  ( 0.1250000000000010270, 0.2000000000000000111, 1.149999999999999911 ) ) ;
#4040 = AXIS2_PLACEMENT_3D ( 'NONE', #799, #6719, #5045 ) ;
#4041 = VERTEX_POINT ( 'NONE', #1148 ) ;
#4042 = VECTOR ( 'NONE', #1515, 1000.000000000000000 ) ;
#4043 = DIRECTION ( 'NONE',  ( -1.000000000000000000, 0.000000000000000000, 0.000000000000000000 ) ) ;
#4044 = CARTESIAN_POINT ( 'NONE',  ( 0.6250000000000009992, 0.2000000000000000111, 0.6749999999999999334 ) ) ;
#4045 = CARTESIAN_POINT ( 'NONE',  ( 0.6250000000000009992, 0.2000000000000000111, 0.6749999999999999334 ) ) ;
#4046 = ADVANCED_FACE ( 'NONE', ( #5140 ), #4786, .T. ) ;
#4047 = EDGE_LOOP ( 'NONE', ( #6749, #3364, #3041, #3245 ) ) ;
#4048 = CARTESIAN_POINT ( 'NONE',  ( 1.399999999999999911, 0.000000000000000000, 0.3750000000000002220 ) ) ;
#4049 = EDGE_CURVE ( 'NONE', #5655, #6566, #5273, .T. ) ;
#4050 = CARTESIAN_POINT ( 'NONE',  ( 1.399999999999999911, 0.7367727638395971113, 0.8750000000000002220 ) ) ;
#4051 = VERTEX_POINT ( 'NONE', #1764 ) ;
#4052 = VECTOR ( 'NONE', #115, 1000.000000000000000 ) ;
#4053 = VERTEX_POINT ( 'NONE', #6442 ) ;
#4054 = DIRECTION ( 'NONE',  ( 1.000000000000000000, 0.000000000000000000, -2.282530889443167515E-16 ) ) ;
#4055 = LINE ( 'NONE', #4303, #1672 ) ;
#4056 = DIRECTION ( 'NONE',  ( -4.336808689942017736E-16, 0.000000000000000000, 1.000000000000000000 ) ) ;
#4057 = PLANE ( 'NONE',  #3459 ) ;
#4058 = DIRECTION ( 'NONE',  ( 0.000000000000000000, -1.000000000000000000, 0.000000000000000000 ) ) ;
#4059 = CARTESIAN_POINT ( 'NONE',  ( -1.399999999999999911, 0.1300000000000000044, 0.3750000000000002220 ) ) ;
#4060 = ORIENTED_EDGE ( 'NONE', *, *, #5782, .F. ) ;
#4061 = VERTEX_POINT ( 'NONE', #6396 ) ;
#4062 = EDGE_CURVE ( 'NONE', #4768, #1912, #677, .T. ) ;
#4063 = VECTOR ( 'NONE', #2934, 1000.000000000000000 ) ;
#4064 = EDGE_LOOP ( 'NONE', ( #6074, #6190, #5987, #3719 ) ) ;
#4065 = EDGE_CURVE ( 'NONE', #1553, #6654, #576, .T. ) ;
#4066 = LINE ( 'NONE', #5734, #4214 ) ;
#4067 = DIRECTION ( 'NONE',  ( 1.000000000000000000, 0.000000000000000000, -4.336808689942019215E-16 ) ) ;
#4068 = AXIS2_PLACEMENT_3D ( 'NONE', #1637, #4327, #1108 ) ;
#4069 = CARTESIAN_POINT ( 'NONE',  ( -0.3749999999999992228, 0.1999999999999999833, -1.149999999999999911 ) ) ;
#4070 = DIRECTION ( 'NONE',  ( 0.000000000000000000, -0.000000000000000000, 1.000000000000000000 ) ) ;
#4071 = VERTEX_POINT ( 'NONE', #1630 ) ;
#4072 = DIRECTION ( 'NONE',  ( -1.000000000000000000, 0.000000000000000000, 4.336808689942017736E-16 ) ) ;
#4073 = VERTEX_POINT ( 'NONE', #2687 ) ;
#4074 = LINE ( 'NONE', #3880, #6368 ) ;
#4075 = ORIENTED_EDGE ( 'NONE', *, *, #4446, .F. ) ;
#4076 = VECTOR ( 'NONE', #4806, 1000.000000000000000 ) ;
#4077 = EDGE_CURVE ( 'NONE', #1264, #1440, #2753, .T. ) ;
#4078 = CARTESIAN_POINT ( 'NONE',  ( -0.6249999999999988898, 0.000000000000000000, 1.149999999999999689 ) ) ;
#4079 = DIRECTION ( 'NONE',  ( 1.000000000000000000, 0.000000000000000000, -4.336808689942017736E-16 ) ) ;
#4080 = AXIS2_PLACEMENT_3D ( 'NONE', #6101, #2857, #281 ) ;
#4081 = DIRECTION ( 'NONE',  ( 0.000000000000000000, -0.000000000000000000, 1.000000000000000000 ) ) ;
#4082 = AXIS2_PLACEMENT_3D ( 'NONE', #388, #6788, #1585 ) ;
#4083 = ADVANCED_FACE ( 'NONE', ( #505 ), #5482, .T. ) ;
#4084 = CARTESIAN_POINT ( 'NONE',  ( 0.9250000000000001554, 0.000000000000000000, -0.6249999999999998890 ) ) ;
#4085 = VERTEX_POINT ( 'NONE', #603 ) ;
#4086 = VERTEX_POINT ( 'NONE', #6481 ) ;
#4087 = VECTOR ( 'NONE', #5722, 1000.000000000000000 ) ;
#4088 = VERTEX_POINT ( 'NONE', #142 ) ;
#4089 = VECTOR ( 'NONE', #6135, 1000.000000000000000 ) ;
#4090 = DIRECTION ( 'NONE',  ( -4.336808689942017736E-16, 0.000000000000000000, 1.000000000000000000 ) ) ;
#4091 = DIRECTION ( 'NONE',  ( 0.000000000000000000, 0.000000000000000000, -1.000000000000000000 ) ) ;
#4092 = DIRECTION ( 'NONE',  ( 1.000000000000000000, 0.000000000000000000, -4.336808689942017736E-16 ) ) ;
#4093 = FACE_OUTER_BOUND ( 'NONE', #4920, .T. ) ;
#4094 = EDGE_LOOP ( 'NONE', ( #5613, #3233, #686, #5629 ) ) ;
#4095 = DIRECTION ( 'NONE',  ( 1.000000000000000000, 0.000000000000000000, -2.282530889443168008E-16 ) ) ;
#4096 = ORIENTED_EDGE ( 'NONE', *, *, #1724, .F. ) ;
#4097 = DIRECTION ( 'NONE',  ( 1.000000000000000000, 0.000000000000000000, -8.673617379884035472E-16 ) ) ;
#4098 = LINE ( 'NONE', #4048, #1829 ) ;
#4099 = ORIENTED_EDGE ( 'NONE', *, *, #5932, .F. ) ;
#4100 = CARTESIAN_POINT ( 'NONE',  ( -1.499999999999999778, 0.7400000000000002132, 1.250000000000000000 ) ) ;
#4101 = CARTESIAN_POINT ( 'NONE',  ( 0.9250000000000000444, 0.1300000000000000044, -0.8749999999999998890 ) ) ;
#4102 = CARTESIAN_POINT ( 'NONE',  ( -0.6249999999999990008, 0.1300000000000000044, 0.6750000000000000444 ) ) ;
#4103 = LINE ( 'NONE', #5970, #1859 ) ;
#4104 = EDGE_LOOP ( 'NONE', ( #5792, #1391, #5741, #5027 ) ) ;
#4105 = CARTESIAN_POINT ( 'NONE',  ( -0.1249999999999992506, 0.7367727638395973333, -0.6749999999999998224 ) ) ;
#4106 = VERTEX_POINT ( 'NONE', #648 ) ;
#4107 = LINE ( 'NONE', #4666, #1957 ) ;
#4108 = ORIENTED_EDGE ( 'NONE', *, *, #2110, .F. ) ;
#4109 = PLANE ( 'NONE',  #4119 ) ;
#4110 = EDGE_CURVE ( 'NONE', #5599, #4322, #2904, .T. ) ;
#4111 = DIRECTION ( 'NONE',  ( 0.000000000000000000, 0.000000000000000000, -1.000000000000000000 ) ) ;
#4112 = CARTESIAN_POINT ( 'NONE',  ( 0.6250000000000009992, 0.2000000000000000111, 1.149999999999999911 ) ) ;
#4113 = CYLINDRICAL_SURFACE ( 'NONE', #4652, 0.1250000000000003331 ) ;
#4114 = VERTEX_POINT ( 'NONE', #1860 ) ;
#4115 = CARTESIAN_POINT ( 'NONE',  ( -1.227272727272726627, 0.6399999999999999023, -0.9772727272727270709 ) ) ;
#4116 = ORIENTED_EDGE ( 'NONE', *, *, #1378, .T. ) ;
#4117 = VERTEX_POINT ( 'NONE', #6623 ) ;
#4118 = DIRECTION ( 'NONE',  ( 0.000000000000000000, -1.000000000000000000, 0.000000000000000000 ) ) ;
#4119 = AXIS2_PLACEMENT_3D ( 'NONE', #1980, #986, #4067 ) ;
#4120 = AXIS2_PLACEMENT_3D ( 'NONE', #5462, #6502, #672 ) ;
#4121 = DIRECTION ( 'NONE',  ( -4.336808689942017736E-16, 0.000000000000000000, -1.000000000000000000 ) ) ;
#4122 = LINE ( 'NONE', #4131, #6461 ) ;
#4123 = CARTESIAN_POINT ( 'NONE',  ( -1.399999999999999911, 0.7367727638395971113, -0.3749999999999997780 ) ) ;
#4124 = VERTEX_POINT ( 'NONE', #3529 ) ;
#4125 = ORIENTED_EDGE ( 'NONE', *, *, #3968, .T. ) ;
#4126 = CARTESIAN_POINT ( 'NONE',  ( 0.9250000000000000444, 0.1999999999999999833, -0.3749999999999998890 ) ) ;
#4127 = LINE ( 'NONE', #3093, #1700 ) ;
#4128 = ORIENTED_EDGE ( 'NONE', *, *, #280, .F. ) ;
#4129 = ADVANCED_FACE ( 'NONE', ( #5217 ), #225, .F. ) ;
#4130 = CARTESIAN_POINT ( 'NONE',  ( 1.500000000000000000, 0.7400000000000002132, 1.250000000000000000 ) ) ;
#4131 = CARTESIAN_POINT ( 'NONE',  ( -0.9250000000000000444, 0.1300000000000000044, -0.8749999999999998890 ) ) ;
#4132 = PLANE ( 'NONE',  #6393 ) ;
#4133 = CARTESIAN_POINT ( 'NONE',  ( -1.399999999999999911, 0.7367727638395971113, -0.1249999999999997918 ) ) ;
#4134 = ADVANCED_FACE ( 'NONE', ( #5061 ), #929, .F. ) ;
#4135 = LINE ( 'NONE', #2477, #1847 ) ;
#4136 = EDGE_LOOP ( 'NONE', ( #5739, #5297, #5258, #2960 ) ) ;
#4137 = DIRECTION ( 'NONE',  ( 0.000000000000000000, 0.000000000000000000, -1.000000000000000000 ) ) ;
#4138 = CARTESIAN_POINT ( 'NONE',  ( 0.1250000000000007494, 0.2000000000000000111, -0.6749999999999999334 ) ) ;
#4139 = ORIENTED_EDGE ( 'NONE', *, *, #5897, .T. ) ;
#4140 = PRESENTATION_STYLE_ASSIGNMENT (( #152 ) ) ;
#4141 = VERTEX_POINT ( 'NONE', #6045 ) ;
#4142 = DIRECTION ( 'NONE',  ( 4.336808689942017736E-16, -0.000000000000000000, 1.000000000000000000 ) ) ;
#4143 = DIRECTION ( 'NONE',  ( -2.282530889443168008E-16, 0.000000000000000000, -1.000000000000000000 ) ) ;
#4144 = CARTESIAN_POINT ( 'NONE',  ( -0.9250000000000001554, 0.1300000000000000044, 0.3750000000000001110 ) ) ;
#4145 = EDGE_CURVE ( 'NONE', #3681, #6775, #2772, .T. ) ;
#4146 = FACE_OUTER_BOUND ( 'NONE', #2187, .T. ) ;
#4147 = EDGE_CURVE ( 'NONE', #5791, #2155, #2940, .T. ) ;
#4148 = VERTEX_POINT ( 'NONE', #1335 ) ;
#4149 = DIRECTION ( 'NONE',  ( 1.000000000000000000, 0.000000000000000000, -8.673617379884035472E-16 ) ) ;
#4150 = DIRECTION ( 'NONE',  ( -1.000000000000000000, 0.000000000000000000, 2.282530889443168008E-16 ) ) ;
#4151 = EDGE_LOOP ( 'NONE', ( #1115, #834, #5382, #5579 ) ) ;
#4152 = LINE ( 'NONE', #6712, #1791 ) ;
#4153 = PRESENTATION_LAYER_ASSIGNMENT (  '', '', ( #5371 ) ) ;
#4154 = ORIENTED_EDGE ( 'NONE', *, *, #5416, .T. ) ;
#4155 = PLANE ( 'NONE',  #3876 ) ;
#4156 = CARTESIAN_POINT ( 'NONE',  ( 0.9250000000000001554, 0.7367727638395971113, -0.1249999999999998890 ) ) ;
#4157 = PLANE ( 'NONE',  #1779 ) ;
#4158 = VECTOR ( 'NONE', #2742, 1000.000000000000000 ) ;
#4159 = ORIENTED_EDGE ( 'NONE', *, *, #5593, .F. ) ;
#4160 = EDGE_CURVE ( 'NONE', #4579, #6599, #2893, .T. ) ;
#4161 = CARTESIAN_POINT ( 'NONE',  ( 0.9250000000000001554, 0.000000000000000000, -0.6249999999999998890 ) ) ;
#4162 = VERTEX_POINT ( 'NONE', #5621 ) ;
#4163 = VERTEX_POINT ( 'NONE', #5133 ) ;
#4164 = SURFACE_STYLE_USAGE ( .BOTH. , #2915 ) ;
#4165 = EDGE_CURVE ( 'NONE', #4008, #2385, #640, .T. ) ;
#4166 = CARTESIAN_POINT ( 'NONE',  ( -0.3749999999999992228, 0.1300000000000000044, -0.6749999999999999334 ) ) ;
#4167 = DIRECTION ( 'NONE',  ( 1.000000000000000000, -0.000000000000000000, -4.336808689942017736E-16 ) ) ;
#4168 = VECTOR ( 'NONE', #5565, 1000.000000000000000 ) ;
#4169 = CARTESIAN_POINT ( 'NONE',  ( 0.9250000000000000444, 0.000000000000000000, 0.1250000000000001110 ) ) ;
#4170 = ORIENTED_EDGE ( 'NONE', *, *, #3400, .T. ) ;
#4171 = VERTEX_POINT ( 'NONE', #1814 ) ;
#4172 = DIRECTION ( 'NONE',  ( 1.000000000000000000, -0.000000000000000000, 2.282530889443168008E-16 ) ) ;
#4173 = VECTOR ( 'NONE', #3187, 1000.000000000000000 ) ;
#4174 = EDGE_LOOP ( 'NONE', ( #3651, #5851, #2731, #1292 ) ) ;
#4175 = CARTESIAN_POINT ( 'NONE',  ( 0.3750000000000007772, 0.7367727638395973333, -0.6749999999999998224 ) ) ;
#4176 = EDGE_CURVE ( 'NONE', #5056, #5582, #2927, .T. ) ;
#4177 = CARTESIAN_POINT ( 'NONE',  ( 0.9250000000000000444, 0.000000000000000000, 0.6250000000000001110 ) ) ;
#4178 = CARTESIAN_POINT ( 'NONE',  ( 1.399999999999999911, 0.1300000000000000044, -0.6249999999999997780 ) ) ;
#4179 = ADVANCED_FACE ( 'NONE', ( #497 ), #3624, .T. ) ;
#4180 = DIRECTION ( 'NONE',  ( 0.000000000000000000, 0.000000000000000000, -1.000000000000000000 ) ) ;
#4181 = LINE ( 'NONE', #1502, #6424 ) ;
#4182 = VERTEX_POINT ( 'NONE', #4497 ) ;
#4183 = CARTESIAN_POINT ( 'NONE',  ( 0.9250000000000000444, 0.1999999999999999833, 0.1250000000000001110 ) ) ;
#4184 = EDGE_CURVE ( 'NONE', #492, #4348, #2953, .T. ) ;
#4185 = CARTESIAN_POINT ( 'NONE',  ( 1.399999999999999911, 0.7367727638395971113, 0.3750000000000002220 ) ) ;
#4186 = ORIENTED_EDGE ( 'NONE', *, *, #3992, .T. ) ;
#4187 = VECTOR ( 'NONE', #5668, 1000.000000000000000 ) ;
#4188 = ORIENTED_EDGE ( 'NONE', *, *, #6336, .T. ) ;
#4189 = ADVANCED_FACE ( 'NONE', ( #2965 ), #884, .F. ) ;
#4190 = CARTESIAN_POINT ( 'NONE',  ( -0.9250000000000001554, 0.7367727638395971113, -0.1249999999999998890 ) ) ;
#4191 = CARTESIAN_POINT ( 'NONE',  ( 1.399999999999999911, 0.7367727638395971113, 0.3750000000000002220 ) ) ;
#4192 = VECTOR ( 'NONE', #4581, 1000.000000000000000 ) ;
#4193 = ADVANCED_FACE ( 'NONE', ( #5052 ), #4580, .F. ) ;
#4194 = PRESENTATION_STYLE_ASSIGNMENT (( #1543 ) ) ;
#4195 = EDGE_LOOP ( 'NONE', ( #5173, #1321, #2533, #373 ) ) ;
#4196 = CARTESIAN_POINT ( 'NONE',  ( 0.6250000000000009992, 0.000000000000000000, 1.149999999999999911 ) ) ;
#4197 = CARTESIAN_POINT ( 'NONE',  ( -1.399999999999999911, 0.1300000000000000044, -0.6249999999999997780 ) ) ;
#4198 = EDGE_LOOP ( 'NONE', ( #5093, #6287, #5223, #2942 ) ) ;
#4199 = EDGE_CURVE ( 'NONE', #5801, #4870, #473, .T. ) ;
#4200 = EDGE_CURVE ( 'NONE', #1102, #4579, #2765, .T. ) ;
#4201 = EDGE_LOOP ( 'NONE', ( #6426, #3100, #6821, #1906 ) ) ;
#4202 = PLANE ( 'NONE',  #3101 ) ;
#4203 = EDGE_LOOP ( 'NONE', ( #6752, #4186, #1901, #6376 ) ) ;
#4204 = LINE ( 'NONE', #6231, #6288 ) ;
#4205 =( NAMED_UNIT ( * ) PLANE_ANGLE_UNIT ( ) SI_UNIT ( $, .RADIAN. ) );
#4206 = FACE_OUTER_BOUND ( 'NONE', #2909, .T. ) ;
#4207 = VERTEX_POINT ( 'NONE', #3046 ) ;
#4208 = DIRECTION ( 'NONE',  ( -1.000000000000000000, 0.000000000000000000, 4.336808689942018722E-16 ) ) ;
#4209 = EDGE_LOOP ( 'NONE', ( #600, #3488, #3939, #6252 ) ) ;
#4210 = VECTOR ( 'NONE', #3790, 1000.000000000000000 ) ;
#4211 = ORIENTED_EDGE ( 'NONE', *, *, #1083, .T. ) ;
#4212 = DIRECTION ( 'NONE',  ( -1.000000000000000000, 0.000000000000000000, -8.673617379884038430E-16 ) ) ;
#4213 = EDGE_LOOP ( 'NONE', ( #1884, #4313, #4288, #3565 ) ) ;
#4214 = VECTOR ( 'NONE', #4538, 1000.000000000000000 ) ;
#4215 = DIRECTION ( 'NONE',  ( 1.000000000000000000, -0.000000000000000000, 8.673617379884037444E-16 ) ) ;
#4216 = DIRECTION ( 'NONE',  ( -0.7071067811865520136, 0.000000000000000000, 0.7071067811865430208 ) ) ;
#4217 = CARTESIAN_POINT ( 'NONE',  ( 0.3750000000000007772, 0.1300000000000000044, -1.149999999999999689 ) ) ;
#4218 = VECTOR ( 'NONE', #1592, 1000.000000000000000 ) ;
#4219 = PLANE ( 'NONE',  #3004 ) ;
#4220 = VERTEX_POINT ( 'NONE', #2488 ) ;
#4221 = ORIENTED_EDGE ( 'NONE', *, *, #4223, .F. ) ;
#4222 = DIRECTION ( 'NONE',  ( -4.336808689942017736E-16, 0.000000000000000000, -1.000000000000000000 ) ) ;
#4223 = EDGE_CURVE ( 'NONE', #1742, #2677, #5314, .T. ) ;
#4224 = VECTOR ( 'NONE', #2987, 1000.000000000000000 ) ;
#4225 = EDGE_LOOP ( 'NONE', ( #86, #2198, #5434, #2176 ) ) ;
#4226 = PLANE ( 'NONE',  #2252 ) ;
#4227 = CARTESIAN_POINT ( 'NONE',  ( -1.399999999999999911, 0.000000000000000000, -0.3749999999999997780 ) ) ;
#4228 = VERTEX_POINT ( 'NONE', #1469 ) ;
#4229 = VECTOR ( 'NONE', #1069, 1000.000000000000000 ) ;
#4230 = LINE ( 'NONE', #858, #6414 ) ;
#4231 = ORIENTED_EDGE ( 'NONE', *, *, #1741, .T. ) ;
#4232 = DIRECTION ( 'NONE',  ( 0.000000000000000000, 0.000000000000000000, -1.000000000000000000 ) ) ;
#4233 = VERTEX_POINT ( 'NONE', #2019 ) ;
#4234 = LINE ( 'NONE', #6410, #6522 ) ;
#4235 = ORIENTED_EDGE ( 'NONE', *, *, #869, .T. ) ;
#4236 = EDGE_CURVE ( 'NONE', #1184, #5762, #740, .T. ) ;
#4237 = EDGE_CURVE ( 'NONE', #1277, #6365, #3084, .T. ) ;
#4238 = CARTESIAN_POINT ( 'NONE',  ( 1.399999999999999911, 0.000000000000000000, 0.6250000000000002220 ) ) ;
#4239 = CARTESIAN_POINT ( 'NONE',  ( -0.3749999999999991118, 0.7367727638395973333, 0.6749999999999999334 ) ) ;
#4240 = VERTEX_POINT ( 'NONE', #6316 ) ;
#4241 = LINE ( 'NONE', #168, #1772 ) ;
#4242 = AXIS2_PLACEMENT_3D ( 'NONE', #2344, #6657, #6078 ) ;
#4243 = DIRECTION ( 'NONE',  ( -0.000000000000000000, -0.000000000000000000, 1.000000000000000000 ) ) ;
#4244 = DIRECTION ( 'NONE',  ( 0.000000000000000000, -0.000000000000000000, 1.000000000000000000 ) ) ;
#4245 = VERTEX_POINT ( 'NONE', #3191 ) ;
#4246 = ORIENTED_EDGE ( 'NONE', *, *, #5369, .F. ) ;
#4247 = DIRECTION ( 'NONE',  ( 0.000000000000000000, -1.000000000000000000, 0.000000000000000000 ) ) ;
#4248 = EDGE_CURVE ( 'NONE', #1872, #1157, #3049, .T. ) ;
#4249 = ORIENTED_EDGE ( 'NONE', *, *, #6685, .T. ) ;
#4250 = LINE ( 'NONE', #36, #6538 ) ;
#4251 = CARTESIAN_POINT ( 'NONE',  ( -1.399999999999999911, 0.000000000000000000, 0.8750000000000002220 ) ) ;
#4252 = ADVANCED_FACE ( 'NONE', ( #870 ), #1690, .F. ) ;
#4253 = DIRECTION ( 'NONE',  ( 0.000000000000000000, -0.000000000000000000, 1.000000000000000000 ) ) ;
#4254 = EDGE_LOOP ( 'NONE', ( #5415, #219, #936, #3297 ) ) ;
#4255 = FACE_OUTER_BOUND ( 'NONE', #6738, .T. ) ;
#4256 = ORIENTED_EDGE ( 'NONE', *, *, #748, .F. ) ;
#4257 = DIRECTION ( 'NONE',  ( 0.000000000000000000, 1.000000000000000000, 0.000000000000000000 ) ) ;
#4258 = UNCERTAINTY_MEASURE_WITH_UNIT (LENGTH_MEASURE( 1.000000000000000082E-05 ), #292, 'distance_accuracy_value', 'NONE');
#4259 = VERTEX_POINT ( 'NONE', #4339 ) ;
#4260 = FACE_OUTER_BOUND ( 'NONE', #1160, .T. ) ;
#4261 = VERTEX_POINT ( 'NONE', #4714 ) ;
#4262 = PLANE ( 'NONE',  #4503 ) ;
#4263 = CARTESIAN_POINT ( 'NONE',  ( -0.9250000000000001554, 0.1999999999999999833, 0.3750000000000001110 ) ) ;
#4264 = VECTOR ( 'NONE', #5059, 1000.000000000000000 ) ;
#4265 = DIRECTION ( 'NONE',  ( 1.000000000000000000, 0.000000000000000000, -8.673617379884035472E-16 ) ) ;
#4266 = EDGE_CURVE ( 'NONE', #4889, #4124, #3060, .T. ) ;
#4267 = CARTESIAN_POINT ( 'NONE',  ( -0.9250000000000000444, 0.000000000000000000, -0.7749999999999992450 ) ) ;
#4268 = VERTEX_POINT ( 'NONE', #6842 ) ;
#4269 = CARTESIAN_POINT ( 'NONE',  ( 0.1250000000000007494, 0.2000000000000000111, -0.6749999999999999334 ) ) ;
#4270 = LINE ( 'NONE', #4637, #4367 ) ;
#4271 = EDGE_LOOP ( 'NONE', ( #1237, #5939, #5812, #4536 ) ) ;
#4272 = CARTESIAN_POINT ( 'NONE',  ( 0.9250000000000001554, 0.1300000000000000044, 0.3750000000000001110 ) ) ;
#4273 = PLANE ( 'NONE',  #895 ) ;
#4274 =( LENGTH_UNIT ( ) NAMED_UNIT ( * ) SI_UNIT ( .MILLI., .METRE. ) );
#4275 = EDGE_LOOP ( 'NONE', ( #795, #6626, #4402, #4360 ) ) ;
#4276 = CARTESIAN_POINT ( 'NONE',  ( -1.399999999999999911, 0.000000000000000000, -0.1249999999999997918 ) ) ;
#4277 = EDGE_CURVE ( 'NONE', #4041, #499, #5372, .T. ) ;
#4278 = VECTOR ( 'NONE', #5675, 1000.000000000000000 ) ;
#4279 = VERTEX_POINT ( 'NONE', #4881 ) ;
#4280 = LINE ( 'NONE', #6016, #2017 ) ;
#4281 = ORIENTED_EDGE ( 'NONE', *, *, #3706, .T. ) ;
#4282 = VECTOR ( 'NONE', #3636, 1000.000000000000000 ) ;
#4283 = CLOSED_SHELL ( 'NONE', ( #899, #5667, #3465, #4330, #3184, #5449, #4129, #6523, #5986, #3421, #4937, #949, #5729, #805, #5298, #5863, #6090, #3806, #744, #1671, #6380, #1695, #1302, #6419, #3591, #449, #3863, #5265, #4179, #5694, #1797, #4962, #4252, #3215, #3927, #5282, #5013, #5004, #6325, #2950, #1680, #4791, #6742, #239, #103, #4676, #6401, #4369, #1456, #3032, #504, #5237, #3707, #6298, #3637, #5561, #1749, #607, #629, #5101, #44, #3235, #403, #4373, #2089, #665, #1012, #6790, #510, #2000, #5154, #1187, #5443, #58, #4299, #5927, #6100, #3753, #2823, #5802 ) ) ;
#4284 = CARTESIAN_POINT ( 'NONE',  ( -1.500000000000000000, 5.385124837953327415, -1.250000000000000000 ) ) ;
#4285 = CARTESIAN_POINT ( 'NONE',  ( 0.6250000000000009992, 0.1999999999999999833, 1.149999999999999911 ) ) ;
#4286 = DIRECTION ( 'NONE',  ( -2.282530889443168501E-16, 0.000000000000000000, -1.000000000000000000 ) ) ;
#4287 = DIRECTION ( 'NONE',  ( -0.000000000000000000, 1.000000000000000000, -0.000000000000000000 ) ) ;
#4288 = ORIENTED_EDGE ( 'NONE', *, *, #6665, .T. ) ;
#4289 = LINE ( 'NONE', #2622, #4076 ) ;
#4290 = ORIENTED_EDGE ( 'NONE', *, *, #5365, .F. ) ;
#4291 = AXIS2_PLACEMENT_3D ( 'NONE', #6284, #5849, #5100 ) ;
#4292 = EDGE_CURVE ( 'NONE', #4709, #4259, #789, .T. ) ;
#4293 = CIRCLE ( 'NONE', #6555, 0.1250000000000004441 ) ;
#4294 = DIRECTION ( 'NONE',  ( 0.000000000000000000, 0.000000000000000000, -1.000000000000000000 ) ) ;
#4295 = DIRECTION ( 'NONE',  ( 2.282530889443168501E-16, 0.000000000000000000, 1.000000000000000000 ) ) ;
#4296 = ORIENTED_EDGE ( 'NONE', *, *, #4968, .F. ) ;
#4297 = LINE ( 'NONE', #5798, #6655 ) ;
#4298 = ORIENTED_EDGE ( 'NONE', *, *, #978, .T. ) ;
#4299 = ADVANCED_FACE ( 'NONE', ( #5471 ), #1551, .T. ) ;
#4300 = EDGE_LOOP ( 'NONE', ( #5538, #5392, #3350, #2990 ) ) ;
#4301 = EDGE_CURVE ( 'NONE', #719, #4017, #859, .T. ) ;
#4302 = LINE ( 'NONE', #6844, #4089 ) ;
#4303 = CARTESIAN_POINT ( 'NONE',  ( -0.9250000000000001554, 0.7367727638395971113, 0.8750000000000001110 ) ) ;
#4304 = ORIENTED_EDGE ( 'NONE', *, *, #1983, .F. ) ;
#4305 = VECTOR ( 'NONE', #5046, 1000.000000000000000 ) ;
#4306 = CARTESIAN_POINT ( 'NONE',  ( 0.1250000000000009159, 0.1300000000000000044, 0.6749999999999999334 ) ) ;
#4307 = DIRECTION ( 'NONE',  ( 0.000000000000000000, 0.000000000000000000, -1.000000000000000000 ) ) ;
#4308 = ORIENTED_EDGE ( 'NONE', *, *, #2773, .T. ) ;
#4309 = LINE ( 'NONE', #809, #6567 ) ;
#4310 = ORIENTED_EDGE ( 'NONE', *, *, #605, .T. ) ;
#4311 = DIRECTION ( 'NONE',  ( 0.000000000000000000, -1.000000000000000000, 0.000000000000000000 ) ) ;
#4312 = ADVANCED_FACE ( 'NONE', ( #5385 ), #118, .F. ) ;
#4313 = ORIENTED_EDGE ( 'NONE', *, *, #950, .T. ) ;
#4314 = VECTOR ( 'NONE', #5938, 1000.000000000000000 ) ;
#4315 = ORIENTED_EDGE ( 'NONE', *, *, #4486, .T. ) ;
#4316 = CARTESIAN_POINT ( 'NONE',  ( -0.9250000000000000444, 0.1300000000000000044, 0.6250000000000001110 ) ) ;
#4317 = DIRECTION ( 'NONE',  ( 8.673617379884037444E-16, 0.000000000000000000, -1.000000000000000000 ) ) ;
#4318 = ADVANCED_FACE ( 'NONE', ( #802 ), #5266, .T. ) ;
#4319 = LINE ( 'NONE', #3920, #6601 ) ;
#4320 = DIRECTION ( 'NONE',  ( 0.000000000000000000, 0.000000000000000000, -1.000000000000000000 ) ) ;
#4321 = DIRECTION ( 'NONE',  ( -1.000000000000000000, 0.000000000000000000, 8.673617379884035472E-16 ) ) ;
#4322 = VERTEX_POINT ( 'NONE', #5366 ) ;
#4323 = AXIS2_PLACEMENT_3D ( 'NONE', #3690, #2549, #2135 ) ;
#4324 = VECTOR ( 'NONE', #3109, 1000.000000000000000 ) ;
#4325 = AXIS2_PLACEMENT_3D ( 'NONE', #55, #3814, #4864 ) ;
#4326 = VERTEX_POINT ( 'NONE', #2619 ) ;
#4327 = DIRECTION ( 'NONE',  ( -2.282530889443168008E-16, 0.000000000000000000, -1.000000000000000000 ) ) ;
#4328 = VERTEX_POINT ( 'NONE', #974 ) ;
#4329 = CARTESIAN_POINT ( 'NONE',  ( -1.499999999999999778, 0.000000000000000000, 1.250000000000000000 ) ) ;
#4330 = ADVANCED_FACE ( 'NONE', ( #5409 ), #3146, .T. ) ;
#4331 = VECTOR ( 'NONE', #750, 1000.000000000000000 ) ;
#4332 = ORIENTED_EDGE ( 'NONE', *, *, #4674, .F. ) ;
#4333 = LINE ( 'NONE', #4285, #6494 ) ;
#4334 = DIRECTION ( 'NONE',  ( 0.000000000000000000, 0.000000000000000000, -1.000000000000000000 ) ) ;
#4335 = EDGE_CURVE ( 'NONE', #1948, #1059, #776, .T. ) ;
#4336 = VERTEX_POINT ( 'NONE', #1066 ) ;
#4337 = ORIENTED_EDGE ( 'NONE', *, *, #5315, .F. ) ;
#4338 = AXIS2_PLACEMENT_3D ( 'NONE', #5980, #867, #2872 ) ;
#4339 = CARTESIAN_POINT ( 'NONE',  ( -1.399999999999999911, 0.000000000000000000, -0.8749999999999997780 ) ) ;
#4340 = AXIS2_PLACEMENT_3D ( 'NONE', #1353, #713, #5497 ) ;
#4341 = EDGE_CURVE ( 'NONE', #1102, #1719, #5300, .T. ) ;
#4342 = FACE_OUTER_BOUND ( 'NONE', #5144, .T. ) ;
#4343 = ORIENTED_EDGE ( 'NONE', *, *, #1282, .F. ) ;
#4344 = VECTOR ( 'NONE', #5662, 1000.000000000000000 ) ;
#4345 = CARTESIAN_POINT ( 'NONE',  ( -0.9250000000000001554, 0.000000000000000000, -0.1249999999999998890 ) ) ;
#4346 = ORIENTED_EDGE ( 'NONE', *, *, #2526, .T. ) ;
#4347 = VECTOR ( 'NONE', #1687, 1000.000000000000000 ) ;
#4348 = VERTEX_POINT ( 'NONE', #4379 ) ;
#4349 = EDGE_CURVE ( 'NONE', #3688, #4003, #3149, .T. ) ;
#4350 = PLANE ( 'NONE',  #4779 ) ;
#4351 = VECTOR ( 'NONE', #6627, 1000.000000000000000 ) ;
#4352 = CARTESIAN_POINT ( 'NONE',  ( -0.9250000000000000444, 0.7367727638395971113, -0.3749999999999998890 ) ) ;
#4353 = ORIENTED_EDGE ( 'NONE', *, *, #1364, .F. ) ;
#4354 = LINE ( 'NONE', #4178, #6687 ) ;
#4355 = EDGE_CURVE ( 'NONE', #1954, #3525, #3167, .T. ) ;
#4356 = VERTEX_POINT ( 'NONE', #4803 ) ;
#4357 = VECTOR ( 'NONE', #1034, 1000.000000000000000 ) ;
#4358 = VERTEX_POINT ( 'NONE', #5879 ) ;
#4359 = CARTESIAN_POINT ( 'NONE',  ( 0.6250000000000009992, 0.2000000000000000111, 0.6749999999999999334 ) ) ;
#4360 = ORIENTED_EDGE ( 'NONE', *, *, #4559, .T. ) ;
#4361 =( NAMED_UNIT ( * ) SI_UNIT ( $, .STERADIAN. ) SOLID_ANGLE_UNIT ( ) );
#4362 = FACE_BOUND ( 'NONE', #4645, .T. ) ;
#4363 = CARTESIAN_POINT ( 'NONE',  ( 0.1250000000000007494, 0.1300000000000000044, -0.6749999999999999334 ) ) ;
#4364 = VERTEX_POINT ( 'NONE', #326 ) ;
#4365 = DIRECTION ( 'NONE',  ( 0.000000000000000000, -1.000000000000000000, 0.000000000000000000 ) ) ;
#4366 = EDGE_CURVE ( 'NONE', #5683, #1765, #814, .T. ) ;
#4367 = VECTOR ( 'NONE', #3061, 1000.000000000000000 ) ;
#4368 = VERTEX_POINT ( 'NONE', #4548 ) ;
#4369 = ADVANCED_FACE ( 'NONE', ( #5492 ), #154, .T. ) ;
#4370 = DIRECTION ( 'NONE',  ( 4.336808689942017736E-16, -0.000000000000000000, 1.000000000000000000 ) ) ;
#4371 =( LENGTH_UNIT ( ) NAMED_UNIT ( * ) SI_UNIT ( .MILLI., .METRE. ) );
#4372 = ORIENTED_EDGE ( 'NONE', *, *, #2341, .F. ) ;
#4373 = ADVANCED_FACE ( 'NONE', ( #3227 ), #4924, .T. ) ;
#4374 = FACE_OUTER_BOUND ( 'NONE', #1970, .T. ) ;
#4375 = VERTEX_POINT ( 'NONE', #198 ) ;
#4376 = FACE_OUTER_BOUND ( 'NONE', #3248, .T. ) ;
#4377 = ORIENTED_EDGE ( 'NONE', *, *, #3734, .T. ) ;
#4378 =( GEOMETRIC_REPRESENTATION_CONTEXT ( 3 ) GLOBAL_UNCERTAINTY_ASSIGNED_CONTEXT ( ( #1775 ) ) GLOBAL_UNIT_ASSIGNED_CONTEXT ( ( #1423, #2991, #5999 ) ) REPRESENTATION_CONTEXT ( 'NONE', 'WORKASPACE' ) );
#4379 = CARTESIAN_POINT ( 'NONE',  ( -1.399999999999999911, 0.1999999999999999833, -0.8749999999999997780 ) ) ;
#4380 = CARTESIAN_POINT ( 'NONE',  ( 0.9250000000000001554, 0.000000000000000000, 0.8750000000000001110 ) ) ;
#4381 = LINE ( 'NONE', #2313, #4699 ) ;
#4382 = EDGE_LOOP ( 'NONE', ( #545, #2741, #5878, #1509 ) ) ;
#4383 = FACE_BOUND ( 'NONE', #6697, .T. ) ;
#4384 = DIRECTION ( 'NONE',  ( -1.000000000000000000, 0.000000000000000000, 4.336808689942018722E-16 ) ) ;
#4385 = DIRECTION ( 'NONE',  ( 0.000000000000000000, 0.000000000000000000, 1.000000000000000000 ) ) ;
#4386 = DIRECTION ( 'NONE',  ( -1.000000000000000000, 0.000000000000000000, 0.000000000000000000 ) ) ;
#4387 = CLOSED_SHELL ( 'NONE', ( #2626, #4627, #3282, #5159, #563, #1245 ) ) ;
#4388 = EDGE_CURVE ( 'NONE', #4326, #4259, #836, .T. ) ;
#4389 = ORIENTED_EDGE ( 'NONE', *, *, #2341, .T. ) ;
#4390 = DIRECTION ( 'NONE',  ( 1.000000000000000000, -0.000000000000000000, 2.282530889443168008E-16 ) ) ;
#4391 = VECTOR ( 'NONE', #1495, 1000.000000000000000 ) ;
#4392 = DIRECTION ( 'NONE',  ( 4.336808689942017736E-16, -0.000000000000000000, 1.000000000000000000 ) ) ;
#4393 = ORIENTED_EDGE ( 'NONE', *, *, #5463, .T. ) ;
#4394 = LINE ( 'NONE', #3566, #6650 ) ;
#4395 = CARTESIAN_POINT ( 'NONE',  ( -0.07500000000000633937, 0.1300000000000000044, 0.07500000000000536793 ) ) ;
#4396 = EDGE_LOOP ( 'NONE', ( #6462, #1788, #3962, #5400 ) ) ;
#4397 = EDGE_LOOP ( 'NONE', ( #669, #3012, #865, #912 ) ) ;
#4398 = CARTESIAN_POINT ( 'NONE',  ( -0.3749999999999992228, 0.000000000000000000, -1.149999999999999911 ) ) ;
#4399 = EDGE_CURVE ( 'NONE', #1768, #1854, #3097, .T. ) ;
#4400 = EDGE_CURVE ( 'NONE', #3696, #622, #3214, .T. ) ;
#4401 = VECTOR ( 'NONE', #2649, 1000.000000000000000 ) ;
#4402 = ORIENTED_EDGE ( 'NONE', *, *, #6662, .T. ) ;
#4403 = CARTESIAN_POINT ( 'NONE',  ( -0.9250000000000001554, 0.1300000000000000044, 0.3750000000000001110 ) ) ;
#4404 = CARTESIAN_POINT ( 'NONE',  ( 0.3750000000000007772, 0.000000000000000000, -0.6749999999999998224 ) ) ;
#4405 = AXIS2_PLACEMENT_3D ( 'NONE', #4915, #6008, #191 ) ;
#4406 = VECTOR ( 'NONE', #2656, 1000.000000000000000 ) ;
#4407 = CARTESIAN_POINT ( 'NONE',  ( -0.6249999999999988898, 0.7367727638395973333, 1.149999999999999689 ) ) ;
#4408 = VERTEX_POINT ( 'NONE', #1206 ) ;
#4409 = DIRECTION ( 'NONE',  ( -1.000000000000000000, 0.000000000000000000, 8.673617379884035472E-16 ) ) ;
#4410 = VECTOR ( 'NONE', #1081, 1000.000000000000000 ) ;
#4411 = ORIENTED_EDGE ( 'NONE', *, *, #4413, .T. ) ;
#4412 = PLANE ( 'NONE',  #4405 ) ;
#4413 = EDGE_CURVE ( 'NONE', #5823, #829, #920, .T. ) ;
#4414 = VECTOR ( 'NONE', #4655, 1000.000000000000000 ) ;
#4415 = ORIENTED_EDGE ( 'NONE', *, *, #639, .F. ) ;
#4416 = AXIS2_PLACEMENT_3D ( 'NONE', #1015, #2111, #4575 ) ;
#4417 = AXIS2_PLACEMENT_3D ( 'NONE', #312, #5529, #1382 ) ;
#4418 = DIRECTION ( 'NONE',  ( 0.000000000000000000, -1.000000000000000000, 0.000000000000000000 ) ) ;
#4419 = EDGE_CURVE ( 'NONE', #5791, #4987, #5338, .T. ) ;
#4420 = VECTOR ( 'NONE', #1795, 1000.000000000000000 ) ;
#4421 = CARTESIAN_POINT ( 'NONE',  ( -1.399999999999999911, 0.7367727638395971113, 0.3750000000000002220 ) ) ;
#4422 = DIRECTION ( 'NONE',  ( -1.000000000000000000, 0.000000000000000000, 2.282530889443167022E-16 ) ) ;
#4423 = VECTOR ( 'NONE', #4641, 1000.000000000000000 ) ;
#4424 = ORIENTED_EDGE ( 'NONE', *, *, #3151, .F. ) ;
#4425 = CARTESIAN_POINT ( 'NONE',  ( 0.9250000000000001554, 0.1999999999999999833, -0.6249999999999998890 ) ) ;
#4426 = ADVANCED_FACE ( 'NONE', ( #850 ), #3382, .F. ) ;
#4427 = FACE_BOUND ( 'NONE', #1503, .T. ) ;
#4428 = VERTEX_POINT ( 'NONE', #6014 ) ;
#4429 = CARTESIAN_POINT ( 'NONE',  ( 0.6250000000000007772, 0.1999999999999999833, -0.6749999999999999334 ) ) ;
#4430 = DIRECTION ( 'NONE',  ( 0.000000000000000000, 0.000000000000000000, -1.000000000000000000 ) ) ;
#4431 = CARTESIAN_POINT ( 'NONE',  ( -1.399999999999999911, 0.1999999999999999833, 0.8750000000000002220 ) ) ;
#4432 = FACE_OUTER_BOUND ( 'NONE', #51, .T. ) ;
#4433 = FILL_AREA_STYLE_COLOUR ( '', #1286 ) ;
#4434 = DIRECTION ( 'NONE',  ( 0.000000000000000000, 0.000000000000000000, 1.000000000000000000 ) ) ;
#4435 = ADVANCED_FACE ( 'NONE', ( #5451 ), #4971, .T. ) ;
#4436 = CARTESIAN_POINT ( 'NONE',  ( -0.9250000000000001554, 0.7367727638395971113, 0.3750000000000001110 ) ) ;
#4437 = ORIENTED_EDGE ( 'NONE', *, *, #2764, .F. ) ;
#4438 = VECTOR ( 'NONE', #108, 1000.000000000000000 ) ;
#4439 = EDGE_LOOP ( 'NONE', ( #5651, #5545, #1978, #1886 ) ) ;
#4440 = DIRECTION ( 'NONE',  ( 0.000000000000000000, -0.000000000000000000, 1.000000000000000000 ) ) ;
#4441 = DIRECTION ( 'NONE',  ( 0.000000000000000000, -1.000000000000000000, 0.000000000000000000 ) ) ;
#4442 = DIRECTION ( 'NONE',  ( 0.000000000000000000, 0.000000000000000000, -1.000000000000000000 ) ) ;
#4443 = FACE_OUTER_BOUND ( 'NONE', #4104, .T. ) ;
#4444 = ORIENTED_EDGE ( 'NONE', *, *, #2509, .F. ) ;
#4445 = DIRECTION ( 'NONE',  ( 1.000000000000000000, 0.000000000000000000, -8.673617379884035472E-16 ) ) ;
#4446 = EDGE_CURVE ( 'NONE', #3095, #5293, #5460, .T. ) ;
#4447 = PLANE ( 'NONE',  #84 ) ;
#4448 = FACE_OUTER_BOUND ( 'NONE', #2167, .T. ) ;
#4449 = VERTEX_POINT ( 'NONE', #5058 ) ;
#4450 = DIRECTION ( 'NONE',  ( -1.000000000000000000, -0.000000000000000000, -2.282530889443167515E-16 ) ) ;
#4451 = CARTESIAN_POINT ( 'NONE',  ( 0.9250000000000000444, 0.7367727638395971113, 0.6250000000000001110 ) ) ;
#4452 = DIRECTION ( 'NONE',  ( 8.673617379884035472E-16, 0.000000000000000000, 1.000000000000000000 ) ) ;
#4453 = LINE ( 'NONE', #6683, #6583 ) ;
#4454 = PLANE ( 'NONE',  #2843 ) ;
#4455 = DIRECTION ( 'NONE',  ( -1.000000000000000000, 0.000000000000000000, 8.673617379884035472E-16 ) ) ;
#4456 = DIRECTION ( 'NONE',  ( 1.000000000000000000, 0.000000000000000000, 2.282530889443167515E-16 ) ) ;
#4457 = EDGE_CURVE ( 'NONE', #2118, #5767, #900, .T. ) ;
#4458 = FACE_OUTER_BOUND ( 'NONE', #5376, .T. ) ;
#4459 = ORIENTED_EDGE ( 'NONE', *, *, #1933, .T. ) ;
#4460 = LINE ( 'NONE', #5403, #6751 ) ;
#4461 = AXIS2_PLACEMENT_3D ( 'NONE', #28, #1725, #2737 ) ;
#4462 = EDGE_LOOP ( 'NONE', ( #2480, #3841, #1473, #3749 ) ) ;
#4463 = AXIS2_PLACEMENT_3D ( 'NONE', #3128, #2359, #4320 ) ;
#4464 = FACE_OUTER_BOUND ( 'NONE', #5135, .T. ) ;
#4465 = CARTESIAN_POINT ( 'NONE',  ( 0.6250000000000007772, 0.1300000000000000044, -1.149999999999999911 ) ) ;
#4466 = CARTESIAN_POINT ( 'NONE',  ( -1.399999999999999911, 0.7367727638395971113, -0.1249999999999997918 ) ) ;
#4467 = PLANE ( 'NONE',  #1480 ) ;
#4468 = FACE_OUTER_BOUND ( 'NONE', #3092, .T. ) ;
#4469 = ORIENTED_EDGE ( 'NONE', *, *, #2473, .F. ) ;
#4470 =( GEOMETRIC_REPRESENTATION_CONTEXT ( 3 ) GLOBAL_UNCERTAINTY_ASSIGNED_CONTEXT ( ( #3756 ) ) GLOBAL_UNIT_ASSIGNED_CONTEXT ( ( #2876, #3451, #3991 ) ) REPRESENTATION_CONTEXT ( 'NONE', 'WORKASPACE' ) );
#4471 = EDGE_CURVE ( 'NONE', #3656, #6367, #5504, .T. ) ;
#4472 = DIRECTION ( 'NONE',  ( 0.000000000000000000, -1.000000000000000000, 0.000000000000000000 ) ) ;
#4473 = FACE_BOUND ( 'NONE', #6721, .T. ) ;
#4474 = ORIENTED_EDGE ( 'NONE', *, *, #6157, .T. ) ;
#4475 = CARTESIAN_POINT ( 'NONE',  ( -1.399999999999999911, 0.7367727638395971113, -0.8749999999999997780 ) ) ;
#4476 = DIRECTION ( 'NONE',  ( -1.000000000000000000, 0.000000000000000000, -4.336808689942017736E-16 ) ) ;
#4477 = DIRECTION ( 'NONE',  ( -0.000000000000000000, -1.000000000000000000, -0.000000000000000000 ) ) ;
#4478 = CARTESIAN_POINT ( 'NONE',  ( -0.9250000000000001554, 0.1300000000000000044, 0.8750000000000001110 ) ) ;
#4479 = VECTOR ( 'NONE', #6701, 1000.000000000000000 ) ;
#4480 = CARTESIAN_POINT ( 'NONE',  ( -0.3749999999999991118, 0.2000000000000000111, 0.6749999999999999334 ) ) ;
#4481 = EDGE_LOOP ( 'NONE', ( #1820, #610, #338, #2818 ) ) ;
#4482 = ADVANCED_FACE ( 'NONE', ( #765 ), #2956, .F. ) ;
#4483 = VERTEX_POINT ( 'NONE', #3438 ) ;
#4484 = DIRECTION ( 'NONE',  ( 0.000000000000000000, -1.000000000000000000, 0.000000000000000000 ) ) ;
#4485 = EDGE_CURVE ( 'NONE', #276, #2822, #5515, .T. ) ;
#4486 = EDGE_CURVE ( 'NONE', #5582, #5056, #944, .T. ) ;
#4487 =( NAMED_UNIT ( * ) PLANE_ANGLE_UNIT ( ) SI_UNIT ( $, .RADIAN. ) );
#4488 = CARTESIAN_POINT ( 'NONE',  ( -0.9250000000000001554, 0.000000000000000000, 0.8750000000000001110 ) ) ;
#4489 = VECTOR ( 'NONE', #4390, 1000.000000000000000 ) ;
#4490 = DIRECTION ( 'NONE',  ( 8.673617379884038430E-16, 0.000000000000000000, -1.000000000000000000 ) ) ;
#4491 = AXIS2_PLACEMENT_3D ( 'NONE', #1125, #6422, #1213 ) ;
#4492 = ORIENTED_EDGE ( 'NONE', *, *, #4248, .F. ) ;
#4493 = PLANE ( 'NONE',  #1121 ) ;
#4494 = CARTESIAN_POINT ( 'NONE',  ( -1.399999999999999911, 0.1300000000000000044, 0.3750000000000002220 ) ) ;
#4495 = LINE ( 'NONE', #6680, #2116 ) ;
#4496 = ORIENTED_EDGE ( 'NONE', *, *, #515, .F. ) ;
#4497 = CARTESIAN_POINT ( 'NONE',  ( -0.1249999999999990286, 0.1300000000000000044, 0.6750000000000000444 ) ) ;
#4498 = EDGE_CURVE ( 'NONE', #4031, #2297, #3241, .T. ) ;
#4499 = CARTESIAN_POINT ( 'NONE',  ( 0.1250000000000007494, 0.000000000000000000, -1.149999999999999911 ) ) ;
#4500 = PLANE ( 'NONE',  #1533 ) ;
#4501 = LINE ( 'NONE', #450, #6605 ) ;
#4502 = DIRECTION ( 'NONE',  ( 2.282530889443167022E-16, 0.000000000000000000, 1.000000000000000000 ) ) ;
#4503 = AXIS2_PLACEMENT_3D ( 'NONE', #5110, #3649, #4781 ) ;
#4504 = EDGE_CURVE ( 'NONE', #5799, #6569, #955, .T. ) ;
#4505 = VECTOR ( 'NONE', #5766, 1000.000000000000000 ) ;
#4506 = EDGE_CURVE ( 'NONE', #6566, #2297, #5362, .T. ) ;
#4507 = CARTESIAN_POINT ( 'NONE',  ( -0.1249999999999992506, 0.2000000000000000111, -0.6749999999999998224 ) ) ;
#4508 = ORIENTED_EDGE ( 'NONE', *, *, #5728, .T. ) ;
#4509 = VERTEX_POINT ( 'NONE', #3302 ) ;
#4510 = FACE_OUTER_BOUND ( 'NONE', #3993, .T. ) ;
#4511 = DIRECTION ( 'NONE',  ( 1.000000000000000000, 0.000000000000000000, -2.282530889443168008E-16 ) ) ;
#4512 = LINE ( 'NONE', #3098, #4524 ) ;
#4513 = ORIENTED_EDGE ( 'NONE', *, *, #1917, .F. ) ;
#4514 = FACE_BOUND ( 'NONE', #1753, .T. ) ;
#4515 = VERTEX_POINT ( 'NONE', #2212 ) ;
#4516 = CARTESIAN_POINT ( 'NONE',  ( 1.399999999999999911, 0.1999999999999999833, 0.1250000000000002220 ) ) ;
#4517 = PLANE ( 'NONE',  #562 ) ;
#4518 = UNCERTAINTY_MEASURE_WITH_UNIT (LENGTH_MEASURE( 1.000000000000000082E-05 ), #2364, 'distance_accuracy_value', 'NONE');
#4519 = EDGE_CURVE ( 'NONE', #1536, #721, #726, .T. ) ;
#4520 = VECTOR ( 'NONE', #6700, 1000.000000000000000 ) ;
#4521 = CARTESIAN_POINT ( 'NONE',  ( -1.227272727272726627, 0.7399999999999999911, -0.9772727272727270709 ) ) ;
#4522 = DIRECTION ( 'NONE',  ( -0.000000000000000000, -0.000000000000000000, 1.000000000000000000 ) ) ;
#4523 = ADVANCED_FACE ( 'NONE', ( #5563 ), #6819, .T. ) ;
#4524 = VECTOR ( 'NONE', #4673, 1000.000000000000000 ) ;
#4525 = ORIENTED_EDGE ( 'NONE', *, *, #401, .F. ) ;
#4526 = ORIENTED_EDGE ( 'NONE', *, *, #2515, .T. ) ;
#4527 = DIRECTION ( 'NONE',  ( 1.000000000000000000, 0.000000000000000000, -2.282530889443168008E-16 ) ) ;
#4528 = CARTESIAN_POINT ( 'NONE',  ( -0.9250000000000001554, 0.1300000000000000044, -0.1249999999999998890 ) ) ;
#4529 = DIRECTION ( 'NONE',  ( 1.000000000000000000, 0.000000000000000000, -8.673617379884035472E-17 ) ) ;
#4530 = VECTOR ( 'NONE', #3695, 1000.000000000000000 ) ;
#4531 = AXIS2_PLACEMENT_3D ( 'NONE', #3512, #2470, #956 ) ;
#4532 = VECTOR ( 'NONE', #6233, 1000.000000000000000 ) ;
#4533 = ORIENTED_EDGE ( 'NONE', *, *, #3657, .T. ) ;
#4534 = CARTESIAN_POINT ( 'NONE',  ( -0.9250000000000001554, 0.1999999999999999833, -0.1249999999999998890 ) ) ;
#4535 = CARTESIAN_POINT ( 'NONE',  ( -0.3749999999999991118, 0.1999999999999999833, 0.6749999999999999334 ) ) ;
#4536 = ORIENTED_EDGE ( 'NONE', *, *, #6722, .F. ) ;
#4537 = CARTESIAN_POINT ( 'NONE',  ( -1.025000000000000355, 0.7367727638395971113, -0.8749999999999998890 ) ) ;
#4538 = DIRECTION ( 'NONE',  ( -0.000000000000000000, -1.000000000000000000, -0.000000000000000000 ) ) ;
#4539 = FACE_OUTER_BOUND ( 'NONE', #6330, .T. ) ;
#4540 = CARTESIAN_POINT ( 'NONE',  ( 0.6250000000000007772, 0.1999999999999999833, -1.149999999999999911 ) ) ;
#4541 = CARTESIAN_POINT ( 'NONE',  ( 0.9250000000000000444, 0.7367727638395971113, -0.8749999999999998890 ) ) ;
#4542 = LINE ( 'NONE', #5114, #2123 ) ;
#4543 = DIRECTION ( 'NONE',  ( 0.000000000000000000, 0.000000000000000000, -1.000000000000000000 ) ) ;
#4544 = VERTEX_POINT ( 'NONE', #4639 ) ;
#4545 = EDGE_LOOP ( 'NONE', ( #5639, #3104, #5378, #5589 ) ) ;
#4546 = VECTOR ( 'NONE', #2686, 1000.000000000000000 ) ;
#4547 = EDGE_CURVE ( 'NONE', #5187, #6702, #1087, .T. ) ;
#4548 = CARTESIAN_POINT ( 'NONE',  ( 0.6250000000000009992, 0.2000000000000000111, 0.6749999999999999334 ) ) ;
#4549 = DIRECTION ( 'NONE',  ( -1.000000000000000000, 0.000000000000000000, -4.336808689942017736E-16 ) ) ;
#4550 = LINE ( 'NONE', #6321, #2437 ) ;
#4551 = VERTEX_POINT ( 'NONE', #5692 ) ;
#4552 = CARTESIAN_POINT ( 'NONE',  ( 0.9250000000000000444, 0.1300000000000000044, 0.6250000000000001110 ) ) ;
#4553 = LINE ( 'NONE', #916, #2156 ) ;
#4554 = EDGE_LOOP ( 'NONE', ( #6013, #6059, #3928, #769, #1420 ) ) ;
#4555 = FILL_AREA_STYLE_COLOUR ( '', #5105 ) ;
#4556 = CARTESIAN_POINT ( 'NONE',  ( 0.6250000000000009992, 0.2000000000000000111, 1.149999999999999911 ) ) ;
#4557 = VECTOR ( 'NONE', #6785, 1000.000000000000000 ) ;
#4558 = CARTESIAN_POINT ( 'NONE',  ( 0.9250000000000000444, 0.7367727638395971113, 0.1250000000000001110 ) ) ;
#4559 = EDGE_CURVE ( 'NONE', #3696, #2505, #3295, .T. ) ;
#4560 = PLANE ( 'NONE',  #952 ) ;
#4561 = EDGE_CURVE ( 'NONE', #3485, #3738, #5646, .T. ) ;
#4562 = VECTOR ( 'NONE', #2378, 1000.000000000000000 ) ;
#4563 = SURFACE_STYLE_USAGE ( .BOTH. , #5023 ) ;
#4564 = ORIENTED_EDGE ( 'NONE', *, *, #2383, .T. ) ;
#4565 = LINE ( 'NONE', #3923, #4 ) ;
#4566 = ORIENTED_EDGE ( 'NONE', *, *, #3671, .F. ) ;
#4567 = DIRECTION ( 'NONE',  ( -2.282530889443168501E-16, 0.000000000000000000, -1.000000000000000000 ) ) ;
#4568 = AXIS2_PLACEMENT_3D ( 'NONE', #2327, #1733, #664 ) ;
#4569 = DIRECTION ( 'NONE',  ( 0.000000000000000000, 0.000000000000000000, 1.000000000000000000 ) ) ;
#4570 = PLANE ( 'NONE',  #4621 ) ;
#4571 = LINE ( 'NONE', #4782, #4727 ) ;
#4572 = CARTESIAN_POINT ( 'NONE',  ( 0.3750000000000007772, 0.1300000000000000044, -0.6749999999999998224 ) ) ;
#4573 = VECTOR ( 'NONE', #6498, 1000.000000000000000 ) ;
#4574 = ORIENTED_EDGE ( 'NONE', *, *, #6552, .F. ) ;
#4575 = DIRECTION ( 'NONE',  ( -4.336808689942017736E-16, 0.000000000000000000, -1.000000000000000000 ) ) ;
#4576 = EDGE_CURVE ( 'NONE', #6521, #3253, #3396, .T. ) ;
#4577 = CARTESIAN_POINT ( 'NONE',  ( 1.399999999999999911, 0.1300000000000000044, 0.1250000000000002220 ) ) ;
#4578 = VECTOR ( 'NONE', #3393, 1000.000000000000000 ) ;
#4579 = VERTEX_POINT ( 'NONE', #5752 ) ;
#4580 = PLANE ( 'NONE',  #5201 ) ;
#4581 = DIRECTION ( 'NONE',  ( 0.000000000000000000, -1.000000000000000000, 0.000000000000000000 ) ) ;
#4582 = LINE ( 'NONE', #6256, #4557 ) ;
#4583 = DIRECTION ( 'NONE',  ( 0.000000000000000000, -1.000000000000000000, 0.000000000000000000 ) ) ;
#4584 = LINE ( 'NONE', #1070, #2426 ) ;
#4585 = EDGE_LOOP ( 'NONE', ( #4343, #5331, #757, #4997 ) ) ;
#4586 = DIRECTION ( 'NONE',  ( 0.000000000000000000, 1.000000000000000000, 0.000000000000000000 ) ) ;
#4587 = LINE ( 'NONE', #145, #4657 ) ;
#4588 = ORIENTED_EDGE ( 'NONE', *, *, #3861, .T. ) ;
#4589 = EDGE_CURVE ( 'NONE', #6367, #1424, #3464, .T. ) ;
#4590 = VECTOR ( 'NONE', #3507, 1000.000000000000000 ) ;
#4591 = CARTESIAN_POINT ( 'NONE',  ( 0.9250000000000001554, 0.000000000000000000, -0.6249999999999998890 ) ) ;
#4592 = CARTESIAN_POINT ( 'NONE',  ( -0.9250000000000000444, 0.000000000000000000, -0.8749999999999998890 ) ) ;
#4593 = CARTESIAN_POINT ( 'NONE',  ( -0.3749999999999992228, 0.1300000000000000044, -1.149999999999999911 ) ) ;
#4594 = LINE ( 'NONE', #846, #2390 ) ;
#4595 = ORIENTED_EDGE ( 'NONE', *, *, #5826, .F. ) ;
#4596 = EDGE_CURVE ( 'NONE', #6405, #6760, #5685, .T. ) ;
#4597 = VECTOR ( 'NONE', #4838, 1000.000000000000000 ) ;
#4598 = ORIENTED_EDGE ( 'NONE', *, *, #4200, .F. ) ;
#4599 = DIRECTION ( 'NONE',  ( 0.000000000000000000, 0.000000000000000000, 1.000000000000000000 ) ) ;
#4600 = PLANE ( 'NONE',  #1898 ) ;
#4601 = VECTOR ( 'NONE', #3945, 1000.000000000000000 ) ;
#4602 = CARTESIAN_POINT ( 'NONE',  ( -0.9250000000000001554, 0.000000000000000000, -0.6249999999999998890 ) ) ;
#4603 =( NAMED_UNIT ( * ) PLANE_ANGLE_UNIT ( ) SI_UNIT ( $, .RADIAN. ) );
#4604 = DIRECTION ( 'NONE',  ( 1.000000000000000000, -0.000000000000000000, 8.673617379884037444E-16 ) ) ;
#4605 = VECTOR ( 'NONE', #4717, 1000.000000000000000 ) ;
#4606 = PRODUCT ( 'LSM6DSV16BXTR', 'LSM6DSV16BXTR', '', ( #407 ) ) ;
#4607 = DIRECTION ( 'NONE',  ( 1.000000000000000000, 0.000000000000000000, 0.000000000000000000 ) ) ;
#4608 = ORIENTED_EDGE ( 'NONE', *, *, #5312, .T. ) ;
#4609 = LINE ( 'NONE', #671, #4633 ) ;
#4610 = ORIENTED_EDGE ( 'NONE', *, *, #1999, .T. ) ;
#4611 = PLANE ( 'NONE',  #490 ) ;
#4612 = AXIS2_PLACEMENT_3D ( 'NONE', #4729, #2592, #412 ) ;
#4613 = LINE ( 'NONE', #2556, #4590 ) ;
#4614 = CARTESIAN_POINT ( 'NONE',  ( -0.3749999999999991118, 0.1300000000000000044, 0.6749999999999999334 ) ) ;
#4615 = ORIENTED_EDGE ( 'NONE', *, *, #4199, .T. ) ;
#4616 = DIRECTION ( 'NONE',  ( 1.000000000000000000, -0.000000000000000000, -2.282530889443168008E-16 ) ) ;
#4617 = EDGE_CURVE ( 'NONE', #5084, #167, #3308, .T. ) ;
#4618 = DIRECTION ( 'NONE',  ( -0.7071067811865430208, 0.000000000000000000, -0.7071067811865521247 ) ) ;
#4619 = VECTOR ( 'NONE', #2122, 1000.000000000000000 ) ;
#4620 = VERTEX_POINT ( 'NONE', #6772 ) ;
#4621 = AXIS2_PLACEMENT_3D ( 'NONE', #6171, #4529, #5032 ) ;
#4622 = ADVANCED_FACE ( 'NONE', ( #5634 ), #3594, .T. ) ;
#4623 = CARTESIAN_POINT ( 'NONE',  ( -1.499999999999999778, 5.385124837953327415, 1.250000000000000000 ) ) ;
#4624 = DIRECTION ( 'NONE',  ( 0.000000000000000000, -1.000000000000000000, 0.000000000000000000 ) ) ;
#4625 = FACE_OUTER_BOUND ( 'NONE', #3909, .T. ) ;
#4626 = DIRECTION ( 'NONE',  ( 0.000000000000000000, -1.000000000000000000, 0.000000000000000000 ) ) ;
#4627 = ADVANCED_FACE ( 'NONE', ( #5670 ), #943, .F. ) ;
#4628 = CARTESIAN_POINT ( 'NONE',  ( 0.9250000000000000444, 0.1999999999999999833, -0.8749999999999998890 ) ) ;
#4629 = APPLICATION_CONTEXT ( 'automotive_design' ) ;
#4630 = LINE ( 'NONE', #5179, #2474 ) ;
#4631 = ORIENTED_EDGE ( 'NONE', *, *, #6403, .F. ) ;
#4632 = DIRECTION ( 'NONE',  ( -0.000000000000000000, -1.000000000000000000, -0.000000000000000000 ) ) ;
#4633 = VECTOR ( 'NONE', #2703, 1000.000000000000000 ) ;
#4634 = ORIENTED_EDGE ( 'NONE', *, *, #999, .F. ) ;
#4635 = EDGE_CURVE ( 'NONE', #1912, #6322, #3250, .T. ) ;
#4636 = LINE ( 'NONE', #1946, #53 ) ;
#4637 = CARTESIAN_POINT ( 'NONE',  ( 0.1250000000000009159, 0.2000000000000000111, 0.6749999999999999334 ) ) ;
#4638 = AXIS2_PLACEMENT_3D ( 'NONE', #1047, #3122, #3693 ) ;
#4639 = CARTESIAN_POINT ( 'NONE',  ( 0.9250000000000000444, 0.1999999999999999833, 0.6250000000000001110 ) ) ;
#4640 = STYLED_ITEM ( 'NONE', ( #5019 ), #6274 ) ;
#4641 = DIRECTION ( 'NONE',  ( 4.336808689942017736E-16, -0.000000000000000000, 1.000000000000000000 ) ) ;
#4642 = LINE ( 'NONE', #5063, #4653 ) ;
#4643 = ORIENTED_EDGE ( 'NONE', *, *, #3902, .T. ) ;
#4644 = FACE_OUTER_BOUND ( 'NONE', #5858, .T. ) ;
#4645 = EDGE_LOOP ( 'NONE', ( #1222, #4785, #5491, #3548 ) ) ;
#4646 = CARTESIAN_POINT ( 'NONE',  ( -0.3749999999999992228, 0.7367727638395973333, -0.6749999999999999334 ) ) ;
#4647 = CARTESIAN_POINT ( 'NONE',  ( -0.9250000000000000444, 0.7367727638395971113, 0.6250000000000001110 ) ) ;
#4648 = EDGE_CURVE ( 'NONE', #1363, #5360, #990, .T. ) ;
#4649 = LINE ( 'NONE', #2676, #2318 ) ;
#4650 = PRESENTATION_LAYER_ASSIGNMENT (  '', '', ( #3145 ) ) ;
#4651 = CARTESIAN_POINT ( 'NONE',  ( 0.1250000000000010270, 0.2000000000000000111, 1.149999999999999911 ) ) ;
#4652 = AXIS2_PLACEMENT_3D ( 'NONE', #5499, #813, #328 ) ;
#4653 = VECTOR ( 'NONE', #291, 1000.000000000000000 ) ;
#4654 = EDGE_CURVE ( 'NONE', #6702, #1777, #5712, .T. ) ;
#4655 = DIRECTION ( 'NONE',  ( 0.000000000000000000, -1.000000000000000000, 0.000000000000000000 ) ) ;
#4656 = ORIENTED_EDGE ( 'NONE', *, *, #3582, .F. ) ;
#4657 = VECTOR ( 'NONE', #3373, 1000.000000000000000 ) ;
#4658 = ORIENTED_EDGE ( 'NONE', *, *, #415, .T. ) ;
#4659 = CARTESIAN_POINT ( 'NONE',  ( -0.9250000000000001554, 0.7367727638395971113, -0.1249999999999998890 ) ) ;
#4660 = DIRECTION ( 'NONE',  ( -0.000000000000000000, 0.000000000000000000, 1.000000000000000000 ) ) ;
#4661 = LINE ( 'NONE', #3023, #4520 ) ;
#4662 = FILL_AREA_STYLE ('',( #2524 ) ) ;
#4663 = CARTESIAN_POINT ( 'NONE',  ( -0.9250000000000001554, 0.1300000000000000044, -0.6249999999999998890 ) ) ;
#4664 = LINE ( 'NONE', #1341, #132 ) ;
#4665 = ORIENTED_EDGE ( 'NONE', *, *, #6348, .T. ) ;
#4666 = CARTESIAN_POINT ( 'NONE',  ( -0.3749999999999990008, 0.1300000000000000044, 1.149999999999999911 ) ) ;
#4667 = EDGE_CURVE ( 'NONE', #4987, #3558, #1112, .T. ) ;
#4668 = DIRECTION ( 'NONE',  ( -0.000000000000000000, -1.000000000000000000, -0.000000000000000000 ) ) ;
#4669 = LINE ( 'NONE', #1976, #87 ) ;
#4670 = ORIENTED_EDGE ( 'NONE', *, *, #6665, .F. ) ;
#4671 = CARTESIAN_POINT ( 'NONE',  ( -1.227272727272726627, 0.6399999999999999023, -0.9772727272727270709 ) ) ;
#4672 = DIRECTION ( 'NONE',  ( 0.000000000000000000, 1.000000000000000000, 0.000000000000000000 ) ) ;
#4673 = DIRECTION ( 'NONE',  ( 0.000000000000000000, -1.000000000000000000, 0.000000000000000000 ) ) ;
#4674 = EDGE_CURVE ( 'NONE', #3436, #2001, #5607, .T. ) ;
#4675 = SURFACE_STYLE_FILL_AREA ( #775 ) ;
#4676 = ADVANCED_FACE ( 'NONE', ( #3320 ), #1664, .T. ) ;
#4677 = DIRECTION ( 'NONE',  ( 2.282530889443168501E-16, -0.000000000000000000, 1.000000000000000000 ) ) ;
#4678 = UNCERTAINTY_MEASURE_WITH_UNIT (LENGTH_MEASURE( 1.000000000000000082E-05 ), #4274, 'distance_accuracy_value', 'NONE');
#4679 = LINE ( 'NONE', #5089, #119 ) ;
#4680 = ORIENTED_EDGE ( 'NONE', *, *, #3957, .F. ) ;
#4681 = DIRECTION ( 'NONE',  ( 4.336808689942017736E-16, 0.000000000000000000, -1.000000000000000000 ) ) ;
#4682 = FACE_OUTER_BOUND ( 'NONE', #4209, .T. ) ;
#4683 = EDGE_LOOP ( 'NONE', ( #4656, #957, #2523, #3258 ) ) ;
#4684 = ADVANCED_FACE ( 'NONE', ( #1099 ), #3111, .T. ) ;
#4685 = CARTESIAN_POINT ( 'NONE',  ( -0.9250000000000001554, 0.7367727638395971113, -0.6249999999999998890 ) ) ;
#4686 = EDGE_CURVE ( 'NONE', #6433, #3368, #3429, .T. ) ;
#4687 = DIRECTION ( 'NONE',  ( 0.000000000000000000, 0.000000000000000000, 1.000000000000000000 ) ) ;
#4688 = ADVANCED_FACE ( 'NONE', ( #3372 ), #2881, .T. ) ;
#4689 = FACE_OUTER_BOUND ( 'NONE', #1935, .T. ) ;
#4690 = ORIENTED_EDGE ( 'NONE', *, *, #369, .F. ) ;
#4691 = LINE ( 'NONE', #3631, #158 ) ;
#4692 = ORIENTED_EDGE ( 'NONE', *, *, #2929, .F. ) ;
#4693 = DIRECTION ( 'NONE',  ( 4.336808689942017736E-16, -0.000000000000000000, 1.000000000000000000 ) ) ;
#4694 = CARTESIAN_POINT ( 'NONE',  ( 0.1250000000000010270, 0.2000000000000000111, 1.149999999999999911 ) ) ;
#4695 = MECHANICAL_DESIGN_GEOMETRIC_PRESENTATION_REPRESENTATION (  '', ( #2217 ), #4470 ) ;
#4696 = PLANE ( 'NONE',  #76 ) ;
#4697 = DIRECTION ( 'NONE',  ( 4.336808689942017736E-16, -0.000000000000000000, 1.000000000000000000 ) ) ;
#4698 = CARTESIAN_POINT ( 'NONE',  ( -1.399999999999999911, 0.7367727638395971113, 0.6250000000000002220 ) ) ;
#4699 = VECTOR ( 'NONE', #4013, 1000.000000000000000 ) ;
#4700 = CARTESIAN_POINT ( 'NONE',  ( -1.227272727272726627, 0.7399999999999999911, -0.8522727272727266268 ) ) ;
#4701 = EDGE_LOOP ( 'NONE', ( #612, #1561, #3535, #3502 ) ) ;
#4702 = FACE_OUTER_BOUND ( 'NONE', #5953, .T. ) ;
#4703 = ORIENTED_EDGE ( 'NONE', *, *, #556, .T. ) ;
#4704 = CARTESIAN_POINT ( 'NONE',  ( 0.1250000000000010270, 0.1300000000000000044, 1.149999999999999911 ) ) ;
#4705 = CARTESIAN_POINT ( 'NONE',  ( -0.6249999999999992228, 0.2000000000000000111, -1.149999999999999689 ) ) ;
#4706 = FILL_AREA_STYLE ('',( #3745 ) ) ;
#4707 = PLANE ( 'NONE',  #6543 ) ;
#4708 = FACE_OUTER_BOUND ( 'NONE', #268, .T. ) ;
#4709 = VERTEX_POINT ( 'NONE', #682 ) ;
#4710 = CARTESIAN_POINT ( 'NONE',  ( 0.1250000000000010270, 0.7367727638395973333, 1.149999999999999911 ) ) ;
#4711 = DIRECTION ( 'NONE',  ( 0.000000000000000000, -1.000000000000000000, 0.000000000000000000 ) ) ;
#4712 = VECTOR ( 'NONE', #4149, 1000.000000000000000 ) ;
#4713 = VERTEX_POINT ( 'NONE', #2425 ) ;
#4714 = CARTESIAN_POINT ( 'NONE',  ( 0.6250000000000009992, 0.1300000000000000044, 1.149999999999999911 ) ) ;
#4715 = DIRECTION ( 'NONE',  ( 0.000000000000000000, 0.000000000000000000, -1.000000000000000000 ) ) ;
#4716 = FACE_OUTER_BOUND ( 'NONE', #1803, .T. ) ;
#4717 = DIRECTION ( 'NONE',  ( 1.000000000000000000, 0.000000000000000000, -2.282530889443168008E-16 ) ) ;
#4718 = EDGE_CURVE ( 'NONE', #1010, #4408, #1123, .T. ) ;
#4719 = EDGE_CURVE ( 'NONE', #5209, #4336, #1061, .T. ) ;
#4720 = VECTOR ( 'NONE', #816, 1000.000000000000000 ) ;
#4721 = ORIENTED_EDGE ( 'NONE', *, *, #6056, .T. ) ;
#4722 = CARTESIAN_POINT ( 'NONE',  ( -0.9250000000000000444, 0.7367727638395971113, -0.3749999999999998890 ) ) ;
#4723 = FACE_OUTER_BOUND ( 'NONE', #3578, .T. ) ;
#4724 = ORIENTED_EDGE ( 'NONE', *, *, #5467, .F. ) ;
#4725 = CARTESIAN_POINT ( 'NONE',  ( -0.9250000000000000444, 0.1300000000000000044, 0.1250000000000001110 ) ) ;
#4726 = AXIS2_PLACEMENT_3D ( 'NONE', #124, #1787, #5887 ) ;
#4727 = VECTOR ( 'NONE', #2647, 1000.000000000000000 ) ;
#4728 = DIRECTION ( 'NONE',  ( 0.000000000000000000, 1.000000000000000000, 0.000000000000000000 ) ) ;
#4729 = CARTESIAN_POINT ( 'NONE',  ( 0.5000000000000000000, 0.000000000000000000, 0.000000000000000000 ) ) ;
#4730 = LINE ( 'NONE', #2493, #95 ) ;
#4731 = ORIENTED_EDGE ( 'NONE', *, *, #3, .F. ) ;
#4732 = EDGE_CURVE ( 'NONE', #6760, #492, #3413, .T. ) ;
#4733 = LINE ( 'NONE', #2380, #2335 ) ;
#4734 = EDGE_LOOP ( 'NONE', ( #3973, #3864, #1564, #1631 ) ) ;
#4735 = CARTESIAN_POINT ( 'NONE',  ( -1.399999999999999911, 0.000000000000000000, -0.6249999999999997780 ) ) ;
#4736 =( GEOMETRIC_REPRESENTATION_CONTEXT ( 3 ) GLOBAL_UNCERTAINTY_ASSIGNED_CONTEXT ( ( #1367 ) ) GLOBAL_UNIT_ASSIGNED_CONTEXT ( ( #4035, #4603, #3395 ) ) REPRESENTATION_CONTEXT ( 'NONE', 'WORKASPACE' ) );
#4737 = CARTESIAN_POINT ( 'NONE',  ( 0.9250000000000001554, 0.1999999999999999833, 0.8750000000000001110 ) ) ;
#4738 = AXIS2_PLACEMENT_3D ( 'NONE', #171, #5025, #1223 ) ;
#4739 = LINE ( 'NONE', #6755, #439 ) ;
#4740 = CARTESIAN_POINT ( 'NONE',  ( 0.6250000000000007772, 0.7367727638395973333, -0.6749999999999999334 ) ) ;
#4741 = DIRECTION ( 'NONE',  ( -1.000000000000000000, -0.000000000000000000, -2.282530889443167515E-16 ) ) ;
#4742 = ADVANCED_FACE ( 'NONE', ( #966 ), #780, .T. ) ;
#4743 = LINE ( 'NONE', #2329, #4720 ) ;
#4744 = EDGE_LOOP ( 'NONE', ( #2983, #511, #1268, #1477 ) ) ;
#4745 = LINE ( 'NONE', #6279, #169 ) ;
#4746 = ORIENTED_EDGE ( 'NONE', *, *, #5113, .F. ) ;
#4747 = CARTESIAN_POINT ( 'NONE',  ( -1.227272727272726627, 0.6399999999999999023, -0.9772727272727270709 ) ) ;
#4748 = CARTESIAN_POINT ( 'NONE',  ( 0.9250000000000001554, 0.000000000000000000, -0.6249999999999998890 ) ) ;
#4749 = EDGE_CURVE ( 'NONE', #3761, #2155, #5584, .T. ) ;
#4750 = DIRECTION ( 'NONE',  ( 1.000000000000000000, 0.000000000000000000, -4.336808689942019215E-16 ) ) ;
#4751 = LINE ( 'NONE', #2989, #4875 ) ;
#4752 = DIRECTION ( 'NONE',  ( 0.000000000000000000, -1.000000000000000000, 0.000000000000000000 ) ) ;
#4753 = CARTESIAN_POINT ( 'NONE',  ( -0.9250000000000000444, 0.1999999999999999833, -0.7749999999999992450 ) ) ;
#4754 = LINE ( 'NONE', #1306, #190 ) ;
#4755 = VERTEX_POINT ( 'NONE', #1411 ) ;
#4756 = DIRECTION ( 'NONE',  ( 0.000000000000000000, 0.000000000000000000, -1.000000000000000000 ) ) ;
#4757 = FACE_OUTER_BOUND ( 'NONE', #1120, .T. ) ;
#4758 = VERTEX_POINT ( 'NONE', #3996 ) ;
#4759 = CARTESIAN_POINT ( 'NONE',  ( 0.9250000000000000444, 0.7367727638395971113, 0.1250000000000001110 ) ) ;
#4760 = CARTESIAN_POINT ( 'NONE',  ( -0.9250000000000001554, 0.1999999999999999833, 0.8750000000000001110 ) ) ;
#4761 = DIRECTION ( 'NONE',  ( -0.000000000000000000, -1.000000000000000000, -0.000000000000000000 ) ) ;
#4762 = COLOUR_RGB ( '',0.7921568627450980005, 0.8196078431372548767, 0.9333333333333333481 ) ;
#4763 = ADVANCED_FACE ( 'NONE', ( #3284, #1025, #1037, #3334, #3259, #1050, #5697, #3347, #1074, #5657, #3385, #1134, #3439, #5677, #3338 ), #5073, .T. ) ;
#4764 = LINE ( 'NONE', #1911, #2277 ) ;
#4765 = ORIENTED_EDGE ( 'NONE', *, *, #3336, .T. ) ;
#4766 = DIRECTION ( 'NONE',  ( 4.336808689942017736E-16, 0.000000000000000000, -1.000000000000000000 ) ) ;
#4767 = FACE_OUTER_BOUND ( 'NONE', #695, .T. ) ;
#4768 = VERTEX_POINT ( 'NONE', #4039 ) ;
#4769 = CARTESIAN_POINT ( 'NONE',  ( -0.9250000000000001554, 0.7367727638395971113, -0.1249999999999998890 ) ) ;
#4770 = EDGE_CURVE ( 'NONE', #4163, #4086, #972, .T. ) ;
#4771 = LINE ( 'NONE', #2306, #283 ) ;
#4772 = CARTESIAN_POINT ( 'NONE',  ( 0.000000000000000000, 0.000000000000000000, 0.5000000000000000000 ) ) ;
#4773 = LINE ( 'NONE', #4425, #2368 ) ;
#4774 = ORIENTED_EDGE ( 'NONE', *, *, #6348, .F. ) ;
#4775 = EDGE_CURVE ( 'NONE', #1164, #1754, #5612, .T. ) ;
#4776 = VECTOR ( 'NONE', #6501, 1000.000000000000000 ) ;
#4777 = ORIENTED_EDGE ( 'NONE', *, *, #1766, .F. ) ;
#4778 = CARTESIAN_POINT ( 'NONE',  ( 0.1250000000000009159, 0.2000000000000000111, 0.6749999999999999334 ) ) ;
#4779 = AXIS2_PLACEMENT_3D ( 'NONE', #1613, #2749, #5983 ) ;
#4780 = VECTOR ( 'NONE', #3078, 1000.000000000000000 ) ;
#4781 = DIRECTION ( 'NONE',  ( 1.000000000000000000, 0.000000000000000000, -8.673617379884035472E-16 ) ) ;
#4782 = CARTESIAN_POINT ( 'NONE',  ( 0.3750000000000009992, 0.2000000000000000111, 0.6750000000000000444 ) ) ;
#4783 = VECTOR ( 'NONE', #6025, 1000.000000000000000 ) ;
#4784 = DIRECTION ( 'NONE',  ( -4.336808689942017736E-16, 0.000000000000000000, -1.000000000000000000 ) ) ;
#4785 = ORIENTED_EDGE ( 'NONE', *, *, #2593, .T. ) ;
#4786 = PLANE ( 'NONE',  #4935 ) ;
#4787 = LINE ( 'NONE', #6531, #2450 ) ;
#4788 = ORIENTED_EDGE ( 'NONE', *, *, #448, .T. ) ;
#4789 = SURFACE_STYLE_USAGE ( .BOTH. , #468 ) ;
#4790 = EDGE_CURVE ( 'NONE', #3252, #745, #3442, .T. ) ;
#4791 = ADVANCED_FACE ( 'NONE', ( #5567 ), #5989, .T. ) ;
#4792 =( NAMED_UNIT ( * ) SI_UNIT ( $, .STERADIAN. ) SOLID_ANGLE_UNIT ( ) );
#4793 = DIRECTION ( 'NONE',  ( -1.000000000000000000, 0.000000000000000000, -2.282530889443168008E-16 ) ) ;
#4794 = VECTOR ( 'NONE', #4711, 1000.000000000000000 ) ;
#4795 =( LENGTH_UNIT ( ) NAMED_UNIT ( * ) SI_UNIT ( .MILLI., .METRE. ) );
#4796 = CARTESIAN_POINT ( 'NONE',  ( 0.1250000000000007494, 0.000000000000000000, -0.6749999999999999334 ) ) ;
#4797 = VECTOR ( 'NONE', #2704, 1000.000000000000000 ) ;
#4798 = ORIENTED_EDGE ( 'NONE', *, *, #4341, .F. ) ;
#4799 = PLANE ( 'NONE',  #4461 ) ;
#4800 = FACE_OUTER_BOUND ( 'NONE', #6198, .T. ) ;
#4801 = VERTEX_POINT ( 'NONE', #2795 ) ;
#4802 = EDGE_CURVE ( 'NONE', #3252, #3569, #3363, .T. ) ;
#4803 = CARTESIAN_POINT ( 'NONE',  ( 0.1250000000000007494, 0.000000000000000000, -1.149999999999999911 ) ) ;
#4804 = EDGE_CURVE ( 'NONE', #2179, #2369, #1192, .T. ) ;
#4805 = CARTESIAN_POINT ( 'NONE',  ( -0.3749999999999991118, 0.1300000000000000044, 0.6749999999999999334 ) ) ;
#4806 = DIRECTION ( 'NONE',  ( 0.000000000000000000, 0.000000000000000000, -1.000000000000000000 ) ) ;
#4807 = VECTOR ( 'NONE', #1581, 1000.000000000000000 ) ;
#4808 = ADVANCED_FACE ( 'NONE', ( #5627 ), #213, .F. ) ;
#4809 = MECHANICAL_DESIGN_GEOMETRIC_PRESENTATION_REPRESENTATION (  '', ( #6814 ), #2482 ) ;
#4810 = FACE_OUTER_BOUND ( 'NONE', #6076, .T. ) ;
#4811 = ORIENTED_EDGE ( 'NONE', *, *, #2163, .T. ) ;
#4812 = FACE_OUTER_BOUND ( 'NONE', #57, .T. ) ;
#4813 = ORIENTED_EDGE ( 'NONE', *, *, #1856, .F. ) ;
#4814 = CARTESIAN_POINT ( 'NONE',  ( 0.000000000000000000, 0.2000000000000000111, 0.000000000000000000 ) ) ;
#4815 = VECTOR ( 'NONE', #6001, 1000.000000000000000 ) ;
#4816 = EDGE_CURVE ( 'NONE', #3368, #3592, #5737, .T. ) ;
#4817 = CARTESIAN_POINT ( 'NONE',  ( -0.6249999999999992228, 0.2000000000000000111, -0.6749999999999998224 ) ) ;
#4818 = LINE ( 'NONE', #625, #4919 ) ;
#4819 = ORIENTED_EDGE ( 'NONE', *, *, #6409, .F. ) ;
#4820 = EDGE_CURVE ( 'NONE', #1682, #5095, #3263, .T. ) ;
#4821 = VECTOR ( 'NONE', #5698, 1000.000000000000000 ) ;
#4822 = ORIENTED_EDGE ( 'NONE', *, *, #2263, .T. ) ;
#4823 = DIRECTION ( 'NONE',  ( -0.000000000000000000, 0.000000000000000000, 1.000000000000000000 ) ) ;
#4824 = CARTESIAN_POINT ( 'NONE',  ( -0.9250000000000001554, 0.7367727638395971113, 0.3750000000000001110 ) ) ;
#4825 = LINE ( 'NONE', #3910, #311 ) ;
#4826 = MANIFOLD_SOLID_BREP ( 'Boss-Extrude3[2]', #1351 ) ;
#4827 = DIRECTION ( 'NONE',  ( -2.282530889443168008E-16, 0.000000000000000000, -1.000000000000000000 ) ) ;
#4828 = FILL_AREA_STYLE_COLOUR ( '', #1611 ) ;
#4829 = PLANE ( 'NONE',  #1714 ) ;
#4830 = LINE ( 'NONE', #582, #2606 ) ;
#4831 = CARTESIAN_POINT ( 'NONE',  ( 0.9250000000000001554, 0.7367727638395971113, 0.3750000000000001110 ) ) ;
#4832 = ORIENTED_EDGE ( 'NONE', *, *, #1132, .T. ) ;
#4833 = DIRECTION ( 'NONE',  ( 1.000000000000000000, -0.000000000000000000, -4.336808689942017736E-16 ) ) ;
#4834 = LINE ( 'NONE', #2717, #4861 ) ;
#4835 = VERTEX_POINT ( 'NONE', #66 ) ;
#4836 = CARTESIAN_POINT ( 'NONE',  ( -1.399999999999999911, 0.1999999999999999833, -0.6249999999999997780 ) ) ;
#4837 = FACE_OUTER_BOUND ( 'NONE', #4038, .T. ) ;
#4838 = DIRECTION ( 'NONE',  ( -1.000000000000000000, 0.000000000000000000, 0.000000000000000000 ) ) ;
#4839 = CARTESIAN_POINT ( 'NONE',  ( -0.9250000000000000444, 0.000000000000000000, -0.7749999999999992450 ) ) ;
#4840 = EDGE_CURVE ( 'NONE', #3558, #5857, #983, .T. ) ;
#4841 = EDGE_LOOP ( 'NONE', ( #736, #6673, #854, #127 ) ) ;
#4842 = CARTESIAN_POINT ( 'NONE',  ( -0.1249999999999992506, 0.1300000000000000044, -0.6749999999999998224 ) ) ;
#4843 = LINE ( 'NONE', #3552, #424 ) ;
#4844 = ORIENTED_EDGE ( 'NONE', *, *, #5705, .F. ) ;
#4845 = DIRECTION ( 'NONE',  ( 0.000000000000000000, -1.000000000000000000, 0.000000000000000000 ) ) ;
#4846 = LINE ( 'NONE', #4535, #4815 ) ;
#4847 = AXIS2_PLACEMENT_3D ( 'NONE', #1863, #6345, #3174 ) ;
#4848 = EDGE_CURVE ( 'NONE', #5928, #6062, #5663, .T. ) ;
#4849 = ADVANCED_FACE ( 'NONE', ( #5811 ), #3740, .T. ) ;
#4850 = LINE ( 'NONE', #4251, #391 ) ;
#4851 = ORIENTED_EDGE ( 'NONE', *, *, #860, .T. ) ;
#4852 = DIRECTION ( 'NONE',  ( 0.000000000000000000, 1.000000000000000000, 0.000000000000000000 ) ) ;
#4853 = ORIENTED_EDGE ( 'NONE', *, *, #5467, .T. ) ;
#4854 = DIRECTION ( 'NONE',  ( 1.000000000000000000, 0.000000000000000000, -4.336808689942018722E-16 ) ) ;
#4855 = VECTOR ( 'NONE', #1962, 1000.000000000000000 ) ;
#4856 = CARTESIAN_POINT ( 'NONE',  ( -1.399999999999999911, 0.1300000000000000044, -0.3749999999999997780 ) ) ;
#4857 = ADVANCED_FACE ( 'NONE', ( #1169 ), #6214, .F. ) ;
#4858 = CARTESIAN_POINT ( 'NONE',  ( -0.9250000000000001554, 0.000000000000000000, 0.3750000000000001110 ) ) ;
#4859 = VECTOR ( 'NONE', #2168, 1000.000000000000000 ) ;
#4860 = EDGE_LOOP ( 'NONE', ( #2555, #3534, #2644, #1528 ) ) ;
#4861 = VECTOR ( 'NONE', #1095, 1000.000000000000000 ) ;
#4862 = ORIENTED_EDGE ( 'NONE', *, *, #6157, .F. ) ;
#4863 = DIRECTION ( 'NONE',  ( 1.000000000000000000, -0.000000000000000000, -4.336808689942017736E-16 ) ) ;
#4864 = DIRECTION ( 'NONE',  ( 0.000000000000000000, -0.000000000000000000, 1.000000000000000000 ) ) ;
#4865 = FACE_OUTER_BOUND ( 'NONE', #3564, .T. ) ;
#4866 = DIRECTION ( 'NONE',  ( 0.000000000000000000, 0.000000000000000000, -1.000000000000000000 ) ) ;
#4867 = CARTESIAN_POINT ( 'NONE',  ( -0.9250000000000001554, 0.000000000000000000, 0.3750000000000001110 ) ) ;
#4868 = EDGE_CURVE ( 'NONE', #6526, #5926, #3287, .T. ) ;
#4869 = DIRECTION ( 'NONE',  ( -1.000000000000000000, 0.000000000000000000, -8.673617379884037444E-16 ) ) ;
#4870 = VERTEX_POINT ( 'NONE', #960 ) ;
#4871 = CARTESIAN_POINT ( 'NONE',  ( -0.3749999999999992228, 0.1999999999999999833, -0.6749999999999999334 ) ) ;
#4872 = FACE_OUTER_BOUND ( 'NONE', #2236, .T. ) ;
#4873 = ORIENTED_EDGE ( 'NONE', *, *, #5968, .T. ) ;
#4874 = CARTESIAN_POINT ( 'NONE',  ( 0.6250000000000007772, 0.2000000000000000111, -0.6749999999999999334 ) ) ;
#4875 = VECTOR ( 'NONE', #4668, 1000.000000000000000 ) ;
#4876 = PLANE ( 'NONE',  #5034 ) ;
#4877 = COLOUR_RGB ( '',0.7921568627450980005, 0.8196078431372548767, 0.9333333333333333481 ) ;
#4878 = ORIENTED_EDGE ( 'NONE', *, *, #4049, .T. ) ;
#4879 = EDGE_CURVE ( 'NONE', #5683, #6544, #1139, .T. ) ;
#4880 = ORIENTED_EDGE ( 'NONE', *, *, #979, .F. ) ;
#4881 = CARTESIAN_POINT ( 'NONE',  ( 0.3750000000000009992, 0.1300000000000000044, 0.6750000000000000444 ) ) ;
#4882 = AXIS2_PLACEMENT_3D ( 'NONE', #2159, #1782, #4925 ) ;
#4883 = PLANE ( 'NONE',  #4882 ) ;
#4884 = CARTESIAN_POINT ( 'NONE',  ( -0.9250000000000000444, 0.1999999999999999833, -0.7749999999999992450 ) ) ;
#4885 = DIRECTION ( 'NONE',  ( 0.000000000000000000, 0.000000000000000000, -1.000000000000000000 ) ) ;
#4886 = VECTOR ( 'NONE', #898, 1000.000000000000000 ) ;
#4887 = ORIENTED_EDGE ( 'NONE', *, *, #1633, .T. ) ;
#4888 = CARTESIAN_POINT ( 'NONE',  ( 0.6250000000000009992, 0.000000000000000000, 1.149999999999999911 ) ) ;
#4889 = VERTEX_POINT ( 'NONE', #4126 ) ;
#4890 = CARTESIAN_POINT ( 'NONE',  ( 0.9250000000000001554, 0.1300000000000000044, 0.8750000000000001110 ) ) ;
#4891 = EDGE_CURVE ( 'NONE', #60, #6631, #3388, .T. ) ;
#4892 = VECTOR ( 'NONE', #2355, 1000.000000000000000 ) ;
#4893 = CARTESIAN_POINT ( 'NONE',  ( -0.6249999999999992228, 0.2000000000000000111, -1.149999999999999689 ) ) ;
#4894 = EDGE_CURVE ( 'NONE', #3572, #1184, #1180, .T. ) ;
#4895 = PLANE ( 'NONE',  #5006 ) ;
#4896 = ADVANCED_FACE ( 'NONE', ( #3496 ), #1632, .F. ) ;
#4897 = DIRECTION ( 'NONE',  ( 0.000000000000000000, 1.000000000000000000, 0.000000000000000000 ) ) ;
#4898 = LINE ( 'NONE', #5888, #265 ) ;
#4899 = ORIENTED_EDGE ( 'NONE', *, *, #2658, .F. ) ;
#4900 = COLOUR_RGB ( '',0.000000000000000000, 0.1254901960784313708, 0.000000000000000000 ) ;
#4901 = EDGE_LOOP ( 'NONE', ( #3040, #2696, #2011, #6549 ) ) ;
#4902 = CARTESIAN_POINT ( 'NONE',  ( 0.1250000000000010270, 0.000000000000000000, 1.149999999999999911 ) ) ;
#4903 = FACE_OUTER_BOUND ( 'NONE', #3530, .T. ) ;
#4904 = CARTESIAN_POINT ( 'NONE',  ( 0.000000000000000000, 0.000000000000000000, 0.5000000000000000000 ) ) ;
#4905 = DIRECTION ( 'NONE',  ( 0.000000000000000000, -1.000000000000000000, 0.000000000000000000 ) ) ;
#4906 = CARTESIAN_POINT ( 'NONE',  ( -0.1249999999999992506, 0.000000000000000000, -0.6749999999999998224 ) ) ;
#4907 = FACE_OUTER_BOUND ( 'NONE', #4382, .T. ) ;
#4908 = ORIENTED_EDGE ( 'NONE', *, *, #160, .T. ) ;
#4909 = DIRECTION ( 'NONE',  ( 0.000000000000000000, -1.000000000000000000, 0.000000000000000000 ) ) ;
#4910 = LINE ( 'NONE', #4737, #2610 ) ;
#4911 = ORIENTED_EDGE ( 'NONE', *, *, #1410, .T. ) ;
#4912 = CARTESIAN_POINT ( 'NONE',  ( -0.1249999999999989175, 0.000000000000000000, 1.149999999999999689 ) ) ;
#4913 = EDGE_CURVE ( 'NONE', #319, #3948, #5578, .T. ) ;
#4914 = VECTOR ( 'NONE', #270, 1000.000000000000000 ) ;
#4915 = CARTESIAN_POINT ( 'NONE',  ( -0.3749999999999992228, 0.2000000000000000111, -0.6749999999999999334 ) ) ;
#4916 = UNCERTAINTY_MEASURE_WITH_UNIT (LENGTH_MEASURE( 1.000000000000000082E-05 ), #6397, 'distance_accuracy_value', 'NONE');
#4917 = CARTESIAN_POINT ( 'NONE',  ( 0.1250000000000009159, 0.2000000000000000111, 0.6749999999999999334 ) ) ;
#4918 = CARTESIAN_POINT ( 'NONE',  ( -0.3749999999999990008, 0.1300000000000000044, 1.149999999999999911 ) ) ;
#4919 = VECTOR ( 'NONE', #3633, 1000.000000000000000 ) ;
#4920 = EDGE_LOOP ( 'NONE', ( #5197, #2046, #6704, #5332 ) ) ;
#4921 = LINE ( 'NONE', #1738, #4931 ) ;
#4922 = ORIENTED_EDGE ( 'NONE', *, *, #6105, .F. ) ;
#4923 = AXIS2_PLACEMENT_3D ( 'NONE', #227, #5000, #1969 ) ;
#4924 = PLANE ( 'NONE',  #998 ) ;
#4925 = DIRECTION ( 'NONE',  ( -4.336808689942017736E-16, 0.000000000000000000, 1.000000000000000000 ) ) ;
#4926 = DIRECTION ( 'NONE',  ( 4.336808689942017736E-16, -0.000000000000000000, 1.000000000000000000 ) ) ;
#4927 = CARTESIAN_POINT ( 'NONE',  ( -0.9250000000000000444, 0.1300000000000000044, 0.1250000000000001110 ) ) ;
#4928 = VECTOR ( 'NONE', #5422, 1000.000000000000000 ) ;
#4929 = ORIENTED_EDGE ( 'NONE', *, *, #2012, .T. ) ;
#4930 = CARTESIAN_POINT ( 'NONE',  ( -0.6249999999999990008, 0.000000000000000000, 0.6750000000000000444 ) ) ;
#4931 = VECTOR ( 'NONE', #6546, 1000.000000000000000 ) ;
#4932 = ORIENTED_EDGE ( 'NONE', *, *, #6409, .T. ) ;
#4933 = PLANE ( 'NONE',  #4120 ) ;
#4934 = DIRECTION ( 'NONE',  ( 4.336808689942017736E-16, 0.000000000000000000, -1.000000000000000000 ) ) ;
#4935 = AXIS2_PLACEMENT_3D ( 'NONE', #3367, #185, #5302 ) ;
#4936 = CARTESIAN_POINT ( 'NONE',  ( 0.9250000000000001554, 0.1999999999999999833, -0.6249999999999998890 ) ) ;
#4937 = ADVANCED_FACE ( 'NONE', ( #1005 ), #6347, .T. ) ;
#4938 = DIRECTION ( 'NONE',  ( 1.000000000000000000, 0.000000000000000000, -8.673617379884035472E-16 ) ) ;
#4939 = DIRECTION ( 'NONE',  ( -0.000000000000000000, -1.000000000000000000, -0.000000000000000000 ) ) ;
#4940 = LINE ( 'NONE', #2288, #2596 ) ;
#4941 = ORIENTED_EDGE ( 'NONE', *, *, #1111, .T. ) ;
#4942 = LINE ( 'NONE', #5461, #2721 ) ;
#4943 = ORIENTED_EDGE ( 'NONE', *, *, #2895, .F. ) ;
#4944 = PLANE ( 'NONE',  #1482 ) ;
#4945 = ADVANCED_FACE ( 'NONE', ( #1202 ), #4611, .F. ) ;
#4946 = EDGE_CURVE ( 'NONE', #4328, #1297, #3468, .T. ) ;
#4947 = DIRECTION ( 'NONE',  ( -1.000000000000000000, 0.000000000000000000, -2.282530889443168008E-16 ) ) ;
#4948 = AXIS2_PLACEMENT_3D ( 'NONE', #4133, #1419, #2984 ) ;
#4949 = MECHANICAL_DESIGN_GEOMETRIC_PRESENTATION_REPRESENTATION (  '', ( #5278 ), #897 ) ;
#4950 = ADVANCED_FACE ( 'NONE', ( #5688 ), #1537, .T. ) ;
#4951 = LINE ( 'NONE', #446, #2707 ) ;
#4952 = ORIENTED_EDGE ( 'NONE', *, *, #6215, .T. ) ;
#4953 = CARTESIAN_POINT ( 'NONE',  ( -1.399999999999999911, 0.1300000000000000044, 0.6250000000000002220 ) ) ;
#4954 = LINE ( 'NONE', #5433, #2680 ) ;
#4955 = ORIENTED_EDGE ( 'NONE', *, *, #5736, .F. ) ;
#4956 = DIRECTION ( 'NONE',  ( -2.282530889443167515E-16, 0.000000000000000000, 1.000000000000000000 ) ) ;
#4957 = CARTESIAN_POINT ( 'NONE',  ( 0.3750000000000009992, 0.2000000000000000111, 0.6750000000000000444 ) ) ;
#4958 = DIRECTION ( 'NONE',  ( -0.000000000000000000, -1.000000000000000000, -0.000000000000000000 ) ) ;
#4959 = CARTESIAN_POINT ( 'NONE',  ( 0.1250000000000009159, 0.1999999999999999833, 0.6749999999999999334 ) ) ;
#4960 = EDGE_CURVE ( 'NONE', #3642, #6553, #5588, .T. ) ;
#4961 = CARTESIAN_POINT ( 'NONE',  ( -0.9250000000000001554, 0.1999999999999999833, -0.1249999999999998890 ) ) ;
#4962 = ADVANCED_FACE ( 'NONE', ( #3416 ), #5397, .T. ) ;
#4963 = PLANE ( 'NONE',  #6315 ) ;
#4964 = AXIS2_PLACEMENT_3D ( 'NONE', #5822, #1774, #4660 ) ;
#4965 = FACE_OUTER_BOUND ( 'NONE', #6524, .T. ) ;
#4966 = AXIS2_PLACEMENT_3D ( 'NONE', #730, #5604, #3354 ) ;
#4967 = ORIENTED_EDGE ( 'NONE', *, *, #2967, .F. ) ;
#4968 = EDGE_CURVE ( 'NONE', #5937, #3452, #1030, .T. ) ;
#4969 = VECTOR ( 'NONE', #4118, 1000.000000000000000 ) ;
#4970 = ORIENTED_EDGE ( 'NONE', *, *, #6331, .T. ) ;
#4971 = PLANE ( 'NONE',  #4340 ) ;
#4972 = PLANE ( 'NONE',  #574 ) ;
#4973 = DIRECTION ( 'NONE',  ( 0.000000000000000000, 1.000000000000000000, 0.000000000000000000 ) ) ;
#4974 = ORIENTED_EDGE ( 'NONE', *, *, #280, .T. ) ;
#4975 = DIRECTION ( 'NONE',  ( 0.000000000000000000, -0.000000000000000000, -1.000000000000000000 ) ) ;
#4976 = CARTESIAN_POINT ( 'NONE',  ( -0.9250000000000000444, 0.1999999999999999833, 0.6250000000000001110 ) ) ;
#4977 = ORIENTED_EDGE ( 'NONE', *, *, #3732, .F. ) ;
#4978 = CARTESIAN_POINT ( 'NONE',  ( -1.227272727272726627, 0.7399999999999999911, -0.8522727272727266268 ) ) ;
#4979 = FACE_OUTER_BOUND ( 'NONE', #6436, .T. ) ;
#4980 = ORIENTED_EDGE ( 'NONE', *, *, #4446, .T. ) ;
#4981 = CARTESIAN_POINT ( 'NONE',  ( -0.6249999999999988898, 0.2000000000000000111, 1.149999999999999689 ) ) ;
#4982 = DIRECTION ( 'NONE',  ( 1.000000000000000000, -0.000000000000000000, -4.336808689942017736E-16 ) ) ;
#4983 = EDGE_CURVE ( 'NONE', #514, #1993, #3327, .T. ) ;
#4984 = FACE_OUTER_BOUND ( 'NONE', #3926, .T. ) ;
#4985 = ORIENTED_EDGE ( 'NONE', *, *, #251, .T. ) ;
#4986 = LINE ( 'NONE', #6115, #2668 ) ;
#4987 = VERTEX_POINT ( 'NONE', #2226 ) ;
#4988 = DIRECTION ( 'NONE',  ( 4.336808689942017736E-16, 0.000000000000000000, -1.000000000000000000 ) ) ;
#4989 = PLANE ( 'NONE',  #1342 ) ;
#4990 = DIRECTION ( 'NONE',  ( 2.282530889443168501E-16, -0.000000000000000000, 1.000000000000000000 ) ) ;
#4991 = DIRECTION ( 'NONE',  ( 1.000000000000000000, 0.000000000000000000, -2.282530889443168008E-16 ) ) ;
#4992 = DIRECTION ( 'NONE',  ( 0.000000000000000000, 0.000000000000000000, 1.000000000000000000 ) ) ;
#4993 = EDGE_CURVE ( 'NONE', #3941, #3436, #1149, .T. ) ;
#4994 = PLANE ( 'NONE',  #6530 ) ;
#4995 = ORIENTED_EDGE ( 'NONE', *, *, #1892, .T. ) ;
#4996 = FACE_BOUND ( 'NONE', #2877, .T. ) ;
#4997 = ORIENTED_EDGE ( 'NONE', *, *, #2320, .F. ) ;
#4998 = CARTESIAN_POINT ( 'NONE',  ( 0.1250000000000007494, 0.2000000000000000111, -1.149999999999999911 ) ) ;
#4999 = CARTESIAN_POINT ( 'NONE',  ( -1.399999999999999911, 0.1300000000000000044, 0.1250000000000002220 ) ) ;
#5000 = DIRECTION ( 'NONE',  ( 0.000000000000000000, 1.000000000000000000, 0.000000000000000000 ) ) ;
#5001 =( NAMED_UNIT ( * ) SI_UNIT ( $, .STERADIAN. ) SOLID_ANGLE_UNIT ( ) );
#5002 = EDGE_CURVE ( 'NONE', #6618, #2129, #3513, .T. ) ;
#5003 = CARTESIAN_POINT ( 'NONE',  ( -0.9250000000000000444, 0.1300000000000000044, -0.7749999999999992450 ) ) ;
#5004 = ADVANCED_FACE ( 'NONE', ( #5536 ), #1504, .F. ) ;
#5005 =( GEOMETRIC_REPRESENTATION_CONTEXT ( 3 ) GLOBAL_UNCERTAINTY_ASSIGNED_CONTEXT ( ( #258 ) ) GLOBAL_UNIT_ASSIGNED_CONTEXT ( ( #2195, #1596, #5259 ) ) REPRESENTATION_CONTEXT ( 'NONE', 'WORKASPACE' ) );
#5006 = AXIS2_PLACEMENT_3D ( 'NONE', #3895, #1316, #6603 ) ;
#5007 = FACE_OUTER_BOUND ( 'NONE', #5429, .T. ) ;
#5008 = ORIENTED_EDGE ( 'NONE', *, *, #1243, .F. ) ;
#5009 = VECTOR ( 'NONE', #1708, 1000.000000000000000 ) ;
#5010 = VERTEX_POINT ( 'NONE', #6624 ) ;
#5011 = CARTESIAN_POINT ( 'NONE',  ( -1.227272727272726627, 0.6399999999999999023, -0.9772727272727270709 ) ) ;
#5012 = CARTESIAN_POINT ( 'NONE',  ( -1.399999999999999911, 0.000000000000000000, 0.3750000000000002220 ) ) ;
#5013 = ADVANCED_FACE ( 'NONE', ( #6113 ), #273, .F. ) ;
#5014 = VECTOR ( 'NONE', #5171, 1000.000000000000000 ) ;
#5015 = CARTESIAN_POINT ( 'NONE',  ( -0.9250000000000001554, 0.7367727638395971113, -0.6249999999999998890 ) ) ;
#5016 = CARTESIAN_POINT ( 'NONE',  ( -0.3749999999999992228, 0.1999999999999999833, -0.6749999999999999334 ) ) ;
#5017 = EDGE_LOOP ( 'NONE', ( #6497, #6275, #6446, #6305 ) ) ;
#5018 = PLANE ( 'NONE',  #2399 ) ;
#5019 = PRESENTATION_STYLE_ASSIGNMENT (( #4164 ) ) ;
#5020 = EDGE_LOOP ( 'NONE', ( #5270, #2266, #847, #8 ) ) ;
#5021 = CARTESIAN_POINT ( 'NONE',  ( 1.399999999999999911, 0.000000000000000000, -0.3749999999999997780 ) ) ;
#5022 = CARTESIAN_POINT ( 'NONE',  ( 0.000000000000000000, 0.000000000000000000, 1.000000000000000000 ) ) ;
#5023 = SURFACE_SIDE_STYLE ('',( #1694 ) ) ;
#5024 = LINE ( 'NONE', #1466, #175 ) ;
#5025 = DIRECTION ( 'NONE',  ( 0.000000000000000000, -1.000000000000000000, 0.000000000000000000 ) ) ;
#5026 = VECTOR ( 'NONE', #6351, 1000.000000000000000 ) ;
#5027 = ORIENTED_EDGE ( 'NONE', *, *, #1892, .F. ) ;
#5028 = EDGE_CURVE ( 'NONE', #6030, #2325, #1484, .T. ) ;
#5029 = VECTOR ( 'NONE', #2044, 1000.000000000000000 ) ;
#5030 = ORIENTED_EDGE ( 'NONE', *, *, #377, .T. ) ;
#5031 = DIRECTION ( 'NONE',  ( -1.000000000000000000, 0.000000000000000000, -8.673617379884038430E-16 ) ) ;
#5032 = DIRECTION ( 'NONE',  ( -8.673617379884035472E-17, 0.000000000000000000, -1.000000000000000000 ) ) ;
#5033 = FILL_AREA_STYLE ('',( #1278 ) ) ;
#5034 = AXIS2_PLACEMENT_3D ( 'NONE', #2271, #3540, #4586 ) ;
#5035 = DIRECTION ( 'NONE',  ( 0.000000000000000000, -1.000000000000000000, 0.000000000000000000 ) ) ;
#5036 = LINE ( 'NONE', #743, #2508 ) ;
#5037 = CARTESIAN_POINT ( 'NONE',  ( 0.6250000000000007772, 0.000000000000000000, -0.6749999999999999334 ) ) ;
#5038 = LINE ( 'NONE', #3985, #2930 ) ;
#5039 = EDGE_LOOP ( 'NONE', ( #1744, #409, #2572, #5077 ) ) ;
#5040 = CARTESIAN_POINT ( 'NONE',  ( 0.6250000000000007772, 0.2000000000000000111, -1.149999999999999911 ) ) ;
#5041 = VECTOR ( 'NONE', #594, 1000.000000000000000 ) ;
#5042 = ORIENTED_EDGE ( 'NONE', *, *, #5620, .F. ) ;
#5043 = EDGE_CURVE ( 'NONE', #4025, #5972, #1517, .T. ) ;
#5044 = DIRECTION ( 'NONE',  ( 0.000000000000000000, -1.000000000000000000, 0.000000000000000000 ) ) ;
#5045 = DIRECTION ( 'NONE',  ( 1.000000000000000000, 0.000000000000000000, -2.282530889443167515E-16 ) ) ;
#5046 = DIRECTION ( 'NONE',  ( -2.282530889443167022E-16, -0.000000000000000000, -1.000000000000000000 ) ) ;
#5047 = AXIS2_PLACEMENT_3D ( 'NONE', #6269, #1380, #837 ) ;
#5048 = AXIS2_PLACEMENT_3D ( 'NONE', #749, #143, #6527 ) ;
#5049 = DIRECTION ( 'NONE',  ( -0.000000000000000000, -1.000000000000000000, -0.000000000000000000 ) ) ;
#5050 =( NAMED_UNIT ( * ) PLANE_ANGLE_UNIT ( ) SI_UNIT ( $, .RADIAN. ) );
#5051 = EDGE_CURVE ( 'NONE', #3305, #1877, #1491, .T. ) ;
#5052 = FACE_OUTER_BOUND ( 'NONE', #3550, .T. ) ;
#5053 = VECTOR ( 'NONE', #1085, 1000.000000000000000 ) ;
#5054 = ORIENTED_EDGE ( 'NONE', *, *, #6593, .T. ) ;
#5055 = FACE_OUTER_BOUND ( 'NONE', #6491, .T. ) ;
#5056 = VERTEX_POINT ( 'NONE', #1678 ) ;
#5057 = DIRECTION ( 'NONE',  ( 0.000000000000000000, -1.000000000000000000, 0.000000000000000000 ) ) ;
#5058 = CARTESIAN_POINT ( 'NONE',  ( -1.399999999999999911, 0.1999999999999999833, 0.3750000000000002220 ) ) ;
#5059 = DIRECTION ( 'NONE',  ( -1.000000000000000000, 0.000000000000000000, 4.336808689942017736E-16 ) ) ;
#5060 = EDGE_CURVE ( 'NONE', #4356, #3728, #3785, .T. ) ;
#5061 = FACE_OUTER_BOUND ( 'NONE', #2757, .T. ) ;
#5062 = EDGE_CURVE ( 'NONE', #4245, #6048, #3826, .T. ) ;
#5063 = CARTESIAN_POINT ( 'NONE',  ( 0.9250000000000001554, 0.000000000000000000, 0.8750000000000001110 ) ) ;
#5064 = CARTESIAN_POINT ( 'NONE',  ( -0.6249999999999992228, 0.1300000000000000044, -0.6749999999999998224 ) ) ;
#5065 = LINE ( 'NONE', #6693, #2824 ) ;
#5066 = ORIENTED_EDGE ( 'NONE', *, *, #496, .T. ) ;
#5067 = CARTESIAN_POINT ( 'NONE',  ( -1.399999999999999911, 0.1999999999999999833, -0.3749999999999997780 ) ) ;
#5068 = ORIENTED_EDGE ( 'NONE', *, *, #3471, .T. ) ;
#5069 = CARTESIAN_POINT ( 'NONE',  ( 0.3750000000000007772, 0.2000000000000000111, -1.149999999999999689 ) ) ;
#5070 = CARTESIAN_POINT ( 'NONE',  ( 0.9250000000000001554, 0.7367727638395971113, -0.6249999999999998890 ) ) ;
#5071 = CARTESIAN_POINT ( 'NONE',  ( 0.3750000000000009992, 0.2000000000000000111, 0.6750000000000000444 ) ) ;
#5072 = LINE ( 'NONE', #3867, #542 ) ;
#5073 = PLANE ( 'NONE',  #4966 ) ;
#5074 = VECTOR ( 'NONE', #2782, 1000.000000000000000 ) ;
#5075 = EDGE_LOOP ( 'NONE', ( #1525, #5220, #3936, #3958 ) ) ;
#5076 = FACE_OUTER_BOUND ( 'NONE', #1141, .T. ) ;
#5077 = ORIENTED_EDGE ( 'NONE', *, *, #139, .T. ) ;
#5078 = CARTESIAN_POINT ( 'NONE',  ( 0.6250000000000009992, 0.1300000000000000044, 1.149999999999999911 ) ) ;
#5079 = CARTESIAN_POINT ( 'NONE',  ( -0.9250000000000001554, 0.000000000000000000, 0.3750000000000001110 ) ) ;
#5080 = EDGE_CURVE ( 'NONE', #818, #5360, #6122, .T. ) ;
#5081 = DIRECTION ( 'NONE',  ( -1.000000000000000000, 0.000000000000000000, -8.673617379884038430E-16 ) ) ;
#5082 = VECTOR ( 'NONE', #3622, 1000.000000000000000 ) ;
#5083 = DIRECTION ( 'NONE',  ( 1.000000000000000000, 0.000000000000000000, -4.336808689942017736E-16 ) ) ;
#5084 = VERTEX_POINT ( 'NONE', #3869 ) ;
#5085 = DIRECTION ( 'NONE',  ( 0.000000000000000000, 0.000000000000000000, -1.000000000000000000 ) ) ;
#5086 = VECTOR ( 'NONE', #472, 1000.000000000000000 ) ;
#5087 = ORIENTED_EDGE ( 'NONE', *, *, #6746, .F. ) ;
#5088 = EDGE_CURVE ( 'NONE', #413, #4870, #1776, .T. ) ;
#5089 = CARTESIAN_POINT ( 'NONE',  ( 0.9250000000000000444, 0.7367727638395971113, -0.8749999999999998890 ) ) ;
#5090 = AXIS2_PLACEMENT_3D ( 'NONE', #6281, #1566, #5689 ) ;
#5091 = LINE ( 'NONE', #4407, #609 ) ;
#5092 = DIRECTION ( 'NONE',  ( 1.000000000000000000, 0.000000000000000000, -2.282530889443168008E-16 ) ) ;
#5093 = ORIENTED_EDGE ( 'NONE', *, *, #5386, .F. ) ;
#5094 = VECTOR ( 'NONE', #3551, 1000.000000000000000 ) ;
#5095 = VERTEX_POINT ( 'NONE', #4912 ) ;
#5096 = FACE_OUTER_BOUND ( 'NONE', #3655, .T. ) ;
#5097 = ORIENTED_EDGE ( 'NONE', *, *, #1261, .F. ) ;
#5098 = PLANE ( 'NONE',  #5090 ) ;
#5099 = DIRECTION ( 'NONE',  ( 0.000000000000000000, -1.000000000000000000, 0.000000000000000000 ) ) ;
#5100 = DIRECTION ( 'NONE',  ( 2.282530889443167022E-16, 0.000000000000000000, 1.000000000000000000 ) ) ;
#5101 = ADVANCED_FACE ( 'NONE', ( #6202 ), #2851, .T. ) ;
#5102 = LINE ( 'NONE', #3175, #5128 ) ;
#5103 = ORIENTED_EDGE ( 'NONE', *, *, #5380, .T. ) ;
#5104 = DIRECTION ( 'NONE',  ( 0.000000000000000000, -1.000000000000000000, 0.000000000000000000 ) ) ;
#5105 = COLOUR_RGB ( '',0.7921568627450980005, 0.8196078431372548767, 0.9333333333333333481 ) ;
#5106 = VERTEX_POINT ( 'NONE', #5531 ) ;
#5107 = CARTESIAN_POINT ( 'NONE',  ( 1.399999999999999911, 0.000000000000000000, -0.8749999999999997780 ) ) ;
#5108 = FACE_BOUND ( 'NONE', #4064, .T. ) ;
#5109 = ORIENTED_EDGE ( 'NONE', *, *, #4471, .F. ) ;
#5110 = CARTESIAN_POINT ( 'NONE',  ( 0.6250000000000007772, 0.2000000000000000111, -1.149999999999999911 ) ) ;
#5111 = EDGE_CURVE ( 'NONE', #810, #1610, #3805, .T. ) ;
#5112 = CARTESIAN_POINT ( 'NONE',  ( -0.9250000000000001554, 0.7367727638395971113, 0.8750000000000001110 ) ) ;
#5113 = EDGE_CURVE ( 'NONE', #6599, #1739, #1463, .T. ) ;
#5114 = CARTESIAN_POINT ( 'NONE',  ( 0.9250000000000001554, 0.1300000000000000044, -0.6249999999999998890 ) ) ;
#5115 = VECTOR ( 'NONE', #516, 1000.000000000000000 ) ;
#5116 = CARTESIAN_POINT ( 'NONE',  ( -0.9250000000000000444, 0.7367727638395971113, 0.1250000000000001110 ) ) ;
#5117 = VECTOR ( 'NONE', #6646, 1000.000000000000000 ) ;
#5118 = AXIS2_PLACEMENT_3D ( 'NONE', #5011, #5546, #6686 ) ;
#5119 = ORIENTED_EDGE ( 'NONE', *, *, #1346, .F. ) ;
#5120 = LINE ( 'NONE', #131, #5267 ) ;
#5121 = ORIENTED_EDGE ( 'NONE', *, *, #4848, .F. ) ;
#5122 = DIRECTION ( 'NONE',  ( -0.000000000000000000, -1.000000000000000000, -0.000000000000000000 ) ) ;
#5123 =( NAMED_UNIT ( * ) SI_UNIT ( $, .STERADIAN. ) SOLID_ANGLE_UNIT ( ) );
#5124 = DIRECTION ( 'NONE',  ( 8.673617379884038430E-16, 0.000000000000000000, -1.000000000000000000 ) ) ;
#5125 = ADVANCED_FACE ( 'NONE', ( #6132 ), #698, .T. ) ;
#5126 = PLANE ( 'NONE',  #2495 ) ;
#5127 = EDGE_CURVE ( 'NONE', #3603, #1553, #1449, .T. ) ;
#5128 = VECTOR ( 'NONE', #4450, 1000.000000000000000 ) ;
#5129 = CARTESIAN_POINT ( 'NONE',  ( 0.3750000000000011102, 0.1300000000000000044, 1.149999999999999689 ) ) ;
#5130 = VECTOR ( 'NONE', #6156, 1000.000000000000000 ) ;
#5131 = ORIENTED_EDGE ( 'NONE', *, *, #932, .T. ) ;
#5132 = AXIS2_PLACEMENT_3D ( 'NONE', #2347, #2844, #3409 ) ;
#5133 = CARTESIAN_POINT ( 'NONE',  ( -1.399999999999999911, 0.1300000000000000044, -0.1249999999999997918 ) ) ;
#5134 = LINE ( 'NONE', #737, #2838 ) ;
#5135 = EDGE_LOOP ( 'NONE', ( #5574, #200, #3239, #3553 ) ) ;
#5136 = CARTESIAN_POINT ( 'NONE',  ( -0.9250000000000001554, 0.1999999999999999833, 0.3750000000000001110 ) ) ;
#5137 = CARTESIAN_POINT ( 'NONE',  ( 0.9250000000000001554, 0.000000000000000000, -0.1249999999999998890 ) ) ;
#5138 = EDGE_CURVE ( 'NONE', #4088, #5683, #1546, .T. ) ;
#5139 = CARTESIAN_POINT ( 'NONE',  ( 0.3750000000000007772, 0.2000000000000000111, -0.6749999999999998224 ) ) ;
#5140 = FACE_OUTER_BOUND ( 'NONE', #1927, .T. ) ;
#5141 = DIRECTION ( 'NONE',  ( -2.282530889443167515E-16, 0.000000000000000000, 1.000000000000000000 ) ) ;
#5142 = ORIENTED_EDGE ( 'NONE', *, *, #2557, .T. ) ;
#5143 = FACE_OUTER_BOUND ( 'NONE', #5592, .T. ) ;
#5144 = EDGE_LOOP ( 'NONE', ( #2787, #4116, #6117, #6273 ) ) ;
#5145 = ORIENTED_EDGE ( 'NONE', *, *, #1083, .F. ) ;
#5146 = EDGE_CURVE ( 'NONE', #745, #4483, #6374, .T. ) ;
#5147 = SURFACE_SIDE_STYLE ('',( #6725 ) ) ;
#5148 = DIRECTION ( 'NONE',  ( -0.000000000000000000, 0.000000000000000000, 1.000000000000000000 ) ) ;
#5149 = FACE_OUTER_BOUND ( 'NONE', #88, .T. ) ;
#5150 = EDGE_CURVE ( 'NONE', #6544, #4148, #1641, .T. ) ;
#5151 = FACE_OUTER_BOUND ( 'NONE', #5819, .T. ) ;
#5152 = EDGE_LOOP ( 'NONE', ( #1958, #1188, #4075, #6278 ) ) ;
#5153 = DIRECTION ( 'NONE',  ( 0.000000000000000000, -1.000000000000000000, 0.000000000000000000 ) ) ;
#5154 = ADVANCED_FACE ( 'NONE', ( #3813 ), #5673, .T. ) ;
#5155 = VECTOR ( 'NONE', #5804, 1000.000000000000000 ) ;
#5156 = ORIENTED_EDGE ( 'NONE', *, *, #4946, .T. ) ;
#5157 = DIRECTION ( 'NONE',  ( 0.000000000000000000, 1.000000000000000000, 0.000000000000000000 ) ) ;
#5158 = CARTESIAN_POINT ( 'NONE',  ( 1.399999999999999911, 0.7367727638395971113, -0.1249999999999997918 ) ) ;
#5159 = ADVANCED_FACE ( 'NONE', ( #6168 ), #1967, .F. ) ;
#5160 = VECTOR ( 'NONE', #5954, 1000.000000000000000 ) ;
#5161 =( GEOMETRIC_REPRESENTATION_CONTEXT ( 3 ) GLOBAL_UNCERTAINTY_ASSIGNED_CONTEXT ( ( #930 ) ) GLOBAL_UNIT_ASSIGNED_CONTEXT ( ( #827, #2975, #6786 ) ) REPRESENTATION_CONTEXT ( 'NONE', 'WORKASPACE' ) );
#5162 = EDGE_CURVE ( 'NONE', #6604, #5411, #1569, .T. ) ;
#5163 = ORIENTED_EDGE ( 'NONE', *, *, #1741, .F. ) ;
#5164 = VECTOR ( 'NONE', #304, 1000.000000000000000 ) ;
#5165 = VERTEX_POINT ( 'NONE', #3048 ) ;
#5166 = CARTESIAN_POINT ( 'NONE',  ( 0.000000000000000000, 0.1300000000000000044, 0.000000000000000000 ) ) ;
#5167 = DIRECTION ( 'NONE',  ( 1.000000000000000000, 0.000000000000000000, -2.282530889443167515E-16 ) ) ;
#5168 = CARTESIAN_POINT ( 'NONE',  ( -1.399999999999999911, 0.1999999999999999833, 0.3750000000000002220 ) ) ;
#5169 = FACE_OUTER_BOUND ( 'NONE', #1253, .T. ) ;
#5170 = ORIENTED_EDGE ( 'NONE', *, *, #2557, .F. ) ;
#5171 = DIRECTION ( 'NONE',  ( -0.000000000000000000, -1.000000000000000000, -0.000000000000000000 ) ) ;
#5172 = LINE ( 'NONE', #5419, #2885 ) ;
#5173 = ORIENTED_EDGE ( 'NONE', *, *, #1571, .F. ) ;
#5174 = DIRECTION ( 'NONE',  ( 1.000000000000000000, 0.000000000000000000, -8.673617379884035472E-16 ) ) ;
#5175 = FACE_BOUND ( 'NONE', #6427, .T. ) ;
#5176 = EDGE_LOOP ( 'NONE', ( #5256, #6656, #875, #2100 ) ) ;
#5177 = PLANE ( 'NONE',  #6471 ) ;
#5178 = DIRECTION ( 'NONE',  ( 0.000000000000000000, 0.000000000000000000, 1.000000000000000000 ) ) ;
#5179 = CARTESIAN_POINT ( 'NONE',  ( -0.3749999999999991118, 0.000000000000000000, 0.6749999999999999334 ) ) ;
#5180 = LINE ( 'NONE', #2762, #551 ) ;
#5181 = CARTESIAN_POINT ( 'NONE',  ( 0.9250000000000001554, 0.1300000000000000044, -0.6249999999999998890 ) ) ;
#5182 = ORIENTED_EDGE ( 'NONE', *, *, #4165, .T. ) ;
#5183 = EDGE_CURVE ( 'NONE', #2371, #4220, #6239, .T. ) ;
#5184 = LINE ( 'NONE', #4475, #5130 ) ;
#5185 = ORIENTED_EDGE ( 'NONE', *, *, #921, .F. ) ;
#5186 = LINE ( 'NONE', #2481, #634 ) ;
#5187 = VERTEX_POINT ( 'NONE', #2577 ) ;
#5188 = DIRECTION ( 'NONE',  ( -1.000000000000000000, 0.000000000000000000, -0.000000000000000000 ) ) ;
#5189 = AXIS2_PLACEMENT_3D ( 'NONE', #3680, #6371, #42 ) ;
#5190 = DIRECTION ( 'NONE',  ( 0.000000000000000000, 0.000000000000000000, -1.000000000000000000 ) ) ;
#5191 = VECTOR ( 'NONE', #272, 1000.000000000000000 ) ;
#5192 = DIRECTION ( 'NONE',  ( -1.000000000000000000, 0.000000000000000000, 4.336808689942017736E-16 ) ) ;
#5193 = FACE_OUTER_BOUND ( 'NONE', #2670, .T. ) ;
#5194 = ORIENTED_EDGE ( 'NONE', *, *, #5127, .F. ) ;
#5195 = CARTESIAN_POINT ( 'NONE',  ( 0.1250000000000009159, 0.1999999999999999833, 0.6749999999999999334 ) ) ;
#5196 = FACE_OUTER_BOUND ( 'NONE', #5871, .T. ) ;
#5197 = ORIENTED_EDGE ( 'NONE', *, *, #500, .F. ) ;
#5198 = EDGE_CURVE ( 'NONE', #4245, #1872, #3845, .T. ) ;
#5199 = DIRECTION ( 'NONE',  ( -1.000000000000000000, 0.000000000000000000, 4.336808689942017736E-16 ) ) ;
#5200 = PLANE ( 'NONE',  #1663 ) ;
#5201 = AXIS2_PLACEMENT_3D ( 'NONE', #6229, #1425, #4054 ) ;
#5202 = CARTESIAN_POINT ( 'NONE',  ( -0.9250000000000001554, 0.1300000000000000044, 0.3750000000000001110 ) ) ;
#5203 = LINE ( 'NONE', #2571, #2869 ) ;
#5204 = CARTESIAN_POINT ( 'NONE',  ( 0.000000000000000000, 0.2000000000000000111, 0.000000000000000000 ) ) ;
#5205 = VECTOR ( 'NONE', #5868, 1000.000000000000000 ) ;
#5206 = ORIENTED_EDGE ( 'NONE', *, *, #2830, .T. ) ;
#5207 = ADVANCED_FACE ( 'NONE', ( #6213 ), #2020, .T. ) ;
#5208 = FACE_OUTER_BOUND ( 'NONE', #1324, .T. ) ;
#5209 = VERTEX_POINT ( 'NONE', #1022 ) ;
#5210 = DIRECTION ( 'NONE',  ( -0.000000000000000000, -0.000000000000000000, 1.000000000000000000 ) ) ;
#5211 = DIRECTION ( 'NONE',  ( 1.000000000000000000, 0.000000000000000000, 0.000000000000000000 ) ) ;
#5212 = SURFACE_SIDE_STYLE ('',( #2228 ) ) ;
#5213 = DIRECTION ( 'NONE',  ( 0.000000000000000000, 0.000000000000000000, 1.000000000000000000 ) ) ;
#5214 = VERTEX_POINT ( 'NONE', #2068 ) ;
#5215 = ADVANCED_FACE ( 'NONE', ( #6155 ), #2993, .T. ) ;
#5216 = DIRECTION ( 'NONE',  ( -0.000000000000000000, -1.000000000000000000, -0.000000000000000000 ) ) ;
#5217 = FACE_OUTER_BOUND ( 'NONE', #444, .T. ) ;
#5218 = CARTESIAN_POINT ( 'NONE',  ( 1.399999999999999911, 0.1300000000000000044, 0.8750000000000002220 ) ) ;
#5219 = FACE_OUTER_BOUND ( 'NONE', #6069, .T. ) ;
#5220 = ORIENTED_EDGE ( 'NONE', *, *, #3072, .T. ) ;
#5221 = DIRECTION ( 'NONE',  ( 1.000000000000000000, -0.000000000000000000, 0.000000000000000000 ) ) ;
#5222 = FACE_BOUND ( 'NONE', #1289, .T. ) ;
#5223 = ORIENTED_EDGE ( 'NONE', *, *, #6789, .F. ) ;
#5224 = DIRECTION ( 'NONE',  ( 0.000000000000000000, -1.000000000000000000, 0.000000000000000000 ) ) ;
#5225 = CARTESIAN_POINT ( 'NONE',  ( 1.399999999999999911, 0.1999999999999999833, 0.6250000000000002220 ) ) ;
#5226 = ORIENTED_EDGE ( 'NONE', *, *, #4775, .T. ) ;
#5227 = LINE ( 'NONE', #2114, #2785 ) ;
#5228 = CARTESIAN_POINT ( 'NONE',  ( -0.9250000000000001554, 0.1300000000000000044, 0.8750000000000001110 ) ) ;
#5229 = DIRECTION ( 'NONE',  ( -1.000000000000000000, 0.000000000000000000, 2.282530889443167515E-16 ) ) ;
#5230 = VECTOR ( 'NONE', #3887, 1000.000000000000000 ) ;
#5231 = EDGE_LOOP ( 'NONE', ( #3176, #3323, #636, #3440 ) ) ;
#5232 = LINE ( 'NONE', #4045, #526 ) ;
#5233 = EDGE_LOOP ( 'NONE', ( #3456, #2234, #2419, #947 ) ) ;
#5234 = DIRECTION ( 'NONE',  ( 0.000000000000000000, -0.000000000000000000, 1.000000000000000000 ) ) ;
#5235 = EDGE_CURVE ( 'NONE', #4515, #4709, #3882, .T. ) ;
#5236 = ORIENTED_EDGE ( 'NONE', *, *, #5062, .F. ) ;
#5237 = ADVANCED_FACE ( 'NONE', ( #6077 ), #2621, .F. ) ;
#5238 = VECTOR ( 'NONE', #6840, 1000.000000000000000 ) ;
#5239 = CARTESIAN_POINT ( 'NONE',  ( 0.6250000000000007772, 0.1300000000000000044, -0.6749999999999999334 ) ) ;
#5240 = VECTOR ( 'NONE', #5459, 1000.000000000000000 ) ;
#5241 = EDGE_LOOP ( 'NONE', ( #3424, #5335, #79, #5549 ) ) ;
#5242 = CARTESIAN_POINT ( 'NONE',  ( -1.399999999999999911, 0.7367727638395971113, 0.6250000000000002220 ) ) ;
#5243 = PRESENTATION_STYLE_ASSIGNMENT (( #351 ) ) ;
#5244 = VERTEX_POINT ( 'NONE', #3148 ) ;
#5245 = DIRECTION ( 'NONE',  ( 1.000000000000000000, 0.000000000000000000, 0.000000000000000000 ) ) ;
#5246 = CARTESIAN_POINT ( 'NONE',  ( -0.6249999999999992228, 0.000000000000000000, -0.6749999999999998224 ) ) ;
#5247 = ORIENTED_EDGE ( 'NONE', *, *, #5754, .F. ) ;
#5248 = AXIS2_PLACEMENT_3D ( 'NONE', #1735, #3340, #2780 ) ;
#5249 = PLANE ( 'NONE',  #2849 ) ;
#5250 = LINE ( 'NONE', #6314, #5238 ) ;
#5251 = ORIENTED_EDGE ( 'NONE', *, *, #3847, .T. ) ;
#5252 = CARTESIAN_POINT ( 'NONE',  ( 0.3750000000000007772, 0.1300000000000000044, -0.6749999999999998224 ) ) ;
#5253 = VECTOR ( 'NONE', #2899, 1000.000000000000000 ) ;
#5254 = ORIENTED_EDGE ( 'NONE', *, *, #5747, .T. ) ;
#5255 = FACE_OUTER_BOUND ( 'NONE', #3067, .T. ) ;
#5256 = ORIENTED_EDGE ( 'NONE', *, *, #1251, .T. ) ;
#5257 =( NAMED_UNIT ( * ) SI_UNIT ( $, .STERADIAN. ) SOLID_ANGLE_UNIT ( ) );
#5258 = ORIENTED_EDGE ( 'NONE', *, *, #678, .F. ) ;
#5259 =( NAMED_UNIT ( * ) SI_UNIT ( $, .STERADIAN. ) SOLID_ANGLE_UNIT ( ) );
#5260 = VECTOR ( 'NONE', #6756, 1000.000000000000000 ) ;
#5261 = VERTEX_POINT ( 'NONE', #5136 ) ;
#5262 = FACE_OUTER_BOUND ( 'NONE', #1815, .T. ) ;
#5263 = ORIENTED_EDGE ( 'NONE', *, *, #2874, .T. ) ;
#5264 = DIRECTION ( 'NONE',  ( -1.000000000000000000, 0.000000000000000000, 4.336808689942018722E-16 ) ) ;
#5265 = ADVANCED_FACE ( 'NONE', ( #1557 ), #6757, .T. ) ;
#5266 = PLANE ( 'NONE',  #257 ) ;
#5267 = VECTOR ( 'NONE', #3166, 1000.000000000000000 ) ;
#5268 = ORIENTED_EDGE ( 'NONE', *, *, #1921, .F. ) ;
#5269 = DIRECTION ( 'NONE',  ( 0.000000000000000000, 0.000000000000000000, 1.000000000000000000 ) ) ;
#5270 = ORIENTED_EDGE ( 'NONE', *, *, #4506, .F. ) ;
#5271 = ADVANCED_FACE ( 'NONE', ( #3870 ), #5177, .F. ) ;
#5272 = EDGE_CURVE ( 'NONE', #1038, #1529, #1616, .T. ) ;
#5273 = LINE ( 'NONE', #18, #5160 ) ;
#5274 = CARTESIAN_POINT ( 'NONE',  ( -1.399999999999999911, 0.000000000000000000, 0.3750000000000002220 ) ) ;
#5275 = EDGE_LOOP ( 'NONE', ( #5759, #5773, #4765, #3380 ) ) ;
#5276 = CARTESIAN_POINT ( 'NONE',  ( -1.399999999999999911, 0.1999999999999999833, 0.8750000000000002220 ) ) ;
#5277 = VECTOR ( 'NONE', #4058, 1000.000000000000000 ) ;
#5278 = STYLED_ITEM ( 'NONE', ( #3290 ), #5355 ) ;
#5279 = VERTEX_POINT ( 'NONE', #6134 ) ;
#5280 = ORIENTED_EDGE ( 'NONE', *, *, #116, .T. ) ;
#5281 = CARTESIAN_POINT ( 'NONE',  ( -0.3749999999999992228, 0.7367727638395973333, -0.6749999999999999334 ) ) ;
#5282 = ADVANCED_FACE ( 'NONE', ( #1580, #3793 ), #5457, .T. ) ;
#5283 = CARTESIAN_POINT ( 'NONE',  ( 1.399999999999999911, 0.1999999999999999833, 0.8750000000000002220 ) ) ;
#5284 = ORIENTED_EDGE ( 'NONE', *, *, #3772, .F. ) ;
#5285 = VECTOR ( 'NONE', #3914, 1000.000000000000000 ) ;
#5286 = ORIENTED_EDGE ( 'NONE', *, *, #6067, .F. ) ;
#5287 = DIRECTION ( 'NONE',  ( -0.000000000000000000, -1.000000000000000000, -0.000000000000000000 ) ) ;
#5288 = VECTOR ( 'NONE', #4208, 1000.000000000000000 ) ;
#5289 = ORIENTED_EDGE ( 'NONE', *, *, #4355, .T. ) ;
#5290 = AXIS2_PLACEMENT_3D ( 'NONE', #2724, #1855, #2889 ) ;
#5291 = CARTESIAN_POINT ( 'NONE',  ( 0.9250000000000001554, 0.1999999999999999833, 0.8750000000000001110 ) ) ;
#5292 = AXIS2_PLACEMENT_3D ( 'NONE', #6482, #2809, #6443 ) ;
#5293 = VERTEX_POINT ( 'NONE', #4760 ) ;
#5294 = CLOSED_SHELL ( 'NONE', ( #1291, #2726, #1464, #6474, #3115, #2540 ) ) ;
#5295 = CARTESIAN_POINT ( 'NONE',  ( 1.399999999999999911, 0.000000000000000000, 0.1250000000000002220 ) ) ;
#5296 = DIRECTION ( 'NONE',  ( 2.282530889443167022E-16, 0.000000000000000000, 1.000000000000000000 ) ) ;
#5297 = ORIENTED_EDGE ( 'NONE', *, *, #3444, .F. ) ;
#5298 = ADVANCED_FACE ( 'NONE', ( #6193 ), #155, .F. ) ;
#5299 = DIRECTION ( 'NONE',  ( -1.000000000000000000, 0.000000000000000000, -2.282530889443167515E-16 ) ) ;
#5300 = LINE ( 'NONE', #4284, #3201 ) ;
#5301 = ORIENTED_EDGE ( 'NONE', *, *, #3751, .T. ) ;
#5302 = DIRECTION ( 'NONE',  ( -1.000000000000000000, 0.000000000000000000, 2.282530889443168008E-16 ) ) ;
#5303 =( NAMED_UNIT ( * ) SI_UNIT ( $, .STERADIAN. ) SOLID_ANGLE_UNIT ( ) );
#5304 = COLOUR_RGB ( '',0.2509803921568627416, 0.2509803921568627416, 0.2509803921568627416 ) ;
#5305 = VERTEX_POINT ( 'NONE', #2700 ) ;
#5306 = VECTOR ( 'NONE', #1155, 1000.000000000000000 ) ;
#5307 = ORIENTED_EDGE ( 'NONE', *, *, #2012, .F. ) ;
#5308 =( LENGTH_UNIT ( ) NAMED_UNIT ( * ) SI_UNIT ( .MILLI., .METRE. ) );
#5309 = EDGE_CURVE ( 'NONE', #4835, #3485, #1595, .T. ) ;
#5310 = CARTESIAN_POINT ( 'NONE',  ( -0.1249999999999990286, 0.7367727638395973333, 0.6750000000000000444 ) ) ;
#5311 = DIRECTION ( 'NONE',  ( 1.000000000000000000, -0.000000000000000000, -4.336808689942017736E-16 ) ) ;
#5312 = EDGE_CURVE ( 'NONE', #1754, #3598, #6248, .T. ) ;
#5313 = ORIENTED_EDGE ( 'NONE', *, *, #4110, .F. ) ;
#5314 = LINE ( 'NONE', #2992, #5440 ) ;
#5315 = EDGE_CURVE ( 'NONE', #4228, #2917, #1627, .T. ) ;
#5316 = LINE ( 'NONE', #6764, #5277 ) ;
#5317 = ORIENTED_EDGE ( 'NONE', *, *, #2859, .T. ) ;
#5318 = DIRECTION ( 'NONE',  ( 4.336808689942017736E-16, -0.000000000000000000, 1.000000000000000000 ) ) ;
#5319 = FACE_OUTER_BOUND ( 'NONE', #5731, .T. ) ;
#5320 = ORIENTED_EDGE ( 'NONE', *, *, #6180, .F. ) ;
#5321 = CARTESIAN_POINT ( 'NONE',  ( 1.399999999999999911, 0.1300000000000000044, -0.8749999999999997780 ) ) ;
#5322 = CARTESIAN_POINT ( 'NONE',  ( -1.399999999999999911, 0.1300000000000000044, -0.8749999999999997780 ) ) ;
#5323 = ORIENTED_EDGE ( 'NONE', *, *, #2988, .T. ) ;
#5324 = EDGE_LOOP ( 'NONE', ( #5268, #3001, #6513, #4411 ) ) ;
#5325 = VECTOR ( 'NONE', #5967, 1000.000000000000000 ) ;
#5326 = EDGE_LOOP ( 'NONE', ( #3082, #4235, #5679, #4290, #2115 ) ) ;
#5327 = CARTESIAN_POINT ( 'NONE',  ( 1.500000000000000000, 0.7400000000000002132, 1.250000000000000000 ) ) ;
#5328 = LINE ( 'NONE', #3134, #679 ) ;
#5329 = ORIENTED_EDGE ( 'NONE', *, *, #4009, .F. ) ;
#5330 = VECTOR ( 'NONE', #2659, 1000.000000000000000 ) ;
#5331 = ORIENTED_EDGE ( 'NONE', *, *, #1436, .F. ) ;
#5332 = ORIENTED_EDGE ( 'NONE', *, *, #4176, .T. ) ;
#5333 = CARTESIAN_POINT ( 'NONE',  ( 0.000000000000000000, 0.000000000000000000, 0.000000000000000000 ) ) ;
#5334 = CARTESIAN_POINT ( 'NONE',  ( 0.1250000000000007494, 0.1999999999999999833, -1.149999999999999911 ) ) ;
#5335 = ORIENTED_EDGE ( 'NONE', *, *, #4804, .F. ) ;
#5336 = ADVANCED_FACE ( 'NONE', ( #3943 ), #1648, .T. ) ;
#5337 = DIRECTION ( 'NONE',  ( -2.282530889443167022E-16, 0.000000000000000000, -1.000000000000000000 ) ) ;
#5338 = LINE ( 'NONE', #4465, #3029 ) ;
#5339 = ORIENTED_EDGE ( 'NONE', *, *, #605, .F. ) ;
#5340 = CARTESIAN_POINT ( 'NONE',  ( 0.3750000000000009992, 0.1300000000000000044, 0.6750000000000000444 ) ) ;
#5341 = LINE ( 'NONE', #5755, #5423 ) ;
#5342 = ORIENTED_EDGE ( 'NONE', *, *, #592, .T. ) ;
#5343 = AXIS2_PLACEMENT_3D ( 'NONE', #1173, #3348, #6375 ) ;
#5344 = DIRECTION ( 'NONE',  ( 0.000000000000000000, -1.000000000000000000, 0.000000000000000000 ) ) ;
#5345 = AXIS2_PLACEMENT_3D ( 'NONE', #4772, #3009, #5190 ) ;
#5346 = ORIENTED_EDGE ( 'NONE', *, *, #1356, .F. ) ;
#5347 = CARTESIAN_POINT ( 'NONE',  ( 0.1250000000000007494, 0.7367727638395973333, -1.149999999999999911 ) ) ;
#5348 = ORIENTED_EDGE ( 'NONE', *, *, #4983, .T. ) ;
#5349 = CARTESIAN_POINT ( 'NONE',  ( 0.1250000000000007494, 0.000000000000000000, -0.6749999999999999334 ) ) ;
#5350 = VECTOR ( 'NONE', #5318, 1000.000000000000000 ) ;
#5351 = DIRECTION ( 'NONE',  ( -2.282530889443167515E-16, 0.000000000000000000, 1.000000000000000000 ) ) ;
#5352 = DIRECTION ( 'NONE',  ( -0.000000000000000000, 0.000000000000000000, 1.000000000000000000 ) ) ;
#5353 = VECTOR ( 'NONE', #5395, 1000.000000000000000 ) ;
#5354 = ORIENTED_EDGE ( 'NONE', *, *, #1590, .T. ) ;
#5355 = ADVANCED_BREP_SHAPE_REPRESENTATION ( 'LSM6DSV16BXTR', ( #3802, #186, #460, #4826, #2968, #1317, #5654, #5719, #6563, #3514, #2452, #2688, #1505, #2128, #3182, #1910, #6274, #3391 ), #3819 ) ;
#5356 = LINE ( 'NONE', #3705, #3022 ) ;
#5357 = ORIENTED_EDGE ( 'NONE', *, *, #3832, .F. ) ;
#5358 = CARTESIAN_POINT ( 'NONE',  ( 0.1250000000000009159, 0.1300000000000000044, 0.6749999999999999334 ) ) ;
#5359 = CARTESIAN_POINT ( 'NONE',  ( -0.9250000000000000444, 0.7367727638395971113, 0.6250000000000001110 ) ) ;
#5360 = VERTEX_POINT ( 'NONE', #4238 ) ;
#5361 = DIRECTION ( 'NONE',  ( -0.000000000000000000, -1.000000000000000000, -0.000000000000000000 ) ) ;
#5362 = LINE ( 'NONE', #130, #2994 ) ;
#5363 = VECTOR ( 'NONE', #2103, 1000.000000000000000 ) ;
#5364 = ORIENTED_EDGE ( 'NONE', *, *, #3643, .F. ) ;
#5365 = EDGE_CURVE ( 'NONE', #959, #2218, #1650, .T. ) ;
#5366 = CARTESIAN_POINT ( 'NONE',  ( -0.1249999999999989175, 0.1999999999999999833, 1.149999999999999689 ) ) ;
#5367 = LINE ( 'NONE', #3872, #5401 ) ;
#5368 = ORIENTED_EDGE ( 'NONE', *, *, #5674, .T. ) ;
#5369 = EDGE_CURVE ( 'NONE', #4428, #1666, #6259, .T. ) ;
#5370 = EDGE_LOOP ( 'NONE', ( #2665, #3343, #3522, #5833 ) ) ;
#5371 = STYLED_ITEM ( 'NONE', ( #2189 ), #5719 ) ;
#5372 = LINE ( 'NONE', #4759, #3158 ) ;
#5373 = CARTESIAN_POINT ( 'NONE',  ( -0.1249999999999990286, 0.1999999999999999833, 0.6750000000000000444 ) ) ;
#5374 = CARTESIAN_POINT ( 'NONE',  ( 0.6250000000000009992, 0.1999999999999999833, 0.6749999999999999334 ) ) ;
#5375 = LINE ( 'NONE', #4628, #5253 ) ;
#5376 = EDGE_LOOP ( 'NONE', ( #1177, #3479, #5842, #3810 ) ) ;
#5377 = LINE ( 'NONE', #2901, #891 ) ;
#5378 = ORIENTED_EDGE ( 'NONE', *, *, #3444, .T. ) ;
#5379 = CARTESIAN_POINT ( 'NONE',  ( -1.399999999999999911, 0.1999999999999999833, -0.1249999999999997918 ) ) ;
#5380 = EDGE_CURVE ( 'NONE', #6473, #4171, #6363, .T. ) ;
#5381 = DIRECTION ( 'NONE',  ( -0.000000000000000000, 0.000000000000000000, 1.000000000000000000 ) ) ;
#5382 = ORIENTED_EDGE ( 'NONE', *, *, #2473, .T. ) ;
#5383 =( GEOMETRIC_REPRESENTATION_CONTEXT ( 3 ) GLOBAL_UNCERTAINTY_ASSIGNED_CONTEXT ( ( #6209 ) ) GLOBAL_UNIT_ASSIGNED_CONTEXT ( ( #1809, #6476, #4361 ) ) REPRESENTATION_CONTEXT ( 'NONE', 'WORKASPACE' ) );
#5384 = DIRECTION ( 'NONE',  ( 1.000000000000000000, -0.000000000000000000, -2.282530889443168008E-16 ) ) ;
#5385 = FACE_OUTER_BOUND ( 'NONE', #6582, .T. ) ;
#5386 = EDGE_CURVE ( 'NONE', #2208, #5010, #4280, .T. ) ;
#5387 = FACE_OUTER_BOUND ( 'NONE', #6679, .T. ) ;
#5388 = VERTEX_POINT ( 'NONE', #6541 ) ;
#5389 = PLANE ( 'NONE',  #1651 ) ;
#5390 = ORIENTED_EDGE ( 'NONE', *, *, #2472, .T. ) ;
#5391 = DIRECTION ( 'NONE',  ( -0.000000000000000000, -0.000000000000000000, 1.000000000000000000 ) ) ;
#5392 = ORIENTED_EDGE ( 'NONE', *, *, #3383, .F. ) ;
#5393 = DIRECTION ( 'NONE',  ( -1.000000000000000000, 0.000000000000000000, -4.336808689942017736E-16 ) ) ;
#5394 = ADVANCED_FACE ( 'NONE', ( #4206 ), #1603, .F. ) ;
#5395 = DIRECTION ( 'NONE',  ( 4.336808689942017736E-16, 0.000000000000000000, -1.000000000000000000 ) ) ;
#5396 = VECTOR ( 'NONE', #2825, 1000.000000000000000 ) ;
#5397 = PLANE ( 'NONE',  #1247 ) ;
#5398 = VECTOR ( 'NONE', #5264, 1000.000000000000000 ) ;
#5399 = EDGE_CURVE ( 'NONE', #5509, #1975, #6562, .T. ) ;
#5400 = ORIENTED_EDGE ( 'NONE', *, *, #5060, .F. ) ;
#5401 = VECTOR ( 'NONE', #754, 1000.000000000000000 ) ;
#5402 = ORIENTED_EDGE ( 'NONE', *, *, #116, .F. ) ;
#5403 = CARTESIAN_POINT ( 'NONE',  ( 1.399999999999999911, 0.7367727638395971113, -0.1249999999999997918 ) ) ;
#5404 =( NAMED_UNIT ( * ) PLANE_ANGLE_UNIT ( ) SI_UNIT ( $, .RADIAN. ) );
#5405 = ADVANCED_FACE ( 'NONE', ( #6432 ), #4883, .T. ) ;
#5406 = EDGE_CURVE ( 'NONE', #3850, #6173, #4103, .T. ) ;
#5407 = EDGE_LOOP ( 'NONE', ( #5720, #994, #5313, #3389 ) ) ;
#5408 = PLANE ( 'NONE',  #1620 ) ;
#5409 = FACE_OUTER_BOUND ( 'NONE', #1375, .T. ) ;
#5410 = VECTOR ( 'NONE', #5962, 1000.000000000000000 ) ;
#5411 = VERTEX_POINT ( 'NONE', #1163 ) ;
#5412 = FACE_OUTER_BOUND ( 'NONE', #3609, .T. ) ;
#5413 = ORIENTED_EDGE ( 'NONE', *, *, #2906, .T. ) ;
#5414 = CARTESIAN_POINT ( 'NONE',  ( 0.9250000000000001554, 0.1300000000000000044, 0.3750000000000001110 ) ) ;
#5415 = ORIENTED_EDGE ( 'NONE', *, *, #38, .F. ) ;
#5416 = EDGE_CURVE ( 'NONE', #5010, #5509, #1965, .T. ) ;
#5417 = EDGE_CURVE ( 'NONE', #6041, #2336, #4333, .T. ) ;
#5418 = CARTESIAN_POINT ( 'NONE',  ( -1.227272727272726627, 0.6399999999999999023, -0.9772727272727270709 ) ) ;
#5419 = CARTESIAN_POINT ( 'NONE',  ( 0.6250000000000009992, 0.000000000000000000, 0.6749999999999999334 ) ) ;
#5420 = VECTOR ( 'NONE', #1875, 1000.000000000000000 ) ;
#5421 = DIRECTION ( 'NONE',  ( 1.000000000000000000, 0.000000000000000000, -2.282530889443168008E-16 ) ) ;
#5422 = DIRECTION ( 'NONE',  ( -0.000000000000000000, 0.000000000000000000, 1.000000000000000000 ) ) ;
#5423 = VECTOR ( 'NONE', #458, 1000.000000000000000 ) ;
#5424 = ORIENTED_EDGE ( 'NONE', *, *, #1826, .F. ) ;
#5425 = VERTEX_POINT ( 'NONE', #5321 ) ;
#5426 = ORIENTED_EDGE ( 'NONE', *, *, #4596, .F. ) ;
#5427 = UNCERTAINTY_MEASURE_WITH_UNIT (LENGTH_MEASURE( 1.000000000000000082E-05 ), #839, 'distance_accuracy_value', 'NONE');
#5428 = EDGE_CURVE ( 'NONE', #3948, #319, #4293, .T. ) ;
#5429 = EDGE_LOOP ( 'NONE', ( #392, #2957, #1688, #1279 ) ) ;
#5430 = VECTOR ( 'NONE', #2664, 1000.000000000000000 ) ;
#5431 = CARTESIAN_POINT ( 'NONE',  ( 0.6250000000000007772, 0.2000000000000000111, -0.6749999999999999334 ) ) ;
#5432 = FACE_OUTER_BOUND ( 'NONE', #1359, .T. ) ;
#5433 = CARTESIAN_POINT ( 'NONE',  ( 0.6250000000000009992, 0.2000000000000000111, 1.149999999999999911 ) ) ;
#5434 = ORIENTED_EDGE ( 'NONE', *, *, #3816, .T. ) ;
#5435 = ADVANCED_FACE ( 'NONE', ( #6398 ), #5924, .F. ) ;
#5436 = DIRECTION ( 'NONE',  ( -2.282530889443167022E-16, -0.000000000000000000, -1.000000000000000000 ) ) ;
#5437 = DIRECTION ( 'NONE',  ( -2.282530889443168501E-16, 0.000000000000000000, -1.000000000000000000 ) ) ;
#5438 = ORIENTED_EDGE ( 'NONE', *, *, #3159, .T. ) ;
#5439 = CARTESIAN_POINT ( 'NONE',  ( 0.9250000000000000444, 0.000000000000000000, -0.8749999999999998890 ) ) ;
#5440 = VECTOR ( 'NONE', #3577, 1000.000000000000000 ) ;
#5441 = DIRECTION ( 'NONE',  ( 0.000000000000000000, -0.000000000000000000, 1.000000000000000000 ) ) ;
#5442 = LINE ( 'NONE', #4602, #815 ) ;
#5443 = ADVANCED_FACE ( 'NONE', ( #1881 ), #6641, .T. ) ;
#5444 = LINE ( 'NONE', #2107, #3197 ) ;
#5445 = ORIENTED_EDGE ( 'NONE', *, *, #2570, .F. ) ;
#5446 = DIRECTION ( 'NONE',  ( 0.000000000000000000, -1.000000000000000000, 0.000000000000000000 ) ) ;
#5447 = DIRECTION ( 'NONE',  ( 1.000000000000000000, -0.000000000000000000, 8.673617379884038430E-16 ) ) ;
#5448 = ORIENTED_EDGE ( 'NONE', *, *, #1759, .T. ) ;
#5449 = ADVANCED_FACE ( 'NONE', ( #1891 ), #4972, .T. ) ;
#5450 = EDGE_CURVE ( 'NONE', #2297, #4358, #1926, .T. ) ;
#5451 = FACE_OUTER_BOUND ( 'NONE', #5981, .T. ) ;
#5452 = LINE ( 'NONE', #32, #5398 ) ;
#5453 = DIRECTION ( 'NONE',  ( -1.000000000000000000, 0.000000000000000000, 8.673617379884035472E-16 ) ) ;
#5454 = FACE_OUTER_BOUND ( 'NONE', #6416, .T. ) ;
#5455 = AXIS2_PLACEMENT_3D ( 'NONE', #4998, #3475, #3369 ) ;
#5456 = ORIENTED_EDGE ( 'NONE', *, *, #5399, .T. ) ;
#5457 = PLANE ( 'NONE',  #4568 ) ;
#5458 = ORIENTED_EDGE ( 'NONE', *, *, #3142, .T. ) ;
#5459 = DIRECTION ( 'NONE',  ( -1.000000000000000000, 0.000000000000000000, 2.282530889443167515E-16 ) ) ;
#5460 = LINE ( 'NONE', #2374, #887 ) ;
#5461 = CARTESIAN_POINT ( 'NONE',  ( 0.9250000000000001554, 0.7367727638395971113, 0.3750000000000001110 ) ) ;
#5462 = CARTESIAN_POINT ( 'NONE',  ( 0.9250000000000000444, 0.7367727638395971113, 0.6250000000000001110 ) ) ;
#5463 = EDGE_CURVE ( 'NONE', #4233, #647, #1904, .T. ) ;
#5464 = LINE ( 'NONE', #5239, #778 ) ;
#5465 = LINE ( 'NONE', #5916, #830 ) ;
#5466 = DIRECTION ( 'NONE',  ( 0.000000000000000000, -1.000000000000000000, 0.000000000000000000 ) ) ;
#5467 = EDGE_CURVE ( 'NONE', #3156, #6596, #6578, .T. ) ;
#5468 = CARTESIAN_POINT ( 'NONE',  ( 1.399999999999999911, 0.1999999999999999833, -0.1249999999999997918 ) ) ;
#5469 = EDGE_LOOP ( 'NONE', ( #820, #4372, #6649, #5301 ) ) ;
#5470 = DIRECTION ( 'NONE',  ( -1.000000000000000000, 0.000000000000000000, 8.673617379884035472E-16 ) ) ;
#5471 = FACE_OUTER_BOUND ( 'NONE', #3414, .T. ) ;
#5472 = PLANE ( 'NONE',  #3505 ) ;
#5473 = LINE ( 'NONE', #1430, #3007 ) ;
#5474 = DIRECTION ( 'NONE',  ( -4.336808689942017736E-16, 0.000000000000000000, 1.000000000000000000 ) ) ;
#5475 = LINE ( 'NONE', #111, #939 ) ;
#5476 = EDGE_CURVE ( 'NONE', #4713, #3986, #2043, .T. ) ;
#5477 = CARTESIAN_POINT ( 'NONE',  ( -0.9250000000000001554, 0.1300000000000000044, 0.8750000000000001110 ) ) ;
#5478 = CARTESIAN_POINT ( 'NONE',  ( -1.399999999999999911, 0.1999999999999999833, -0.1249999999999997918 ) ) ;
#5479 = ORIENTED_EDGE ( 'NONE', *, *, #3303, .T. ) ;
#5480 = DIRECTION ( 'NONE',  ( -2.282530889443167022E-16, -0.000000000000000000, -1.000000000000000000 ) ) ;
#5481 = VECTOR ( 'NONE', #5784, 1000.000000000000000 ) ;
#5482 = PLANE ( 'NONE',  #6204 ) ;
#5483 = ORIENTED_EDGE ( 'NONE', *, *, #6695, .F. ) ;
#5484 = DIRECTION ( 'NONE',  ( -1.000000000000000000, 0.000000000000000000, 2.282530889443167515E-16 ) ) ;
#5485 = CARTESIAN_POINT ( 'NONE',  ( 0.1250000000000007494, 0.2000000000000000111, -1.149999999999999911 ) ) ;
#5486 = LINE ( 'NONE', #3132, #5363 ) ;
#5487 = ORIENTED_EDGE ( 'NONE', *, *, #6071, .T. ) ;
#5488 = CYLINDRICAL_SURFACE ( 'NONE', #5615, 0.1250000000000003331 ) ;
#5489 = PLANE ( 'NONE',  #3037 ) ;
#5490 = DIRECTION ( 'NONE',  ( -1.000000000000000000, 0.000000000000000000, 2.282530889443167515E-16 ) ) ;
#5491 = ORIENTED_EDGE ( 'NONE', *, *, #5707, .T. ) ;
#5492 = FACE_OUTER_BOUND ( 'NONE', #4275, .T. ) ;
#5493 = ORIENTED_EDGE ( 'NONE', *, *, #6216, .F. ) ;
#5494 = FACE_OUTER_BOUND ( 'NONE', #822, .T. ) ;
#5495 = ORIENTED_EDGE ( 'NONE', *, *, #5992, .F. ) ;
#5496 = STYLED_ITEM ( 'NONE', ( #2618 ), #1317 ) ;
#5497 = DIRECTION ( 'NONE',  ( 2.282530889443167022E-16, 0.000000000000000000, 1.000000000000000000 ) ) ;
#5498 = VECTOR ( 'NONE', #2193, 1000.000000000000000 ) ;
#5499 = CARTESIAN_POINT ( 'NONE',  ( -1.227272727272726627, 0.7399999999999999911, -0.9772727272727270709 ) ) ;
#5500 = DIRECTION ( 'NONE',  ( 0.000000000000000000, -0.000000000000000000, 1.000000000000000000 ) ) ;
#5501 = ORIENTED_EDGE ( 'NONE', *, *, #4506, .T. ) ;
#5502 = ADVANCED_FACE ( 'NONE', ( #4093 ), #4113, .T. ) ;
#5503 = DIRECTION ( 'NONE',  ( 0.000000000000000000, 0.000000000000000000, -1.000000000000000000 ) ) ;
#5504 = LINE ( 'NONE', #3490, #3017 ) ;
#5505 = CARTESIAN_POINT ( 'NONE',  ( -0.6249999999999992228, 0.1300000000000000044, -0.6749999999999998224 ) ) ;
#5506 = PRESENTATION_LAYER_ASSIGNMENT (  '', '', ( #3013 ) ) ;
#5507 = ORIENTED_EDGE ( 'NONE', *, *, #5043, .T. ) ;
#5508 = LINE ( 'NONE', #4130, #5587 ) ;
#5509 = VERTEX_POINT ( 'NONE', #1354 ) ;
#5510 = ORIENTED_EDGE ( 'NONE', *, *, #1122, .T. ) ;
#5511 = DIRECTION ( 'NONE',  ( 0.000000000000000000, 0.000000000000000000, -1.000000000000000000 ) ) ;
#5512 = ADVANCED_FACE ( 'NONE', ( #6452 ), #237, .F. ) ;
#5513 = ORIENTED_EDGE ( 'NONE', *, *, #638, .T. ) ;
#5514 = CARTESIAN_POINT ( 'NONE',  ( 0.1250000000000007494, 0.1300000000000000044, -0.6749999999999999334 ) ) ;
#5515 = LINE ( 'NONE', #3979, #909 ) ;
#5516 = CARTESIAN_POINT ( 'NONE',  ( 0.6250000000000007772, 0.000000000000000000, -1.149999999999999911 ) ) ;
#5517 = DIRECTION ( 'NONE',  ( 1.000000000000000000, -0.000000000000000000, -2.282530889443168008E-16 ) ) ;
#5518 = ORIENTED_EDGE ( 'NONE', *, *, #3345, .F. ) ;
#5519 = VECTOR ( 'NONE', #5490, 1000.000000000000000 ) ;
#5520 = EDGE_LOOP ( 'NONE', ( #5247, #4424, #5448, #3301 ) ) ;
#5521 = DIRECTION ( 'NONE',  ( 1.000000000000000000, -0.000000000000000000, 8.673617379884038430E-16 ) ) ;
#5522 = EDGE_CURVE ( 'NONE', #1443, #5801, #4230, .T. ) ;
#5523 = DIRECTION ( 'NONE',  ( 8.673617379884035472E-16, 0.000000000000000000, 1.000000000000000000 ) ) ;
#5524 = ORIENTED_EDGE ( 'NONE', *, *, #4686, .T. ) ;
#5525 = AXIS2_PLACEMENT_3D ( 'NONE', #1589, #3874, #2275 ) ;
#5526 = DIRECTION ( 'NONE',  ( -4.336808689942017736E-16, 0.000000000000000000, -1.000000000000000000 ) ) ;
#5527 = STYLED_ITEM ( 'NONE', ( #5243 ), #6563 ) ;
#5528 = VECTOR ( 'NONE', #6638, 1000.000000000000000 ) ;
#5529 = DIRECTION ( 'NONE',  ( -1.000000000000000000, 0.000000000000000000, 0.000000000000000000 ) ) ;
#5530 = ORIENTED_EDGE ( 'NONE', *, *, #3978, .F. ) ;
#5531 = CARTESIAN_POINT ( 'NONE',  ( 0.9250000000000000444, 0.1300000000000000044, -0.3749999999999998890 ) ) ;
#5532 = CARTESIAN_POINT ( 'NONE',  ( -0.3749999999999992228, 0.2000000000000000111, -0.6749999999999999334 ) ) ;
#5533 = FACE_OUTER_BOUND ( 'NONE', #3493, .T. ) ;
#5534 = DIRECTION ( 'NONE',  ( 0.000000000000000000, 0.000000000000000000, 1.000000000000000000 ) ) ;
#5535 = ORIENTED_EDGE ( 'NONE', *, *, #2191, .T. ) ;
#5536 = FACE_OUTER_BOUND ( 'NONE', #1265, .T. ) ;
#5537 = DIRECTION ( 'NONE',  ( 0.000000000000000000, 0.000000000000000000, 1.000000000000000000 ) ) ;
#5538 = ORIENTED_EDGE ( 'NONE', *, *, #4960, .F. ) ;
#5539 = AXIS2_PLACEMENT_3D ( 'NONE', #5704, #5764, #6253 ) ;
#5540 = AXIS2_PLACEMENT_3D ( 'NONE', #1890, #2389, #4567 ) ;
#5541 = VECTOR ( 'NONE', #6197, 1000.000000000000000 ) ;
#5542 = ORIENTED_EDGE ( 'NONE', *, *, #4277, .T. ) ;
#5543 = ORIENTED_EDGE ( 'NONE', *, *, #5088, .F. ) ;
#5544 = LINE ( 'NONE', #803, #5519 ) ;
#5545 = ORIENTED_EDGE ( 'NONE', *, *, #3407, .F. ) ;
#5546 = DIRECTION ( 'NONE',  ( 0.000000000000000000, 1.000000000000000000, 0.000000000000000000 ) ) ;
#5547 = DIRECTION ( 'NONE',  ( -0.000000000000000000, -0.000000000000000000, 1.000000000000000000 ) ) ;
#5548 = ADVANCED_FACE ( 'NONE', ( #2005 ), #2455, .F. ) ;
#5549 = ORIENTED_EDGE ( 'NONE', *, *, #2268, .F. ) ;
#5550 = DIRECTION ( 'NONE',  ( 0.000000000000000000, 0.000000000000000000, 1.000000000000000000 ) ) ;
#5552 = EDGE_CURVE ( 'NONE', #113, #1393, #6590, .T. ) ;
#5551 = VECTOR ( 'NONE', #3769, 1000.000000000000000 ) ;
#5553 = ORIENTED_EDGE ( 'NONE', *, *, #4775, .F. ) ;
#5554 = ORIENTED_EDGE ( 'NONE', *, *, #1907, .T. ) ;
#5555 = LINE ( 'NONE', #2820, #5661 ) ;
#5556 = ORIENTED_EDGE ( 'NONE', *, *, #45, .F. ) ;
#5557 = CARTESIAN_POINT ( 'NONE',  ( -0.9250000000000001554, 0.1999999999999999833, 0.8750000000000001110 ) ) ;
#5558 = CARTESIAN_POINT ( 'NONE',  ( -1.399999999999999911, 0.7367727638395971113, 0.8750000000000002220 ) ) ;
#5559 = CARTESIAN_POINT ( 'NONE',  ( 0.6250000000000009992, 0.2000000000000000111, 1.149999999999999911 ) ) ;
#5560 = ORIENTED_EDGE ( 'NONE', *, *, #6653, .T. ) ;
#5561 = ADVANCED_FACE ( 'NONE', ( #4146 ), #6675, .T. ) ;
#5562 = CARTESIAN_POINT ( 'NONE',  ( 0.6250000000000007772, 0.2000000000000000111, -1.149999999999999911 ) ) ;
#5563 = FACE_OUTER_BOUND ( 'NONE', #3528, .T. ) ;
#5564 = CARTESIAN_POINT ( 'NONE',  ( 0.6250000000000007772, 0.2000000000000000111, -0.6749999999999999334 ) ) ;
#5565 = DIRECTION ( 'NONE',  ( -0.000000000000000000, -1.000000000000000000, -0.000000000000000000 ) ) ;
#5566 = VERTEX_POINT ( 'NONE', #6047 ) ;
#5567 = FACE_OUTER_BOUND ( 'NONE', #3644, .T. ) ;
#5568 = ORIENTED_EDGE ( 'NONE', *, *, #3027, .T. ) ;
#5569 = ORIENTED_EDGE ( 'NONE', *, *, #4596, .T. ) ;
#5570 = EDGE_CURVE ( 'NONE', #2779, #6654, #4319, .T. ) ;
#5571 = SURFACE_STYLE_USAGE ( .BOTH. , #2806 ) ;
#5572 = VECTOR ( 'NONE', #5640, 1000.000000000000000 ) ;
#5573 = ORIENTED_EDGE ( 'NONE', *, *, #2039, .F. ) ;
#5574 = ORIENTED_EDGE ( 'NONE', *, *, #2174, .F. ) ;
#5575 = CARTESIAN_POINT ( 'NONE',  ( -0.9250000000000000444, 0.000000000000000000, -0.8749999999999998890 ) ) ;
#5576 = CARTESIAN_POINT ( 'NONE',  ( -1.227272727272726627, 0.6399999999999999023, -1.102272727272727293 ) ) ;
#5577 = LINE ( 'NONE', #4918, #3362 ) ;
#5578 = CIRCLE ( 'NONE', #2648, 0.1250000000000004441 ) ;
#5579 = ORIENTED_EDGE ( 'NONE', *, *, #1983, .T. ) ;
#5580 = CARTESIAN_POINT ( 'NONE',  ( 1.000000000000000000, 0.000000000000000000, 0.000000000000000000 ) ) ;
#5581 =( NAMED_UNIT ( * ) SI_UNIT ( $, .STERADIAN. ) SOLID_ANGLE_UNIT ( ) );
#5582 = VERTEX_POINT ( 'NONE', #2429 ) ;
#5583 = AXIS2_PLACEMENT_3D ( 'NONE', #63, #6573, #3736 ) ;
#5584 = LINE ( 'NONE', #3458, #3273 ) ;
#5585 = ORIENTED_EDGE ( 'NONE', *, *, #5897, .F. ) ;
#5586 = EDGE_LOOP ( 'NONE', ( #2641, #3466, #5479, #4952 ) ) ;
#5587 = VECTOR ( 'NONE', #3083, 1000.000000000000000 ) ;
#5588 = LINE ( 'NONE', #5252, #1019 ) ;
#5589 = ORIENTED_EDGE ( 'NONE', *, *, #4062, .T. ) ;
#5590 = DIRECTION ( 'NONE',  ( 0.000000000000000000, 1.000000000000000000, 0.000000000000000000 ) ) ;
#5591 = DIRECTION ( 'NONE',  ( 0.000000000000000000, 0.000000000000000000, 1.000000000000000000 ) ) ;
#5592 = EDGE_LOOP ( 'NONE', ( #3947, #1573, #5864, #6082 ) ) ;
#5593 = EDGE_CURVE ( 'NONE', #4233, #3606, #6386, .T. ) ;
#5594 = VECTOR ( 'NONE', #3898, 1000.000000000000000 ) ;
#5595 = ORIENTED_EDGE ( 'NONE', *, *, #2351, .F. ) ;
#5596 = ORIENTED_EDGE ( 'NONE', *, *, #3922, .F. ) ;
#5597 = VECTOR ( 'NONE', #5122, 1000.000000000000000 ) ;
#5598 = VECTOR ( 'NONE', #561, 1000.000000000000000 ) ;
#5599 = VERTEX_POINT ( 'NONE', #1416 ) ;
#5600 = CARTESIAN_POINT ( 'NONE',  ( 0.6250000000000009992, 0.1300000000000000044, 0.6749999999999999334 ) ) ;
#5601 = DIRECTION ( 'NONE',  ( 0.000000000000000000, -1.000000000000000000, 0.000000000000000000 ) ) ;
#5602 = DIRECTION ( 'NONE',  ( 4.336808689942017736E-16, -0.000000000000000000, 1.000000000000000000 ) ) ;
#5603 = ORIENTED_EDGE ( 'NONE', *, *, #5917, .F. ) ;
#5604 = DIRECTION ( 'NONE',  ( 0.000000000000000000, 1.000000000000000000, 0.000000000000000000 ) ) ;
#5605 = EDGE_CURVE ( 'NONE', #6173, #5566, #1979, .T. ) ;
#5606 = EDGE_CURVE ( 'NONE', #1666, #1117, #1786, .T. ) ;
#5607 = LINE ( 'NONE', #2080, #5551 ) ;
#5608 = DIRECTION ( 'NONE',  ( -1.000000000000000000, 0.000000000000000000, -4.336808689942017736E-16 ) ) ;
#5609 = CARTESIAN_POINT ( 'NONE',  ( 0.1250000000000007494, 0.7367727638395973333, -0.6749999999999999334 ) ) ;
#5610 = ORIENTED_EDGE ( 'NONE', *, *, #2458, .T. ) ;
#5611 = VECTOR ( 'NONE', #4543, 1000.000000000000000 ) ;
#5612 = LINE ( 'NONE', #873, #1040 ) ;
#5613 = ORIENTED_EDGE ( 'NONE', *, *, #1103, .F. ) ;
#5614 = DIRECTION ( 'NONE',  ( 2.282530889443167022E-16, 0.000000000000000000, 1.000000000000000000 ) ) ;
#5615 = AXIS2_PLACEMENT_3D ( 'NONE', #25, #2736, #4180 ) ;
#5616 = CARTESIAN_POINT ( 'NONE',  ( 0.9250000000000001554, 0.7367727638395971113, -0.1249999999999998890 ) ) ;
#5617 = ORIENTED_EDGE ( 'NONE', *, *, #4960, .T. ) ;
#5618 = DIRECTION ( 'NONE',  ( -4.336808689942017736E-16, 0.000000000000000000, -1.000000000000000000 ) ) ;
#5619 = VECTOR ( 'NONE', #4687, 1000.000000000000000 ) ;
#5620 = EDGE_CURVE ( 'NONE', #6010, #1333, #4135, .T. ) ;
#5621 = CARTESIAN_POINT ( 'NONE',  ( 0.9250000000000000444, 0.1300000000000000044, -0.8749999999999998890 ) ) ;
#5622 = EDGE_CURVE ( 'NONE', #6534, #5937, #1813, .T. ) ;
#5623 = EDGE_LOOP ( 'NONE', ( #4332, #3206, #120, #3329 ) ) ;
#5624 = CARTESIAN_POINT ( 'NONE',  ( 0.3750000000000007772, 0.2000000000000000111, -0.6749999999999998224 ) ) ;
#5625 = CARTESIAN_POINT ( 'NONE',  ( -1.399999999999999911, 0.1999999999999999833, -0.1249999999999997918 ) ) ;
#5626 = PRESENTATION_STYLE_ASSIGNMENT (( #6609 ) ) ;
#5627 = FACE_OUTER_BOUND ( 'NONE', #3589, .T. ) ;
#5628 = DIRECTION ( 'NONE',  ( 0.000000000000000000, -1.000000000000000000, 0.000000000000000000 ) ) ;
#5629 = ORIENTED_EDGE ( 'NONE', *, *, #4589, .T. ) ;
#5630 = AXIS2_PLACEMENT_3D ( 'NONE', #4521, #3449, #294 ) ;
#5631 = AXIS2_PLACEMENT_3D ( 'NONE', #1255, #812, #1395 ) ;
#5632 = ORIENTED_EDGE ( 'NONE', *, *, #3303, .F. ) ;
#5633 = CARTESIAN_POINT ( 'NONE',  ( 0.3750000000000009992, 0.1300000000000000044, 0.6750000000000000444 ) ) ;
#5634 = FACE_OUTER_BOUND ( 'NONE', #842, .T. ) ;
#5635 = ORIENTED_EDGE ( 'NONE', *, *, #2263, .F. ) ;
#5636 = ORIENTED_EDGE ( 'NONE', *, *, #369, .T. ) ;
#5637 = VECTOR ( 'NONE', #3405, 1000.000000000000000 ) ;
#5638 = DIRECTION ( 'NONE',  ( -1.000000000000000000, 0.000000000000000000, 0.000000000000000000 ) ) ;
#5639 = ORIENTED_EDGE ( 'NONE', *, *, #2121, .F. ) ;
#5640 = DIRECTION ( 'NONE',  ( 0.000000000000000000, 0.000000000000000000, -1.000000000000000000 ) ) ;
#5641 = CARTESIAN_POINT ( 'NONE',  ( 0.9250000000000001554, 0.1999999999999999833, 0.3750000000000001110 ) ) ;
#5642 = EDGE_CURVE ( 'NONE', #2155, #6689, #6506, .T. ) ;
#5643 = ORIENTED_EDGE ( 'NONE', *, *, #1385, .F. ) ;
#5644 = EDGE_CURVE ( 'NONE', #6760, #668, #4122, .T. ) ;
#5645 = CARTESIAN_POINT ( 'NONE',  ( 0.9250000000000000444, 0.1999999999999999833, -0.8749999999999998890 ) ) ;
#5646 = LINE ( 'NONE', #633, #1013 ) ;
#5647 = DIRECTION ( 'NONE',  ( 4.336808689942017736E-16, -0.000000000000000000, 1.000000000000000000 ) ) ;
#5648 = ORIENTED_EDGE ( 'NONE', *, *, #2396, .T. ) ;
#5649 = EDGE_CURVE ( 'NONE', #818, #99, #4181, .T. ) ;
#5650 = VECTOR ( 'NONE', #5772, 1000.000000000000000 ) ;
#5651 = ORIENTED_EDGE ( 'NONE', *, *, #703, .F. ) ;
#5652 = CARTESIAN_POINT ( 'NONE',  ( 0.9250000000000001554, 0.1300000000000000044, -0.6249999999999998890 ) ) ;
#5653 = PLANE ( 'NONE',  #6606 ) ;
#5654 = MANIFOLD_SOLID_BREP ( 'LPattern3[3]', #3800 ) ;
#5655 = VERTEX_POINT ( 'NONE', #6748 ) ;
#5656 =( NAMED_UNIT ( * ) PLANE_ANGLE_UNIT ( ) SI_UNIT ( $, .RADIAN. ) );
#5657 = FACE_BOUND ( 'NONE', #3839, .T. ) ;
#5658 = ORIENTED_EDGE ( 'NONE', *, *, #2776, .T. ) ;
#5659 = CARTESIAN_POINT ( 'NONE',  ( 0.9250000000000001554, 0.000000000000000000, 0.3750000000000001110 ) ) ;
#5660 = VERTEX_POINT ( 'NONE', #962 ) ;
#5661 = VECTOR ( 'NONE', #2366, 1000.000000000000000 ) ;
#5662 = DIRECTION ( 'NONE',  ( -1.000000000000000000, 0.000000000000000000, 4.336808689942019215E-16 ) ) ;
#5663 = LINE ( 'NONE', #2188, #5598 ) ;
#5664 = EDGE_LOOP ( 'NONE', ( #4844, #1113, #1770, #5671 ) ) ;
#5665 = CARTESIAN_POINT ( 'NONE',  ( 0.1250000000000009159, 0.2000000000000000111, 0.6749999999999999334 ) ) ;
#5666 = EDGE_CURVE ( 'NONE', #253, #6586, #2178, .T. ) ;
#5667 = ADVANCED_FACE ( 'NONE', ( #2126, #6799, #4473, #2066, #6676, #2207, #4514, #6762, #6698, #2216, #4383, #4362, #4427, #6826, #4374 ), #2058, .F. ) ;
#5668 = DIRECTION ( 'NONE',  ( 0.000000000000000000, -1.000000000000000000, 0.000000000000000000 ) ) ;
#5669 = ORIENTED_EDGE ( 'NONE', *, *, #2373, .F. ) ;
#5670 = FACE_OUTER_BOUND ( 'NONE', #1896, .T. ) ;
#5671 = ORIENTED_EDGE ( 'NONE', *, *, #448, .F. ) ;
#5672 = ORIENTED_EDGE ( 'NONE', *, *, #748, .T. ) ;
#5673 = PLANE ( 'NONE',  #2254 ) ;
#5674 = EDGE_CURVE ( 'NONE', #4051, #2846, #2087, .T. ) ;
#5675 = DIRECTION ( 'NONE',  ( 4.336808689942017736E-16, -0.000000000000000000, 1.000000000000000000 ) ) ;
#5676 = PRESENTATION_STYLE_ASSIGNMENT (( #2319 ) ) ;
#5677 = FACE_BOUND ( 'NONE', #1219, .T. ) ;
#5678 = DIRECTION ( 'NONE',  ( -1.000000000000000000, 0.000000000000000000, -4.336808689942017736E-16 ) ) ;
#5679 = ORIENTED_EDGE ( 'NONE', *, *, #13, .F. ) ;
#5680 = AXIS2_PLACEMENT_3D ( 'NONE', #1158, #6360, #3237 ) ;
#5681 = AXIS2_PLACEMENT_3D ( 'NONE', #2182, #4827, #1530 ) ;
#5682 = UNCERTAINTY_MEASURE_WITH_UNIT (LENGTH_MEASURE( 1.000000000000000082E-05 ), #4371, 'distance_accuracy_value', 'NONE');
#5683 = VERTEX_POINT ( 'NONE', #5869 ) ;
#5684 = PLANE ( 'NONE',  #1812 ) ;
#5685 = LINE ( 'NONE', #4395, #5727 ) ;
#5686 = ORIENTED_EDGE ( 'NONE', *, *, #1665, .T. ) ;
#5687 = ORIENTED_EDGE ( 'NONE', *, *, #3381, .F. ) ;
#5688 = FACE_OUTER_BOUND ( 'NONE', #3787, .T. ) ;
#5689 = DIRECTION ( 'NONE',  ( -0.000000000000000000, 0.000000000000000000, 1.000000000000000000 ) ) ;
#5690 = ORIENTED_EDGE ( 'NONE', *, *, #3751, .F. ) ;
#5691 = EDGE_CURVE ( 'NONE', #5165, #2722, #6730, .T. ) ;
#5692 = CARTESIAN_POINT ( 'NONE',  ( 0.9250000000000000444, 0.000000000000000000, 0.6250000000000001110 ) ) ;
#5693 = CARTESIAN_POINT ( 'NONE',  ( -1.399999999999999911, 0.7367727638395971113, 0.1250000000000002220 ) ) ;
#5694 = ADVANCED_FACE ( 'NONE', ( #2235 ), #1952, .F. ) ;
#5695 = ORIENTED_EDGE ( 'NONE', *, *, #3336, .F. ) ;
#5696 = PLANE ( 'NONE',  #3390 ) ;
#5697 = FACE_BOUND ( 'NONE', #1840, .T. ) ;
#5698 = DIRECTION ( 'NONE',  ( 0.000000000000000000, -1.000000000000000000, 0.000000000000000000 ) ) ;
#5699 = ORIENTED_EDGE ( 'NONE', *, *, #4983, .F. ) ;
#5700 = VERTEX_POINT ( 'NONE', #3086 ) ;
#5701 = VECTOR ( 'NONE', #2769, 1000.000000000000000 ) ;
#5702 = VECTOR ( 'NONE', #4527, 1000.000000000000000 ) ;
#5703 = VERTEX_POINT ( 'NONE', #3661 ) ;
#5704 = CARTESIAN_POINT ( 'NONE',  ( -1.399999999999999911, 0.7367727638395971113, -0.1249999999999997918 ) ) ;
#5705 = EDGE_CURVE ( 'NONE', #1417, #4449, #4394, .T. ) ;
#5706 = DIRECTION ( 'NONE',  ( 0.000000000000000000, -1.000000000000000000, 0.000000000000000000 ) ) ;
#5707 = EDGE_CURVE ( 'NONE', #721, #5425, #4354, .T. ) ;
#5708 = DIRECTION ( 'NONE',  ( 0.000000000000000000, -1.000000000000000000, 0.000000000000000000 ) ) ;
#5709 = ORIENTED_EDGE ( 'NONE', *, *, #6385, .F. ) ;
#5710 = DIRECTION ( 'NONE',  ( 0.000000000000000000, -0.000000000000000000, -1.000000000000000000 ) ) ;
#5711 = AXIS2_PLACEMENT_3D ( 'NONE', #279, #6677, #6532 ) ;
#5712 = LINE ( 'NONE', #6430, #5541 ) ;
#5713 = ORIENTED_EDGE ( 'NONE', *, *, #6172, .F. ) ;
#5714 =( NAMED_UNIT ( * ) PLANE_ANGLE_UNIT ( ) SI_UNIT ( $, .RADIAN. ) );
#5715 = ORIENTED_EDGE ( 'NONE', *, *, #3523, .T. ) ;
#5716 = LINE ( 'NONE', #1347, #5611 ) ;
#5717 = DIRECTION ( 'NONE',  ( 0.000000000000000000, -0.000000000000000000, 1.000000000000000000 ) ) ;
#5718 = VECTOR ( 'NONE', #5955, 1000.000000000000000 ) ;
#5719 = MANIFOLD_SOLID_BREP ( 'LPattern3[4]', #3757 ) ;
#5720 = ORIENTED_EDGE ( 'NONE', *, *, #6295, .F. ) ;
#5721 = DIRECTION ( 'NONE',  ( 1.000000000000000000, 0.000000000000000000, 2.282530889443168008E-16 ) ) ;
#5722 = DIRECTION ( 'NONE',  ( 0.000000000000000000, 0.000000000000000000, -1.000000000000000000 ) ) ;
#5723 = ORIENTED_EDGE ( 'NONE', *, *, #2714, .F. ) ;
#5724 = EDGE_CURVE ( 'NONE', #5106, #3681, #4553, .T. ) ;
#5725 = DIRECTION ( 'NONE',  ( -0.000000000000000000, -1.000000000000000000, -0.000000000000000000 ) ) ;
#5726 = PRESENTATION_LAYER_ASSIGNMENT (  '', '', ( #2873 ) ) ;
#5728 = EDGE_CURVE ( 'NONE', #5700, #4017, #6774, .T. ) ;
#5727 = VECTOR ( 'NONE', #451, 1000.000000000000000 ) ;
#5729 = ADVANCED_FACE ( 'NONE', ( #6847 ), #2733, .T. ) ;
#5730 = CARTESIAN_POINT ( 'NONE',  ( 0.3750000000000009992, 0.7367727638395973333, 0.6750000000000000444 ) ) ;
#5731 = EDGE_LOOP ( 'NONE', ( #2986, #5690, #6600, #5568 ) ) ;
#5732 = ORIENTED_EDGE ( 'NONE', *, *, #123, .F. ) ;
#5733 = DIRECTION ( 'NONE',  ( -0.7071067811865483499, 0.000000000000000000, 0.7071067811865467956 ) ) ;
#5734 = CARTESIAN_POINT ( 'NONE',  ( 0.6250000000000009992, 0.7367727638395973333, 1.149999999999999911 ) ) ;
#5735 = LINE ( 'NONE', #3484, #1147 ) ;
#5736 = EDGE_CURVE ( 'NONE', #2917, #3656, #4495, .T. ) ;
#5737 = LINE ( 'NONE', #2842, #5637 ) ;
#5738 = DIRECTION ( 'NONE',  ( 1.000000000000000000, 0.000000000000000000, 0.000000000000000000 ) ) ;
#5739 = ORIENTED_EDGE ( 'NONE', *, *, #6556, .F. ) ;
#5740 = ADVANCED_FACE ( 'NONE', ( #2269 ), #5489, .F. ) ;
#5741 = ORIENTED_EDGE ( 'NONE', *, *, #6006, .F. ) ;
#5742 = CARTESIAN_POINT ( 'NONE',  ( 1.399999999999999911, 0.1300000000000000044, 0.3750000000000002220 ) ) ;
#5743 = CARTESIAN_POINT ( 'NONE',  ( 0.3750000000000009992, 0.000000000000000000, 0.6750000000000000444 ) ) ;
#5744 = VECTOR ( 'NONE', #4111, 1000.000000000000000 ) ;
#5745 = ORIENTED_EDGE ( 'NONE', *, *, #3934, .F. ) ;
#5746 = ORIENTED_EDGE ( 'NONE', *, *, #2472, .F. ) ;
#5747 = EDGE_CURVE ( 'NONE', #3196, #3679, #4565, .T. ) ;
#5748 = VECTOR ( 'NONE', #2446, 1000.000000000000000 ) ;
#5749 = VECTOR ( 'NONE', #1950, 1000.000000000000000 ) ;
#5750 = DIRECTION ( 'NONE',  ( 0.000000000000000000, 0.000000000000000000, 1.000000000000000000 ) ) ;
#5751 = EDGE_LOOP ( 'NONE', ( #2083, #1973, #4310, #5323 ) ) ;
#5752 = CARTESIAN_POINT ( 'NONE',  ( -1.499999999999999778, 0.1299999999999998934, 1.250000000000000000 ) ) ;
#5753 = ORIENTED_EDGE ( 'NONE', *, *, #3544, .T. ) ;
#5754 = EDGE_CURVE ( 'NONE', #6322, #4182, #6782, .T. ) ;
#5755 = CARTESIAN_POINT ( 'NONE',  ( 1.399999999999999911, 0.1300000000000000044, 0.8750000000000002220 ) ) ;
#5756 = VECTOR ( 'NONE', #5384, 1000.000000000000000 ) ;
#5757 = DIRECTION ( 'NONE',  ( 0.000000000000000000, 1.000000000000000000, 0.000000000000000000 ) ) ;
#5758 = ORIENTED_EDGE ( 'NONE', *, *, #5235, .F. ) ;
#5759 = ORIENTED_EDGE ( 'NONE', *, *, #274, .F. ) ;
#5760 = LINE ( 'NONE', #2056, #970 ) ;
#5761 = VECTOR ( 'NONE', #4365, 1000.000000000000000 ) ;
#5762 = VERTEX_POINT ( 'NONE', #5913 ) ;
#5763 = PLANE ( 'NONE',  #2447 ) ;
#5764 = DIRECTION ( 'NONE',  ( 1.000000000000000000, -0.000000000000000000, 0.000000000000000000 ) ) ;
#5765 = CARTESIAN_POINT ( 'NONE',  ( 0.1250000000000007494, 0.000000000000000000, -0.6749999999999999334 ) ) ;
#5766 = DIRECTION ( 'NONE',  ( -0.000000000000000000, -1.000000000000000000, -0.000000000000000000 ) ) ;
#5767 = VERTEX_POINT ( 'NONE', #3274 ) ;
#5768 = DIRECTION ( 'NONE',  ( 0.000000000000000000, -1.000000000000000000, 0.000000000000000000 ) ) ;
#5769 = EDGE_CURVE ( 'NONE', #4041, #5886, #2055, .T. ) ;
#5770 = EDGE_CURVE ( 'NONE', #2001, #3020, #2136, .T. ) ;
#5771 = ORIENTED_EDGE ( 'NONE', *, *, #2979, .T. ) ;
#5772 = DIRECTION ( 'NONE',  ( 4.336808689942017736E-16, -0.000000000000000000, 1.000000000000000000 ) ) ;
#5773 = ORIENTED_EDGE ( 'NONE', *, *, #5417, .T. ) ;
#5774 = DIRECTION ( 'NONE',  ( 0.000000000000000000, 0.000000000000000000, -1.000000000000000000 ) ) ;
#5775 = SURFACE_SIDE_STYLE ('',( #1825 ) ) ;
#5776 = VECTOR ( 'NONE', #5820, 1000.000000000000000 ) ;
#5777 = VERTEX_POINT ( 'NONE', #4959 ) ;
#5778 = CARTESIAN_POINT ( 'NONE',  ( 0.6250000000000007772, 0.000000000000000000, -0.6749999999999999334 ) ) ;
#5779 = ORIENTED_EDGE ( 'NONE', *, *, #5312, .F. ) ;
#5780 = CARTESIAN_POINT ( 'NONE',  ( 0.1250000000000009159, 0.2000000000000000111, 0.6749999999999999334 ) ) ;
#5781 = ORIENTED_EDGE ( 'NONE', *, *, #1364, .T. ) ;
#5782 = EDGE_CURVE ( 'NONE', #1598, #3728, #6720, .T. ) ;
#5783 = DIRECTION ( 'NONE',  ( -1.000000000000000000, 0.000000000000000000, -2.282530889443167515E-16 ) ) ;
#5784 = DIRECTION ( 'NONE',  ( 4.336808689942017736E-16, 0.000000000000000000, -1.000000000000000000 ) ) ;
#5785 = ORIENTED_EDGE ( 'NONE', *, *, #5808, .T. ) ;
#5786 = ORIENTED_EDGE ( 'NONE', *, *, #3581, .F. ) ;
#5787 = FACE_OUTER_BOUND ( 'NONE', #5586, .T. ) ;
#5788 = VECTOR ( 'NONE', #6092, 1000.000000000000000 ) ;
#5789 = VERTEX_POINT ( 'NONE', #6049 ) ;
#5790 = SHAPE_DEFINITION_REPRESENTATION ( #593, #5355 ) ;
#5791 = VERTEX_POINT ( 'NONE', #320 ) ;
#5792 = ORIENTED_EDGE ( 'NONE', *, *, #187, .F. ) ;
#5793 = DIRECTION ( 'NONE',  ( 0.000000000000000000, -0.000000000000000000, 1.000000000000000000 ) ) ;
#5794 = DIRECTION ( 'NONE',  ( 4.336808689942017736E-16, -0.000000000000000000, 1.000000000000000000 ) ) ;
#5795 = EDGE_LOOP ( 'NONE', ( #2124, #3106, #3154, #1031 ) ) ;
#5796 = ORIENTED_EDGE ( 'NONE', *, *, #6031, .F. ) ;
#5797 = LINE ( 'NONE', #261, #3482 ) ;
#5798 = CARTESIAN_POINT ( 'NONE',  ( 1.399999999999999911, 0.7367727638395971113, -0.3749999999999997780 ) ) ;
#5799 = VERTEX_POINT ( 'NONE', #3321 ) ;
#5800 =( NAMED_UNIT ( * ) SI_UNIT ( $, .STERADIAN. ) SOLID_ANGLE_UNIT ( ) );
#5801 = VERTEX_POINT ( 'NONE', #852 ) ;
#5802 = ADVANCED_FACE ( 'NONE', ( #4448 ), #4876, .T. ) ;
#5803 = ORIENTED_EDGE ( 'NONE', *, *, #592, .F. ) ;
#5804 = DIRECTION ( 'NONE',  ( 0.000000000000000000, 0.000000000000000000, -1.000000000000000000 ) ) ;
#5805 = EDGE_CURVE ( 'NONE', #4029, #1199, #4460, .T. ) ;
#5806 = PRODUCT_DEFINITION_FORMATION_WITH_SPECIFIED_SOURCE ( 'ANY', '', #4606, .NOT_KNOWN. ) ;
#5807 = ORIENTED_EDGE ( 'NONE', *, *, #1282, .T. ) ;
#5808 = EDGE_CURVE ( 'NONE', #491, #5660, #2516, .T. ) ;
#5809 = ORIENTED_EDGE ( 'NONE', *, *, #2714, .T. ) ;
#5810 = VECTOR ( 'NONE', #1326, 1000.000000000000000 ) ;
#5811 = FACE_OUTER_BOUND ( 'NONE', #6537, .T. ) ;
#5812 = ORIENTED_EDGE ( 'NONE', *, *, #5805, .T. ) ;
#5813 = ORIENTED_EDGE ( 'NONE', *, *, #235, .T. ) ;
#5814 = CARTESIAN_POINT ( 'NONE',  ( 0.9250000000000000444, 0.1999999999999999833, 0.6250000000000001110 ) ) ;
#5815 = DIRECTION ( 'NONE',  ( -0.000000000000000000, -0.000000000000000000, 1.000000000000000000 ) ) ;
#5816 = DIRECTION ( 'NONE',  ( 0.000000000000000000, -1.000000000000000000, 0.000000000000000000 ) ) ;
#5817 = AXIS2_PLACEMENT_3D ( 'NONE', #5040, #6669, #5174 ) ;
#5818 = DIRECTION ( 'NONE',  ( 1.000000000000000000, 0.000000000000000000, -4.336808689942017736E-16 ) ) ;
#5819 = EDGE_LOOP ( 'NONE', ( #6243, #6205, #1838, #6320 ) ) ;
#5820 = DIRECTION ( 'NONE',  ( 0.000000000000000000, -1.000000000000000000, 0.000000000000000000 ) ) ;
#5821 = ORIENTED_EDGE ( 'NONE', *, *, #6746, .T. ) ;
#5822 = CARTESIAN_POINT ( 'NONE',  ( 1.399999999999999911, 0.7367727638395971113, -0.6249999999999997780 ) ) ;
#5823 = VERTEX_POINT ( 'NONE', #6484 ) ;
#5824 = CARTESIAN_POINT ( 'NONE',  ( 0.1250000000000010270, 0.1300000000000000044, 1.149999999999999911 ) ) ;
#5825 = ORIENTED_EDGE ( 'NONE', *, *, #2662, .T. ) ;
#5826 = EDGE_CURVE ( 'NONE', #6553, #3305, #4787, .T. ) ;
#5827 = CARTESIAN_POINT ( 'NONE',  ( 0.1250000000000009159, 0.1300000000000000044, 0.6749999999999999334 ) ) ;
#5828 = ORIENTED_EDGE ( 'NONE', *, *, #3934, .T. ) ;
#5829 = DIRECTION ( 'NONE',  ( 0.000000000000000000, 0.000000000000000000, -1.000000000000000000 ) ) ;
#5830 = ORIENTED_EDGE ( 'NONE', *, *, #1454, .T. ) ;
#5831 = DIRECTION ( 'NONE',  ( -1.000000000000000000, 0.000000000000000000, -2.282530889443168008E-16 ) ) ;
#5832 = ORIENTED_EDGE ( 'NONE', *, *, #5736, .T. ) ;
#5833 = ORIENTED_EDGE ( 'NONE', *, *, #932, .F. ) ;
#5834 = DIRECTION ( 'NONE',  ( 4.336808689942017736E-16, -0.000000000000000000, 1.000000000000000000 ) ) ;
#5835 = CARTESIAN_POINT ( 'NONE',  ( 0.6250000000000007772, 0.000000000000000000, -0.6749999999999999334 ) ) ;
#5836 = LINE ( 'NONE', #6784, #3562 ) ;
#5837 = VERTEX_POINT ( 'NONE', #5633 ) ;
#5838 = ORIENTED_EDGE ( 'NONE', *, *, #2789, .F. ) ;
#5839 = ORIENTED_EDGE ( 'NONE', *, *, #3213, .T. ) ;
#5840 = DIRECTION ( 'NONE',  ( 2.282530889443168501E-16, 0.000000000000000000, 1.000000000000000000 ) ) ;
#5841 = CARTESIAN_POINT ( 'NONE',  ( 0.9250000000000001554, 0.1999999999999999833, -0.1249999999999998890 ) ) ;
#5842 = ORIENTED_EDGE ( 'NONE', *, *, #4147, .T. ) ;
#5843 = ORIENTED_EDGE ( 'NONE', *, *, #4012, .T. ) ;
#5844 = VECTOR ( 'NONE', #4988, 1000.000000000000000 ) ;
#5845 = FACE_OUTER_BOUND ( 'NONE', #5969, .T. ) ;
#5846 = DIRECTION ( 'NONE',  ( 0.000000000000000000, -0.000000000000000000, -1.000000000000000000 ) ) ;
#5847 = EDGE_LOOP ( 'NONE', ( #282, #3879, #1165, #346 ) ) ;
#5848 = EDGE_CURVE ( 'NONE', #1719, #6599, #4587, .T. ) ;
#5849 = DIRECTION ( 'NONE',  ( -1.000000000000000000, 0.000000000000000000, 2.282530889443167022E-16 ) ) ;
#5850 = EDGE_LOOP ( 'NONE', ( #645, #5163, #2674, #1388 ) ) ;
#5851 = ORIENTED_EDGE ( 'NONE', *, *, #2639, .T. ) ;
#5852 = DIRECTION ( 'NONE',  ( 1.000000000000000000, -0.000000000000000000, -2.282530889443168008E-16 ) ) ;
#5853 = ORIENTED_EDGE ( 'NONE', *, *, #4165, .F. ) ;
#5854 = ORIENTED_EDGE ( 'NONE', *, *, #4519, .T. ) ;
#5855 = LINE ( 'NONE', #2392, #1250 ) ;
#5856 = VECTOR ( 'NONE', #462, 1000.000000000000000 ) ;
#5857 = VERTEX_POINT ( 'NONE', #1924 ) ;
#5858 = EDGE_LOOP ( 'NONE', ( #690, #1986, #4980, #5068 ) ) ;
#5859 = DIRECTION ( 'NONE',  ( -4.336808689942017736E-16, 0.000000000000000000, -1.000000000000000000 ) ) ;
#5860 = DIRECTION ( 'NONE',  ( 0.000000000000000000, 0.000000000000000000, -1.000000000000000000 ) ) ;
#5861 = PRESENTATION_LAYER_ASSIGNMENT (  '', '', ( #6767 ) ) ;
#5862 = DIRECTION ( 'NONE',  ( 4.336808689942017736E-16, 0.000000000000000000, -1.000000000000000000 ) ) ;
#5863 = ADVANCED_FACE ( 'NONE', ( #4644 ), #3871, .T. ) ;
#5864 = ORIENTED_EDGE ( 'NONE', *, *, #5127, .T. ) ;
#5865 = CARTESIAN_POINT ( 'NONE',  ( -1.399999999999999911, 0.7367727638395971113, 0.3750000000000002220 ) ) ;
#5866 = EDGE_LOOP ( 'NONE', ( #3885, #3730, #6035, #3090 ) ) ;
#5868 = DIRECTION ( 'NONE',  ( 0.000000000000000000, -1.000000000000000000, 0.000000000000000000 ) ) ;
#5867 = VECTOR ( 'NONE', #3855, 1000.000000000000000 ) ;
#5869 = CARTESIAN_POINT ( 'NONE',  ( -1.399999999999999911, 0.1999999999999999833, -0.6249999999999997780 ) ) ;
#5870 = FACE_OUTER_BOUND ( 'NONE', #3600, .T. ) ;
#5871 = EDGE_LOOP ( 'NONE', ( #781, #1995, #5346, #3030 ) ) ;
#5872 = CARTESIAN_POINT ( 'NONE',  ( -0.3749999999999992228, 0.1999999999999999833, -1.149999999999999911 ) ) ;
#5873 = EDGE_CURVE ( 'NONE', #4870, #6048, #2503, .T. ) ;
#5874 = ADVANCED_FACE ( 'NONE', ( #4767 ), #4412, .T. ) ;
#5875 = ORIENTED_EDGE ( 'NONE', *, *, #6768, .F. ) ;
#5876 = AXIS2_PLACEMENT_3D ( 'NONE', #2937, #747, #6715 ) ;
#5877 = PLANE ( 'NONE',  #5680 ) ;
#5878 = ORIENTED_EDGE ( 'NONE', *, *, #4485, .F. ) ;
#5879 = CARTESIAN_POINT ( 'NONE',  ( -1.399999999999999911, 0.000000000000000000, 0.3750000000000002220 ) ) ;
#5880 = ORIENTED_EDGE ( 'NONE', *, *, #3127, .F. ) ;
#5881 = CARTESIAN_POINT ( 'NONE',  ( -1.227272727272726627, 0.6399999999999999023, -0.9772727272727270709 ) ) ;
#5882 = CARTESIAN_POINT ( 'NONE',  ( 0.9250000000000001554, 0.1999999999999999833, 0.3750000000000001110 ) ) ;
#5883 = LINE ( 'NONE', #6507, #5893 ) ;
#5884 = ORIENTED_EDGE ( 'NONE', *, *, #5450, .T. ) ;
#5885 = ORIENTED_EDGE ( 'NONE', *, *, #5724, .F. ) ;
#5886 = VERTEX_POINT ( 'NONE', #702 ) ;
#5887 = DIRECTION ( 'NONE',  ( 0.000000000000000000, 0.000000000000000000, -1.000000000000000000 ) ) ;
#5888 = CARTESIAN_POINT ( 'NONE',  ( 0.9250000000000000444, 0.1300000000000000044, -0.8749999999999998890 ) ) ;
#5889 = AXIS2_PLACEMENT_3D ( 'NONE', #5580, #1974, #801 ) ;
#5890 =( GEOMETRIC_REPRESENTATION_CONTEXT ( 3 ) GLOBAL_UNCERTAINTY_ASSIGNED_CONTEXT ( ( #4678 ) ) GLOBAL_UNIT_ASSIGNED_CONTEXT ( ( #4274, #350, #5123 ) ) REPRESENTATION_CONTEXT ( 'NONE', 'WORKASPACE' ) );
#5891 = ORIENTED_EDGE ( 'NONE', *, *, #5605, .F. ) ;
#5892 = LINE ( 'NONE', #1667, #5810 ) ;
#5893 = VECTOR ( 'NONE', #4079, 1000.000000000000000 ) ;
#5894 = EDGE_LOOP ( 'NONE', ( #1800, #1836, #4249, #4221 ) ) ;
#5895 = ORIENTED_EDGE ( 'NONE', *, *, #541, .T. ) ;
#5896 = ORIENTED_EDGE ( 'NONE', *, *, #3247, .T. ) ;
#5897 = EDGE_CURVE ( 'NONE', #1556, #6604, #50, .T. ) ;
#5898 = DIRECTION ( 'NONE',  ( 1.000000000000000000, -0.000000000000000000, 8.673617379884037444E-16 ) ) ;
#5899 = DIRECTION ( 'NONE',  ( 0.000000000000000000, -0.000000000000000000, 1.000000000000000000 ) ) ;
#5900 = AXIS2_PLACEMENT_3D ( 'NONE', #3517, #4897, #4440 ) ;
#5901 = ORIENTED_EDGE ( 'NONE', *, *, #1111, .F. ) ;
#5902 = VECTOR ( 'NONE', #416, 1000.000000000000000 ) ;
#5903 = VERTEX_POINT ( 'NONE', #2583 ) ;
#5904 = VERTEX_POINT ( 'NONE', #5181 ) ;
#5905 = DIRECTION ( 'NONE',  ( 8.673617379884035472E-16, -0.000000000000000000, 1.000000000000000000 ) ) ;
#5906 = CARTESIAN_POINT ( 'NONE',  ( 1.500000000000000000, 0.000000000000000000, -1.250000000000000000 ) ) ;
#5907 = ORIENTED_EDGE ( 'NONE', *, *, #6003, .F. ) ;
#5908 = CARTESIAN_POINT ( 'NONE',  ( -1.399999999999999911, 0.1300000000000000044, 0.3750000000000002220 ) ) ;
#5909 = ADVANCED_FACE ( 'NONE', ( #4800 ), #5684, .T. ) ;
#5910 = ORIENTED_EDGE ( 'NONE', *, *, #4848, .T. ) ;
#5911 = EDGE_CURVE ( 'NONE', #2023, #2002, #211, .T. ) ;
#5912 = LINE ( 'NONE', #4902, #1225 ) ;
#5913 = CARTESIAN_POINT ( 'NONE',  ( -0.9250000000000000444, 0.000000000000000000, -0.3749999999999998890 ) ) ;
#5914 = VECTOR ( 'NONE', #5466, 1000.000000000000000 ) ;
#5915 = EDGE_LOOP ( 'NONE', ( #222, #2413, #1521, #5838 ) ) ;
#5916 = CARTESIAN_POINT ( 'NONE',  ( -1.499999999999999778, 5.385124837953327415, 1.250000000000000000 ) ) ;
#5917 = EDGE_CURVE ( 'NONE', #4124, #4071, #4691, .T. ) ;
#5918 = ORIENTED_EDGE ( 'NONE', *, *, #2164, .T. ) ;
#5919 = PLANE ( 'NONE',  #2617 ) ;
#5920 = ORIENTED_EDGE ( 'NONE', *, *, #4719, .T. ) ;
#5921 = EDGE_CURVE ( 'NONE', #5261, #425, #4669, .T. ) ;
#5922 = DIRECTION ( 'NONE',  ( -1.000000000000000000, 0.000000000000000000, 2.282530889443167515E-16 ) ) ;
#5923 = EDGE_LOOP ( 'NONE', ( #5530, #924, #2257, #5687 ) ) ;
#5924 = PLANE ( 'NONE',  #1918 ) ;
#5925 = VECTOR ( 'NONE', #1801, 1000.000000000000000 ) ;
#5926 = VERTEX_POINT ( 'NONE', #3105 ) ;
#5927 = ADVANCED_FACE ( 'NONE', ( #4757 ), #2541, .T. ) ;
#5928 = VERTEX_POINT ( 'NONE', #5742 ) ;
#5929 = ORIENTED_EDGE ( 'NONE', *, *, #1091, .T. ) ;
#5930 = CARTESIAN_POINT ( 'NONE',  ( 1.399999999999999911, 0.1300000000000000044, 0.1250000000000002220 ) ) ;
#5931 = CARTESIAN_POINT ( 'NONE',  ( -0.3749999999999990008, 0.000000000000000000, 1.149999999999999911 ) ) ;
#5932 = EDGE_CURVE ( 'NONE', #170, #5084, #179, .T. ) ;
#5933 = ORIENTED_EDGE ( 'NONE', *, *, #1907, .F. ) ;
#5934 = FACE_OUTER_BOUND ( 'NONE', #1621, .T. ) ;
#5935 = PRESENTATION_STYLE_ASSIGNMENT (( #3504 ) ) ;
#5936 = CARTESIAN_POINT ( 'NONE',  ( 0.3750000000000011102, 0.7367727638395973333, 1.149999999999999689 ) ) ;
#5937 = VERTEX_POINT ( 'NONE', #3057 ) ;
#5938 = DIRECTION ( 'NONE',  ( 0.000000000000000000, -1.000000000000000000, 0.000000000000000000 ) ) ;
#5939 = ORIENTED_EDGE ( 'NONE', *, *, #2498, .T. ) ;
#5940 = ORIENTED_EDGE ( 'NONE', *, *, #4719, .F. ) ;
#5941 = DIRECTION ( 'NONE',  ( 1.000000000000000000, 0.000000000000000000, 0.000000000000000000 ) ) ;
#5942 = STYLED_ITEM ( 'NONE', ( #6620 ), #3182 ) ;
#5943 = CARTESIAN_POINT ( 'NONE',  ( 0.9250000000000001554, 0.000000000000000000, 0.3750000000000001110 ) ) ;
#5944 = AXIS2_PLACEMENT_3D ( 'NONE', #3193, #3759, #4286 ) ;
#5945 = ORIENTED_EDGE ( 'NONE', *, *, #3433, .T. ) ;
#5946 = LINE ( 'NONE', #4488, #1361 ) ;
#5947 = CIRCLE ( 'NONE', #5630, 0.1250000000000004441 ) ;
#5948 = ORIENTED_EDGE ( 'NONE', *, *, #772, .F. ) ;
#5949 = ORIENTED_EDGE ( 'NONE', *, *, #172, .T. ) ;
#5950 = CARTESIAN_POINT ( 'NONE',  ( 0.9250000000000001554, 0.7367727638395971113, -0.6249999999999998890 ) ) ;
#5951 = DIRECTION ( 'NONE',  ( 0.000000000000000000, 0.000000000000000000, -1.000000000000000000 ) ) ;
#5952 = CARTESIAN_POINT ( 'NONE',  ( 1.399999999999999911, 0.1300000000000000044, -0.3749999999999997780 ) ) ;
#5953 = EDGE_LOOP ( 'NONE', ( #3018, #4128, #538, #4154 ) ) ;
#5954 = DIRECTION ( 'NONE',  ( -1.000000000000000000, 0.000000000000000000, 2.282530889443167515E-16 ) ) ;
#5955 = DIRECTION ( 'NONE',  ( 0.000000000000000000, 0.000000000000000000, 1.000000000000000000 ) ) ;
#5956 = ORIENTED_EDGE ( 'NONE', *, *, #1454, .F. ) ;
#5957 = FACE_OUTER_BOUND ( 'NONE', #624, .T. ) ;
#5958 = DIRECTION ( 'NONE',  ( -0.000000000000000000, -1.000000000000000000, -0.000000000000000000 ) ) ;
#5959 = LINE ( 'NONE', #1745, #3654 ) ;
#5960 = EDGE_LOOP ( 'NONE', ( #2657, #298, #6110, #1248 ) ) ;
#5961 = DIRECTION ( 'NONE',  ( 1.000000000000000000, 0.000000000000000000, 0.000000000000000000 ) ) ;
#5962 = DIRECTION ( 'NONE',  ( 1.000000000000000000, 0.000000000000000000, 2.282530889443168008E-16 ) ) ;
#5963 = EDGE_LOOP ( 'NONE', ( #2834, #2803, #558, #6499 ) ) ;
#5964 = DIRECTION ( 'NONE',  ( -1.000000000000000000, 0.000000000000000000, 2.282530889443167022E-16 ) ) ;
#5965 = ORIENTED_EDGE ( 'NONE', *, *, #3503, .T. ) ;
#5966 = EDGE_CURVE ( 'NONE', #2846, #4085, #4745, .T. ) ;
#5967 = DIRECTION ( 'NONE',  ( 0.000000000000000000, -1.000000000000000000, 0.000000000000000000 ) ) ;
#5968 = EDGE_CURVE ( 'NONE', #1706, #2026, #2384, .T. ) ;
#5969 = EDGE_LOOP ( 'NONE', ( #5723, #6126, #1433, #3519 ) ) ;
#5970 = CARTESIAN_POINT ( 'NONE',  ( -0.9250000000000000444, 0.1999999999999999833, -0.3749999999999998890 ) ) ;
#5971 = LINE ( 'NONE', #5600, #3697 ) ;
#5972 = VERTEX_POINT ( 'NONE', #6765 ) ;
#5973 = EDGE_LOOP ( 'NONE', ( #4598, #1394, #1960, #3516 ) ) ;
#5974 = CARTESIAN_POINT ( 'NONE',  ( -0.9250000000000000444, 0.7367727638395971113, 0.6250000000000001110 ) ) ;
#5975 = AXIS2_PLACEMENT_3D ( 'NONE', #4824, #2799, #3907 ) ;
#5976 = ADVANCED_FACE ( 'NONE', ( #2465 ), #1076, .F. ) ;
#5977 = CARTESIAN_POINT ( 'NONE',  ( 1.500000000000000000, 5.385124837953327415, -1.250000000000000000 ) ) ;
#5978 = EDGE_LOOP ( 'NONE', ( #1643, #1572, #6138, #840 ) ) ;
#5979 = DIRECTION ( 'NONE',  ( 0.000000000000000000, 0.000000000000000000, 1.000000000000000000 ) ) ;
#5980 = CARTESIAN_POINT ( 'NONE',  ( 0.9250000000000001554, 0.7367727638395971113, -0.6249999999999998890 ) ) ;
#5981 = EDGE_LOOP ( 'NONE', ( #5424, #4139, #5206, #3726 ) ) ;
#5982 = FACE_OUTER_BOUND ( 'NONE', #5850, .T. ) ;
#5983 = DIRECTION ( 'NONE',  ( 0.000000000000000000, -0.000000000000000000, 1.000000000000000000 ) ) ;
#5984 = VERTEX_POINT ( 'NONE', #1476 ) ;
#5985 = EDGE_CURVE ( 'NONE', #3670, #24, #2348, .T. ) ;
#5986 = ADVANCED_FACE ( 'NONE', ( #4702 ), #1606, .T. ) ;
#5987 = ORIENTED_EDGE ( 'NONE', *, *, #6141, .T. ) ;
#5988 = AXIS2_PLACEMENT_3D ( 'NONE', #782, #6706, #4001 ) ;
#5989 = PLANE ( 'NONE',  #4738 ) ;
#5990 = AXIS2_PLACEMENT_3D ( 'NONE', #4671, #2850, #1905 ) ;
#5991 = ORIENTED_EDGE ( 'NONE', *, *, #6230, .T. ) ;
#5992 = EDGE_CURVE ( 'NONE', #3849, #356, #220, .T. ) ;
#5993 = CARTESIAN_POINT ( 'NONE',  ( 0.6250000000000009992, 0.1999999999999999833, 0.6749999999999999334 ) ) ;
#5994 = PLANE ( 'NONE',  #5975 ) ;
#5995 = VERTEX_POINT ( 'NONE', #445 ) ;
#5996 = LINE ( 'NONE', #1492, #1402 ) ;
#5997 = VERTEX_POINT ( 'NONE', #4196 ) ;
#5998 = ORIENTED_EDGE ( 'NONE', *, *, #92, .T. ) ;
#5999 =( NAMED_UNIT ( * ) SI_UNIT ( $, .STERADIAN. ) SOLID_ANGLE_UNIT ( ) );
#6000 = CARTESIAN_POINT ( 'NONE',  ( -1.399999999999999911, 0.000000000000000000, -0.6249999999999997780 ) ) ;
#6001 = DIRECTION ( 'NONE',  ( 1.000000000000000000, 0.000000000000000000, -4.336808689942018722E-16 ) ) ;
#6002 = ORIENTED_EDGE ( 'NONE', *, *, #4026, .T. ) ;
#6003 = EDGE_CURVE ( 'NONE', #1987, #3603, #2370, .T. ) ;
#6004 = CARTESIAN_POINT ( 'NONE',  ( -1.399999999999999911, 0.000000000000000000, -0.1249999999999997918 ) ) ;
#6005 = DIRECTION ( 'NONE',  ( -0.000000000000000000, -1.000000000000000000, -0.000000000000000000 ) ) ;
#6006 = EDGE_CURVE ( 'NONE', #6586, #2371, #201, .T. ) ;
#6007 = VERTEX_POINT ( 'NONE', #3002 ) ;
#6008 = DIRECTION ( 'NONE',  ( -4.336808689942017736E-16, 0.000000000000000000, -1.000000000000000000 ) ) ;
#6009 = VECTOR ( 'NONE', #420, 1000.000000000000000 ) ;
#6010 = VERTEX_POINT ( 'NONE', #3198 ) ;
#6011 = SURFACE_SIDE_STYLE ('',( #728 ) ) ;
#6012 = ORIENTED_EDGE ( 'NONE', *, *, #4894, .T. ) ;
#6013 = ORIENTED_EDGE ( 'NONE', *, *, #5150, .T. ) ;
#6014 = CARTESIAN_POINT ( 'NONE',  ( -0.3749999999999991118, 0.1300000000000000044, 0.6749999999999999334 ) ) ;
#6015 = ORIENTED_EDGE ( 'NONE', *, *, #110, .F. ) ;
#6016 = CARTESIAN_POINT ( 'NONE',  ( 0.9250000000000000444, 0.1999999999999999833, 0.1250000000000001110 ) ) ;
#6017 = VECTOR ( 'NONE', #2921, 1000.000000000000000 ) ;
#6018 = ADVANCED_FACE ( 'NONE', ( #2289 ), #6192, .F. ) ;
#6019 = ORIENTED_EDGE ( 'NONE', *, *, #406, .T. ) ;
#6020 = ORIENTED_EDGE ( 'NONE', *, *, #2458, .F. ) ;
#6021 = EDGE_CURVE ( 'NONE', #647, #2587, #59, .T. ) ;
#6022 = DIRECTION ( 'NONE',  ( 2.282530889443167515E-16, -0.000000000000000000, 1.000000000000000000 ) ) ;
#6023 = ORIENTED_EDGE ( 'NONE', *, *, #3427, .F. ) ;
#6024 = CARTESIAN_POINT ( 'NONE',  ( -0.9250000000000001554, 0.7367727638395971113, 0.8750000000000001110 ) ) ;
#6025 = DIRECTION ( 'NONE',  ( 0.000000000000000000, -1.000000000000000000, 0.000000000000000000 ) ) ;
#6026 = SURFACE_SIDE_STYLE ('',( #3618 ) ) ;
#6027 = ORIENTED_EDGE ( 'NONE', *, *, #2113, .F. ) ;
#6028 = VECTOR ( 'NONE', #1945, 1000.000000000000000 ) ;
#6029 = DIRECTION ( 'NONE',  ( 0.000000000000000000, 0.000000000000000000, -1.000000000000000000 ) ) ;
#6030 = VERTEX_POINT ( 'NONE', #4978 ) ;
#6031 = EDGE_CURVE ( 'NONE', #4162, #5904, #97, .T. ) ;
#6032 = FACE_OUTER_BOUND ( 'NONE', #3293, .T. ) ;
#6033 = ADVANCED_FACE ( 'NONE', ( #2492 ), #4517, .T. ) ;
#6034 = AXIS2_PLACEMENT_3D ( 'NONE', #5333, #6508, #5846 ) ;
#6035 = ORIENTED_EDGE ( 'NONE', *, *, #5691, .T. ) ;
#6036 = CARTESIAN_POINT ( 'NONE',  ( -0.9250000000000001554, 0.000000000000000000, -0.6249999999999998890 ) ) ;
#6037 = DIRECTION ( 'NONE',  ( 1.000000000000000000, 0.000000000000000000, -2.282530889443168501E-16 ) ) ;
#6038 = DIRECTION ( 'NONE',  ( -2.282530889443167022E-16, -0.000000000000000000, -1.000000000000000000 ) ) ;
#6039 = EDGE_LOOP ( 'NONE', ( #1101, #4932, #2394, #5949 ) ) ;
#6040 = FACE_OUTER_BOUND ( 'NONE', #3401, .T. ) ;
#6041 = VERTEX_POINT ( 'NONE', #82 ) ;
#6042 = ORIENTED_EDGE ( 'NONE', *, *, #4388, .T. ) ;
#6043 = DIRECTION ( 'NONE',  ( -0.000000000000000000, -1.000000000000000000, -0.000000000000000000 ) ) ;
#6044 = EDGE_CURVE ( 'NONE', #4322, #4051, #2312, .T. ) ;
#6045 = CARTESIAN_POINT ( 'NONE',  ( -0.9250000000000000444, 0.000000000000000000, 0.6250000000000001110 ) ) ;
#6046 = CARTESIAN_POINT ( 'NONE',  ( -0.9250000000000001554, 0.7367727638395971113, 0.8750000000000001110 ) ) ;
#6047 = CARTESIAN_POINT ( 'NONE',  ( -1.399999999999999911, 0.1300000000000000044, -0.3749999999999997780 ) ) ;
#6048 = VERTEX_POINT ( 'NONE', #1652 ) ;
#6049 = CARTESIAN_POINT ( 'NONE',  ( -0.9250000000000000444, 0.1300000000000000044, 0.6250000000000001110 ) ) ;
#6050 = LINE ( 'NONE', #6550, #1273 ) ;
#6051 = ORIENTED_EDGE ( 'NONE', *, *, #251, .F. ) ;
#6052 = FILL_AREA_STYLE ('',( #1345 ) ) ;
#6053 = CARTESIAN_POINT ( 'NONE',  ( -0.9250000000000000444, 0.1300000000000000044, 0.6250000000000001110 ) ) ;
#6054 = LINE ( 'NONE', #4403, #1490 ) ;
#6055 = VECTOR ( 'NONE', #6572, 1000.000000000000000 ) ;
#6056 = EDGE_CURVE ( 'NONE', #3437, #2505, #40, .T. ) ;
#6057 = CARTESIAN_POINT ( 'NONE',  ( -0.9250000000000001554, 0.000000000000000000, -0.6249999999999998890 ) ) ;
#6058 = AXIS2_PLACEMENT_3D ( 'NONE', #1244, #1773, #3536 ) ;
#6059 = ORIENTED_EDGE ( 'NONE', *, *, #110, .T. ) ;
#6060 = DIRECTION ( 'NONE',  ( 1.000000000000000000, 0.000000000000000000, -4.336808689942017736E-16 ) ) ;
#6061 = CARTESIAN_POINT ( 'NONE',  ( 0.000000000000000000, 0.000000000000000000, 0.000000000000000000 ) ) ;
#6062 = VERTEX_POINT ( 'NONE', #5930 ) ;
#6063 = LINE ( 'NONE', #461, #1448 ) ;
#6064 = CARTESIAN_POINT ( 'NONE',  ( 0.1250000000000009159, 0.000000000000000000, 0.6749999999999999334 ) ) ;
#6065 = DIRECTION ( 'NONE',  ( -1.000000000000000000, 0.000000000000000000, -8.673617379884037444E-16 ) ) ;
#6066 = DIRECTION ( 'NONE',  ( 0.000000000000000000, 1.000000000000000000, 0.000000000000000000 ) ) ;
#6067 = EDGE_CURVE ( 'NONE', #3253, #6521, #80, .T. ) ;
#6068 = FILL_AREA_STYLE ('',( #4433 ) ) ;
#6069 = EDGE_LOOP ( 'NONE', ( #150, #1182, #1313, #3539 ) ) ;
#6070 = STYLED_ITEM ( 'NONE', ( #5676 ), #1910 ) ;
#6071 = EDGE_CURVE ( 'NONE', #3948, #6030, #72, .T. ) ;
#6072 = VECTOR ( 'NONE', #2683, 1000.000000000000000 ) ;
#6073 = ADVANCED_FACE ( 'NONE', ( #4682 ), #2204, .F. ) ;
#6074 = ORIENTED_EDGE ( 'NONE', *, *, #890, .T. ) ;
#6075 = EDGE_CURVE ( 'NONE', #1297, #818, #2421, .T. ) ;
#6076 = EDGE_LOOP ( 'NONE', ( #1035, #4774, #384, #886 ) ) ;
#6077 = FACE_OUTER_BOUND ( 'NONE', #5370, .T. ) ;
#6078 = DIRECTION ( 'NONE',  ( 1.000000000000000000, 0.000000000000000000, -8.673617379884035472E-16 ) ) ;
#6079 = DIRECTION ( 'NONE',  ( 1.000000000000000000, -0.000000000000000000, 8.673617379884037444E-16 ) ) ;
#6080 = CARTESIAN_POINT ( 'NONE',  ( 1.500000000000000000, 5.385124837953327415, -1.250000000000000000 ) ) ;
#6081 = CARTESIAN_POINT ( 'NONE',  ( 0.9250000000000000444, 0.000000000000000000, 0.6250000000000001110 ) ) ;
#6082 = ORIENTED_EDGE ( 'NONE', *, *, #2615, .F. ) ;
#6083 = ORIENTED_EDGE ( 'NONE', *, *, #991, .T. ) ;
#6084 = EDGE_CURVE ( 'NONE', #2280, #5984, #112, .T. ) ;
#6085 = LINE ( 'NONE', #5477, #1567 ) ;
#6086 = FILL_AREA_STYLE ('',( #6564 ) ) ;
#6087 = DIRECTION ( 'NONE',  ( -0.000000000000000000, -1.000000000000000000, -0.000000000000000000 ) ) ;
#6088 = EDGE_CURVE ( 'NONE', #2839, #5997, #2393, .T. ) ;
#6089 = CARTESIAN_POINT ( 'NONE',  ( -0.3749999999999990008, 0.2000000000000000111, 1.149999999999999911 ) ) ;
#6090 = ADVANCED_FACE ( 'NONE', ( #4723 ), #5018, .T. ) ;
#6091 = VECTOR ( 'NONE', #6005, 1000.000000000000000 ) ;
#6092 = DIRECTION ( 'NONE',  ( -1.000000000000000000, 0.000000000000000000, 8.673617379884035472E-16 ) ) ;
#6093 = CARTESIAN_POINT ( 'NONE',  ( 0.1250000000000007494, 0.1999999999999999833, -0.6749999999999999334 ) ) ;
#6094 = EDGE_CURVE ( 'NONE', #3728, #3712, #149, .T. ) ;
#6095 = CARTESIAN_POINT ( 'NONE',  ( 1.399999999999999911, 0.1300000000000000044, -0.6249999999999997780 ) ) ;
#6096 = ORIENTED_EDGE ( 'NONE', *, *, #2351, .T. ) ;
#6097 = FACE_OUTER_BOUND ( 'NONE', #5075, .T. ) ;
#6098 = ORIENTED_EDGE ( 'NONE', *, *, #481, .F. ) ;
#6099 = DIRECTION ( 'NONE',  ( 2.282530889443167022E-16, 0.000000000000000000, 1.000000000000000000 ) ) ;
#6100 = ADVANCED_FACE ( 'NONE', ( #2430 ), #3891, .F. ) ;
#6101 = CARTESIAN_POINT ( 'NONE',  ( 0.000000000000000000, 0.000000000000000000, 1.500000000000000000 ) ) ;
#6102 = VECTOR ( 'NONE', #2138, 1000.000000000000000 ) ;
#6103 = VECTOR ( 'NONE', #604, 1000.000000000000000 ) ;
#6104 = AXIS2_PLACEMENT_3D ( 'NONE', #4480, #1661, #2879 ) ;
#6105 = EDGE_CURVE ( 'NONE', #4449, #5261, #4733, .T. ) ;
#6106 = CARTESIAN_POINT ( 'NONE',  ( -0.9250000000000000444, 0.000000000000000000, 0.1250000000000001110 ) ) ;
#6107 = ORIENTED_EDGE ( 'NONE', *, *, #5917, .T. ) ;
#6108 = CARTESIAN_POINT ( 'NONE',  ( 0.1250000000000007494, 0.1999999999999999833, -0.6749999999999999334 ) ) ;
#6109 = LINE ( 'NONE', #1628, #3889 ) ;
#6110 = ORIENTED_EDGE ( 'NONE', *, *, #758, .T. ) ;
#6111 = VECTOR ( 'NONE', #180, 1000.000000000000000 ) ;
#6112 = DIRECTION ( 'NONE',  ( -1.000000000000000000, 0.000000000000000000, -8.673617379884037444E-16 ) ) ;
#6113 = FACE_OUTER_BOUND ( 'NONE', #6119, .T. ) ;
#6114 = CARTESIAN_POINT ( 'NONE',  ( 1.399999999999999911, 0.1300000000000000044, -0.1249999999999997918 ) ) ;
#6115 = CARTESIAN_POINT ( 'NONE',  ( -0.3749999999999992228, 0.000000000000000000, -0.6749999999999999334 ) ) ;
#6116 = DIRECTION ( 'NONE',  ( 4.336808689942017736E-16, -0.000000000000000000, 1.000000000000000000 ) ) ;
#6117 = ORIENTED_EDGE ( 'NONE', *, *, #1229, .T. ) ;
#6118 = LINE ( 'NONE', #3860, #1520 ) ;
#6119 = EDGE_LOOP ( 'NONE', ( #733, #6692, #4444, #4492 ) ) ;
#6120 = FILL_AREA_STYLE ('',( #2049 ) ) ;
#6121 = PRESENTATION_STYLE_ASSIGNMENT (( #881 ) ) ;
#6122 = LINE ( 'NONE', #2267, #6091 ) ;
#6123 = CARTESIAN_POINT ( 'NONE',  ( 0.3750000000000007772, 0.2000000000000000111, -0.6749999999999998224 ) ) ;
#6124 = CARTESIAN_POINT ( 'NONE',  ( -1.227272727272726627, 0.7399999999999999911, -1.102272727272727293 ) ) ;
#6125 = CARTESIAN_POINT ( 'NONE',  ( -0.3749999999999992228, 0.2000000000000000111, -0.6749999999999999334 ) ) ;
#6126 = ORIENTED_EDGE ( 'NONE', *, *, #2615, .T. ) ;
#6127 = VECTOR ( 'NONE', #6043, 1000.000000000000000 ) ;
#6128 = ORIENTED_EDGE ( 'NONE', *, *, #1590, .F. ) ;
#6129 = FACE_OUTER_BOUND ( 'NONE', #4860, .T. ) ;
#6130 = CARTESIAN_POINT ( 'NONE',  ( 1.399999999999999911, 0.000000000000000000, -0.3749999999999997780 ) ) ;
#6131 = CARTESIAN_POINT ( 'NONE',  ( -0.6249999999999992228, 0.2000000000000000111, -0.6749999999999998224 ) ) ;
#6132 = FACE_OUTER_BOUND ( 'NONE', #1874, .T. ) ;
#6133 = DIRECTION ( 'NONE',  ( 4.336808689942017736E-16, 0.000000000000000000, -1.000000000000000000 ) ) ;
#6134 = CARTESIAN_POINT ( 'NONE',  ( -0.9250000000000001554, 0.1300000000000000044, 0.8750000000000001110 ) ) ;
#6135 = DIRECTION ( 'NONE',  ( 2.282530889443168501E-16, 0.000000000000000000, 1.000000000000000000 ) ) ;
#6136 = ORIENTED_EDGE ( 'NONE', *, *, #2573, .F. ) ;
#6137 = CARTESIAN_POINT ( 'NONE',  ( 1.399999999999999911, 0.7367727638395971113, 0.6250000000000002220 ) ) ;
#6138 = ORIENTED_EDGE ( 'NONE', *, *, #6310, .T. ) ;
#6139 = LINE ( 'NONE', #1281, #1635 ) ;
#6140 = ORIENTED_EDGE ( 'NONE', *, *, #1746, .T. ) ;
#6141 = EDGE_CURVE ( 'NONE', #3452, #1742, #4609, .T. ) ;
#6142 = DIRECTION ( 'NONE',  ( -1.000000000000000000, 0.000000000000000000, 2.282530889443167515E-16 ) ) ;
#6143 = VECTOR ( 'NONE', #5436, 1000.000000000000000 ) ;
#6144 = VECTOR ( 'NONE', #362, 1000.000000000000000 ) ;
#6145 = AXIS2_PLACEMENT_3D ( 'NONE', #2253, #2713, #2591 ) ;
#6146 = DIRECTION ( 'NONE',  ( 0.000000000000000000, -1.000000000000000000, 0.000000000000000000 ) ) ;
#6147 = ORIENTED_EDGE ( 'NONE', *, *, #321, .T. ) ;
#6148 = ORIENTED_EDGE ( 'NONE', *, *, #2305, .F. ) ;
#6149 = DIRECTION ( 'NONE',  ( -4.336808689942017736E-16, 0.000000000000000000, 1.000000000000000000 ) ) ;
#6150 = FACE_OUTER_BOUND ( 'NONE', #6489, .T. ) ;
#6151 = ORIENTED_EDGE ( 'NONE', *, *, #1269, .F. ) ;
#6152 = ADVANCED_FACE ( 'NONE', ( #4872 ), #163, .T. ) ;
#6153 = ORIENTED_EDGE ( 'NONE', *, *, #6094, .T. ) ;
#6154 = CARTESIAN_POINT ( 'NONE',  ( -0.3749999999999992228, 0.000000000000000000, -1.149999999999999911 ) ) ;
#6155 = FACE_OUTER_BOUND ( 'NONE', #2278, .T. ) ;
#6156 = DIRECTION ( 'NONE',  ( 0.000000000000000000, -1.000000000000000000, 0.000000000000000000 ) ) ;
#6157 = EDGE_CURVE ( 'NONE', #5937, #1368, #4921, .T. ) ;
#6158 = DIRECTION ( 'NONE',  ( 0.000000000000000000, 0.000000000000000000, -1.000000000000000000 ) ) ;
#6159 = EDGE_CURVE ( 'NONE', #1610, #6379, #2588, .T. ) ;
#6160 = ORIENTED_EDGE ( 'NONE', *, *, #1645, .F. ) ;
#6161 = DIRECTION ( 'NONE',  ( -2.282530889443168008E-16, 0.000000000000000000, -1.000000000000000000 ) ) ;
#6162 = VERTEX_POINT ( 'NONE', #4930 ) ;
#6163 = LINE ( 'NONE', #6520, #1601 ) ;
#6164 = CARTESIAN_POINT ( 'NONE',  ( -0.1249999999999992506, 0.000000000000000000, -0.6749999999999998224 ) ) ;
#6165 = EDGE_LOOP ( 'NONE', ( #5803, #6187, #5066, #5709 ) ) ;
#6166 = DIRECTION ( 'NONE',  ( -2.282530889443168008E-16, 0.000000000000000000, -1.000000000000000000 ) ) ;
#6167 = LINE ( 'NONE', #5950, #3791 ) ;
#6168 = FACE_OUTER_BOUND ( 'NONE', #4701, .T. ) ;
#6169 = DIRECTION ( 'NONE',  ( 4.336808689942017736E-16, -0.000000000000000000, 1.000000000000000000 ) ) ;
#6170 = CARTESIAN_POINT ( 'NONE',  ( -0.9250000000000001554, 0.7367727638395971113, -0.6249999999999998890 ) ) ;
#6171 = CARTESIAN_POINT ( 'NONE',  ( -1.499999999999999778, 5.385124837953327415, 1.250000000000000000 ) ) ;
#6172 = EDGE_CURVE ( 'NONE', #5886, #4620, #4942, .T. ) ;
#6173 = VERTEX_POINT ( 'NONE', #5067 ) ;
#6174 = CARTESIAN_POINT ( 'NONE',  ( 1.399999999999999911, 0.000000000000000000, 0.6250000000000002220 ) ) ;
#6175 = VERTEX_POINT ( 'NONE', #5107 ) ;
#6176 = VECTOR ( 'NONE', #507, 1000.000000000000000 ) ;
#6177 = ORIENTED_EDGE ( 'NONE', *, *, #2812, .F. ) ;
#6178 = FACE_OUTER_BOUND ( 'NONE', #856, .T. ) ;
#6179 = CARTESIAN_POINT ( 'NONE',  ( -0.1249999999999990286, 0.000000000000000000, 0.6750000000000000444 ) ) ;
#6180 = EDGE_CURVE ( 'NONE', #1540, #2023, #355, .T. ) ;
#6181 = VECTOR ( 'NONE', #931, 1000.000000000000000 ) ;
#6182 = DIRECTION ( 'NONE',  ( 0.000000000000000000, -1.000000000000000000, 0.000000000000000000 ) ) ;
#6183 = DIRECTION ( 'NONE',  ( 0.000000000000000000, 0.000000000000000000, -1.000000000000000000 ) ) ;
#6184 = DIRECTION ( 'NONE',  ( -0.000000000000000000, -1.000000000000000000, -0.000000000000000000 ) ) ;
#6185 = EDGE_LOOP ( 'NONE', ( #4574, #2903, #5513, #4680 ) ) ;
#6186 = DIRECTION ( 'NONE',  ( -2.282530889443168501E-16, 0.000000000000000000, -1.000000000000000000 ) ) ;
#6187 = ORIENTED_EDGE ( 'NONE', *, *, #4399, .T. ) ;
#6188 = LINE ( 'NONE', #5246, #1587 ) ;
#6189 = CARTESIAN_POINT ( 'NONE',  ( 0.9250000000000000444, 0.7367727638395971113, -0.8749999999999998890 ) ) ;
#6190 = ORIENTED_EDGE ( 'NONE', *, *, #1821, .T. ) ;
#6191 = LINE ( 'NONE', #3169, #6102 ) ;
#6192 = PLANE ( 'NONE',  #2242 ) ;
#6193 = FACE_OUTER_BOUND ( 'NONE', #5152, .T. ) ;
#6194 = AXIS2_PLACEMENT_3D ( 'NONE', #4027, #2831, #6112 ) ;
#6195 = DIRECTION ( 'NONE',  ( 0.000000000000000000, -1.000000000000000000, 0.000000000000000000 ) ) ;
#6196 = ORIENTED_EDGE ( 'NONE', *, *, #6310, .F. ) ;
#6197 = DIRECTION ( 'NONE',  ( -1.000000000000000000, 0.000000000000000000, -2.282530889443167515E-16 ) ) ;
#6198 = EDGE_LOOP ( 'NONE', ( #325, #577, #5156, #705 ) ) ;
#6199 = LINE ( 'NONE', #2094, #6176 ) ;
#6200 = EDGE_LOOP ( 'NONE', ( #4096, #5329, #1677, #3691 ) ) ;
#6201 = VECTOR ( 'NONE', #6475, 1000.000000000000000 ) ;
#6202 = FACE_OUTER_BOUND ( 'NONE', #4397, .T. ) ;
#6203 = CARTESIAN_POINT ( 'NONE',  ( 0.9250000000000001554, 0.1300000000000000044, 0.3750000000000001110 ) ) ;
#6204 = AXIS2_PLACEMENT_3D ( 'NONE', #6525, #5351, #105 ) ;
#6205 = ORIENTED_EDGE ( 'NONE', *, *, #522, .T. ) ;
#6206 = ORIENTED_EDGE ( 'NONE', *, *, #4301, .F. ) ;
#6207 = VECTOR ( 'NONE', #5391, 1000.000000000000000 ) ;
#6208 = DIRECTION ( 'NONE',  ( 0.000000000000000000, -1.000000000000000000, 0.000000000000000000 ) ) ;
#6209 = UNCERTAINTY_MEASURE_WITH_UNIT (LENGTH_MEASURE( 1.000000000000000082E-05 ), #1809, 'distance_accuracy_value', 'NONE');
#6210 = ORIENTED_EDGE ( 'NONE', *, *, #2604, .T. ) ;
#6211 = PLANE ( 'NONE',  #301 ) ;
#6212 = LINE ( 'NONE', #6434, #1638 ) ;
#6213 = FACE_OUTER_BOUND ( 'NONE', #6200, .T. ) ;
#6214 = PLANE ( 'NONE',  #6317 ) ;
#6215 = EDGE_CURVE ( 'NONE', #4106, #1093, #4986, .T. ) ;
#6216 = EDGE_CURVE ( 'NONE', #4801, #3853, #2643, .T. ) ;
#6217 = DIRECTION ( 'NONE',  ( -1.000000000000000000, 0.000000000000000000, 8.673617379884035472E-16 ) ) ;
#6218 = EDGE_LOOP ( 'NONE', ( #6477, #6096, #1431, #1697 ) ) ;
#6219 = AXIS2_PLACEMENT_3D ( 'NONE', #2946, #1868, #404 ) ;
#6220 =( LENGTH_UNIT ( ) NAMED_UNIT ( * ) SI_UNIT ( .MILLI., .METRE. ) );
#6221 = AXIS2_PLACEMENT_3D ( 'NONE', #2461, #5757, #3501 ) ;
#6222 = ORIENTED_EDGE ( 'NONE', *, *, #4547, .F. ) ;
#6223 = VECTOR ( 'NONE', #6565, 1000.000000000000000 ) ;
#6224 = ORIENTED_EDGE ( 'NONE', *, *, #1941, .T. ) ;
#6225 = SURFACE_STYLE_FILL_AREA ( #6086 ) ;
#6226 = CARTESIAN_POINT ( 'NONE',  ( 0.9250000000000001554, 0.1300000000000000044, 0.8750000000000001110 ) ) ;
#6227 = VECTOR ( 'NONE', #4409, 1000.000000000000000 ) ;
#6228 = EDGE_CURVE ( 'NONE', #5886, #3335, #318, .T. ) ;
#6229 = CARTESIAN_POINT ( 'NONE',  ( -0.9250000000000000444, 0.7367727638395971113, -0.8749999999999998890 ) ) ;
#6230 = EDGE_CURVE ( 'NONE', #6265, #1038, #4843, .T. ) ;
#6231 = CARTESIAN_POINT ( 'NONE',  ( -0.1249999999999992506, 0.2000000000000000111, -0.6749999999999998224 ) ) ;
#6232 = ORIENTED_EDGE ( 'NONE', *, *, #758, .F. ) ;
#6233 = DIRECTION ( 'NONE',  ( 2.282530889443168501E-16, 0.000000000000000000, 1.000000000000000000 ) ) ;
#6234 = ORIENTED_EDGE ( 'NONE', *, *, #5272, .F. ) ;
#6235 = AXIS2_PLACEMENT_3D ( 'NONE', #6630, #1869, #1922 ) ;
#6236 = AXIS2_PLACEMENT_3D ( 'NONE', #5624, #399, #4715 ) ;
#6237 = ORIENTED_EDGE ( 'NONE', *, *, #2039, .T. ) ;
#6238 = CARTESIAN_POINT ( 'NONE',  ( 1.399999999999999911, 0.7367727638395971113, -0.1249999999999997918 ) ) ;
#6239 = LINE ( 'NONE', #844, #3954 ) ;
#6240 = ADVANCED_FACE ( 'NONE', ( #4979 ), #293, .F. ) ;
#6241 = ORIENTED_EDGE ( 'NONE', *, *, #345, .T. ) ;
#6242 = FILL_AREA_STYLE_COLOUR ( '', #4877 ) ;
#6243 = ORIENTED_EDGE ( 'NONE', *, *, #661, .F. ) ;
#6244 = LINE ( 'NONE', #5652, #3987 ) ;
#6245 = ADVANCED_FACE ( 'NONE', ( #2709 ), #4600, .T. ) ;
#6246 = ORIENTED_EDGE ( 'NONE', *, *, #4617, .F. ) ;
#6247 = EDGE_CURVE ( 'NONE', #4544, #6388, #4910, .T. ) ;
#6248 = LINE ( 'NONE', #5414, #3906 ) ;
#6249 = CARTESIAN_POINT ( 'NONE',  ( -0.9250000000000001554, 0.7367727638395971113, 0.3750000000000001110 ) ) ;
#6250 = CARTESIAN_POINT ( 'NONE',  ( 0.9250000000000000444, 0.1300000000000000044, 0.6250000000000001110 ) ) ;
#6251 = EDGE_CURVE ( 'NONE', #5995, #5823, #2553, .T. ) ;
#6252 = ORIENTED_EDGE ( 'NONE', *, *, #4366, .F. ) ;
#6253 = DIRECTION ( 'NONE',  ( 0.000000000000000000, 0.000000000000000000, -1.000000000000000000 ) ) ;
#6254 = ORIENTED_EDGE ( 'NONE', *, *, #6094, .F. ) ;
#6255 = VECTOR ( 'NONE', #1674, 1000.000000000000000 ) ;
#6256 = CARTESIAN_POINT ( 'NONE',  ( -1.399999999999999911, 0.000000000000000000, 0.8750000000000002220 ) ) ;
#6257 = ORIENTED_EDGE ( 'NONE', *, *, #2077, .F. ) ;
#6258 = VECTOR ( 'NONE', #4215, 1000.000000000000000 ) ;
#6259 = LINE ( 'NONE', #4805, #1662 ) ;
#6260 = DIRECTION ( 'NONE',  ( 0.000000000000000000, -1.000000000000000000, 0.000000000000000000 ) ) ;
#6261 = DIRECTION ( 'NONE',  ( -1.000000000000000000, 0.000000000000000000, 4.336808689942018722E-16 ) ) ;
#6262 = DIRECTION ( 'NONE',  ( -1.000000000000000000, 0.000000000000000000, -2.282530889443167515E-16 ) ) ;
#6263 = EDGE_LOOP ( 'NONE', ( #3126, #1020, #5368, #3313 ) ) ;
#6264 = CARTESIAN_POINT ( 'NONE',  ( -1.399999999999999911, 0.1300000000000000044, 0.1250000000000002220 ) ) ;
#6265 = VERTEX_POINT ( 'NONE', #2417 ) ;
#6266 = FACE_OUTER_BOUND ( 'NONE', #1657, .T. ) ;
#6267 = EDGE_LOOP ( 'NONE', ( #456, #6645, #2865, #3976 ) ) ;
#6268 = LINE ( 'NONE', #2343, #6335 ) ;
#6269 = CARTESIAN_POINT ( 'NONE',  ( 0.6250000000000009992, 0.7367727638395973333, 0.6749999999999999334 ) ) ;
#6270 = CARTESIAN_POINT ( 'NONE',  ( -1.399999999999999911, 0.7367727638395971113, 0.3750000000000002220 ) ) ;
#6271 = CARTESIAN_POINT ( 'NONE',  ( 0.9250000000000001554, 0.7367727638395971113, 0.8750000000000001110 ) ) ;
#6272 = CARTESIAN_POINT ( 'NONE',  ( 0.9250000000000000444, 0.1300000000000000044, -0.3749999999999998890 ) ) ;
#6273 = ORIENTED_EDGE ( 'NONE', *, *, #2174, .T. ) ;
#6274 = MANIFOLD_SOLID_BREP ( 'Chamfer1', #2333 ) ;
#6275 = ORIENTED_EDGE ( 'NONE', *, *, #3614, .T. ) ;
#6276 = AXIS2_PLACEMENT_3D ( 'NONE', #3959, #1964, #4947 ) ;
#6277 = LINE ( 'NONE', #1996, #3799 ) ;
#6278 = ORIENTED_EDGE ( 'NONE', *, *, #1218, .F. ) ;
#6279 = CARTESIAN_POINT ( 'NONE',  ( -0.1249999999999990286, 0.000000000000000000, 0.6750000000000000444 ) ) ;
#6280 = DIRECTION ( 'NONE',  ( -1.000000000000000000, 0.000000000000000000, -2.282530889443167515E-16 ) ) ;
#6281 = CARTESIAN_POINT ( 'NONE',  ( 1.399999999999999911, 0.7367727638395971113, 0.8750000000000002220 ) ) ;
#6282 = EDGE_LOOP ( 'NONE', ( #5573, #3349, #4911, #2692 ) ) ;
#6283 = EDGE_CURVE ( 'NONE', #6515, #6596, #307, .T. ) ;
#6284 = CARTESIAN_POINT ( 'NONE',  ( 0.6250000000000009992, 0.2000000000000000111, 0.6749999999999999334 ) ) ;
#6285 = EDGE_LOOP ( 'NONE', ( #3271, #969, #354, #3509 ) ) ;
#6286 = VECTOR ( 'NONE', #6087, 1000.000000000000000 ) ;
#6287 = ORIENTED_EDGE ( 'NONE', *, *, #3370, .F. ) ;
#6288 = VECTOR ( 'NONE', #4624, 1000.000000000000000 ) ;
#6289 = CARTESIAN_POINT ( 'NONE',  ( -0.9250000000000001554, 0.1300000000000000044, -0.6249999999999998890 ) ) ;
#6290 = DIRECTION ( 'NONE',  ( 1.000000000000000000, 0.000000000000000000, -4.336808689942018722E-16 ) ) ;
#6291 = ADVANCED_FACE ( 'NONE', ( #2633 ), #4032, .T. ) ;
#6292 = ORIENTED_EDGE ( 'NONE', *, *, #5747, .F. ) ;
#6293 = DIRECTION ( 'NONE',  ( 1.000000000000000000, -0.000000000000000000, 0.000000000000000000 ) ) ;
#6294 = VERTEX_POINT ( 'NONE', #4556 ) ;
#6295 = EDGE_CURVE ( 'NONE', #4051, #5777, #2579, .T. ) ;
#6296 = LINE ( 'NONE', #2397, #3997 ) ;
#6297 = PLANE ( 'NONE',  #2629 ) ;
#6298 = ADVANCED_FACE ( 'NONE', ( #4812 ), #997, .T. ) ;
#6299 = ORIENTED_EDGE ( 'NONE', *, *, #6228, .T. ) ;
#6300 = EDGE_CURVE ( 'NONE', #2758, #6534, #374, .T. ) ;
#6301 = DIRECTION ( 'NONE',  ( 2.282530889443167515E-16, -0.000000000000000000, 1.000000000000000000 ) ) ;
#6302 = AXIS2_PLACEMENT_3D ( 'NONE', #3989, #4852, #1309 ) ;
#6303 = CARTESIAN_POINT ( 'NONE',  ( 0.9250000000000000444, 0.7367727638395971113, 0.1250000000000001110 ) ) ;
#6304 = CARTESIAN_POINT ( 'NONE',  ( -1.399999999999999911, 0.7367727638395971113, -0.1249999999999997918 ) ) ;
#6305 = ORIENTED_EDGE ( 'NONE', *, *, #406, .F. ) ;
#6306 = DIRECTION ( 'NONE',  ( 4.336808689942017736E-16, 0.000000000000000000, -1.000000000000000000 ) ) ;
#6307 = EDGE_LOOP ( 'NONE', ( #4922, #4788, #1136, #1014 ) ) ;
#6308 = LINE ( 'NONE', #2484, #4063 ) ;
#6309 = ORIENTED_EDGE ( 'NONE', *, *, #2878, .F. ) ;
#6310 = EDGE_CURVE ( 'NONE', #1386, #2836, #2543, .T. ) ;
#6311 = LINE ( 'NONE', #4352, #4314 ) ;
#6312 = CARTESIAN_POINT ( 'NONE',  ( 1.399999999999999911, 0.1300000000000000044, -0.6249999999999997780 ) ) ;
#6313 = EDGE_CURVE ( 'NONE', #2026, #1277, #232, .T. ) ;
#6314 = CARTESIAN_POINT ( 'NONE',  ( -0.9250000000000001554, 0.7367727638395971113, -0.1249999999999998890 ) ) ;
#6315 = AXIS2_PLACEMENT_3D ( 'NONE', #231, #3435, #3925 ) ;
#6316 = CARTESIAN_POINT ( 'NONE',  ( -0.1249999999999989175, 0.2000000000000000111, 1.149999999999999689 ) ) ;
#6317 = AXIS2_PLACEMENT_3D ( 'NONE', #5204, #5768, #5710 ) ;
#6318 = DIRECTION ( 'NONE',  ( 0.000000000000000000, -1.000000000000000000, 0.000000000000000000 ) ) ;
#6319 = EDGE_CURVE ( 'NONE', #829, #1010, #331, .T. ) ;
#6320 = ORIENTED_EDGE ( 'NONE', *, *, #2018, .T. ) ;
#6321 = CARTESIAN_POINT ( 'NONE',  ( 1.399999999999999911, 0.1999999999999999833, -0.1249999999999997918 ) ) ;
#6322 = VERTEX_POINT ( 'NONE', #6779 ) ;
#6323 = ORIENTED_EDGE ( 'NONE', *, *, #2090, .T. ) ;
#6324 = APPLICATION_PROTOCOL_DEFINITION ( 'draft international standard', 'automotive_design', 1998, #6486 ) ;
#6325 = ADVANCED_FACE ( 'NONE', ( #241 ), #1755, .T. ) ;
#6326 = VECTOR ( 'NONE', #1023, 1000.000000000000000 ) ;
#6327 = CARTESIAN_POINT ( 'NONE',  ( 1.399999999999999911, 0.000000000000000000, -0.1249999999999997918 ) ) ;
#6328 = DIRECTION ( 'NONE',  ( 0.000000000000000000, -0.000000000000000000, 1.000000000000000000 ) ) ;
#6329 = EDGE_CURVE ( 'NONE', #3113, #1540, #4834, .T. ) ;
#6330 = EDGE_LOOP ( 'NONE', ( #2157, #4125, #2190, #1789 ) ) ;
#6331 = EDGE_CURVE ( 'NONE', #1435, #4755, #408, .T. ) ;
#6332 = ORIENTED_EDGE ( 'NONE', *, *, #5111, .F. ) ;
#6333 = VECTOR ( 'NONE', #5829, 1000.000000000000000 ) ;
#6334 = ORIENTED_EDGE ( 'NONE', *, *, #2546, .F. ) ;
#6335 = VECTOR ( 'NONE', #586, 1000.000000000000000 ) ;
#6336 = EDGE_CURVE ( 'NONE', #1827, #2033, #288, .T. ) ;
#6337 = PLANE ( 'NONE',  #4325 ) ;
#6338 = VERTEX_POINT ( 'NONE', #2754 ) ;
#6339 = CARTESIAN_POINT ( 'NONE',  ( -0.3749999999999992228, 0.2000000000000000111, -1.149999999999999911 ) ) ;
#6340 = CARTESIAN_POINT ( 'NONE',  ( -1.399999999999999911, 0.7367727638395971113, -0.3749999999999997780 ) ) ;
#6341 = ORIENTED_EDGE ( 'NONE', *, *, #4654, .F. ) ;
#6342 = FACE_OUTER_BOUND ( 'NONE', #659, .T. ) ;
#6343 = CARTESIAN_POINT ( 'NONE',  ( 0.6250000000000007772, 0.000000000000000000, -0.6749999999999999334 ) ) ;
#6344 = ORIENTED_EDGE ( 'NONE', *, *, #6457, .T. ) ;
#6345 = DIRECTION ( 'NONE',  ( 4.336808689942019215E-16, 0.000000000000000000, 1.000000000000000000 ) ) ;
#6346 = LINE ( 'NONE', #2294, #1936 ) ;
#6347 = PLANE ( 'NONE',  #34 ) ;
#6348 = EDGE_CURVE ( 'NONE', #6294, #2205, #4954, .T. ) ;
#6349 = ADVANCED_FACE ( 'NONE', ( #386, #393, #2701, #4996, #2778, #2802, #5108, #696, #5222, #537, #2945, #2864, #5175, #601, #590 ), #5389, .F. ) ;
#6350 = CARTESIAN_POINT ( 'NONE',  ( -1.499999999999999778, 0.7400000000000002132, 1.250000000000000000 ) ) ;
#6351 = DIRECTION ( 'NONE',  ( 1.000000000000000000, -0.000000000000000000, 8.673617379884038430E-16 ) ) ;
#6352 = DIRECTION ( 'NONE',  ( -0.000000000000000000, 0.000000000000000000, 1.000000000000000000 ) ) ;
#6353 = ORIENTED_EDGE ( 'NONE', *, *, #4561, .F. ) ;
#6354 = DIRECTION ( 'NONE',  ( 0.000000000000000000, 0.000000000000000000, -1.000000000000000000 ) ) ;
#6355 = ORIENTED_EDGE ( 'NONE', *, *, #5724, .T. ) ;
#6356 = FACE_OUTER_BOUND ( 'NONE', #1203, .T. ) ;
#6357 = ADVANCED_FACE ( 'NONE', ( #5096 ), #3356, .T. ) ;
#6358 = ORIENTED_EDGE ( 'NONE', *, *, #692, .F. ) ;
#6359 = LINE ( 'NONE', #485, #6326 ) ;
#6360 = DIRECTION ( 'NONE',  ( 2.282530889443167515E-16, 0.000000000000000000, 1.000000000000000000 ) ) ;
#6361 = AXIS2_PLACEMENT_3D ( 'NONE', #3807, #1702, #1747 ) ;
#6362 = CARTESIAN_POINT ( 'NONE',  ( 0.1250000000000009159, 0.000000000000000000, 0.6749999999999999334 ) ) ;
#6363 = LINE ( 'NONE', #4380, #1763 ) ;
#6364 = DIRECTION ( 'NONE',  ( -0.000000000000000000, -1.000000000000000000, -0.000000000000000000 ) ) ;
#6365 = VERTEX_POINT ( 'NONE', #3306 ) ;
#6366 = ADVANCED_FACE ( 'NONE', ( #5255 ), #3857, .T. ) ;
#6367 = VERTEX_POINT ( 'NONE', #2301 ) ;
#6368 = VECTOR ( 'NONE', #5361, 1000.000000000000000 ) ;
#6369 = ORIENTED_EDGE ( 'NONE', *, *, #2360, .F. ) ;
#6370 = VECTOR ( 'NONE', #297, 1000.000000000000000 ) ;
#6371 = DIRECTION ( 'NONE',  ( -1.000000000000000000, 0.000000000000000000, 0.000000000000000000 ) ) ;
#6373 = DIRECTION ( 'NONE',  ( -4.336808689942017736E-16, 0.000000000000000000, -1.000000000000000000 ) ) ;
#6372 = AXIS2_PLACEMENT_3D ( 'NONE', #6479, #464, #2184 ) ;
#6374 = LINE ( 'NONE', #1471, #3774 ) ;
#6375 = DIRECTION ( 'NONE',  ( -4.336808689942017736E-16, 0.000000000000000000, 1.000000000000000000 ) ) ;
#6376 = ORIENTED_EDGE ( 'NONE', *, *, #991, .F. ) ;
#6377 = DIRECTION ( 'NONE',  ( -1.000000000000000000, 0.000000000000000000, -2.282530889443168008E-16 ) ) ;
#6378 = ORIENTED_EDGE ( 'NONE', *, *, #2979, .F. ) ;
#6379 = VERTEX_POINT ( 'NONE', #4398 ) ;
#6380 = ADVANCED_FACE ( 'NONE', ( #5076 ), #5994, .T. ) ;
#6381 = UNCERTAINTY_MEASURE_WITH_UNIT (LENGTH_MEASURE( 1.000000000000000082E-05 ), #1487, 'distance_accuracy_value', 'NONE');
#6382 = FACE_OUTER_BOUND ( 'NONE', #6510, .T. ) ;
#6383 = DIRECTION ( 'NONE',  ( 0.000000000000000000, 1.000000000000000000, 0.000000000000000000 ) ) ;
#6384 = DIRECTION ( 'NONE',  ( 0.000000000000000000, -1.000000000000000000, 0.000000000000000000 ) ) ;
#6385 = EDGE_CURVE ( 'NONE', #5187, #1414, #569, .T. ) ;
#6386 = LINE ( 'NONE', #5609, #4168 ) ;
#6387 = EDGE_CURVE ( 'NONE', #1414, #6175, #2911, .T. ) ;
#6388 = VERTEX_POINT ( 'NONE', #5291 ) ;
#6389 = DIRECTION ( 'NONE',  ( -0.000000000000000000, -1.000000000000000000, -0.000000000000000000 ) ) ;
#6390 = ORIENTED_EDGE ( 'NONE', *, *, #4820, .T. ) ;
#6391 = LINE ( 'NONE', #4183, #1876 ) ;
#6392 = CARTESIAN_POINT ( 'NONE',  ( 0.3750000000000007772, 0.1300000000000000044, -0.6749999999999998224 ) ) ;
#6393 = AXIS2_PLACEMENT_3D ( 'NONE', #2009, #2928, #5474 ) ;
#6394 = EDGE_LOOP ( 'NONE', ( #5632, #3627, #3216, #5843 ) ) ;
#6395 = CARTESIAN_POINT ( 'NONE',  ( 1.399999999999999911, 0.7367727638395971113, -0.6249999999999997780 ) ) ;
#6396 = CARTESIAN_POINT ( 'NONE',  ( -1.399999999999999911, 0.1999999999999999833, 0.6250000000000002220 ) ) ;
#6397 =( LENGTH_UNIT ( ) NAMED_UNIT ( * ) SI_UNIT ( .MILLI., .METRE. ) );
#6398 = FACE_OUTER_BOUND ( 'NONE', #3026, .T. ) ;
#6399 = CARTESIAN_POINT ( 'NONE',  ( 0.9250000000000000444, 0.1300000000000000044, -0.8749999999999998890 ) ) ;
#6400 = CARTESIAN_POINT ( 'NONE',  ( 0.9250000000000001554, 0.1999999999999999833, 0.3750000000000001110 ) ) ;
#6401 = ADVANCED_FACE ( 'NONE', ( #5196 ), #6337, .F. ) ;
#6402 = ORIENTED_EDGE ( 'NONE', *, *, #767, .T. ) ;
#6403 = EDGE_CURVE ( 'NONE', #4368, #2743, #557, .T. ) ;
#6404 = DIRECTION ( 'NONE',  ( -1.000000000000000000, 0.000000000000000000, 0.000000000000000000 ) ) ;
#6405 = VERTEX_POINT ( 'NONE', #2638 ) ;
#6406 = VECTOR ( 'NONE', #5035, 1000.000000000000000 ) ;
#6407 = ORIENTED_EDGE ( 'NONE', *, *, #3767, .T. ) ;
#6408 = MECHANICAL_DESIGN_GEOMETRIC_PRESENTATION_REPRESENTATION (  '', ( #6070 ), #6813 ) ;
#6409 = EDGE_CURVE ( 'NONE', #4758, #5214, #2817, .T. ) ;
#6410 = CARTESIAN_POINT ( 'NONE',  ( -1.399999999999999911, 0.1300000000000000044, -0.1249999999999997918 ) ) ;
#6411 = EDGE_CURVE ( 'NONE', #4364, #3603, #5120, .T. ) ;
#6412 = ADVANCED_FACE ( 'NONE', ( #546 ), #549, .T. ) ;
#6413 = CARTESIAN_POINT ( 'NONE',  ( 0.9250000000000001554, 0.000000000000000000, 0.8750000000000001110 ) ) ;
#6414 = VECTOR ( 'NONE', #1396, 1000.000000000000000 ) ;
#6415 = DIRECTION ( 'NONE',  ( 0.000000000000000000, 1.000000000000000000, 0.000000000000000000 ) ) ;
#6416 = EDGE_LOOP ( 'NONE', ( #2855, #2900, #2924, #6632 ) ) ;
#6417 = ORIENTED_EDGE ( 'NONE', *, *, #6540, .F. ) ;
#6418 = LINE ( 'NONE', #3711, #6406 ) ;
#6419 = ADVANCED_FACE ( 'NONE', ( #5208 ), #3035, .T. ) ;
#6420 = ORIENTED_EDGE ( 'NONE', *, *, #5921, .F. ) ;
#6421 = EDGE_CURVE ( 'NONE', #5411, #1682, #476, .T. ) ;
#6422 = DIRECTION ( 'NONE',  ( 2.282530889443168008E-16, 0.000000000000000000, -1.000000000000000000 ) ) ;
#6423 = DIRECTION ( 'NONE',  ( 4.336808689942017736E-16, 0.000000000000000000, -1.000000000000000000 ) ) ;
#6424 = VECTOR ( 'NONE', #6262, 1000.000000000000000 ) ;
#6425 = PLANE ( 'NONE',  #3554 ) ;
#6426 = ORIENTED_EDGE ( 'NONE', *, *, #4292, .F. ) ;
#6427 = EDGE_LOOP ( 'NONE', ( #1204, #1612, #1196, #5918 ) ) ;
#6428 = LINE ( 'NONE', #4710, #1885 ) ;
#6429 = ORIENTED_EDGE ( 'NONE', *, *, #6075, .F. ) ;
#6430 = CARTESIAN_POINT ( 'NONE',  ( 0.9250000000000000444, 0.1999999999999999833, -0.8749999999999998890 ) ) ;
#6431 = DIRECTION ( 'NONE',  ( -2.282530889443168501E-16, 0.000000000000000000, -1.000000000000000000 ) ) ;
#6432 = FACE_OUTER_BOUND ( 'NONE', #6218, .T. ) ;
#6433 = VERTEX_POINT ( 'NONE', #6561 ) ;
#6434 = CARTESIAN_POINT ( 'NONE',  ( -0.9250000000000001554, 0.1999999999999999833, -0.6249999999999998890 ) ) ;
#6435 = PLANE ( 'NONE',  #5290 ) ;
#6436 = EDGE_LOOP ( 'NONE', ( #229, #2449, #3676, #1234 ) ) ;
#6437 = MECHANICAL_DESIGN_GEOMETRIC_PRESENTATION_REPRESENTATION (  '', ( #3267 ), #4378 ) ;
#6438 = EDGE_CURVE ( 'NONE', #622, #6010, #683, .T. ) ;
#6439 = VECTOR ( 'NONE', #4095, 1000.000000000000000 ) ;
#6440 = PLANE ( 'NONE',  #6372 ) ;
#6441 = ORIENTED_EDGE ( 'NONE', *, *, #2773, .F. ) ;
#6442 = CARTESIAN_POINT ( 'NONE',  ( 0.1250000000000007494, 0.1300000000000000044, -1.149999999999999911 ) ) ;
#6443 = DIRECTION ( 'NONE',  ( 0.000000000000000000, 0.000000000000000000, 1.000000000000000000 ) ) ;
#6444 = VECTOR ( 'NONE', #6217, 1000.000000000000000 ) ;
#6445 = CARTESIAN_POINT ( 'NONE',  ( -0.3749999999999991118, 0.7367727638395973333, 0.6749999999999999334 ) ) ;
#6446 = ORIENTED_EDGE ( 'NONE', *, *, #999, .T. ) ;
#6447 = CARTESIAN_POINT ( 'NONE',  ( -1.399999999999999911, 0.1300000000000000044, -0.6249999999999997780 ) ) ;
#6448 = ORIENTED_EDGE ( 'NONE', *, *, #3229, .T. ) ;
#6449 = ORIENTED_EDGE ( 'NONE', *, *, #1837, .T. ) ;
#6450 = DIRECTION ( 'NONE',  ( 2.282530889443167022E-16, 0.000000000000000000, 1.000000000000000000 ) ) ;
#6451 = CARTESIAN_POINT ( 'NONE',  ( 0.9250000000000000444, 0.7367727638395971113, -0.3749999999999998890 ) ) ;
#6452 = FACE_OUTER_BOUND ( 'NONE', #1105, .T. ) ;
#6453 = CARTESIAN_POINT ( 'NONE',  ( 0.9250000000000001554, 0.7367727638395971113, 0.8750000000000001110 ) ) ;
#6454 = ADVANCED_FACE ( 'NONE', ( #623 ), #2432, .T. ) ;
#6455 = ORIENTED_EDGE ( 'NONE', *, *, #1195, .T. ) ;
#6456 = ORIENTED_EDGE ( 'NONE', *, *, #6283, .F. ) ;
#6457 = EDGE_CURVE ( 'NONE', #3656, #1041, #2898, .T. ) ;
#6458 = ORIENTED_EDGE ( 'NONE', *, *, #4648, .F. ) ;
#6459 = CARTESIAN_POINT ( 'NONE',  ( 0.000000000000000000, 0.2000000000000000111, 0.000000000000000000 ) ) ;
#6460 =( GEOMETRIC_REPRESENTATION_CONTEXT ( 3 ) GLOBAL_UNCERTAINTY_ASSIGNED_CONTEXT ( ( #2463 ) ) GLOBAL_UNIT_ASSIGNED_CONTEXT ( ( #6220, #1804, #3829 ) ) REPRESENTATION_CONTEXT ( 'NONE', 'WORKASPACE' ) );
#6461 = VECTOR ( 'NONE', #877, 1000.000000000000000 ) ;
#6462 = ORIENTED_EDGE ( 'NONE', *, *, #310, .F. ) ;
#6463 = DIRECTION ( 'NONE',  ( 1.000000000000000000, 0.000000000000000000, 2.282530889443168008E-16 ) ) ;
#6464 = EDGE_LOOP ( 'NONE', ( #3053, #4231, #1778, #1679 ) ) ;
#6465 = VECTOR ( 'NONE', #4616, 1000.000000000000000 ) ;
#6466 = ORIENTED_EDGE ( 'NONE', *, *, #418, .F. ) ;
#6467 = DIRECTION ( 'NONE',  ( -0.000000000000000000, 0.000000000000000000, 1.000000000000000000 ) ) ;
#6468 = EDGE_CURVE ( 'NONE', #6783, #4261, #5186, .T. ) ;
#6469 = DIRECTION ( 'NONE',  ( 0.000000000000000000, 0.000000000000000000, -1.000000000000000000 ) ) ;
#6470 = DIRECTION ( 'NONE',  ( 1.000000000000000000, 0.000000000000000000, 2.282530889443168008E-16 ) ) ;
#6471 = AXIS2_PLACEMENT_3D ( 'NONE', #4537, #5733, #5044 ) ;
#6472 = COLOUR_RGB ( '',0.7921568627450980005, 0.8196078431372548767, 0.9333333333333333481 ) ;
#6473 = VERTEX_POINT ( 'NONE', #6081 ) ;
#6474 = ADVANCED_FACE ( 'NONE', ( #613 ), #4944, .F. ) ;
#6475 = DIRECTION ( 'NONE',  ( 0.000000000000000000, 0.000000000000000000, -1.000000000000000000 ) ) ;
#6476 =( NAMED_UNIT ( * ) PLANE_ANGLE_UNIT ( ) SI_UNIT ( $, .RADIAN. ) );
#6477 = ORIENTED_EDGE ( 'NONE', *, *, #4894, .F. ) ;
#6478 = SURFACE_STYLE_FILL_AREA ( #3330 ) ;
#6479 = CARTESIAN_POINT ( 'NONE',  ( -0.9250000000000000444, 0.7367727638395971113, -0.8749999999999998890 ) ) ;
#6480 = ORIENTED_EDGE ( 'NONE', *, *, #3506, .T. ) ;
#6481 = CARTESIAN_POINT ( 'NONE',  ( -0.9250000000000001554, 0.1300000000000000044, -0.1249999999999998890 ) ) ;
#6482 = CARTESIAN_POINT ( 'NONE',  ( -1.227272727272726627, 0.6399999999999999023, -0.9772727272727270709 ) ) ;
#6483 = FACE_OUTER_BOUND ( 'NONE', #5923, .T. ) ;
#6484 = CARTESIAN_POINT ( 'NONE',  ( 1.399999999999999911, 0.1999999999999999833, 0.6250000000000002220 ) ) ;
#6485 = ORIENTED_EDGE ( 'NONE', *, *, #5309, .F. ) ;
#6486 = APPLICATION_CONTEXT ( 'automotive_design' ) ;
#6487 = PLANE ( 'NONE',  #5525 ) ;
#6488 = ORIENTED_EDGE ( 'NONE', *, *, #3526, .F. ) ;
#6489 = EDGE_LOOP ( 'NONE', ( #1370, #2632, #568, #933 ) ) ;
#6490 = CARTESIAN_POINT ( 'NONE',  ( 0.9250000000000000444, 0.7367727638395971113, 0.6250000000000001110 ) ) ;
#6491 = EDGE_LOOP ( 'NONE', ( #6334, #5686, #1646, #5745 ) ) ;
#6492 = FACE_OUTER_BOUND ( 'NONE', #4439, .T. ) ;
#6493 = CARTESIAN_POINT ( 'NONE',  ( -1.399999999999999911, 0.7367727638395971113, -0.6249999999999997780 ) ) ;
#6494 = VECTOR ( 'NONE', #1693, 1000.000000000000000 ) ;
#6495 = DIRECTION ( 'NONE',  ( 1.000000000000000000, 0.000000000000000000, -2.282530889443168008E-16 ) ) ;
#6496 = ORIENTED_EDGE ( 'NONE', *, *, #5309, .T. ) ;
#6497 = ORIENTED_EDGE ( 'NONE', *, *, #3326, .F. ) ;
#6498 = DIRECTION ( 'NONE',  ( 0.000000000000000000, -1.000000000000000000, 0.000000000000000000 ) ) ;
#6499 = ORIENTED_EDGE ( 'NONE', *, *, #2792, .T. ) ;
#6500 = PLANE ( 'NONE',  #786 ) ;
#6501 = DIRECTION ( 'NONE',  ( 4.336808689942017736E-16, -0.000000000000000000, 1.000000000000000000 ) ) ;
#6502 = DIRECTION ( 'NONE',  ( -2.282530889443167515E-16, 0.000000000000000000, 1.000000000000000000 ) ) ;
#6503 = EDGE_LOOP ( 'NONE', ( #296, #5610, #316, #3225 ) ) ;
#6504 = EDGE_CURVE ( 'NONE', #2280, #6041, #2828, .T. ) ;
#6505 = VECTOR ( 'NONE', #5224, 1000.000000000000000 ) ;
#6506 = LINE ( 'NONE', #429, #6444 ) ;
#6507 = CARTESIAN_POINT ( 'NONE',  ( 0.1250000000000007494, 0.1300000000000000044, -0.6749999999999999334 ) ) ;
#6508 = DIRECTION ( 'NONE',  ( 0.000000000000000000, -1.000000000000000000, 0.000000000000000000 ) ) ;
#6509 = ADVANCED_FACE ( 'NONE', ( #5055 ), #4132, .T. ) ;
#6510 = EDGE_LOOP ( 'NONE', ( #4246, #2888, #6622, #5280 ) ) ;
#6511 = EDGE_LOOP ( 'NONE', ( #635, #5142, #5030, #2947 ) ) ;
#6512 = VECTOR ( 'NONE', #3835, 1000.000000000000000 ) ;
#6513 = ORIENTED_EDGE ( 'NONE', *, *, #6251, .T. ) ;
#6514 = DIRECTION ( 'NONE',  ( 0.000000000000000000, 0.000000000000000000, -1.000000000000000000 ) ) ;
#6515 = VERTEX_POINT ( 'NONE', #6661 ) ;
#6516 = FACE_OUTER_BOUND ( 'NONE', #5960, .T. ) ;
#6517 = CARTESIAN_POINT ( 'NONE',  ( 1.399999999999999911, 0.000000000000000000, -0.6249999999999997780 ) ) ;
#6518 = AXIS2_PLACEMENT_3D ( 'NONE', #727, #630, #3848 ) ;
#6519 = CARTESIAN_POINT ( 'NONE',  ( -0.07500000000000131561, 0.2000000000000000111, 0.07500000000000116296 ) ) ;
#6520 = CARTESIAN_POINT ( 'NONE',  ( -0.6249999999999992228, 0.1999999999999999833, -0.6749999999999998224 ) ) ;
#6521 = VERTEX_POINT ( 'NONE', #3567 ) ;
#6522 = VECTOR ( 'NONE', #74, 1000.000000000000000 ) ;
#6523 = ADVANCED_FACE ( 'NONE', ( #455 ), #216, .T. ) ;
#6524 = EDGE_LOOP ( 'NONE', ( #6429, #585, #2702, #2768 ) ) ;
#6525 = CARTESIAN_POINT ( 'NONE',  ( 0.9250000000000000444, 0.7367727638395971113, -0.3749999999999998890 ) ) ;
#6526 = VERTEX_POINT ( 'NONE', #2395 ) ;
#6527 = DIRECTION ( 'NONE',  ( -1.000000000000000000, 0.000000000000000000, -0.000000000000000000 ) ) ;
#6528 = PLANE ( 'NONE',  #2053 ) ;
#6529 = LINE ( 'NONE', #6830, #6370 ) ;
#6530 = AXIS2_PLACEMENT_3D ( 'NONE', #2890, #3472, #2436 ) ;
#6531 = CARTESIAN_POINT ( 'NONE',  ( 0.6250000000000007772, 0.1300000000000000044, -0.6749999999999999334 ) ) ;
#6532 = DIRECTION ( 'NONE',  ( -1.000000000000000000, 0.000000000000000000, 2.282530889443168008E-16 ) ) ;
#6533 = DIRECTION ( 'NONE',  ( -1.000000000000000000, 0.000000000000000000, 4.336808689942018722E-16 ) ) ;
#6534 = VERTEX_POINT ( 'NONE', #4614 ) ;
#6535 = FACE_OUTER_BOUND ( 'NONE', #1584, .T. ) ;
#6536 = ORIENTED_EDGE ( 'NONE', *, *, #6247, .T. ) ;
#6537 = EDGE_LOOP ( 'NONE', ( #3230, #4643, #3415, #981 ) ) ;
#6538 = VECTOR ( 'NONE', #4761, 1000.000000000000000 ) ;
#6539 = DIRECTION ( 'NONE',  ( 1.000000000000000000, 0.000000000000000000, -2.282530889443168008E-16 ) ) ;
#6540 = EDGE_CURVE ( 'NONE', #5411, #3771, #5134, .T. ) ;
#6541 = CARTESIAN_POINT ( 'NONE',  ( -0.6249999999999992228, 0.000000000000000000, -0.6749999999999998224 ) ) ;
#6542 = EDGE_LOOP ( 'NONE', ( #1166, #5119, #2028, #5636 ) ) ;
#6543 = AXIS2_PLACEMENT_3D ( 'NONE', #1723, #1389, #2444 ) ;
#6544 = VERTEX_POINT ( 'NONE', #3520 ) ;
#6545 = CARTESIAN_POINT ( 'NONE',  ( -1.399999999999999911, 0.1300000000000000044, -0.1249999999999997918 ) ) ;
#6546 = DIRECTION ( 'NONE',  ( 2.282530889443168501E-16, -0.000000000000000000, 1.000000000000000000 ) ) ;
#6547 = ORIENTED_EDGE ( 'NONE', *, *, #4498, .T. ) ;
#6548 = LINE ( 'NONE', #4239, #1949 ) ;
#6549 = ORIENTED_EDGE ( 'NONE', *, *, #1921, .T. ) ;
#6550 = CARTESIAN_POINT ( 'NONE',  ( -0.9250000000000001554, 0.1300000000000000044, -0.1249999999999998890 ) ) ;
#6551 = CARTESIAN_POINT ( 'NONE',  ( -1.227272727272726627, 0.7399999999999999911, -0.8522727272727266268 ) ) ;
#6552 = EDGE_CURVE ( 'NONE', #1732, #6007, #5232, .T. ) ;
#6553 = VERTEX_POINT ( 'NONE', #4572 ) ;
#6554 = ORIENTED_EDGE ( 'NONE', *, *, #5649, .F. ) ;
#6555 = AXIS2_PLACEMENT_3D ( 'NONE', #5881, #6415, #575 ) ;
#6556 = EDGE_CURVE ( 'NONE', #4768, #2914, #2887, .T. ) ;
#6557 = DIRECTION ( 'NONE',  ( 1.000000000000000000, -0.000000000000000000, 8.673617379884038430E-16 ) ) ;
#6558 = VERTEX_POINT ( 'NONE', #6174 ) ;
#6559 = FACE_OUTER_BOUND ( 'NONE', #1625, .T. ) ;
#6560 = EDGE_LOOP ( 'NONE', ( #3877, #5891, #1355, #2886 ) ) ;
#6561 = CARTESIAN_POINT ( 'NONE',  ( 0.1250000000000007494, 0.1300000000000000044, -0.6749999999999999334 ) ) ;
#6562 = LINE ( 'NONE', #529, #1991 ) ;
#6563 = MANIFOLD_SOLID_BREP ( 'LPattern4[1]', #1602 ) ;
#6564 = FILL_AREA_STYLE_COLOUR ( '', #3931 ) ;
#6565 = DIRECTION ( 'NONE',  ( -0.000000000000000000, 0.000000000000000000, 1.000000000000000000 ) ) ;
#6566 = VERTEX_POINT ( 'NONE', #6264 ) ;
#6567 = VECTOR ( 'NONE', #4756, 1000.000000000000000 ) ;
#6568 =( NAMED_UNIT ( * ) PLANE_ANGLE_UNIT ( ) SI_UNIT ( $, .RADIAN. ) );
#6569 = VERTEX_POINT ( 'NONE', #5778 ) ;
#6570 = CARTESIAN_POINT ( 'NONE',  ( -1.499999999999999778, 0.1299999999999998934, 1.250000000000000000 ) ) ;
#6571 = EDGE_LOOP ( 'NONE', ( #2061, #602 ) ) ;
#6572 = DIRECTION ( 'NONE',  ( -0.000000000000000000, -1.000000000000000000, -0.000000000000000000 ) ) ;
#6573 = DIRECTION ( 'NONE',  ( 2.282530889443167515E-16, 0.000000000000000000, 1.000000000000000000 ) ) ;
#6574 = PRESENTATION_STYLE_ASSIGNMENT (( #4563 ) ) ;
#6575 = EDGE_LOOP ( 'NONE', ( #3163, #2996 ) ) ;
#6576 = PLANE ( 'NONE',  #4923 ) ;
#6577 = DIRECTION ( 'NONE',  ( -0.000000000000000000, -1.000000000000000000, -0.000000000000000000 ) ) ;
#6578 = LINE ( 'NONE', #4024, #1833 ) ;
#6579 = DIRECTION ( 'NONE',  ( 0.000000000000000000, -1.000000000000000000, 0.000000000000000000 ) ) ;
#6580 = EDGE_CURVE ( 'NONE', #2357, #4073, #2767, .T. ) ;
#6581 = CARTESIAN_POINT ( 'NONE',  ( 0.1250000000000007494, 0.000000000000000000, -0.6749999999999999334 ) ) ;
#6582 = EDGE_LOOP ( 'NONE', ( #39, #6825, #1137, #2489 ) ) ;
#6583 = VECTOR ( 'NONE', #6195, 1000.000000000000000 ) ;
#6584 = ADVANCED_FACE ( 'NONE', ( #513 ), #6797, .F. ) ;
#6585 = VERTEX_POINT ( 'NONE', #3276 ) ;
#6586 = VERTEX_POINT ( 'NONE', #2230 ) ;
#6587 = VECTOR ( 'NONE', #5708, 1000.000000000000000 ) ;
#6588 = ORIENTED_EDGE ( 'NONE', *, *, #290, .F. ) ;
#6589 = DIRECTION ( 'NONE',  ( 4.336808689942017736E-16, 0.000000000000000000, -1.000000000000000000 ) ) ;
#6590 = LINE ( 'NONE', #3384, #4305 ) ;
#6591 = CARTESIAN_POINT ( 'NONE',  ( -1.399999999999999911, 0.1300000000000000044, 0.8750000000000002220 ) ) ;
#6592 = VERTEX_POINT ( 'NONE', #4753 ) ;
#6593 = EDGE_CURVE ( 'NONE', #4336, #4889, #3066, .T. ) ;
#6594 = DIRECTION ( 'NONE',  ( -0.000000000000000000, 0.000000000000000000, 1.000000000000000000 ) ) ;
#6595 = VECTOR ( 'NONE', #5057, 1000.000000000000000 ) ;
#6596 = VERTEX_POINT ( 'NONE', #2568 ) ;
#6597 = CARTESIAN_POINT ( 'NONE',  ( 1.399999999999999911, 0.1300000000000000044, -0.3749999999999997780 ) ) ;
#6598 = DIRECTION ( 'NONE',  ( 1.000000000000000000, -0.000000000000000000, 8.673617379884037444E-16 ) ) ;
#6599 = VERTEX_POINT ( 'NONE', #4329 ) ;
#6600 = ORIENTED_EDGE ( 'NONE', *, *, #6329, .T. ) ;
#6601 = VECTOR ( 'NONE', #6577, 1000.000000000000000 ) ;
#6602 = CARTESIAN_POINT ( 'NONE',  ( -0.9250000000000000444, 0.7367727638395971113, 0.6250000000000001110 ) ) ;
#6603 = DIRECTION ( 'NONE',  ( 0.000000000000000000, -0.000000000000000000, -1.000000000000000000 ) ) ;
#6604 = VERTEX_POINT ( 'NONE', #5827 ) ;
#6605 = VECTOR ( 'NONE', #2032, 1000.000000000000000 ) ;
#6606 = AXIS2_PLACEMENT_3D ( 'NONE', #954, #295, #824 ) ;
#6607 = ORIENTED_EDGE ( 'NONE', *, *, #5770, .F. ) ;
#6608 = AXIS2_PLACEMENT_3D ( 'NONE', #3722, #2584, #4244 ) ;
#6609 = SURFACE_STYLE_USAGE ( .BOTH. , #3460 ) ;
#6610 = DIRECTION ( 'NONE',  ( -0.000000000000000000, -1.000000000000000000, -0.000000000000000000 ) ) ;
#6611 = EDGE_LOOP ( 'NONE', ( #2567, #212, #6299, #6237 ) ) ;
#6612 = LINE ( 'NONE', #6671, #2223 ) ;
#6613 = EDGE_LOOP ( 'NONE', ( #5560, #5617, #3261, #1096 ) ) ;
#6614 = DIRECTION ( 'NONE',  ( 0.000000000000000000, -1.000000000000000000, 0.000000000000000000 ) ) ;
#6615 = VECTOR ( 'NONE', #23, 1000.000000000000000 ) ;
#6616 = CARTESIAN_POINT ( 'NONE',  ( -0.9250000000000001554, 0.000000000000000000, 0.3750000000000001110 ) ) ;
#6617 = CARTESIAN_POINT ( 'NONE',  ( 0.000000000000000000, 0.2000000000000000111, 0.000000000000000000 ) ) ;
#6618 = VERTEX_POINT ( 'NONE', #3136 ) ;
#6619 = EDGE_CURVE ( 'NONE', #4053, #1598, #5356, .T. ) ;
#6620 = PRESENTATION_STYLE_ASSIGNMENT (( #3593 ) ) ;
#6621 = DIRECTION ( 'NONE',  ( -1.000000000000000000, 0.000000000000000000, 2.282530889443167515E-16 ) ) ;
#6622 = ORIENTED_EDGE ( 'NONE', *, *, #6180, .T. ) ;
#6623 = CARTESIAN_POINT ( 'NONE',  ( 0.9250000000000000444, 0.1300000000000000044, -0.3749999999999998890 ) ) ;
#6624 = CARTESIAN_POINT ( 'NONE',  ( 0.9250000000000000444, 0.1999999999999999833, 0.1250000000000001110 ) ) ;
#6625 = LINE ( 'NONE', #2997, #4351 ) ;
#6626 = ORIENTED_EDGE ( 'NONE', *, *, #3238, .F. ) ;
#6627 = DIRECTION ( 'NONE',  ( 0.000000000000000000, -1.000000000000000000, 0.000000000000000000 ) ) ;
#6628 = VECTOR ( 'NONE', #3786, 1000.000000000000000 ) ;
#6629 = DIRECTION ( 'NONE',  ( -2.282530889443167515E-16, 0.000000000000000000, 1.000000000000000000 ) ) ;
#6630 = CARTESIAN_POINT ( 'NONE',  ( 0.000000000000000000, 0.2000000000000000111, 0.000000000000000000 ) ) ;
#6631 = VERTEX_POINT ( 'NONE', #4839 ) ;
#6632 = ORIENTED_EDGE ( 'NONE', *, *, #6336, .F. ) ;
#6633 = EDGE_CURVE ( 'NONE', #1538, #928, #3207, .T. ) ;
#6634 = EDGE_CURVE ( 'NONE', #4709, #1915, #794, .T. ) ;
#6635 = FACE_OUTER_BOUND ( 'NONE', #655, .T. ) ;
#6636 = CARTESIAN_POINT ( 'NONE',  ( -0.1249999999999992506, 0.7367727638395973333, -0.6749999999999998224 ) ) ;
#6637 = EDGE_LOOP ( 'NONE', ( #1242, #1109, #1089, #1348 ) ) ;
#6638 = DIRECTION ( 'NONE',  ( -1.000000000000000000, 0.000000000000000000, 2.282530889443167515E-16 ) ) ;
#6639 = AXIS2_PLACEMENT_3D ( 'NONE', #1328, #4092, #1376 ) ;
#6640 = VECTOR ( 'NONE', #1241, 1000.000000000000000 ) ;
#6641 = PLANE ( 'NONE',  #2719 ) ;
#6642 = ORIENTED_EDGE ( 'NONE', *, *, #6141, .F. ) ;
#6643 = FACE_OUTER_BOUND ( 'NONE', #1064, .T. ) ;
#6644 = ADVANCED_FACE ( 'NONE', ( #5454 ), #1011, .F. ) ;
#6645 = ORIENTED_EDGE ( 'NONE', *, *, #2792, .F. ) ;
#6646 = DIRECTION ( 'NONE',  ( 2.282530889443167022E-16, 0.000000000000000000, 1.000000000000000000 ) ) ;
#6647 = EDGE_CURVE ( 'NONE', #1872, #1443, #5465, .T. ) ;
#6648 = VECTOR ( 'NONE', #5178, 1000.000000000000000 ) ;
#6649 = ORIENTED_EDGE ( 'NONE', *, *, #45, .T. ) ;
#6650 = VECTOR ( 'NONE', #6352, 1000.000000000000000 ) ;
#6651 = CARTESIAN_POINT ( 'NONE',  ( -1.227272727272726627, 0.7399999999999999911, -1.102272727272727293 ) ) ;
#6652 = AXIS2_PLACEMENT_3D ( 'NONE', #3304, #5941, #4307 ) ;
#6653 = EDGE_CURVE ( 'NONE', #1877, #3642, #5475, .T. ) ;
#6654 = VERTEX_POINT ( 'NONE', #4276 ) ;
#6655 = VECTOR ( 'NONE', #6146, 1000.000000000000000 ) ;
#6656 = ORIENTED_EDGE ( 'NONE', *, *, #4200, .T. ) ;
#6657 = DIRECTION ( 'NONE',  ( 8.673617379884035472E-16, -0.000000000000000000, 1.000000000000000000 ) ) ;
#6658 = DIRECTION ( 'NONE',  ( 8.673617379884038430E-16, 0.000000000000000000, -1.000000000000000000 ) ) ;
#6659 = LINE ( 'NONE', #1909, #6648 ) ;
#6660 = ORIENTED_EDGE ( 'NONE', *, *, #5606, .F. ) ;
#6661 = CARTESIAN_POINT ( 'NONE',  ( 1.399999999999999911, 0.1300000000000000044, -0.6249999999999997780 ) ) ;
#6662 = EDGE_CURVE ( 'NONE', #1607, #3696, #3039, .T. ) ;
#6663 = DIRECTION ( 'NONE',  ( -0.000000000000000000, -1.000000000000000000, -0.000000000000000000 ) ) ;
#6664 = ORIENTED_EDGE ( 'NONE', *, *, #6685, .F. ) ;
#6665 = EDGE_CURVE ( 'NONE', #1739, #1830, #3186, .T. ) ;
#6666 = VECTOR ( 'NONE', #2710, 1000.000000000000000 ) ;
#6667 = CARTESIAN_POINT ( 'NONE',  ( -0.1249999999999992506, 0.000000000000000000, -1.149999999999999689 ) ) ;
#6668 = ORIENTED_EDGE ( 'NONE', *, *, #5080, .T. ) ;
#6669 = DIRECTION ( 'NONE',  ( 8.673617379884035472E-16, 0.000000000000000000, 1.000000000000000000 ) ) ;
#6670 = DIRECTION ( 'NONE',  ( -1.000000000000000000, 0.000000000000000000, 4.336808689942019215E-16 ) ) ;
#6671 = CARTESIAN_POINT ( 'NONE',  ( 0.1250000000000007494, 0.7367727638395973333, -1.149999999999999911 ) ) ;
#6672 = LINE ( 'NONE', #5882, #6817 ) ;
#6673 = ORIENTED_EDGE ( 'NONE', *, *, #4062, .F. ) ;
#6674 = CARTESIAN_POINT ( 'NONE',  ( 0.9250000000000000444, 0.000000000000000000, 0.6250000000000001110 ) ) ;
#6675 = PLANE ( 'NONE',  #831 ) ;
#6676 = FACE_BOUND ( 'NONE', #6812, .T. ) ;
#6677 = DIRECTION ( 'NONE',  ( -2.282530889443168008E-16, 0.000000000000000000, -1.000000000000000000 ) ) ;
#6678 = CARTESIAN_POINT ( 'NONE',  ( 0.3750000000000009992, 0.000000000000000000, 0.6750000000000000444 ) ) ;
#6679 = EDGE_LOOP ( 'NONE', ( #5087, #5109, #4955, #4337 ) ) ;
#6680 = CARTESIAN_POINT ( 'NONE',  ( -0.9250000000000001554, 0.1999999999999999833, 0.3750000000000001110 ) ) ;
#6681 = LINE ( 'NONE', #627, #4420 ) ;
#6682 = ORIENTED_EDGE ( 'NONE', *, *, #734, .T. ) ;
#6683 = CARTESIAN_POINT ( 'NONE',  ( -0.6249999999999992228, 0.2000000000000000111, -1.149999999999999689 ) ) ;
#6684 = VERTEX_POINT ( 'NONE', #608 ) ;
#6685 = EDGE_CURVE ( 'NONE', #2758, #2677, #3220, .T. ) ;
#6686 = DIRECTION ( 'NONE',  ( 0.000000000000000000, 0.000000000000000000, 1.000000000000000000 ) ) ;
#6687 = VECTOR ( 'NONE', #4091, 1000.000000000000000 ) ;
#6688 = DIRECTION ( 'NONE',  ( -2.282530889443167515E-16, 0.000000000000000000, 1.000000000000000000 ) ) ;
#6689 = VERTEX_POINT ( 'NONE', #1544 ) ;
#6690 = DIRECTION ( 'NONE',  ( -1.000000000000000000, 0.000000000000000000, 8.673617379884035472E-16 ) ) ;
#6691 = FACE_OUTER_BOUND ( 'NONE', #4203, .T. ) ;
#6692 = ORIENTED_EDGE ( 'NONE', *, *, #5522, .T. ) ;
#6693 = CARTESIAN_POINT ( 'NONE',  ( 0.9250000000000001554, 0.7367727638395971113, 0.8750000000000001110 ) ) ;
#6694 = CARTESIAN_POINT ( 'NONE',  ( 1.399999999999999911, 0.1999999999999999833, 0.8750000000000002220 ) ) ;
#6695 = EDGE_CURVE ( 'NONE', #5997, #6007, #5444, .T. ) ;
#6696 = LINE ( 'NONE', #5071, #4479 ) ;
#6697 = EDGE_LOOP ( 'NONE', ( #3664, #2514, #5554, #5569, #1071 ) ) ;
#6698 = FACE_BOUND ( 'NONE', #2616, .T. ) ;
#6699 = PRESENTATION_LAYER_ASSIGNMENT (  '', '', ( #5942 ) ) ;
#6700 = DIRECTION ( 'NONE',  ( -0.000000000000000000, -1.000000000000000000, -0.000000000000000000 ) ) ;
#6701 = DIRECTION ( 'NONE',  ( 0.000000000000000000, -1.000000000000000000, 0.000000000000000000 ) ) ;
#6702 = VERTEX_POINT ( 'NONE', #3746 ) ;
#6703 = VECTOR ( 'NONE', #2209, 1000.000000000000000 ) ;
#6704 = ORIENTED_EDGE ( 'NONE', *, *, #2360, .T. ) ;
#6705 = CARTESIAN_POINT ( 'NONE',  ( 0.6250000000000007772, 0.1999999999999999833, -1.149999999999999911 ) ) ;
#6706 = DIRECTION ( 'NONE',  ( -1.000000000000000000, 0.000000000000000000, -0.000000000000000000 ) ) ;
#6707 = CARTESIAN_POINT ( 'NONE',  ( -0.6249999999999992228, 0.1999999999999999833, -0.6749999999999998224 ) ) ;
#6708 = LINE ( 'NONE', #798, #2133 ) ;
#6709 = ORIENTED_EDGE ( 'NONE', *, *, #2416, .T. ) ;
#6710 = SURFACE_SIDE_STYLE ('',( #2959 ) ) ;
#6711 = ADVANCED_FACE ( 'NONE', ( #5412 ), #5488, .T. ) ;
#6712 = CARTESIAN_POINT ( 'NONE',  ( 0.9250000000000000444, 0.7367727638395971113, 0.6250000000000001110 ) ) ;
#6713 = VECTOR ( 'NONE', #2248, 1000.000000000000000 ) ;
#6714 = CARTESIAN_POINT ( 'NONE',  ( -0.1249999999999989175, 0.2000000000000000111, 1.149999999999999689 ) ) ;
#6715 = DIRECTION ( 'NONE',  ( 0.000000000000000000, -0.000000000000000000, 1.000000000000000000 ) ) ;
#6716 = DIRECTION ( 'NONE',  ( -0.000000000000000000, -1.000000000000000000, -0.000000000000000000 ) ) ;
#6717 = FACE_OUTER_BOUND ( 'NONE', #4396, .T. ) ;
#6718 = ORIENTED_EDGE ( 'NONE', *, *, #3734, .F. ) ;
#6719 = DIRECTION ( 'NONE',  ( 2.282530889443167515E-16, 0.000000000000000000, 1.000000000000000000 ) ) ;
#6720 = LINE ( 'NONE', #1153, #4438 ) ;
#6721 = EDGE_LOOP ( 'NONE', ( #3640, #5507, #4908, #752 ) ) ;
#6722 = EDGE_CURVE ( 'NONE', #6775, #1199, #3077, .T. ) ;
#6723 = CARTESIAN_POINT ( 'NONE',  ( 0.000000000000000000, 0.2000000000000000111, 1.000000000000000000 ) ) ;
#6724 = EDGE_CURVE ( 'NONE', #3712, #5926, #3138, .T. ) ;
#6725 = SURFACE_STYLE_FILL_AREA ( #2078 ) ;
#6726 = AXIS2_PLACEMENT_3D ( 'NONE', #4451, #4956, #1238 ) ;
#6727 = CARTESIAN_POINT ( 'NONE',  ( -0.3749999999999991118, 0.1300000000000000044, 0.6749999999999999334 ) ) ;
#6728 = ORIENTED_EDGE ( 'NONE', *, *, #734, .F. ) ;
#6729 = CARTESIAN_POINT ( 'NONE',  ( 0.3750000000000007772, 0.2000000000000000111, -0.6749999999999998224 ) ) ;
#6730 = LINE ( 'NONE', #6304, #2102 ) ;
#6731 = EDGE_LOOP ( 'NONE', ( #3256, #2225, #866, #1128 ) ) ;
#6732 = EDGE_CURVE ( 'NONE', #5777, #5599, #3011, .T. ) ;
#6733 = EDGE_CURVE ( 'NONE', #5703, #1264, #882, .T. ) ;
#6734 = CARTESIAN_POINT ( 'NONE',  ( 0.9250000000000001554, 0.7367727638395971113, -0.6249999999999998890 ) ) ;
#6735 = LINE ( 'NONE', #1100, #4331 ) ;
#6736 = ORIENTED_EDGE ( 'NONE', *, *, #3815, .T. ) ;
#6737 = VECTOR ( 'NONE', #4370, 1000.000000000000000 ) ;
#6738 = EDGE_LOOP ( 'NONE', ( #984, #2391, #5438, #6781 ) ) ;
#6739 = DIRECTION ( 'NONE',  ( 0.000000000000000000, 0.000000000000000000, 1.000000000000000000 ) ) ;
#6740 = PLANE ( 'NONE',  #1916 ) ;
#6741 = CARTESIAN_POINT ( 'NONE',  ( 1.399999999999999911, 0.000000000000000000, -0.8749999999999997780 ) ) ;
#6742 = ADVANCED_FACE ( 'NONE', ( #5319 ), #4707, .T. ) ;
#6743 = LINE ( 'NONE', #3296, #6713 ) ;
#6744 = DIRECTION ( 'NONE',  ( 1.000000000000000000, 0.000000000000000000, -2.282530889443167515E-16 ) ) ;
#6745 = PLANE ( 'NONE',  #5988 ) ;
#6746 = EDGE_CURVE ( 'NONE', #6367, #4228, #5367, .T. ) ;
#6747 = FACE_OUTER_BOUND ( 'NONE', #5795, .T. ) ;
#6748 = CARTESIAN_POINT ( 'NONE',  ( -0.9250000000000000444, 0.1300000000000000044, 0.1250000000000001110 ) ) ;
#6749 = ORIENTED_EDGE ( 'NONE', *, *, #1633, .F. ) ;
#6750 = EDGE_CURVE ( 'NONE', #1003, #1987, #2985, .T. ) ;
#6751 = VECTOR ( 'NONE', #5446, 1000.000000000000000 ) ;
#6752 = ORIENTED_EDGE ( 'NONE', *, *, #767, .F. ) ;
#6753 = CARTESIAN_POINT ( 'NONE',  ( -1.399999999999999911, 0.7367727638395971113, 0.8750000000000002220 ) ) ;
#6754 = VECTOR ( 'NONE', #941, 1000.000000000000000 ) ;
#6755 = CARTESIAN_POINT ( 'NONE',  ( -0.9250000000000000444, 0.7367727638395971113, -0.7749999999999994671 ) ) ;
#6756 = DIRECTION ( 'NONE',  ( -1.000000000000000000, 0.000000000000000000, 2.282530889443167515E-16 ) ) ;
#6757 = PLANE ( 'NONE',  #6236 ) ;
#6758 = CARTESIAN_POINT ( 'NONE',  ( 1.399999999999999911, 0.7367727638395971113, 0.1250000000000002220 ) ) ;
#6759 = LINE ( 'NONE', #751, #2233 ) ;
#6760 = VERTEX_POINT ( 'NONE', #4015 ) ;
#6761 = DIRECTION ( 'NONE',  ( -4.336808689942017736E-16, 0.000000000000000000, 1.000000000000000000 ) ) ;
#6762 = FACE_BOUND ( 'NONE', #6285, .T. ) ;
#6763 = VERTEX_POINT ( 'NONE', #3375 ) ;
#6764 = CARTESIAN_POINT ( 'NONE',  ( -0.9250000000000000444, 0.7367727638395971113, -0.3749999999999998890 ) ) ;
#6765 = CARTESIAN_POINT ( 'NONE',  ( -1.399999999999999911, 0.1300000000000000044, 0.8750000000000002220 ) ) ;
#6766 = FACE_OUTER_BOUND ( 'NONE', #3218, .T. ) ;
#6767 = STYLED_ITEM ( 'NONE', ( #6574 ), #460 ) ;
#6768 = EDGE_CURVE ( 'NONE', #1915, #2679, #3171, .T. ) ;
#6769 = LINE ( 'NONE', #4084, #4391 ) ;
#6770 = DIRECTION ( 'NONE',  ( 0.000000000000000000, 0.000000000000000000, -1.000000000000000000 ) ) ;
#6771 = ORIENTED_EDGE ( 'NONE', *, *, #5911, .T. ) ;
#6772 = CARTESIAN_POINT ( 'NONE',  ( 0.9250000000000001554, 0.000000000000000000, 0.3750000000000001110 ) ) ;
#6773 = CARTESIAN_POINT ( 'NONE',  ( 0.9250000000000001554, 0.1300000000000000044, -0.1249999999999998890 ) ) ;
#6774 = LINE ( 'NONE', #471, #2199 ) ;
#6775 = VERTEX_POINT ( 'NONE', #147 ) ;
#6776 = AXIS2_PLACEMENT_3D ( 'NONE', #4005, #5083, #5526 ) ;
#6777 = FACE_OUTER_BOUND ( 'NONE', #1963, .T. ) ;
#6778 = CARTESIAN_POINT ( 'NONE',  ( -0.9250000000000001554, 0.000000000000000000, 0.3750000000000001110 ) ) ;
#6779 = CARTESIAN_POINT ( 'NONE',  ( 0.1250000000000009159, 0.1300000000000000044, 0.6749999999999999334 ) ) ;
#6780 = FACE_OUTER_BOUND ( 'NONE', #3403, .T. ) ;
#6781 = ORIENTED_EDGE ( 'NONE', *, *, #3427, .T. ) ;
#6782 = LINE ( 'NONE', #5358, #6628 ) ;
#6783 = VERTEX_POINT ( 'NONE', #651 ) ;
#6784 = CARTESIAN_POINT ( 'NONE',  ( 0.9250000000000001554, 0.1300000000000000044, -0.1249999999999998890 ) ) ;
#6785 = DIRECTION ( 'NONE',  ( -0.000000000000000000, -0.000000000000000000, 1.000000000000000000 ) ) ;
#6786 =( NAMED_UNIT ( * ) SI_UNIT ( $, .STERADIAN. ) SOLID_ANGLE_UNIT ( ) );
#6787 = FACE_OUTER_BOUND ( 'NONE', #5275, .T. ) ;
#6788 = DIRECTION ( 'NONE',  ( -1.000000000000000000, 0.000000000000000000, -4.336808689942017736E-16 ) ) ;
#6789 = EDGE_CURVE ( 'NONE', #1340, #81, #3153, .T. ) ;
#6790 = ADVANCED_FACE ( 'NONE', ( #3125 ), #2949, .T. ) ;
#6791 = CARTESIAN_POINT ( 'NONE',  ( -0.9250000000000000444, 0.1999999999999999833, -0.3749999999999998890 ) ) ;
#6792 = DIRECTION ( 'NONE',  ( 4.336808689942019215E-16, 0.000000000000000000, 1.000000000000000000 ) ) ;
#6793 = LINE ( 'NONE', #6773, #4423 ) ;
#6794 = CARTESIAN_POINT ( 'NONE',  ( -1.399999999999999911, 0.7367727638395971113, -0.3749999999999997780 ) ) ;
#6795 = ORIENTED_EDGE ( 'NONE', *, *, #5198, .T. ) ;
#6796 = AXIS2_PLACEMENT_3D ( 'NONE', #2423, #4034, #6739 ) ;
#6797 = PLANE ( 'NONE',  #3663 ) ;
#6798 = AXIS2_PLACEMENT_3D ( 'NONE', #1418, #390, #263 ) ;
#6799 = FACE_BOUND ( 'NONE', #2974, .T. ) ;
#6800 = ORIENTED_EDGE ( 'NONE', *, *, #4868, .F. ) ;
#6801 = ADVANCED_FACE ( 'NONE', ( #3000 ), #1920, .T. ) ;
#6802 = CARTESIAN_POINT ( 'NONE',  ( 0.3750000000000011102, 0.000000000000000000, 1.149999999999999689 ) ) ;
#6803 = VECTOR ( 'NONE', #2096, 1000.000000000000000 ) ;
#6804 = CARTESIAN_POINT ( 'NONE',  ( 0.3750000000000009992, 0.2000000000000000111, 0.6750000000000000444 ) ) ;
#6805 = EDGE_CURVE ( 'NONE', #1088, #5700, #5377, .T. ) ;
#6806 = CARTESIAN_POINT ( 'NONE',  ( 1.500000000000000000, 0.7400000000000002132, 1.250000000000000000 ) ) ;
#6807 = EDGE_CURVE ( 'NONE', #3738, #3156, #807, .T. ) ;
#6808 = CARTESIAN_POINT ( 'NONE',  ( 0.9250000000000000444, 0.7367727638395971113, -0.3749999999999998890 ) ) ;
#6809 = LINE ( 'NONE', #6272, #2175 ) ;
#6810 = ORIENTED_EDGE ( 'NONE', *, *, #3772, .T. ) ;
#6811 = COLOUR_RGB ( '',0.7921568627450980005, 0.8196078431372548767, 0.9333333333333333481 ) ;
#6812 = EDGE_LOOP ( 'NONE', ( #278, #209, #4564, #4851 ) ) ;
#6813 =( GEOMETRIC_REPRESENTATION_CONTEXT ( 3 ) GLOBAL_UNCERTAINTY_ASSIGNED_CONTEXT ( ( #3212 ) ) GLOBAL_UNIT_ASSIGNED_CONTEXT ( ( #5308, #5714, #4792 ) ) REPRESENTATION_CONTEXT ( 'NONE', 'WORKASPACE' ) );
#6814 = STYLED_ITEM ( 'NONE', ( #4194 ), #5654 ) ;
#6815 = CARTESIAN_POINT ( 'NONE',  ( 0.1250000000000007494, 0.1999999999999999833, -1.149999999999999911 ) ) ;
#6816 = CARTESIAN_POINT ( 'NONE',  ( 0.9250000000000001554, 0.7367727638395971113, -0.1249999999999998890 ) ) ;
#6817 = VECTOR ( 'NONE', #3150, 1000.000000000000000 ) ;
#6818 = ORIENTED_EDGE ( 'NONE', *, *, #5198, .F. ) ;
#6819 = PLANE ( 'NONE',  #2326 ) ;
#6820 = DIRECTION ( 'NONE',  ( 8.673617379884038430E-16, 0.000000000000000000, -1.000000000000000000 ) ) ;
#6821 = ORIENTED_EDGE ( 'NONE', *, *, #6768, .T. ) ;
#6822 = LINE ( 'NONE', #383, #141 ) ;
#6823 = PLANE ( 'NONE',  #4323 ) ;
#6824 = FACE_OUTER_BOUND ( 'NONE', #1301, .T. ) ;
#6825 = ORIENTED_EDGE ( 'NONE', *, *, #1609, .T. ) ;
#6826 = FACE_BOUND ( 'NONE', #3888, .T. ) ;
#6827 = VERTEX_POINT ( 'NONE', #230 ) ;
#6828 = CARTESIAN_POINT ( 'NONE',  ( -0.9250000000000000444, 0.7367727638395971113, -0.7749999999999992450 ) ) ;
#6829 = CARTESIAN_POINT ( 'NONE',  ( -0.6249999999999992228, 0.1300000000000000044, -0.6749999999999998224 ) ) ;
#6830 = CARTESIAN_POINT ( 'NONE',  ( -0.6249999999999992228, 0.000000000000000000, -0.6749999999999998224 ) ) ;
#6831 = VECTOR ( 'NONE', #6208, 1000.000000000000000 ) ;
#6832 = DIRECTION ( 'NONE',  ( 4.336808689942017736E-16, 0.000000000000000000, -1.000000000000000000 ) ) ;
#6833 = LINE ( 'NONE', #2141, #4401 ) ;
#6834 = SURFACE_STYLE_USAGE ( .BOTH. , #5212 ) ;
#6835 = ORIENTED_EDGE ( 'NONE', *, *, #5605, .T. ) ;
#6836 = CARTESIAN_POINT ( 'NONE',  ( -0.9250000000000001554, 0.000000000000000000, 0.8750000000000001110 ) ) ;
#6837 = ORIENTED_EDGE ( 'NONE', *, *, #3188, .F. ) ;
#6838 = PLANE ( 'NONE',  #3792 ) ;
#6839 = LINE ( 'NONE', #4698, #4530 ) ;
#6840 = DIRECTION ( 'NONE',  ( -0.000000000000000000, -1.000000000000000000, -0.000000000000000000 ) ) ;
#6841 = ADVANCED_FACE ( 'NONE', ( #2972 ), #1822, .F. ) ;
#6842 = CARTESIAN_POINT ( 'NONE',  ( 0.6250000000000009992, 0.000000000000000000, 1.149999999999999911 ) ) ;
#6843 = CARTESIAN_POINT ( 'NONE',  ( -0.9250000000000000444, 0.1300000000000000044, -0.8749999999999998890 ) ) ;
#6844 = CARTESIAN_POINT ( 'NONE',  ( -0.6249999999999990008, 0.000000000000000000, 0.6750000000000000444 ) ) ;
#6845 = VECTOR ( 'NONE', #1784, 1000.000000000000000 ) ;
#6846 = ORIENTED_EDGE ( 'NONE', *, *, #3486, .T. ) ;
#6847 = FACE_OUTER_BOUND ( 'NONE', #4481, .T. ) ;
#6848 = ORIENTED_EDGE ( 'NONE', *, *, #541, .F. ) ;
#6849 = AXIS2_PLACEMENT_3D ( 'NONE', #4957, #1288, #1817 ) ;
#6850 = ADVANCED_FACE ( 'NONE', ( #762 ), #3924, .T. ) ;
#6851 = CARTESIAN_POINT ( 'NONE',  ( -0.3749999999999992228, 0.000000000000000000, -1.149999999999999911 ) ) ;
ENDSEC;
END-ISO-10303-21;
