ISO-10303-21;
HEADER;
FILE_DESCRIPTION(('STEP AP242'),'1');
FILE_NAME('1928767.stp','2026-08-05T13:45:33',('TraceParts'),('TraceParts S.A.S.'),'Spatial InterOp 3D',' ',' ');
FILE_SCHEMA(('AP242_MANAGED_MODEL_BASED_3D_ENGINEERING_MIM_LF  {1 0 10303 442 1 1 4}'));
ENDSEC;
DATA;
#1=MECHANICAL_DESIGN_GEOMETRIC_PRESENTATION_REPRESENTATION(' ',(#14,#15,#16,#17,#18,#19,#20,#21,#22,#23,#24,#25,#26,#27,#28,#29,#30,#31,#32,#33,#34,#35,#36,#37,#38,#39,#40,#41,#42,#43,#44,#45,#46,#47,#48,#49,#50,#51,#52,#53,#54,#55,#56,#57,#58,#59,#60,#61,#62,#63,#64,#65,#66,#67,#68,#69,#70,#71,#72,#73,#74,#75,#76,#77,#78,#79,#80,#81,#82,#83,#84,#85,#86,#87,#88,#89,#90,#91,#92,#93,#94,#95,#96,#97,#98,#99,#100,#101,#102,#103,#104,#105,#106,#107,#108,#109,#110,#111,#112,#113,#114,#115,#116,#117,#118,#119,#120,#121,#122,#123,#124,#125,#126,#127,#128,#129,#130,#131,#132,#133,#134,#135,#136,#137,#138,#139,#140,#141,#142,#143,#144,#145,#146,#147,#148,#149,#150,#151,#152,#153,#154,#155,#156,#157,#158,#159,#160,#161,#162,#163,#164,#165,#166,#167,#168,#169,#170,#171,#172,#173,#174,#175,#176,#177,#178,#179,#180,#181,#182,#183,#184,#185,#186,#187,#188,#189,#190,#191,#192,#193,#194,#195,#196,#197,#198,#199,#200,#201,#202,#203,#204,#205,#206,#207,#208,#209,#210,#211,#212,#213,#214,#215,#216,#217,#218,#219,#220,#221,#222,#223,#224,#225,#226,#227,#228,#229,#230,#231,#232,#233,#234,#235,#236,#237,#238,#239,#240,#241,#242,#243,#244,#245,#246,#247,#248,#249,#250,#251,#252,#253,#254,#255,#256,#257,#258,#259,#260,#261,#262,#263,#264,#265,#266,#267,#268,#269,#270,#271,#272,#273,#274,#275,#276,#277,#278,#279,#280,#281,#282,#283,#284,#285,#286,#287,#288,#289,#290,#291,#292,#293,#294,#295,#296,#297,#298,#299,#300,#301,#302,#303,#304,#305,#306,#307,#308,#309,#310,#311,#312,#313,#314,#315,#316,#317,#318,#319,#320,#321,#322,#323,#324,#325,#326,#327,#328,#329,#330,#331,#332,#333,#334,#335,#336,#337,#338,#339,#340,#341,#342,#343,#344,#345,#346,#347,#348,#349,#350,#351,#352,#353,#354,#355,#356,#357,#358,#359,#360,#361,#362,#363,#364,#365,#366,#367,#368,#369,#370,#371,#372,#373,#374,#375,#376,#377,#378,#379,#380,#381,#382,#383,#384,#385,#386,#387,#388,#389,#390,#391,#392,#393,#394,#395,#396,#397,#398,#399,#400,#401,#402,#403,#404,#405,#406,#407,#408,#409,#410,#411,#412,#413,#414,#415,#416,#417,#418,#419,#420,#421,#422,#423,#424,#425,#426,#427,#428,#429,#430,#431,#432,#433,#434,#435,#436,#437,#438,#439,#440,#441,#442,#443,#444,#445,#446,#447,#448,#449,#450,#451,#452,#453,#454,#455,#456,#457,#458,#459,#460,#461,#462,#463,#464,#465,#466,#467,#468,#469,#470,#471,#472,#473,#474,#475,#476,#477,#478,#479,#480,#481,#482,#483,#484,#485,#486,#487,#488,#489,#490,#491,#492,#493,#494,#495,#496,#497,#498,#499,#500,#501,#502,#503,#504,#505,#506,#507,#508,#509,#510,#511,#512,#513,#514,#515,#516,#517,#518,#519,#520,#521,#522,#523,#524,#525,#526,#527,#528,#529,#530,#531,#532,#533,#534,#535,#536,#537,#538,#539,#540,#541,#542,#543,#544,#545,#546,#547,#548,#549,#550,#551,#552,#553,#554,#555,#556,#557,#558,#559,#560,#561,#562,#563,#564,#565,#566,#567,#568,#569,#570,#571,#572,#573,#574,#575,#576,#577,#578,#579,#580,#581,#582,#583,#584,#585,#586,#587,#588,#589,#590,#591,#592,#593,#594,#595,#596,#597,#598,#599,#600,#601,#602,#603,#604,#605,#606,#607,#608,#609,#610,#611,#612,#613,#614,#615,#616,#617,#618,#619,#620,#621,#622,#623,#624,#625,#626,#627,#628,#629,#630,#631,#632,#633,#634,#635,#636,#637,#638,#639,#640,#641,#642,#643,#644,#645,#646,#647,#648,#649,#650,#651,#652,#653,#654,#655,#656,#657,#658,#659,#660,#661,#662,#663,#664,#665,#666,#667,#668,#669,#670,#671,#672,#673,#674,#675,#676,#677,#678,#679,#680,#681,#682,#683,#684,#685,#686,#687,#688,#689,#690,#691,#692,#693,#694,#695,#696,#697,#698,#699,#700,#701,#702,#703,#704,#705,#706,#707,#708,#709,#710,#711,#712,#713,#714,#715,#716,#717,#718,#719,#720,#721,#722,#723,#724,#725,#726,#727,#728,#729,#730,#731,#732,#733,#734,#735,#736,#737,#738,#739,#740,#741,#742,#743,#744,#745,#746,#747,#748,#749,#750,#751,#752,#753,#754,#755,#756,#757,#758,#759,#760,#761,#762,#763,#764,#765,#766,#767,#768,#769,#770,#771,#772,#773,#774,#775,#776,#777,#778,#779,#780,#781,#782,#783,#784,#785,#786,#787,#788,#789,#790,#791,#792,#793,#794,#795,#796,#797,#798,#799,#800,#801,#802,#803,#804,#805,#806,#807,#808,#809,#810,#811,#812,#813,#814,#815,#816,#817,#818,#819,#820,#821,#822,#823,#824,#825,#826,#827,#828,#829,#830,#831,#832,#833,#834,#835,#836,#837,#838,#839,#840,#841,#842,#843,#844,#845,#846,#847,#848,#849,#850,#851,#852,#853,#854,#855,#856,#857,#858,#859,#860,#861,#862,#863,#864,#865,#866,#867,#868,#869,#870,#871,#872,#873,#874,#875,#876,#877,#878,#879,#880,#881,#882,#883,#884,#885,#886,#887,#888,#889,#890,#891,#892,#893,#894,#895,#896,#897,#898,#899,#900,#901,#902,#903,#904,#905,#906,#907,#908,#909,#910,#911,#912,#913,#914,#915,#916,#917,#918,#919,#920,#921,#922,#923,#924,#925,#926,#927,#928,#929,#930,#931,#932,#933,#934,#935,#936,#937,#938,#939,#940,#941,#942,#943,#944,#945,#946,#947,#948,#949,#950,#951,#952,#953,#954,#955,#956,#957,#958),#10);
#2=PRODUCT_DEFINITION_CONTEXT('',#959,'design');
#3=APPLICATION_PROTOCOL_DEFINITION('INTERNATIONAL STANDARD','ap242_managed_model_based_3d_engineering',2014,#959);
#4=PRODUCT_CATEGORY_RELATIONSHIP('NONE','NONE',#960,#961);
#5=SHAPE_DEFINITION_REPRESENTATION(#962,#963);
#6=SHAPE_DEFINITION_REPRESENTATION(#962,#964);
#7=SHAPE_DEFINITION_REPRESENTATION(#962,#965);
#8=SHAPE_DEFINITION_REPRESENTATION(#962,#966);
#9=SHAPE_DEFINITION_REPRESENTATION(#962,#967);
#10= (GEOMETRIC_REPRESENTATION_CONTEXT(3)GLOBAL_UNCERTAINTY_ASSIGNED_CONTEXT((#970))GLOBAL_UNIT_ASSIGNED_CONTEXT((#972,#973,#974))REPRESENTATION_CONTEXT('NONE','WORKSPACE'));
#14=STYLED_ITEM('',(#976),#977);
#15=STYLED_ITEM('',(#978),#979);
#16=STYLED_ITEM('',(#980),#981);
#17=STYLED_ITEM('',(#982),#983);
#18=STYLED_ITEM('',(#984),#985);
#19=STYLED_ITEM('',(#986),#987);
#20=STYLED_ITEM('',(#988),#989);
#21=STYLED_ITEM('',(#990),#991);
#22=STYLED_ITEM('',(#992),#993);
#23=STYLED_ITEM('',(#994),#995);
#24=STYLED_ITEM('',(#996),#997);
#25=STYLED_ITEM('',(#998),#999);
#26=STYLED_ITEM('',(#1000),#1001);
#27=STYLED_ITEM('',(#1002),#1003);
#28=STYLED_ITEM('',(#1004),#1005);
#29=STYLED_ITEM('',(#1006),#1007);
#30=STYLED_ITEM('',(#1008),#1009);
#31=STYLED_ITEM('',(#1010),#1011);
#32=STYLED_ITEM('',(#1012),#1013);
#33=STYLED_ITEM('',(#1014),#1015);
#34=STYLED_ITEM('',(#1016),#1017);
#35=STYLED_ITEM('',(#1018),#1019);
#36=STYLED_ITEM('',(#1020),#1021);
#37=STYLED_ITEM('',(#1022),#1023);
#38=STYLED_ITEM('',(#1024),#1025);
#39=STYLED_ITEM('',(#1026),#1027);
#40=STYLED_ITEM('',(#1028),#1029);
#41=STYLED_ITEM('',(#1030),#1031);
#42=STYLED_ITEM('',(#1032),#1033);
#43=STYLED_ITEM('',(#1034),#1035);
#44=STYLED_ITEM('',(#1036),#1037);
#45=STYLED_ITEM('',(#1038),#1039);
#46=STYLED_ITEM('',(#1040),#1041);
#47=STYLED_ITEM('',(#1042),#1043);
#48=STYLED_ITEM('',(#1044),#1045);
#49=STYLED_ITEM('',(#1046),#1047);
#50=STYLED_ITEM('',(#1048),#1049);
#51=STYLED_ITEM('',(#1050),#1051);
#52=STYLED_ITEM('',(#1052),#1053);
#53=STYLED_ITEM('',(#1054),#1055);
#54=STYLED_ITEM('',(#1056),#1057);
#55=STYLED_ITEM('',(#1058),#1059);
#56=STYLED_ITEM('',(#1060),#1061);
#57=STYLED_ITEM('',(#1062),#1063);
#58=STYLED_ITEM('',(#1064),#1065);
#59=STYLED_ITEM('',(#1066),#1067);
#60=STYLED_ITEM('',(#1068),#1069);
#61=STYLED_ITEM('',(#1070),#1071);
#62=STYLED_ITEM('',(#1072),#1073);
#63=STYLED_ITEM('',(#1074),#1075);
#64=STYLED_ITEM('',(#1076),#1077);
#65=STYLED_ITEM('',(#1078),#1079);
#66=STYLED_ITEM('',(#1080),#1081);
#67=STYLED_ITEM('',(#1082),#1083);
#68=STYLED_ITEM('',(#1084),#1085);
#69=STYLED_ITEM('',(#1086),#1087);
#70=STYLED_ITEM('',(#1088),#1089);
#71=STYLED_ITEM('',(#1090),#1091);
#72=STYLED_ITEM('',(#1092),#1093);
#73=STYLED_ITEM('',(#1094),#1095);
#74=STYLED_ITEM('',(#1096),#1097);
#75=STYLED_ITEM('',(#1098),#1099);
#76=STYLED_ITEM('',(#1100),#1101);
#77=STYLED_ITEM('',(#1102),#1103);
#78=STYLED_ITEM('',(#1104),#1105);
#79=STYLED_ITEM('',(#1106),#1107);
#80=STYLED_ITEM('',(#1108),#1109);
#81=STYLED_ITEM('',(#1110),#1111);
#82=STYLED_ITEM('',(#1112),#1113);
#83=STYLED_ITEM('',(#1114),#1115);
#84=STYLED_ITEM('',(#1116),#1117);
#85=STYLED_ITEM('',(#1118),#1119);
#86=STYLED_ITEM('',(#1120),#1121);
#87=STYLED_ITEM('',(#1122),#1123);
#88=STYLED_ITEM('',(#1124),#1125);
#89=STYLED_ITEM('',(#1126),#1127);
#90=STYLED_ITEM('',(#1128),#1129);
#91=STYLED_ITEM('',(#1130),#1131);
#92=STYLED_ITEM('',(#1132),#1133);
#93=STYLED_ITEM('',(#1134),#1135);
#94=STYLED_ITEM('',(#1136),#1137);
#95=STYLED_ITEM('',(#1138),#1139);
#96=STYLED_ITEM('',(#1140),#1141);
#97=STYLED_ITEM('',(#1142),#1143);
#98=STYLED_ITEM('',(#1144),#1145);
#99=STYLED_ITEM('',(#1146),#1147);
#100=STYLED_ITEM('',(#1148),#1149);
#101=STYLED_ITEM('',(#1150),#1151);
#102=STYLED_ITEM('',(#1152),#1153);
#103=STYLED_ITEM('',(#1154),#1155);
#104=STYLED_ITEM('',(#1156),#1157);
#105=STYLED_ITEM('',(#1158),#1159);
#106=STYLED_ITEM('',(#1160),#1161);
#107=STYLED_ITEM('',(#1162),#1163);
#108=STYLED_ITEM('',(#1164),#1165);
#109=STYLED_ITEM('',(#1166),#1167);
#110=STYLED_ITEM('',(#1168),#1169);
#111=STYLED_ITEM('',(#1170),#1171);
#112=STYLED_ITEM('',(#1172),#1173);
#113=STYLED_ITEM('',(#1174),#1175);
#114=STYLED_ITEM('',(#1176),#1177);
#115=STYLED_ITEM('',(#1178),#1179);
#116=STYLED_ITEM('',(#1180),#1181);
#117=STYLED_ITEM('',(#1182),#1183);
#118=STYLED_ITEM('',(#1184),#1185);
#119=STYLED_ITEM('',(#1186),#1187);
#120=STYLED_ITEM('',(#1188),#1189);
#121=STYLED_ITEM('',(#1190),#1191);
#122=STYLED_ITEM('',(#1192),#1193);
#123=STYLED_ITEM('',(#1194),#1195);
#124=STYLED_ITEM('',(#1196),#1197);
#125=STYLED_ITEM('',(#1198),#1199);
#126=STYLED_ITEM('',(#1200),#1201);
#127=STYLED_ITEM('',(#1202),#1203);
#128=STYLED_ITEM('',(#1204),#1205);
#129=STYLED_ITEM('',(#1206),#1207);
#130=STYLED_ITEM('',(#1208),#1209);
#131=STYLED_ITEM('',(#1210),#1211);
#132=STYLED_ITEM('',(#1212),#1213);
#133=STYLED_ITEM('',(#1214),#1215);
#134=STYLED_ITEM('',(#1216),#1217);
#135=STYLED_ITEM('',(#1218),#1219);
#136=STYLED_ITEM('',(#1220),#1221);
#137=STYLED_ITEM('',(#1222),#1223);
#138=STYLED_ITEM('',(#1224),#1225);
#139=STYLED_ITEM('',(#1226),#1227);
#140=STYLED_ITEM('',(#1228),#1229);
#141=STYLED_ITEM('',(#1230),#1231);
#142=STYLED_ITEM('',(#1232),#1233);
#143=STYLED_ITEM('',(#1234),#1235);
#144=STYLED_ITEM('',(#1236),#1237);
#145=STYLED_ITEM('',(#1238),#1239);
#146=STYLED_ITEM('',(#1240),#1241);
#147=STYLED_ITEM('',(#1242),#1243);
#148=STYLED_ITEM('',(#1244),#1245);
#149=STYLED_ITEM('',(#1246),#1247);
#150=STYLED_ITEM('',(#1248),#1249);
#151=STYLED_ITEM('',(#1250),#1251);
#152=STYLED_ITEM('',(#1252),#1253);
#153=STYLED_ITEM('',(#1254),#1255);
#154=STYLED_ITEM('',(#1256),#1257);
#155=STYLED_ITEM('',(#1258),#1259);
#156=STYLED_ITEM('',(#1260),#1261);
#157=STYLED_ITEM('',(#1262),#1263);
#158=STYLED_ITEM('',(#1264),#1265);
#159=STYLED_ITEM('',(#1266),#1267);
#160=STYLED_ITEM('',(#1268),#1269);
#161=STYLED_ITEM('',(#1270),#1271);
#162=STYLED_ITEM('',(#1272),#1273);
#163=STYLED_ITEM('',(#1274),#1275);
#164=STYLED_ITEM('',(#1276),#1277);
#165=STYLED_ITEM('',(#1278),#1279);
#166=STYLED_ITEM('',(#1280),#1281);
#167=STYLED_ITEM('',(#1282),#1283);
#168=STYLED_ITEM('',(#1284),#1285);
#169=STYLED_ITEM('',(#1286),#1287);
#170=STYLED_ITEM('',(#1288),#1289);
#171=STYLED_ITEM('',(#1290),#1291);
#172=STYLED_ITEM('',(#1292),#1293);
#173=STYLED_ITEM('',(#1294),#1295);
#174=STYLED_ITEM('',(#1296),#1297);
#175=STYLED_ITEM('',(#1298),#1299);
#176=STYLED_ITEM('',(#1300),#1301);
#177=STYLED_ITEM('',(#1302),#1303);
#178=STYLED_ITEM('',(#1304),#1305);
#179=STYLED_ITEM('',(#1306),#1307);
#180=STYLED_ITEM('',(#1308),#1309);
#181=STYLED_ITEM('',(#1310),#1311);
#182=STYLED_ITEM('',(#1312),#1313);
#183=STYLED_ITEM('',(#1314),#1315);
#184=STYLED_ITEM('',(#1316),#1317);
#185=STYLED_ITEM('',(#1318),#1319);
#186=STYLED_ITEM('',(#1320),#1321);
#187=STYLED_ITEM('',(#1322),#1323);
#188=STYLED_ITEM('',(#1324),#1325);
#189=STYLED_ITEM('',(#1326),#1327);
#190=STYLED_ITEM('',(#1328),#1329);
#191=STYLED_ITEM('',(#1330),#1331);
#192=STYLED_ITEM('',(#1332),#1333);
#193=STYLED_ITEM('',(#1334),#1335);
#194=STYLED_ITEM('',(#1336),#1337);
#195=STYLED_ITEM('',(#1338),#1339);
#196=STYLED_ITEM('',(#1340),#1341);
#197=STYLED_ITEM('',(#1342),#1343);
#198=STYLED_ITEM('',(#1344),#1345);
#199=STYLED_ITEM('',(#1346),#1347);
#200=STYLED_ITEM('',(#1348),#1349);
#201=STYLED_ITEM('',(#1350),#1351);
#202=STYLED_ITEM('',(#1352),#1353);
#203=STYLED_ITEM('',(#1354),#1355);
#204=STYLED_ITEM('',(#1356),#1357);
#205=STYLED_ITEM('',(#1358),#1359);
#206=STYLED_ITEM('',(#1360),#1361);
#207=STYLED_ITEM('',(#1362),#1363);
#208=STYLED_ITEM('',(#1364),#1365);
#209=STYLED_ITEM('',(#1366),#1367);
#210=STYLED_ITEM('',(#1368),#1369);
#211=STYLED_ITEM('',(#1370),#1371);
#212=STYLED_ITEM('',(#1372),#1373);
#213=STYLED_ITEM('',(#1374),#1375);
#214=STYLED_ITEM('',(#1376),#1377);
#215=STYLED_ITEM('',(#1378),#1379);
#216=STYLED_ITEM('',(#1380),#1381);
#217=STYLED_ITEM('',(#1382),#1383);
#218=STYLED_ITEM('',(#1384),#1385);
#219=STYLED_ITEM('',(#1386),#1387);
#220=STYLED_ITEM('',(#1388),#1389);
#221=STYLED_ITEM('',(#1390),#1391);
#222=STYLED_ITEM('',(#1392),#1393);
#223=STYLED_ITEM('',(#1394),#1395);
#224=STYLED_ITEM('',(#1396),#1397);
#225=STYLED_ITEM('',(#1398),#1399);
#226=STYLED_ITEM('',(#1400),#1401);
#227=STYLED_ITEM('',(#1402),#1403);
#228=STYLED_ITEM('',(#1404),#1405);
#229=STYLED_ITEM('',(#1406),#1407);
#230=STYLED_ITEM('',(#1408),#1409);
#231=STYLED_ITEM('',(#1410),#1411);
#232=STYLED_ITEM('',(#1412),#1413);
#233=STYLED_ITEM('',(#1414),#1415);
#234=STYLED_ITEM('',(#1416),#1417);
#235=STYLED_ITEM('',(#1418),#1419);
#236=STYLED_ITEM('',(#1420),#1421);
#237=STYLED_ITEM('',(#1422),#1423);
#238=STYLED_ITEM('',(#1424),#1425);
#239=STYLED_ITEM('',(#1426),#1427);
#240=STYLED_ITEM('',(#1428),#1429);
#241=STYLED_ITEM('',(#1430),#1431);
#242=STYLED_ITEM('',(#1432),#1433);
#243=STYLED_ITEM('',(#1434),#1435);
#244=STYLED_ITEM('',(#1436),#1437);
#245=STYLED_ITEM('',(#1438),#1439);
#246=STYLED_ITEM('',(#1440),#1441);
#247=STYLED_ITEM('',(#1442),#1443);
#248=STYLED_ITEM('',(#1444),#1445);
#249=STYLED_ITEM('',(#1446),#1447);
#250=STYLED_ITEM('',(#1448),#1449);
#251=STYLED_ITEM('',(#1450),#1451);
#252=STYLED_ITEM('',(#1452),#1453);
#253=STYLED_ITEM('',(#1454),#1455);
#254=STYLED_ITEM('',(#1456),#1457);
#255=STYLED_ITEM('',(#1458),#1459);
#256=STYLED_ITEM('',(#1460),#1461);
#257=STYLED_ITEM('',(#1462),#1463);
#258=STYLED_ITEM('',(#1464),#1465);
#259=STYLED_ITEM('',(#1466),#1467);
#260=STYLED_ITEM('',(#1468),#1469);
#261=STYLED_ITEM('',(#1470),#1471);
#262=STYLED_ITEM('',(#1472),#1473);
#263=STYLED_ITEM('',(#1474),#1475);
#264=STYLED_ITEM('',(#1476),#1477);
#265=STYLED_ITEM('',(#1478),#1479);
#266=STYLED_ITEM('',(#1480),#1481);
#267=STYLED_ITEM('',(#1482),#1483);
#268=STYLED_ITEM('',(#1484),#1485);
#269=STYLED_ITEM('',(#1486),#1487);
#270=STYLED_ITEM('',(#1488),#1489);
#271=STYLED_ITEM('',(#1490),#1491);
#272=STYLED_ITEM('',(#1492),#1493);
#273=STYLED_ITEM('',(#1494),#1495);
#274=STYLED_ITEM('',(#1496),#1497);
#275=STYLED_ITEM('',(#1498),#1499);
#276=STYLED_ITEM('',(#1500),#1501);
#277=STYLED_ITEM('',(#1502),#1503);
#278=STYLED_ITEM('',(#1504),#1505);
#279=STYLED_ITEM('',(#1506),#1507);
#280=STYLED_ITEM('',(#1508),#1509);
#281=STYLED_ITEM('',(#1510),#1511);
#282=STYLED_ITEM('',(#1512),#1513);
#283=STYLED_ITEM('',(#1514),#1515);
#284=STYLED_ITEM('',(#1516),#1517);
#285=STYLED_ITEM('',(#1518),#1519);
#286=STYLED_ITEM('',(#1520),#1521);
#287=STYLED_ITEM('',(#1522),#1523);
#288=STYLED_ITEM('',(#1524),#1525);
#289=STYLED_ITEM('',(#1526),#1527);
#290=STYLED_ITEM('',(#1528),#1529);
#291=STYLED_ITEM('',(#1530),#1531);
#292=STYLED_ITEM('',(#1532),#1533);
#293=STYLED_ITEM('',(#1534),#1535);
#294=STYLED_ITEM('',(#1536),#1537);
#295=STYLED_ITEM('',(#1538),#1539);
#296=STYLED_ITEM('',(#1540),#1541);
#297=STYLED_ITEM('',(#1542),#1543);
#298=STYLED_ITEM('',(#1544),#1545);
#299=STYLED_ITEM('',(#1546),#1547);
#300=STYLED_ITEM('',(#1548),#1549);
#301=STYLED_ITEM('',(#1550),#1551);
#302=STYLED_ITEM('',(#1552),#1553);
#303=STYLED_ITEM('',(#1554),#1555);
#304=STYLED_ITEM('',(#1556),#1557);
#305=STYLED_ITEM('',(#1558),#1559);
#306=STYLED_ITEM('',(#1560),#1561);
#307=STYLED_ITEM('',(#1562),#1563);
#308=STYLED_ITEM('',(#1564),#1565);
#309=STYLED_ITEM('',(#1566),#1567);
#310=STYLED_ITEM('',(#1568),#1569);
#311=STYLED_ITEM('',(#1570),#1571);
#312=STYLED_ITEM('',(#1572),#1573);
#313=STYLED_ITEM('',(#1574),#1575);
#314=STYLED_ITEM('',(#1576),#1577);
#315=STYLED_ITEM('',(#1578),#1579);
#316=STYLED_ITEM('',(#1580),#1581);
#317=STYLED_ITEM('',(#1582),#1583);
#318=STYLED_ITEM('',(#1584),#1585);
#319=STYLED_ITEM('',(#1586),#1587);
#320=STYLED_ITEM('',(#1588),#1589);
#321=STYLED_ITEM('',(#1590),#1591);
#322=STYLED_ITEM('',(#1592),#1593);
#323=STYLED_ITEM('',(#1594),#1595);
#324=STYLED_ITEM('',(#1596),#1597);
#325=STYLED_ITEM('',(#1598),#1599);
#326=STYLED_ITEM('',(#1600),#1601);
#327=STYLED_ITEM('',(#1602),#1603);
#328=STYLED_ITEM('',(#1604),#1605);
#329=STYLED_ITEM('',(#1606),#1607);
#330=STYLED_ITEM('',(#1608),#1609);
#331=STYLED_ITEM('',(#1610),#1611);
#332=STYLED_ITEM('',(#1612),#1613);
#333=STYLED_ITEM('',(#1614),#1615);
#334=STYLED_ITEM('',(#1616),#1617);
#335=STYLED_ITEM('',(#1618),#1619);
#336=STYLED_ITEM('',(#1620),#1621);
#337=STYLED_ITEM('',(#1622),#1623);
#338=STYLED_ITEM('',(#1624),#1625);
#339=STYLED_ITEM('',(#1626),#1627);
#340=STYLED_ITEM('',(#1628),#1629);
#341=STYLED_ITEM('',(#1630),#1631);
#342=STYLED_ITEM('',(#1632),#1633);
#343=STYLED_ITEM('',(#1634),#1635);
#344=STYLED_ITEM('',(#1636),#1637);
#345=STYLED_ITEM('',(#1638),#1639);
#346=STYLED_ITEM('',(#1640),#1641);
#347=STYLED_ITEM('',(#1642),#1643);
#348=STYLED_ITEM('',(#1644),#1645);
#349=STYLED_ITEM('',(#1646),#1647);
#350=STYLED_ITEM('',(#1648),#1649);
#351=STYLED_ITEM('',(#1650),#1651);
#352=STYLED_ITEM('',(#1652),#1653);
#353=STYLED_ITEM('',(#1654),#1655);
#354=STYLED_ITEM('',(#1656),#1657);
#355=STYLED_ITEM('',(#1658),#1659);
#356=STYLED_ITEM('',(#1660),#1661);
#357=STYLED_ITEM('',(#1662),#1663);
#358=STYLED_ITEM('',(#1664),#1665);
#359=STYLED_ITEM('',(#1666),#1667);
#360=STYLED_ITEM('',(#1668),#1669);
#361=STYLED_ITEM('',(#1670),#1671);
#362=STYLED_ITEM('',(#1672),#1673);
#363=STYLED_ITEM('',(#1674),#1675);
#364=STYLED_ITEM('',(#1676),#1677);
#365=STYLED_ITEM('',(#1678),#1679);
#366=STYLED_ITEM('',(#1680),#1681);
#367=STYLED_ITEM('',(#1682),#1683);
#368=STYLED_ITEM('',(#1684),#1685);
#369=STYLED_ITEM('',(#1686),#1687);
#370=STYLED_ITEM('',(#1688),#1689);
#371=STYLED_ITEM('',(#1690),#1691);
#372=STYLED_ITEM('',(#1692),#1693);
#373=STYLED_ITEM('',(#1694),#1695);
#374=STYLED_ITEM('',(#1696),#1697);
#375=STYLED_ITEM('',(#1698),#1699);
#376=STYLED_ITEM('',(#1700),#1701);
#377=STYLED_ITEM('',(#1702),#1703);
#378=STYLED_ITEM('',(#1704),#1705);
#379=STYLED_ITEM('',(#1706),#1707);
#380=STYLED_ITEM('',(#1708),#1709);
#381=STYLED_ITEM('',(#1710),#1711);
#382=STYLED_ITEM('',(#1712),#1713);
#383=STYLED_ITEM('',(#1714),#1715);
#384=STYLED_ITEM('',(#1716),#1717);
#385=STYLED_ITEM('',(#1718),#1719);
#386=STYLED_ITEM('',(#1720),#1721);
#387=STYLED_ITEM('',(#1722),#1723);
#388=STYLED_ITEM('',(#1724),#1725);
#389=STYLED_ITEM('',(#1726),#1727);
#390=STYLED_ITEM('',(#1728),#1729);
#391=STYLED_ITEM('',(#1730),#1731);
#392=STYLED_ITEM('',(#1732),#1733);
#393=STYLED_ITEM('',(#1734),#1735);
#394=STYLED_ITEM('',(#1736),#1737);
#395=STYLED_ITEM('',(#1738),#1739);
#396=STYLED_ITEM('',(#1740),#1741);
#397=STYLED_ITEM('',(#1742),#1743);
#398=STYLED_ITEM('',(#1744),#1745);
#399=STYLED_ITEM('',(#1746),#1747);
#400=STYLED_ITEM('',(#1748),#1749);
#401=STYLED_ITEM('',(#1750),#1751);
#402=STYLED_ITEM('',(#1752),#1753);
#403=STYLED_ITEM('',(#1754),#1755);
#404=STYLED_ITEM('',(#1756),#1757);
#405=STYLED_ITEM('',(#1758),#1759);
#406=STYLED_ITEM('',(#1760),#1761);
#407=STYLED_ITEM('',(#1762),#1763);
#408=STYLED_ITEM('',(#1764),#1765);
#409=STYLED_ITEM('',(#1766),#1767);
#410=STYLED_ITEM('',(#1768),#1769);
#411=STYLED_ITEM('',(#1770),#1771);
#412=STYLED_ITEM('',(#1772),#1773);
#413=STYLED_ITEM('',(#1774),#1775);
#414=STYLED_ITEM('',(#1776),#1777);
#415=STYLED_ITEM('',(#1778),#1779);
#416=STYLED_ITEM('',(#1780),#1781);
#417=STYLED_ITEM('',(#1782),#1783);
#418=STYLED_ITEM('',(#1784),#1785);
#419=STYLED_ITEM('',(#1786),#1787);
#420=STYLED_ITEM('',(#1788),#1789);
#421=STYLED_ITEM('',(#1790),#1791);
#422=STYLED_ITEM('',(#1792),#1793);
#423=STYLED_ITEM('',(#1794),#1795);
#424=STYLED_ITEM('',(#1796),#1797);
#425=STYLED_ITEM('',(#1798),#1799);
#426=STYLED_ITEM('',(#1800),#1801);
#427=STYLED_ITEM('',(#1802),#1803);
#428=STYLED_ITEM('',(#1804),#1805);
#429=STYLED_ITEM('',(#1806),#1807);
#430=STYLED_ITEM('',(#1808),#1809);
#431=STYLED_ITEM('',(#1810),#1811);
#432=STYLED_ITEM('',(#1812),#1813);
#433=STYLED_ITEM('',(#1814),#1815);
#434=STYLED_ITEM('',(#1816),#1817);
#435=STYLED_ITEM('',(#1818),#1819);
#436=STYLED_ITEM('',(#1820),#1821);
#437=STYLED_ITEM('',(#1822),#1823);
#438=STYLED_ITEM('',(#1824),#1825);
#439=STYLED_ITEM('',(#1826),#1827);
#440=STYLED_ITEM('',(#1828),#1829);
#441=STYLED_ITEM('',(#1830),#1831);
#442=STYLED_ITEM('',(#1832),#1833);
#443=STYLED_ITEM('',(#1834),#1835);
#444=STYLED_ITEM('',(#1836),#1837);
#445=STYLED_ITEM('',(#1838),#1839);
#446=STYLED_ITEM('',(#1840),#1841);
#447=STYLED_ITEM('',(#1842),#1843);
#448=STYLED_ITEM('',(#1844),#1845);
#449=STYLED_ITEM('',(#1846),#1847);
#450=STYLED_ITEM('',(#1848),#1849);
#451=STYLED_ITEM('',(#1850),#1851);
#452=STYLED_ITEM('',(#1852),#1853);
#453=STYLED_ITEM('',(#1854),#1855);
#454=STYLED_ITEM('',(#1856),#1857);
#455=STYLED_ITEM('',(#1858),#1859);
#456=STYLED_ITEM('',(#1860),#1861);
#457=STYLED_ITEM('',(#1862),#1863);
#458=STYLED_ITEM('',(#1864),#1865);
#459=STYLED_ITEM('',(#1866),#1867);
#460=STYLED_ITEM('',(#1868),#1869);
#461=STYLED_ITEM('',(#1870),#1871);
#462=STYLED_ITEM('',(#1872),#1873);
#463=STYLED_ITEM('',(#1874),#1875);
#464=STYLED_ITEM('',(#1876),#1877);
#465=STYLED_ITEM('',(#1878),#1879);
#466=STYLED_ITEM('',(#1880),#1881);
#467=STYLED_ITEM('',(#1882),#1883);
#468=STYLED_ITEM('',(#1884),#1885);
#469=STYLED_ITEM('',(#1886),#1887);
#470=STYLED_ITEM('',(#1888),#1889);
#471=STYLED_ITEM('',(#1890),#1891);
#472=STYLED_ITEM('',(#1892),#1893);
#473=STYLED_ITEM('',(#1894),#1895);
#474=STYLED_ITEM('',(#1896),#1897);
#475=STYLED_ITEM('',(#1898),#1899);
#476=STYLED_ITEM('',(#1900),#1901);
#477=STYLED_ITEM('',(#1902),#1903);
#478=STYLED_ITEM('',(#1904),#1905);
#479=STYLED_ITEM('',(#1906),#1907);
#480=STYLED_ITEM('',(#1908),#1909);
#481=STYLED_ITEM('',(#1910),#1911);
#482=STYLED_ITEM('',(#1912),#1913);
#483=STYLED_ITEM('',(#1914),#1915);
#484=STYLED_ITEM('',(#1916),#1917);
#485=STYLED_ITEM('',(#1918),#1919);
#486=STYLED_ITEM('',(#1920),#1921);
#487=STYLED_ITEM('',(#1922),#1923);
#488=STYLED_ITEM('',(#1924),#1925);
#489=STYLED_ITEM('',(#1926),#1927);
#490=STYLED_ITEM('',(#1928),#1929);
#491=STYLED_ITEM('',(#1930),#1931);
#492=STYLED_ITEM('',(#1932),#1933);
#493=STYLED_ITEM('',(#1934),#1935);
#494=STYLED_ITEM('',(#1936),#1937);
#495=STYLED_ITEM('',(#1938),#1939);
#496=STYLED_ITEM('',(#1940),#1941);
#497=STYLED_ITEM('',(#1942),#1943);
#498=STYLED_ITEM('',(#1944),#1945);
#499=STYLED_ITEM('',(#1946),#1947);
#500=STYLED_ITEM('',(#1948),#1949);
#501=STYLED_ITEM('',(#1950),#1951);
#502=STYLED_ITEM('',(#1952),#1953);
#503=STYLED_ITEM('',(#1954),#1955);
#504=STYLED_ITEM('',(#1956),#1957);
#505=STYLED_ITEM('',(#1958),#1959);
#506=STYLED_ITEM('',(#1960),#1961);
#507=STYLED_ITEM('',(#1962),#1963);
#508=STYLED_ITEM('',(#1964),#1965);
#509=STYLED_ITEM('',(#1966),#1967);
#510=STYLED_ITEM('',(#1968),#1969);
#511=STYLED_ITEM('',(#1970),#1971);
#512=STYLED_ITEM('',(#1972),#1973);
#513=STYLED_ITEM('',(#1974),#1975);
#514=STYLED_ITEM('',(#1976),#1977);
#515=STYLED_ITEM('',(#1978),#1979);
#516=STYLED_ITEM('',(#1980),#1981);
#517=STYLED_ITEM('',(#1982),#1983);
#518=STYLED_ITEM('',(#1984),#1985);
#519=STYLED_ITEM('',(#1986),#1987);
#520=STYLED_ITEM('',(#1988),#1989);
#521=STYLED_ITEM('',(#1990),#1991);
#522=STYLED_ITEM('',(#1992),#1993);
#523=STYLED_ITEM('',(#1994),#1995);
#524=STYLED_ITEM('',(#1996),#1997);
#525=STYLED_ITEM('',(#1998),#1999);
#526=STYLED_ITEM('',(#2000),#2001);
#527=STYLED_ITEM('',(#2002),#2003);
#528=STYLED_ITEM('',(#2004),#2005);
#529=STYLED_ITEM('',(#2006),#2007);
#530=STYLED_ITEM('',(#2008),#2009);
#531=STYLED_ITEM('',(#2010),#2011);
#532=STYLED_ITEM('',(#2012),#2013);
#533=STYLED_ITEM('',(#2014),#2015);
#534=STYLED_ITEM('',(#2016),#2017);
#535=STYLED_ITEM('',(#2018),#2019);
#536=STYLED_ITEM('',(#2020),#2021);
#537=STYLED_ITEM('',(#2022),#2023);
#538=STYLED_ITEM('',(#2024),#2025);
#539=STYLED_ITEM('',(#2026),#2027);
#540=STYLED_ITEM('',(#2028),#2029);
#541=STYLED_ITEM('',(#2030),#2031);
#542=STYLED_ITEM('',(#2032),#2033);
#543=STYLED_ITEM('',(#2034),#2035);
#544=STYLED_ITEM('',(#2036),#2037);
#545=STYLED_ITEM('',(#2038),#2039);
#546=STYLED_ITEM('',(#2040),#2041);
#547=STYLED_ITEM('',(#2042),#2043);
#548=STYLED_ITEM('',(#2044),#2045);
#549=STYLED_ITEM('',(#2046),#2047);
#550=STYLED_ITEM('',(#2048),#2049);
#551=STYLED_ITEM('',(#2050),#2051);
#552=STYLED_ITEM('',(#2052),#2053);
#553=STYLED_ITEM('',(#2054),#2055);
#554=STYLED_ITEM('',(#2056),#2057);
#555=STYLED_ITEM('',(#2058),#2059);
#556=STYLED_ITEM('',(#2060),#2061);
#557=STYLED_ITEM('',(#2062),#2063);
#558=STYLED_ITEM('',(#2064),#2065);
#559=STYLED_ITEM('',(#2066),#2067);
#560=STYLED_ITEM('',(#2068),#2069);
#561=STYLED_ITEM('',(#2070),#2071);
#562=STYLED_ITEM('',(#2072),#2073);
#563=STYLED_ITEM('',(#2074),#2075);
#564=STYLED_ITEM('',(#2076),#2077);
#565=STYLED_ITEM('',(#2078),#2079);
#566=STYLED_ITEM('',(#2080),#2081);
#567=STYLED_ITEM('',(#2082),#2083);
#568=STYLED_ITEM('',(#2084),#2085);
#569=STYLED_ITEM('',(#2086),#2087);
#570=STYLED_ITEM('',(#2088),#2089);
#571=STYLED_ITEM('',(#2090),#2091);
#572=STYLED_ITEM('',(#2092),#2093);
#573=STYLED_ITEM('',(#2094),#2095);
#574=STYLED_ITEM('',(#2096),#2097);
#575=STYLED_ITEM('',(#2098),#2099);
#576=STYLED_ITEM('',(#2100),#2101);
#577=STYLED_ITEM('',(#2102),#2103);
#578=STYLED_ITEM('',(#2104),#2105);
#579=STYLED_ITEM('',(#2106),#2107);
#580=STYLED_ITEM('',(#2108),#2109);
#581=STYLED_ITEM('',(#2110),#2111);
#582=STYLED_ITEM('',(#2112),#2113);
#583=STYLED_ITEM('',(#2114),#2115);
#584=STYLED_ITEM('',(#2116),#2117);
#585=STYLED_ITEM('',(#2118),#2119);
#586=STYLED_ITEM('',(#2120),#2121);
#587=STYLED_ITEM('',(#2122),#2123);
#588=STYLED_ITEM('',(#2124),#2125);
#589=STYLED_ITEM('',(#2126),#2127);
#590=STYLED_ITEM('',(#2128),#2129);
#591=STYLED_ITEM('',(#2130),#2131);
#592=STYLED_ITEM('',(#2132),#2133);
#593=STYLED_ITEM('',(#2134),#2135);
#594=STYLED_ITEM('',(#2136),#2137);
#595=STYLED_ITEM('',(#2138),#2139);
#596=STYLED_ITEM('',(#2140),#2141);
#597=STYLED_ITEM('',(#2142),#2143);
#598=STYLED_ITEM('',(#2144),#2145);
#599=STYLED_ITEM('',(#2146),#2147);
#600=STYLED_ITEM('',(#2148),#2149);
#601=STYLED_ITEM('',(#2150),#2151);
#602=STYLED_ITEM('',(#2152),#2153);
#603=STYLED_ITEM('',(#2154),#2155);
#604=STYLED_ITEM('',(#2156),#2157);
#605=STYLED_ITEM('',(#2158),#2159);
#606=STYLED_ITEM('',(#2160),#2161);
#607=STYLED_ITEM('',(#2162),#2163);
#608=STYLED_ITEM('',(#2164),#2165);
#609=STYLED_ITEM('',(#2166),#2167);
#610=STYLED_ITEM('',(#2168),#2169);
#611=STYLED_ITEM('',(#2170),#2171);
#612=STYLED_ITEM('',(#2172),#2173);
#613=STYLED_ITEM('',(#2174),#2175);
#614=STYLED_ITEM('',(#2176),#2177);
#615=STYLED_ITEM('',(#2178),#2179);
#616=STYLED_ITEM('',(#2180),#2181);
#617=STYLED_ITEM('',(#2182),#2183);
#618=STYLED_ITEM('',(#2184),#2185);
#619=STYLED_ITEM('',(#2186),#2187);
#620=STYLED_ITEM('',(#2188),#2189);
#621=STYLED_ITEM('',(#2190),#2191);
#622=STYLED_ITEM('',(#2192),#2193);
#623=STYLED_ITEM('',(#2194),#2195);
#624=STYLED_ITEM('',(#2196),#2197);
#625=STYLED_ITEM('',(#2198),#2199);
#626=STYLED_ITEM('',(#2200),#2201);
#627=STYLED_ITEM('',(#2202),#2203);
#628=STYLED_ITEM('',(#2204),#2205);
#629=STYLED_ITEM('',(#2206),#2207);
#630=STYLED_ITEM('',(#2208),#2209);
#631=STYLED_ITEM('',(#2210),#2211);
#632=STYLED_ITEM('',(#2212),#2213);
#633=STYLED_ITEM('',(#2214),#2215);
#634=STYLED_ITEM('',(#2216),#2217);
#635=STYLED_ITEM('',(#2218),#2219);
#636=STYLED_ITEM('',(#2220),#2221);
#637=STYLED_ITEM('',(#2222),#2223);
#638=STYLED_ITEM('',(#2224),#2225);
#639=STYLED_ITEM('',(#2226),#2227);
#640=STYLED_ITEM('',(#2228),#2229);
#641=STYLED_ITEM('',(#2230),#2231);
#642=STYLED_ITEM('',(#2232),#2233);
#643=STYLED_ITEM('',(#2234),#2235);
#644=STYLED_ITEM('',(#2236),#2237);
#645=STYLED_ITEM('',(#2238),#2239);
#646=STYLED_ITEM('',(#2240),#2241);
#647=STYLED_ITEM('',(#2242),#2243);
#648=STYLED_ITEM('',(#2244),#2245);
#649=STYLED_ITEM('',(#2246),#2247);
#650=STYLED_ITEM('',(#2248),#2249);
#651=STYLED_ITEM('',(#2250),#2251);
#652=STYLED_ITEM('',(#2252),#2253);
#653=STYLED_ITEM('',(#2254),#2255);
#654=STYLED_ITEM('',(#2256),#2257);
#655=STYLED_ITEM('',(#2258),#2259);
#656=STYLED_ITEM('',(#2260),#2261);
#657=STYLED_ITEM('',(#2262),#2263);
#658=STYLED_ITEM('',(#2264),#2265);
#659=STYLED_ITEM('',(#2266),#2267);
#660=STYLED_ITEM('',(#2268),#2269);
#661=STYLED_ITEM('',(#2270),#2271);
#662=STYLED_ITEM('',(#2272),#2273);
#663=STYLED_ITEM('',(#2274),#2275);
#664=STYLED_ITEM('',(#2276),#2277);
#665=STYLED_ITEM('',(#2278),#2279);
#666=STYLED_ITEM('',(#2280),#2281);
#667=STYLED_ITEM('',(#2282),#2283);
#668=STYLED_ITEM('',(#2284),#2285);
#669=STYLED_ITEM('',(#2286),#2287);
#670=STYLED_ITEM('',(#2288),#2289);
#671=STYLED_ITEM('',(#2290),#2291);
#672=STYLED_ITEM('',(#2292),#2293);
#673=STYLED_ITEM('',(#2294),#2295);
#674=STYLED_ITEM('',(#2296),#2297);
#675=STYLED_ITEM('',(#2298),#2299);
#676=STYLED_ITEM('',(#2300),#2301);
#677=STYLED_ITEM('',(#2302),#2303);
#678=STYLED_ITEM('',(#2304),#2305);
#679=STYLED_ITEM('',(#2306),#2307);
#680=STYLED_ITEM('',(#2308),#2309);
#681=STYLED_ITEM('',(#2310),#2311);
#682=STYLED_ITEM('',(#2312),#2313);
#683=STYLED_ITEM('',(#2314),#2315);
#684=STYLED_ITEM('',(#2316),#2317);
#685=STYLED_ITEM('',(#2318),#2319);
#686=STYLED_ITEM('',(#2320),#2321);
#687=STYLED_ITEM('',(#2322),#2323);
#688=STYLED_ITEM('',(#2324),#2325);
#689=STYLED_ITEM('',(#2326),#2327);
#690=STYLED_ITEM('',(#2328),#2329);
#691=STYLED_ITEM('',(#2330),#2331);
#692=STYLED_ITEM('',(#2332),#2333);
#693=STYLED_ITEM('',(#2334),#2335);
#694=STYLED_ITEM('',(#2336),#2337);
#695=STYLED_ITEM('',(#2338),#2339);
#696=STYLED_ITEM('',(#2340),#2341);
#697=STYLED_ITEM('',(#2342),#2343);
#698=STYLED_ITEM('',(#2344),#2345);
#699=STYLED_ITEM('',(#2346),#2347);
#700=STYLED_ITEM('',(#2348),#2349);
#701=STYLED_ITEM('',(#2350),#2351);
#702=STYLED_ITEM('',(#2352),#2353);
#703=STYLED_ITEM('',(#2354),#2355);
#704=STYLED_ITEM('',(#2356),#2357);
#705=STYLED_ITEM('',(#2358),#2359);
#706=STYLED_ITEM('',(#2360),#2361);
#707=STYLED_ITEM('',(#2362),#2363);
#708=STYLED_ITEM('',(#2364),#2365);
#709=STYLED_ITEM('',(#2366),#2367);
#710=STYLED_ITEM('',(#2368),#2369);
#711=STYLED_ITEM('',(#2370),#2371);
#712=STYLED_ITEM('',(#2372),#2373);
#713=STYLED_ITEM('',(#2374),#2375);
#714=STYLED_ITEM('',(#2376),#2377);
#715=STYLED_ITEM('',(#2378),#2379);
#716=STYLED_ITEM('',(#2380),#2381);
#717=STYLED_ITEM('',(#2382),#2383);
#718=STYLED_ITEM('',(#2384),#2385);
#719=STYLED_ITEM('',(#2386),#2387);
#720=STYLED_ITEM('',(#2388),#2389);
#721=STYLED_ITEM('',(#2390),#2391);
#722=STYLED_ITEM('',(#2392),#2393);
#723=STYLED_ITEM('',(#2394),#2395);
#724=STYLED_ITEM('',(#2396),#2397);
#725=STYLED_ITEM('',(#2398),#2399);
#726=STYLED_ITEM('',(#2400),#2401);
#727=STYLED_ITEM('',(#2402),#2403);
#728=STYLED_ITEM('',(#2404),#2405);
#729=STYLED_ITEM('',(#2406),#2407);
#730=STYLED_ITEM('',(#2408),#2409);
#731=STYLED_ITEM('',(#2410),#2411);
#732=STYLED_ITEM('',(#2412),#2413);
#733=STYLED_ITEM('',(#2414),#2415);
#734=STYLED_ITEM('',(#2416),#2417);
#735=STYLED_ITEM('',(#2418),#2419);
#736=STYLED_ITEM('',(#2420),#2421);
#737=STYLED_ITEM('',(#2422),#2423);
#738=STYLED_ITEM('',(#2424),#2425);
#739=STYLED_ITEM('',(#2426),#2427);
#740=STYLED_ITEM('',(#2428),#2429);
#741=STYLED_ITEM('',(#2430),#2431);
#742=STYLED_ITEM('',(#2432),#2433);
#743=STYLED_ITEM('',(#2434),#2435);
#744=STYLED_ITEM('',(#2436),#2437);
#745=STYLED_ITEM('',(#2438),#2439);
#746=STYLED_ITEM('',(#2440),#2441);
#747=STYLED_ITEM('',(#2442),#2443);
#748=STYLED_ITEM('',(#2444),#2445);
#749=STYLED_ITEM('',(#2446),#2447);
#750=STYLED_ITEM('',(#2448),#2449);
#751=STYLED_ITEM('',(#2450),#2451);
#752=STYLED_ITEM('',(#2452),#2453);
#753=STYLED_ITEM('',(#2454),#2455);
#754=STYLED_ITEM('',(#2456),#2457);
#755=STYLED_ITEM('',(#2458),#2459);
#756=STYLED_ITEM('',(#2460),#2461);
#757=STYLED_ITEM('',(#2462),#2463);
#758=STYLED_ITEM('',(#2464),#2465);
#759=STYLED_ITEM('',(#2466),#2467);
#760=STYLED_ITEM('',(#2468),#2469);
#761=STYLED_ITEM('',(#2470),#2471);
#762=STYLED_ITEM('',(#2472),#2473);
#763=STYLED_ITEM('',(#2474),#2475);
#764=STYLED_ITEM('',(#2476),#2477);
#765=STYLED_ITEM('',(#2478),#2479);
#766=STYLED_ITEM('',(#2480),#2481);
#767=STYLED_ITEM('',(#2482),#2483);
#768=STYLED_ITEM('',(#2484),#2485);
#769=STYLED_ITEM('',(#2486),#2487);
#770=STYLED_ITEM('',(#2488),#2489);
#771=STYLED_ITEM('',(#2490),#2491);
#772=STYLED_ITEM('',(#2492),#2493);
#773=STYLED_ITEM('',(#2494),#2495);
#774=STYLED_ITEM('',(#2496),#2497);
#775=STYLED_ITEM('',(#2498),#2499);
#776=STYLED_ITEM('',(#2500),#2501);
#777=STYLED_ITEM('',(#2502),#2503);
#778=STYLED_ITEM('',(#2504),#2505);
#779=STYLED_ITEM('',(#2506),#2507);
#780=STYLED_ITEM('',(#2508),#2509);
#781=STYLED_ITEM('',(#2510),#2511);
#782=STYLED_ITEM('',(#2512),#2513);
#783=STYLED_ITEM('',(#2514),#2515);
#784=STYLED_ITEM('',(#2516),#2517);
#785=STYLED_ITEM('',(#2518),#2519);
#786=STYLED_ITEM('',(#2520),#2521);
#787=STYLED_ITEM('',(#2522),#2523);
#788=STYLED_ITEM('',(#2524),#2525);
#789=STYLED_ITEM('',(#2526),#2527);
#790=STYLED_ITEM('',(#2528),#2529);
#791=STYLED_ITEM('',(#2530),#2531);
#792=STYLED_ITEM('',(#2532),#2533);
#793=STYLED_ITEM('',(#2534),#2535);
#794=STYLED_ITEM('',(#2536),#2537);
#795=STYLED_ITEM('',(#2538),#2539);
#796=STYLED_ITEM('',(#2540),#2541);
#797=STYLED_ITEM('',(#2542),#2543);
#798=STYLED_ITEM('',(#2544),#2545);
#799=STYLED_ITEM('',(#2546),#2547);
#800=STYLED_ITEM('',(#2548),#2549);
#801=STYLED_ITEM('',(#2550),#2551);
#802=STYLED_ITEM('',(#2552),#2553);
#803=STYLED_ITEM('',(#2554),#2555);
#804=STYLED_ITEM('',(#2556),#2557);
#805=STYLED_ITEM('',(#2558),#2559);
#806=STYLED_ITEM('',(#2560),#2561);
#807=STYLED_ITEM('',(#2562),#2563);
#808=STYLED_ITEM('',(#2564),#2565);
#809=STYLED_ITEM('',(#2566),#2567);
#810=STYLED_ITEM('',(#2568),#2569);
#811=STYLED_ITEM('',(#2570),#2571);
#812=STYLED_ITEM('',(#2572),#2573);
#813=STYLED_ITEM('',(#2574),#2575);
#814=STYLED_ITEM('',(#2576),#2577);
#815=STYLED_ITEM('',(#2578),#2579);
#816=STYLED_ITEM('',(#2580),#2581);
#817=STYLED_ITEM('',(#2582),#2583);
#818=STYLED_ITEM('',(#2584),#2585);
#819=STYLED_ITEM('',(#2586),#2587);
#820=STYLED_ITEM('',(#2588),#2589);
#821=STYLED_ITEM('',(#2590),#2591);
#822=STYLED_ITEM('',(#2592),#2593);
#823=STYLED_ITEM('',(#2594),#2595);
#824=STYLED_ITEM('',(#2596),#2597);
#825=STYLED_ITEM('',(#2598),#2599);
#826=STYLED_ITEM('',(#2600),#2601);
#827=STYLED_ITEM('',(#2602),#2603);
#828=STYLED_ITEM('',(#2604),#2605);
#829=STYLED_ITEM('',(#2606),#2607);
#830=STYLED_ITEM('',(#2608),#2609);
#831=STYLED_ITEM('',(#2610),#2611);
#832=STYLED_ITEM('',(#2612),#2613);
#833=STYLED_ITEM('',(#2614),#2615);
#834=STYLED_ITEM('',(#2616),#2617);
#835=STYLED_ITEM('',(#2618),#2619);
#836=STYLED_ITEM('',(#2620),#2621);
#837=STYLED_ITEM('',(#2622),#2623);
#838=STYLED_ITEM('',(#2624),#2625);
#839=STYLED_ITEM('',(#2626),#2627);
#840=STYLED_ITEM('',(#2628),#2629);
#841=STYLED_ITEM('',(#2630),#2631);
#842=STYLED_ITEM('',(#2632),#2633);
#843=STYLED_ITEM('',(#2634),#2635);
#844=STYLED_ITEM('',(#2636),#2637);
#845=STYLED_ITEM('',(#2638),#2639);
#846=STYLED_ITEM('',(#2640),#2641);
#847=STYLED_ITEM('',(#2642),#2643);
#848=STYLED_ITEM('',(#2644),#2645);
#849=STYLED_ITEM('',(#2646),#2647);
#850=STYLED_ITEM('',(#2648),#2649);
#851=STYLED_ITEM('',(#2650),#2651);
#852=STYLED_ITEM('',(#2652),#2653);
#853=STYLED_ITEM('',(#2654),#2655);
#854=STYLED_ITEM('',(#2656),#2657);
#855=STYLED_ITEM('',(#2658),#2659);
#856=STYLED_ITEM('',(#2660),#2661);
#857=STYLED_ITEM('',(#2662),#2663);
#858=STYLED_ITEM('',(#2664),#2665);
#859=STYLED_ITEM('',(#2666),#2667);
#860=STYLED_ITEM('',(#2668),#2669);
#861=STYLED_ITEM('',(#2670),#2671);
#862=STYLED_ITEM('',(#2672),#2673);
#863=STYLED_ITEM('',(#2674),#2675);
#864=STYLED_ITEM('',(#2676),#2677);
#865=STYLED_ITEM('',(#2678),#2679);
#866=STYLED_ITEM('',(#2680),#2681);
#867=STYLED_ITEM('',(#2682),#2683);
#868=STYLED_ITEM('',(#2684),#2685);
#869=STYLED_ITEM('',(#2686),#2687);
#870=STYLED_ITEM('',(#2688),#2689);
#871=STYLED_ITEM('',(#2690),#2691);
#872=STYLED_ITEM('',(#2692),#2693);
#873=STYLED_ITEM('',(#2694),#2695);
#874=STYLED_ITEM('',(#2696),#2697);
#875=STYLED_ITEM('',(#2698),#2699);
#876=STYLED_ITEM('',(#2700),#2701);
#877=STYLED_ITEM('',(#2702),#2703);
#878=STYLED_ITEM('',(#2704),#2705);
#879=STYLED_ITEM('',(#2706),#2707);
#880=STYLED_ITEM('',(#2708),#2709);
#881=STYLED_ITEM('',(#2710),#2711);
#882=STYLED_ITEM('',(#2712),#2713);
#883=STYLED_ITEM('',(#2714),#2715);
#884=STYLED_ITEM('',(#2716),#2717);
#885=STYLED_ITEM('',(#2718),#2719);
#886=STYLED_ITEM('',(#2720),#2721);
#887=STYLED_ITEM('',(#2722),#2723);
#888=STYLED_ITEM('',(#2724),#2725);
#889=STYLED_ITEM('',(#2726),#2727);
#890=STYLED_ITEM('',(#2728),#2729);
#891=STYLED_ITEM('',(#2730),#2731);
#892=STYLED_ITEM('',(#2732),#2733);
#893=STYLED_ITEM('',(#2734),#2735);
#894=STYLED_ITEM('',(#2736),#2737);
#895=STYLED_ITEM('',(#2738),#2739);
#896=STYLED_ITEM('',(#2740),#2741);
#897=STYLED_ITEM('',(#2742),#2743);
#898=STYLED_ITEM('',(#2744),#2745);
#899=STYLED_ITEM('',(#2746),#2747);
#900=STYLED_ITEM('',(#2748),#2749);
#901=STYLED_ITEM('',(#2750),#2751);
#902=STYLED_ITEM('',(#2752),#2753);
#903=STYLED_ITEM('',(#2754),#2755);
#904=STYLED_ITEM('',(#2756),#2757);
#905=STYLED_ITEM('',(#2758),#2759);
#906=STYLED_ITEM('',(#2760),#2761);
#907=STYLED_ITEM('',(#2762),#2763);
#908=STYLED_ITEM('',(#2764),#2765);
#909=STYLED_ITEM('',(#2766),#2767);
#910=STYLED_ITEM('',(#2768),#2769);
#911=STYLED_ITEM('',(#2770),#2771);
#912=STYLED_ITEM('',(#2772),#2773);
#913=STYLED_ITEM('',(#2774),#2775);
#914=STYLED_ITEM('',(#2776),#2777);
#915=STYLED_ITEM('',(#2778),#2779);
#916=STYLED_ITEM('',(#2780),#2781);
#917=STYLED_ITEM('',(#2782),#2783);
#918=STYLED_ITEM('',(#2784),#2785);
#919=STYLED_ITEM('',(#2786),#2787);
#920=STYLED_ITEM('',(#2788),#2789);
#921=STYLED_ITEM('',(#2790),#2791);
#922=STYLED_ITEM('',(#2792),#2793);
#923=STYLED_ITEM('',(#2794),#2795);
#924=STYLED_ITEM('',(#2796),#2797);
#925=STYLED_ITEM('',(#2798),#2799);
#926=STYLED_ITEM('',(#2800),#2801);
#927=STYLED_ITEM('',(#2802),#2803);
#928=STYLED_ITEM('',(#2804),#2805);
#929=STYLED_ITEM('',(#2806),#2807);
#930=STYLED_ITEM('',(#2808),#2809);
#931=STYLED_ITEM('',(#2810),#2811);
#932=STYLED_ITEM('',(#2812),#2813);
#933=STYLED_ITEM('',(#2814),#2815);
#934=STYLED_ITEM('',(#2816),#2817);
#935=STYLED_ITEM('',(#2818),#2819);
#936=STYLED_ITEM('',(#2820),#2821);
#937=STYLED_ITEM('',(#2822),#2823);
#938=STYLED_ITEM('',(#2824),#2825);
#939=STYLED_ITEM('',(#2826),#2827);
#940=STYLED_ITEM('',(#2828),#2829);
#941=STYLED_ITEM('',(#2830),#2831);
#942=STYLED_ITEM('',(#2832),#2833);
#943=STYLED_ITEM('',(#2834),#2835);
#944=STYLED_ITEM('',(#2836),#2837);
#945=STYLED_ITEM('',(#2838),#2839);
#946=STYLED_ITEM('',(#2840),#2841);
#947=STYLED_ITEM('',(#2842),#2843);
#948=STYLED_ITEM('',(#2844),#2845);
#949=STYLED_ITEM('',(#2846),#2847);
#950=STYLED_ITEM('',(#2848),#2849);
#951=STYLED_ITEM('',(#2850),#2851);
#952=STYLED_ITEM('',(#2852),#2853);
#953=STYLED_ITEM('',(#2854),#2855);
#954=STYLED_ITEM('',(#2856),#2857);
#955=STYLED_ITEM('',(#2858),#2859);
#956=STYLED_ITEM('',(#2860),#2861);
#957=STYLED_ITEM('',(#2862),#2863);
#958=STYLED_ITEM('',(#2864),#2865);
#959=APPLICATION_CONTEXT('managed model based 3d engineering');
#960=PRODUCT_CATEGORY('part','NONE');
#961=PRODUCT_RELATED_PRODUCT_CATEGORY('detail',' ',(#2866));
#962=PRODUCT_DEFINITION_SHAPE('NONE','NONE',#2867);
#963=ADVANCED_BREP_SHAPE_REPRESENTATION('1',(#1039,#2868),#10);
#964=ADVANCED_BREP_SHAPE_REPRESENTATION('2',(#1413,#2869),#10);
#965=ADVANCED_BREP_SHAPE_REPRESENTATION('3',(#1477,#2870),#10);
#966=ADVANCED_BREP_SHAPE_REPRESENTATION('4',(#1851,#2871),#10);
#967=ADVANCED_BREP_SHAPE_REPRESENTATION('5',(#2865,#2872),#10);
#970=UNCERTAINTY_MEASURE_WITH_UNIT(LENGTH_MEASURE(1.0E-06),#972,'','');
#972= (CONVERSION_BASED_UNIT('MILLIMETRE',#2875)LENGTH_UNIT()NAMED_UNIT(#2878));
#973= (NAMED_UNIT(#2880)PLANE_ANGLE_UNIT()SI_UNIT($,.RADIAN.));
#974= (NAMED_UNIT(#2880)SOLID_ANGLE_UNIT()SI_UNIT($,.STERADIAN.));
#976=PRESENTATION_STYLE_ASSIGNMENT((#2886));
#977=ADVANCED_FACE('',(#2887),#2888,.T.);
#978=PRESENTATION_STYLE_ASSIGNMENT((#2889));
#979=ADVANCED_FACE('',(#2890),#2891,.T.);
#980=PRESENTATION_STYLE_ASSIGNMENT((#2892));
#981=ADVANCED_FACE('',(#2893),#2894,.T.);
#982=PRESENTATION_STYLE_ASSIGNMENT((#2895));
#983=ADVANCED_FACE('',(#2896),#2897,.T.);
#984=PRESENTATION_STYLE_ASSIGNMENT((#2898));
#985=ADVANCED_FACE('',(#2899),#2900,.T.);
#986=PRESENTATION_STYLE_ASSIGNMENT((#2901));
#987=ADVANCED_FACE('',(#2902),#2903,.T.);
#988=PRESENTATION_STYLE_ASSIGNMENT((#2904));
#989=ADVANCED_FACE('',(#2905),#2906,.T.);
#990=PRESENTATION_STYLE_ASSIGNMENT((#2907));
#991=ADVANCED_FACE('',(#2908),#2909,.T.);
#992=PRESENTATION_STYLE_ASSIGNMENT((#2910));
#993=ADVANCED_FACE('',(#2911),#2912,.T.);
#994=PRESENTATION_STYLE_ASSIGNMENT((#2913));
#995=ADVANCED_FACE('',(#2914),#2915,.T.);
#996=PRESENTATION_STYLE_ASSIGNMENT((#2916));
#997=ADVANCED_FACE('',(#2917),#2918,.T.);
#998=PRESENTATION_STYLE_ASSIGNMENT((#2919));
#999=EDGE_CURVE('',#2920,#2921,#2922,.T.);
#1000=PRESENTATION_STYLE_ASSIGNMENT((#2923));
#1001=EDGE_CURVE('',#2921,#2924,#2925,.T.);
#1002=PRESENTATION_STYLE_ASSIGNMENT((#2926));
#1003=EDGE_CURVE('',#2927,#2924,#2928,.T.);
#1004=PRESENTATION_STYLE_ASSIGNMENT((#2929));
#1005=EDGE_CURVE('',#2921,#2930,#2931,.T.);
#1006=PRESENTATION_STYLE_ASSIGNMENT((#2932));
#1007=EDGE_CURVE('',#2921,#2933,#2934,.T.);
#1008=PRESENTATION_STYLE_ASSIGNMENT((#2935));
#1009=EDGE_CURVE('',#2933,#2936,#2937,.T.);
#1010=PRESENTATION_STYLE_ASSIGNMENT((#2938));
#1011=EDGE_CURVE('',#2924,#2939,#2940,.T.);
#1012=PRESENTATION_STYLE_ASSIGNMENT((#2941));
#1013=EDGE_CURVE('',#2930,#2942,#2943,.T.);
#1014=PRESENTATION_STYLE_ASSIGNMENT((#2944));
#1015=EDGE_CURVE('',#2945,#2946,#2947,.T.);
#1016=PRESENTATION_STYLE_ASSIGNMENT((#2948));
#1017=EDGE_CURVE('',#2946,#2945,#2949,.T.);
#1018=PRESENTATION_STYLE_ASSIGNMENT((#2950));
#1019=EDGE_CURVE('',#2951,#2945,#2952,.T.);
#1020=PRESENTATION_STYLE_ASSIGNMENT((#2953));
#1021=EDGE_CURVE('',#2951,#2927,#2954,.T.);
#1022=PRESENTATION_STYLE_ASSIGNMENT((#2955));
#1023=EDGE_CURVE('',#2924,#2946,#2956,.T.);
#1024=PRESENTATION_STYLE_ASSIGNMENT((#2957));
#1025=EDGE_CURVE('',#2942,#2958,#2959,.T.);
#1026=PRESENTATION_STYLE_ASSIGNMENT((#2960));
#1027=EDGE_CURVE('',#2958,#2951,#2961,.T.);
#1028=PRESENTATION_STYLE_ASSIGNMENT((#2962));
#1029=EDGE_CURVE('',#2939,#2951,#2963,.T.);
#1030=PRESENTATION_STYLE_ASSIGNMENT((#2964));
#1031=EDGE_CURVE('',#2965,#2933,#2966,.T.);
#1032=PRESENTATION_STYLE_ASSIGNMENT((#2967));
#1033=EDGE_CURVE('',#2936,#2965,#2968,.T.);
#1034=PRESENTATION_STYLE_ASSIGNMENT((#2969));
#1035=EDGE_CURVE('',#2958,#2965,#2970,.T.);
#1036=PRESENTATION_STYLE_ASSIGNMENT((#2971));
#1037=EDGE_CURVE('',#2958,#2920,#2972,.T.);
#1038=PRESENTATION_STYLE_ASSIGNMENT((#2973));
#1039=MANIFOLD_SOLID_BREP('1',#2974);
#1040=PRESENTATION_STYLE_ASSIGNMENT((#2975));
#1041=ADVANCED_FACE('',(#2976),#2977,.F.);
#1042=PRESENTATION_STYLE_ASSIGNMENT((#2978));
#1043=ADVANCED_FACE('',(#2979),#2980,.F.);
#1044=PRESENTATION_STYLE_ASSIGNMENT((#2981));
#1045=ADVANCED_FACE('',(#2982),#2983,.T.);
#1046=PRESENTATION_STYLE_ASSIGNMENT((#2984));
#1047=ADVANCED_FACE('',(#2985),#2986,.T.);
#1048=PRESENTATION_STYLE_ASSIGNMENT((#2987));
#1049=ADVANCED_FACE('',(#2988),#2989,.F.);
#1050=PRESENTATION_STYLE_ASSIGNMENT((#2990));
#1051=ADVANCED_FACE('',(#2991),#2992,.T.);
#1052=PRESENTATION_STYLE_ASSIGNMENT((#2993));
#1053=ADVANCED_FACE('',(#2994),#2995,.F.);
#1054=PRESENTATION_STYLE_ASSIGNMENT((#2996));
#1055=ADVANCED_FACE('',(#2997),#2998,.F.);
#1056=PRESENTATION_STYLE_ASSIGNMENT((#2999));
#1057=ADVANCED_FACE('',(#3000),#3001,.T.);
#1058=PRESENTATION_STYLE_ASSIGNMENT((#3002));
#1059=ADVANCED_FACE('',(#3003),#3004,.F.);
#1060=PRESENTATION_STYLE_ASSIGNMENT((#3005));
#1061=ADVANCED_FACE('',(#3006),#3007,.F.);
#1062=PRESENTATION_STYLE_ASSIGNMENT((#3008));
#1063=ADVANCED_FACE('',(#3009),#3010,.F.);
#1064=PRESENTATION_STYLE_ASSIGNMENT((#3011));
#1065=ADVANCED_FACE('',(#3012),#3013,.F.);
#1066=PRESENTATION_STYLE_ASSIGNMENT((#3014));
#1067=ADVANCED_FACE('',(#3015),#3016,.T.);
#1068=PRESENTATION_STYLE_ASSIGNMENT((#3017));
#1069=ADVANCED_FACE('',(#3018),#3019,.F.);
#1070=PRESENTATION_STYLE_ASSIGNMENT((#3020));
#1071=ADVANCED_FACE('',(#3021),#3022,.T.);
#1072=PRESENTATION_STYLE_ASSIGNMENT((#3023));
#1073=ADVANCED_FACE('',(#3024),#3025,.F.);
#1074=PRESENTATION_STYLE_ASSIGNMENT((#3026));
#1075=ADVANCED_FACE('',(#3027),#3028,.F.);
#1076=PRESENTATION_STYLE_ASSIGNMENT((#3029));
#1077=ADVANCED_FACE('',(#3030),#3031,.T.);
#1078=PRESENTATION_STYLE_ASSIGNMENT((#3032));
#1079=ADVANCED_FACE('',(#3033),#3034,.F.);
#1080=PRESENTATION_STYLE_ASSIGNMENT((#3035));
#1081=ADVANCED_FACE('',(#3036),#3037,.T.);
#1082=PRESENTATION_STYLE_ASSIGNMENT((#3038));
#1083=ADVANCED_FACE('',(#3039),#3040,.F.);
#1084=PRESENTATION_STYLE_ASSIGNMENT((#3041));
#1085=ADVANCED_FACE('',(#3042),#3043,.F.);
#1086=PRESENTATION_STYLE_ASSIGNMENT((#3044));
#1087=ADVANCED_FACE('',(#3045),#3046,.F.);
#1088=PRESENTATION_STYLE_ASSIGNMENT((#3047));
#1089=ADVANCED_FACE('',(#3048),#3049,.F.);
#1090=PRESENTATION_STYLE_ASSIGNMENT((#3050));
#1091=ADVANCED_FACE('',(#3051),#3052,.T.);
#1092=PRESENTATION_STYLE_ASSIGNMENT((#3053));
#1093=ADVANCED_FACE('',(#3054),#3055,.T.);
#1094=PRESENTATION_STYLE_ASSIGNMENT((#3056));
#1095=ADVANCED_FACE('',(#3057),#3058,.T.);
#1096=PRESENTATION_STYLE_ASSIGNMENT((#3059));
#1097=ADVANCED_FACE('',(#3060),#3061,.F.);
#1098=PRESENTATION_STYLE_ASSIGNMENT((#3062));
#1099=ADVANCED_FACE('',(#3063),#3064,.T.);
#1100=PRESENTATION_STYLE_ASSIGNMENT((#3065));
#1101=ADVANCED_FACE('',(#3066),#3067,.T.);
#1102=PRESENTATION_STYLE_ASSIGNMENT((#3068));
#1103=ADVANCED_FACE('',(#3069),#3070,.T.);
#1104=PRESENTATION_STYLE_ASSIGNMENT((#3071));
#1105=ADVANCED_FACE('',(#3072),#3073,.T.);
#1106=PRESENTATION_STYLE_ASSIGNMENT((#3074));
#1107=ADVANCED_FACE('',(#3075),#3076,.F.);
#1108=PRESENTATION_STYLE_ASSIGNMENT((#3077));
#1109=ADVANCED_FACE('',(#3078),#3079,.T.);
#1110=PRESENTATION_STYLE_ASSIGNMENT((#3080));
#1111=ADVANCED_FACE('',(#3081),#3082,.T.);
#1112=PRESENTATION_STYLE_ASSIGNMENT((#3083));
#1113=ADVANCED_FACE('',(#3084),#3085,.F.);
#1114=PRESENTATION_STYLE_ASSIGNMENT((#3086));
#1115=ADVANCED_FACE('',(#3087),#3088,.F.);
#1116=PRESENTATION_STYLE_ASSIGNMENT((#3089));
#1117=ADVANCED_FACE('',(#3090),#3091,.T.);
#1118=PRESENTATION_STYLE_ASSIGNMENT((#3092));
#1119=ADVANCED_FACE('',(#3093),#3094,.F.);
#1120=PRESENTATION_STYLE_ASSIGNMENT((#3095));
#1121=ADVANCED_FACE('',(#3096),#3097,.F.);
#1122=PRESENTATION_STYLE_ASSIGNMENT((#3098));
#1123=ADVANCED_FACE('',(#3099),#3100,.T.);
#1124=PRESENTATION_STYLE_ASSIGNMENT((#3101));
#1125=ADVANCED_FACE('',(#3102),#3103,.T.);
#1126=PRESENTATION_STYLE_ASSIGNMENT((#3104));
#1127=ADVANCED_FACE('',(#3105),#3106,.T.);
#1128=PRESENTATION_STYLE_ASSIGNMENT((#3107));
#1129=ADVANCED_FACE('',(#3108),#3109,.F.);
#1130=PRESENTATION_STYLE_ASSIGNMENT((#3110));
#1131=ADVANCED_FACE('',(#3111),#3112,.T.);
#1132=PRESENTATION_STYLE_ASSIGNMENT((#3113));
#1133=ADVANCED_FACE('',(#3114),#3115,.F.);
#1134=PRESENTATION_STYLE_ASSIGNMENT((#3116));
#1135=ADVANCED_FACE('',(#3117),#3118,.T.);
#1136=PRESENTATION_STYLE_ASSIGNMENT((#3119));
#1137=ADVANCED_FACE('',(#3120),#3121,.T.);
#1138=PRESENTATION_STYLE_ASSIGNMENT((#3122));
#1139=ADVANCED_FACE('',(#3123),#3124,.F.);
#1140=PRESENTATION_STYLE_ASSIGNMENT((#3125));
#1141=ADVANCED_FACE('',(#3126),#3127,.T.);
#1142=PRESENTATION_STYLE_ASSIGNMENT((#3128));
#1143=EDGE_CURVE('',#3129,#3130,#3131,.T.);
#1144=PRESENTATION_STYLE_ASSIGNMENT((#3132));
#1145=EDGE_CURVE('',#3133,#3129,#3134,.T.);
#1146=PRESENTATION_STYLE_ASSIGNMENT((#3135));
#1147=EDGE_CURVE('',#3136,#3133,#3137,.T.);
#1148=PRESENTATION_STYLE_ASSIGNMENT((#3138));
#1149=EDGE_CURVE('',#3139,#3136,#3140,.T.);
#1150=PRESENTATION_STYLE_ASSIGNMENT((#3141));
#1151=EDGE_CURVE('',#3130,#3142,#3143,.T.);
#1152=PRESENTATION_STYLE_ASSIGNMENT((#3144));
#1153=EDGE_CURVE('',#3145,#3142,#3146,.T.);
#1154=PRESENTATION_STYLE_ASSIGNMENT((#3147));
#1155=EDGE_CURVE('',#3145,#3148,#3149,.T.);
#1156=PRESENTATION_STYLE_ASSIGNMENT((#3150));
#1157=EDGE_CURVE('',#3148,#3151,#3152,.T.);
#1158=PRESENTATION_STYLE_ASSIGNMENT((#3153));
#1159=EDGE_CURVE('',#3154,#3151,#3155,.T.);
#1160=PRESENTATION_STYLE_ASSIGNMENT((#3156));
#1161=EDGE_CURVE('',#3157,#3158,#3159,.T.);
#1162=PRESENTATION_STYLE_ASSIGNMENT((#3160));
#1163=EDGE_CURVE('',#3158,#3161,#3162,.T.);
#1164=PRESENTATION_STYLE_ASSIGNMENT((#3163));
#1165=EDGE_CURVE('',#3164,#3161,#3165,.T.);
#1166=PRESENTATION_STYLE_ASSIGNMENT((#3166));
#1167=EDGE_CURVE('',#3167,#3168,#3169,.T.);
#1168=PRESENTATION_STYLE_ASSIGNMENT((#3170));
#1169=EDGE_CURVE('',#3168,#3171,#3172,.T.);
#1170=PRESENTATION_STYLE_ASSIGNMENT((#3173));
#1171=EDGE_CURVE('',#3174,#3171,#3175,.T.);
#1172=PRESENTATION_STYLE_ASSIGNMENT((#3176));
#1173=EDGE_CURVE('',#3177,#3178,#3179,.T.);
#1174=PRESENTATION_STYLE_ASSIGNMENT((#3180));
#1175=EDGE_CURVE('',#3181,#3177,#3182,.T.);
#1176=PRESENTATION_STYLE_ASSIGNMENT((#3183));
#1177=EDGE_CURVE('',#3181,#3184,#3185,.T.);
#1178=PRESENTATION_STYLE_ASSIGNMENT((#3186));
#1179=EDGE_CURVE('',#3187,#3184,#3188,.T.);
#1180=PRESENTATION_STYLE_ASSIGNMENT((#3189));
#1181=EDGE_CURVE('',#3187,#3190,#3191,.T.);
#1182=PRESENTATION_STYLE_ASSIGNMENT((#3192));
#1183=EDGE_CURVE('',#3193,#3190,#3194,.T.);
#1184=PRESENTATION_STYLE_ASSIGNMENT((#3195));
#1185=EDGE_CURVE('',#3196,#3193,#3197,.T.);
#1186=PRESENTATION_STYLE_ASSIGNMENT((#3198));
#1187=EDGE_CURVE('',#3196,#3199,#3200,.T.);
#1188=PRESENTATION_STYLE_ASSIGNMENT((#3201));
#1189=EDGE_CURVE('',#3202,#3203,#3204,.T.);
#1190=PRESENTATION_STYLE_ASSIGNMENT((#3205));
#1191=EDGE_CURVE('',#3206,#3202,#3207,.T.);
#1192=PRESENTATION_STYLE_ASSIGNMENT((#3208));
#1193=EDGE_CURVE('',#3209,#3206,#3210,.T.);
#1194=PRESENTATION_STYLE_ASSIGNMENT((#3211));
#1195=EDGE_CURVE('',#3212,#3209,#3213,.T.);
#1196=PRESENTATION_STYLE_ASSIGNMENT((#3214));
#1197=EDGE_CURVE('',#3215,#3212,#3216,.T.);
#1198=PRESENTATION_STYLE_ASSIGNMENT((#3217));
#1199=EDGE_CURVE('',#3215,#3218,#3219,.T.);
#1200=PRESENTATION_STYLE_ASSIGNMENT((#3220));
#1201=EDGE_CURVE('',#3221,#3222,#3223,.T.);
#1202=PRESENTATION_STYLE_ASSIGNMENT((#3224));
#1203=EDGE_CURVE('',#3222,#3225,#3226,.T.);
#1204=PRESENTATION_STYLE_ASSIGNMENT((#3227));
#1205=EDGE_CURVE('',#3225,#3228,#3229,.T.);
#1206=PRESENTATION_STYLE_ASSIGNMENT((#3230));
#1207=EDGE_CURVE('',#3228,#3231,#3232,.T.);
#1208=PRESENTATION_STYLE_ASSIGNMENT((#3233));
#1209=EDGE_CURVE('',#3178,#3234,#3235,.T.);
#1210=PRESENTATION_STYLE_ASSIGNMENT((#3236));
#1211=EDGE_CURVE('',#3237,#3234,#3238,.T.);
#1212=PRESENTATION_STYLE_ASSIGNMENT((#3239));
#1213=EDGE_CURVE('',#3240,#3237,#3241,.T.);
#1214=PRESENTATION_STYLE_ASSIGNMENT((#3242));
#1215=EDGE_CURVE('',#3243,#3244,#3245,.T.);
#1216=PRESENTATION_STYLE_ASSIGNMENT((#3246));
#1217=EDGE_CURVE('',#3247,#3243,#3248,.T.);
#1218=PRESENTATION_STYLE_ASSIGNMENT((#3249));
#1219=EDGE_CURVE('',#3250,#3247,#3251,.T.);
#1220=PRESENTATION_STYLE_ASSIGNMENT((#3252));
#1221=EDGE_CURVE('',#3244,#3250,#3253,.T.);
#1222=PRESENTATION_STYLE_ASSIGNMENT((#3254));
#1223=EDGE_CURVE('',#3255,#3256,#3257,.T.);
#1224=PRESENTATION_STYLE_ASSIGNMENT((#3258));
#1225=EDGE_CURVE('',#3255,#3259,#3260,.T.);
#1226=PRESENTATION_STYLE_ASSIGNMENT((#3261));
#1227=EDGE_CURVE('',#3262,#3259,#3263,.T.);
#1228=PRESENTATION_STYLE_ASSIGNMENT((#3264));
#1229=EDGE_CURVE('',#3265,#3262,#3266,.T.);
#1230=PRESENTATION_STYLE_ASSIGNMENT((#3267));
#1231=EDGE_CURVE('',#3265,#3256,#3268,.T.);
#1232=PRESENTATION_STYLE_ASSIGNMENT((#3269));
#1233=EDGE_CURVE('',#3250,#3270,#3271,.T.);
#1234=PRESENTATION_STYLE_ASSIGNMENT((#3272));
#1235=EDGE_CURVE('',#3273,#3270,#3274,.T.);
#1236=PRESENTATION_STYLE_ASSIGNMENT((#3275));
#1237=EDGE_CURVE('',#3273,#3168,#3276,.T.);
#1238=PRESENTATION_STYLE_ASSIGNMENT((#3277));
#1239=EDGE_CURVE('',#3278,#3167,#3279,.T.);
#1240=PRESENTATION_STYLE_ASSIGNMENT((#3280));
#1241=EDGE_CURVE('',#3278,#3158,#3281,.T.);
#1242=PRESENTATION_STYLE_ASSIGNMENT((#3282));
#1243=EDGE_CURVE('',#3283,#3157,#3284,.T.);
#1244=PRESENTATION_STYLE_ASSIGNMENT((#3285));
#1245=EDGE_CURVE('',#3283,#3286,#3287,.T.);
#1246=PRESENTATION_STYLE_ASSIGNMENT((#3288));
#1247=EDGE_CURVE('',#3286,#3265,#3289,.T.);
#1248=PRESENTATION_STYLE_ASSIGNMENT((#3290));
#1249=EDGE_CURVE('',#3291,#3262,#3292,.T.);
#1250=PRESENTATION_STYLE_ASSIGNMENT((#3293));
#1251=EDGE_CURVE('',#3291,#3294,#3295,.T.);
#1252=PRESENTATION_STYLE_ASSIGNMENT((#3296));
#1253=EDGE_CURVE('',#3297,#3294,#3298,.T.);
#1254=PRESENTATION_STYLE_ASSIGNMENT((#3299));
#1255=EDGE_CURVE('',#3244,#3297,#3300,.T.);
#1256=PRESENTATION_STYLE_ASSIGNMENT((#3301));
#1257=EDGE_CURVE('',#3302,#3297,#3303,.T.);
#1258=PRESENTATION_STYLE_ASSIGNMENT((#3304));
#1259=EDGE_CURVE('',#3305,#3302,#3306,.T.);
#1260=PRESENTATION_STYLE_ASSIGNMENT((#3307));
#1261=EDGE_CURVE('',#3305,#3243,#3308,.T.);
#1262=PRESENTATION_STYLE_ASSIGNMENT((#3309));
#1263=EDGE_CURVE('',#3305,#3310,#3311,.T.);
#1264=PRESENTATION_STYLE_ASSIGNMENT((#3312));
#1265=EDGE_CURVE('',#3247,#3310,#3313,.T.);
#1266=PRESENTATION_STYLE_ASSIGNMENT((#3314));
#1267=EDGE_CURVE('',#3315,#3302,#3316,.T.);
#1268=PRESENTATION_STYLE_ASSIGNMENT((#3317));
#1269=EDGE_CURVE('',#3315,#3294,#3318,.T.);
#1270=PRESENTATION_STYLE_ASSIGNMENT((#3319));
#1271=EDGE_CURVE('',#3320,#3240,#3321,.T.);
#1272=PRESENTATION_STYLE_ASSIGNMENT((#3322));
#1273=EDGE_CURVE('',#3320,#3181,#3323,.T.);
#1274=PRESENTATION_STYLE_ASSIGNMENT((#3324));
#1275=EDGE_CURVE('',#3325,#3187,#3326,.T.);
#1276=PRESENTATION_STYLE_ASSIGNMENT((#3327));
#1277=EDGE_CURVE('',#3325,#3190,#3328,.T.);
#1278=PRESENTATION_STYLE_ASSIGNMENT((#3329));
#1279=EDGE_CURVE('',#3237,#3330,#3331,.T.);
#1280=PRESENTATION_STYLE_ASSIGNMENT((#3332));
#1281=EDGE_CURVE('',#3333,#3234,#3334,.T.);
#1282=PRESENTATION_STYLE_ASSIGNMENT((#3335));
#1283=EDGE_CURVE('',#3333,#3330,#3336,.T.);
#1284=PRESENTATION_STYLE_ASSIGNMENT((#3337));
#1285=EDGE_CURVE('',#3231,#3338,#3339,.T.);
#1286=PRESENTATION_STYLE_ASSIGNMENT((#3340));
#1287=EDGE_CURVE('',#3338,#3221,#3341,.T.);
#1288=PRESENTATION_STYLE_ASSIGNMENT((#3342));
#1289=EDGE_CURVE('',#3218,#3343,#3344,.T.);
#1290=PRESENTATION_STYLE_ASSIGNMENT((#3345));
#1291=EDGE_CURVE('',#3203,#3343,#3346,.T.);
#1292=PRESENTATION_STYLE_ASSIGNMENT((#3347));
#1293=EDGE_CURVE('',#3196,#3348,#3349,.T.);
#1294=PRESENTATION_STYLE_ASSIGNMENT((#3350));
#1295=EDGE_CURVE('',#3348,#3351,#3352,.T.);
#1296=PRESENTATION_STYLE_ASSIGNMENT((#3353));
#1297=EDGE_CURVE('',#3354,#3351,#3355,.T.);
#1298=PRESENTATION_STYLE_ASSIGNMENT((#3356));
#1299=EDGE_CURVE('',#3199,#3354,#3357,.T.);
#1300=PRESENTATION_STYLE_ASSIGNMENT((#3358));
#1301=EDGE_CURVE('',#3359,#3360,#3361,.T.);
#1302=PRESENTATION_STYLE_ASSIGNMENT((#3362));
#1303=EDGE_CURVE('',#3360,#3363,#3364,.T.);
#1304=PRESENTATION_STYLE_ASSIGNMENT((#3365));
#1305=EDGE_CURVE('',#3148,#3363,#3366,.T.);
#1306=PRESENTATION_STYLE_ASSIGNMENT((#3367));
#1307=EDGE_CURVE('',#3145,#3368,#3369,.T.);
#1308=PRESENTATION_STYLE_ASSIGNMENT((#3370));
#1309=EDGE_CURVE('',#3368,#3359,#3371,.T.);
#1310=PRESENTATION_STYLE_ASSIGNMENT((#3372));
#1311=EDGE_CURVE('',#3373,#3259,#3374,.T.);
#1312=PRESENTATION_STYLE_ASSIGNMENT((#3375));
#1313=EDGE_CURVE('',#3373,#3291,#3376,.T.);
#1314=PRESENTATION_STYLE_ASSIGNMENT((#3377));
#1315=EDGE_CURVE('',#3378,#3354,#3379,.T.);
#1316=PRESENTATION_STYLE_ASSIGNMENT((#3380));
#1317=EDGE_CURVE('',#3333,#3378,#3381,.T.);
#1318=PRESENTATION_STYLE_ASSIGNMENT((#3382));
#1319=EDGE_CURVE('',#3383,#3142,#3384,.T.);
#1320=PRESENTATION_STYLE_ASSIGNMENT((#3385));
#1321=EDGE_CURVE('',#3368,#3383,#3386,.T.);
#1322=PRESENTATION_STYLE_ASSIGNMENT((#3387));
#1323=EDGE_CURVE('',#3256,#3388,#3389,.T.);
#1324=PRESENTATION_STYLE_ASSIGNMENT((#3390));
#1325=EDGE_CURVE('',#3388,#3286,#3391,.T.);
#1326=PRESENTATION_STYLE_ASSIGNMENT((#3392));
#1327=EDGE_CURVE('',#3348,#3393,#3394,.T.);
#1328=PRESENTATION_STYLE_ASSIGNMENT((#3395));
#1329=EDGE_CURVE('',#3393,#3209,#3396,.T.);
#1330=PRESENTATION_STYLE_ASSIGNMENT((#3397));
#1331=EDGE_CURVE('',#3209,#3348,#3398,.T.);
#1332=PRESENTATION_STYLE_ASSIGNMENT((#3399));
#1333=EDGE_CURVE('',#3378,#3400,#3401,.T.);
#1334=PRESENTATION_STYLE_ASSIGNMENT((#3402));
#1335=EDGE_CURVE('',#3400,#3403,#3404,.T.);
#1336=PRESENTATION_STYLE_ASSIGNMENT((#3405));
#1337=EDGE_CURVE('',#3406,#3403,#3407,.T.);
#1338=PRESENTATION_STYLE_ASSIGNMENT((#3408));
#1339=EDGE_CURVE('',#3406,#3330,#3409,.T.);
#1340=PRESENTATION_STYLE_ASSIGNMENT((#3410));
#1341=EDGE_CURVE('',#3411,#3193,#3412,.T.);
#1342=PRESENTATION_STYLE_ASSIGNMENT((#3413));
#1343=EDGE_CURVE('',#3411,#3212,#3414,.T.);
#1344=PRESENTATION_STYLE_ASSIGNMENT((#3415));
#1345=EDGE_CURVE('',#3393,#3212,#3416,.T.);
#1346=PRESENTATION_STYLE_ASSIGNMENT((#3417));
#1347=EDGE_CURVE('',#3403,#3388,#3418,.T.);
#1348=PRESENTATION_STYLE_ASSIGNMENT((#3419));
#1349=EDGE_CURVE('',#3283,#3420,#3421,.T.);
#1350=PRESENTATION_STYLE_ASSIGNMENT((#3422));
#1351=EDGE_CURVE('',#3406,#3420,#3423,.T.);
#1352=PRESENTATION_STYLE_ASSIGNMENT((#3424));
#1353=EDGE_CURVE('',#3209,#3225,#3425,.T.);
#1354=PRESENTATION_STYLE_ASSIGNMENT((#3426));
#1355=EDGE_CURVE('',#3222,#3427,#3428,.T.);
#1356=PRESENTATION_STYLE_ASSIGNMENT((#3429));
#1357=EDGE_CURVE('',#3427,#3351,#3430,.T.);
#1358=PRESENTATION_STYLE_ASSIGNMENT((#3431));
#1359=EDGE_CURVE('',#3432,#3174,#3433,.T.);
#1360=PRESENTATION_STYLE_ASSIGNMENT((#3434));
#1361=EDGE_CURVE('',#3278,#3432,#3435,.T.);
#1362=PRESENTATION_STYLE_ASSIGNMENT((#3436));
#1363=EDGE_CURVE('',#3432,#3161,#3437,.T.);
#1364=PRESENTATION_STYLE_ASSIGNMENT((#3438));
#1365=EDGE_CURVE('',#3359,#3171,#3439,.T.);
#1366=PRESENTATION_STYLE_ASSIGNMENT((#3440));
#1367=EDGE_CURVE('',#3273,#3441,#3442,.T.);
#1368=PRESENTATION_STYLE_ASSIGNMENT((#3443));
#1369=EDGE_CURVE('',#3360,#3441,#3444,.T.);
#1370=PRESENTATION_STYLE_ASSIGNMENT((#3445));
#1371=EDGE_CURVE('',#3255,#3446,#3447,.T.);
#1372=PRESENTATION_STYLE_ASSIGNMENT((#3448));
#1373=EDGE_CURVE('',#3446,#3373,#3449,.T.);
#1374=PRESENTATION_STYLE_ASSIGNMENT((#3450));
#1375=EDGE_CURVE('',#3451,#3452,#3453,.T.);
#1376=PRESENTATION_STYLE_ASSIGNMENT((#3454));
#1377=EDGE_CURVE('',#3455,#3452,#3456,.T.);
#1378=PRESENTATION_STYLE_ASSIGNMENT((#3457));
#1379=EDGE_CURVE('',#3325,#3455,#3458,.T.);
#1380=PRESENTATION_STYLE_ASSIGNMENT((#3459));
#1381=EDGE_CURVE('',#3184,#3451,#3460,.T.);
#1382=PRESENTATION_STYLE_ASSIGNMENT((#3461));
#1383=EDGE_CURVE('',#3420,#3164,#3462,.T.);
#1384=PRESENTATION_STYLE_ASSIGNMENT((#3463));
#1385=EDGE_CURVE('',#3136,#3452,#3464,.T.);
#1386=PRESENTATION_STYLE_ASSIGNMENT((#3465));
#1387=EDGE_CURVE('',#3133,#3455,#3466,.T.);
#1388=PRESENTATION_STYLE_ASSIGNMENT((#3467));
#1389=EDGE_CURVE('',#3411,#3154,#3468,.T.);
#1390=PRESENTATION_STYLE_ASSIGNMENT((#3469));
#1391=EDGE_CURVE('',#3151,#3215,#3470,.T.);
#1392=PRESENTATION_STYLE_ASSIGNMENT((#3471));
#1393=EDGE_CURVE('',#3343,#3363,#3472,.T.);
#1394=PRESENTATION_STYLE_ASSIGNMENT((#3473));
#1395=EDGE_CURVE('',#3451,#3320,#3474,.T.);
#1396=PRESENTATION_STYLE_ASSIGNMENT((#3475));
#1397=EDGE_CURVE('',#3476,#3270,#3477,.T.);
#1398=PRESENTATION_STYLE_ASSIGNMENT((#3478));
#1399=EDGE_CURVE('',#3476,#3441,#3479,.T.);
#1400=PRESENTATION_STYLE_ASSIGNMENT((#3480));
#1401=EDGE_CURVE('',#3400,#3427,#3481,.T.);
#1402=PRESENTATION_STYLE_ASSIGNMENT((#3482));
#1403=EDGE_CURVE('',#3446,#3315,#3483,.T.);
#1404=PRESENTATION_STYLE_ASSIGNMENT((#3484));
#1405=EDGE_CURVE('',#3383,#3139,#3485,.T.);
#1406=PRESENTATION_STYLE_ASSIGNMENT((#3486));
#1407=EDGE_CURVE('',#3228,#3206,#3487,.T.);
#1408=PRESENTATION_STYLE_ASSIGNMENT((#3488));
#1409=EDGE_CURVE('',#3310,#3476,#3489,.T.);
#1410=PRESENTATION_STYLE_ASSIGNMENT((#3490));
#1411=EDGE_CURVE('',#3202,#3338,#3491,.T.);
#1412=PRESENTATION_STYLE_ASSIGNMENT((#3492));
#1413=MANIFOLD_SOLID_BREP('2',#3493);
#1414=PRESENTATION_STYLE_ASSIGNMENT((#3494));
#1415=ADVANCED_FACE('',(#3495),#3496,.T.);
#1416=PRESENTATION_STYLE_ASSIGNMENT((#3497));
#1417=ADVANCED_FACE('',(#3498),#3499,.T.);
#1418=PRESENTATION_STYLE_ASSIGNMENT((#3500));
#1419=ADVANCED_FACE('',(#3501),#3502,.T.);
#1420=PRESENTATION_STYLE_ASSIGNMENT((#3503));
#1421=ADVANCED_FACE('',(#3504),#3505,.T.);
#1422=PRESENTATION_STYLE_ASSIGNMENT((#3506));
#1423=ADVANCED_FACE('',(#3507),#3508,.T.);
#1424=PRESENTATION_STYLE_ASSIGNMENT((#3509));
#1425=ADVANCED_FACE('',(#3510),#3511,.T.);
#1426=PRESENTATION_STYLE_ASSIGNMENT((#3512));
#1427=ADVANCED_FACE('',(#3513),#3514,.T.);
#1428=PRESENTATION_STYLE_ASSIGNMENT((#3515));
#1429=ADVANCED_FACE('',(#3516),#3517,.T.);
#1430=PRESENTATION_STYLE_ASSIGNMENT((#3518));
#1431=ADVANCED_FACE('',(#3519),#3520,.T.);
#1432=PRESENTATION_STYLE_ASSIGNMENT((#3521));
#1433=ADVANCED_FACE('',(#3522),#3523,.T.);
#1434=PRESENTATION_STYLE_ASSIGNMENT((#3524));
#1435=ADVANCED_FACE('',(#3525),#3526,.T.);
#1436=PRESENTATION_STYLE_ASSIGNMENT((#3527));
#1437=EDGE_CURVE('',#3528,#3529,#3530,.T.);
#1438=PRESENTATION_STYLE_ASSIGNMENT((#3531));
#1439=EDGE_CURVE('',#3529,#3532,#3533,.T.);
#1440=PRESENTATION_STYLE_ASSIGNMENT((#3534));
#1441=EDGE_CURVE('',#3535,#3532,#3536,.T.);
#1442=PRESENTATION_STYLE_ASSIGNMENT((#3537));
#1443=EDGE_CURVE('',#3529,#3538,#3539,.T.);
#1444=PRESENTATION_STYLE_ASSIGNMENT((#3540));
#1445=EDGE_CURVE('',#3529,#3541,#3542,.T.);
#1446=PRESENTATION_STYLE_ASSIGNMENT((#3543));
#1447=EDGE_CURVE('',#3541,#3544,#3545,.T.);
#1448=PRESENTATION_STYLE_ASSIGNMENT((#3546));
#1449=EDGE_CURVE('',#3532,#3547,#3548,.T.);
#1450=PRESENTATION_STYLE_ASSIGNMENT((#3549));
#1451=EDGE_CURVE('',#3538,#3550,#3551,.T.);
#1452=PRESENTATION_STYLE_ASSIGNMENT((#3552));
#1453=EDGE_CURVE('',#3553,#3554,#3555,.T.);
#1454=PRESENTATION_STYLE_ASSIGNMENT((#3556));
#1455=EDGE_CURVE('',#3554,#3553,#3557,.T.);
#1456=PRESENTATION_STYLE_ASSIGNMENT((#3558));
#1457=EDGE_CURVE('',#3559,#3553,#3560,.T.);
#1458=PRESENTATION_STYLE_ASSIGNMENT((#3561));
#1459=EDGE_CURVE('',#3559,#3535,#3562,.T.);
#1460=PRESENTATION_STYLE_ASSIGNMENT((#3563));
#1461=EDGE_CURVE('',#3532,#3554,#3564,.T.);
#1462=PRESENTATION_STYLE_ASSIGNMENT((#3565));
#1463=EDGE_CURVE('',#3550,#3566,#3567,.T.);
#1464=PRESENTATION_STYLE_ASSIGNMENT((#3568));
#1465=EDGE_CURVE('',#3566,#3559,#3569,.T.);
#1466=PRESENTATION_STYLE_ASSIGNMENT((#3570));
#1467=EDGE_CURVE('',#3547,#3559,#3571,.T.);
#1468=PRESENTATION_STYLE_ASSIGNMENT((#3572));
#1469=EDGE_CURVE('',#3573,#3541,#3574,.T.);
#1470=PRESENTATION_STYLE_ASSIGNMENT((#3575));
#1471=EDGE_CURVE('',#3544,#3573,#3576,.T.);
#1472=PRESENTATION_STYLE_ASSIGNMENT((#3577));
#1473=EDGE_CURVE('',#3566,#3573,#3578,.T.);
#1474=PRESENTATION_STYLE_ASSIGNMENT((#3579));
#1475=EDGE_CURVE('',#3566,#3528,#3580,.T.);
#1476=PRESENTATION_STYLE_ASSIGNMENT((#3581));
#1477=MANIFOLD_SOLID_BREP('3',#3582);
#1478=PRESENTATION_STYLE_ASSIGNMENT((#3583));
#1479=ADVANCED_FACE('',(#3584),#3585,.F.);
#1480=PRESENTATION_STYLE_ASSIGNMENT((#3586));
#1481=ADVANCED_FACE('',(#3587),#3588,.F.);
#1482=PRESENTATION_STYLE_ASSIGNMENT((#3589));
#1483=ADVANCED_FACE('',(#3590),#3591,.T.);
#1484=PRESENTATION_STYLE_ASSIGNMENT((#3592));
#1485=ADVANCED_FACE('',(#3593),#3594,.T.);
#1486=PRESENTATION_STYLE_ASSIGNMENT((#3595));
#1487=ADVANCED_FACE('',(#3596),#3597,.F.);
#1488=PRESENTATION_STYLE_ASSIGNMENT((#3598));
#1489=ADVANCED_FACE('',(#3599),#3600,.T.);
#1490=PRESENTATION_STYLE_ASSIGNMENT((#3601));
#1491=ADVANCED_FACE('',(#3602),#3603,.F.);
#1492=PRESENTATION_STYLE_ASSIGNMENT((#3604));
#1493=ADVANCED_FACE('',(#3605),#3606,.F.);
#1494=PRESENTATION_STYLE_ASSIGNMENT((#3607));
#1495=ADVANCED_FACE('',(#3608),#3609,.T.);
#1496=PRESENTATION_STYLE_ASSIGNMENT((#3610));
#1497=ADVANCED_FACE('',(#3611),#3612,.F.);
#1498=PRESENTATION_STYLE_ASSIGNMENT((#3613));
#1499=ADVANCED_FACE('',(#3614),#3615,.F.);
#1500=PRESENTATION_STYLE_ASSIGNMENT((#3616));
#1501=ADVANCED_FACE('',(#3617),#3618,.F.);
#1502=PRESENTATION_STYLE_ASSIGNMENT((#3619));
#1503=ADVANCED_FACE('',(#3620),#3621,.F.);
#1504=PRESENTATION_STYLE_ASSIGNMENT((#3622));
#1505=ADVANCED_FACE('',(#3623),#3624,.T.);
#1506=PRESENTATION_STYLE_ASSIGNMENT((#3625));
#1507=ADVANCED_FACE('',(#3626),#3627,.F.);
#1508=PRESENTATION_STYLE_ASSIGNMENT((#3628));
#1509=ADVANCED_FACE('',(#3629),#3630,.T.);
#1510=PRESENTATION_STYLE_ASSIGNMENT((#3631));
#1511=ADVANCED_FACE('',(#3632),#3633,.F.);
#1512=PRESENTATION_STYLE_ASSIGNMENT((#3634));
#1513=ADVANCED_FACE('',(#3635),#3636,.F.);
#1514=PRESENTATION_STYLE_ASSIGNMENT((#3637));
#1515=ADVANCED_FACE('',(#3638),#3639,.T.);
#1516=PRESENTATION_STYLE_ASSIGNMENT((#3640));
#1517=ADVANCED_FACE('',(#3641),#3642,.F.);
#1518=PRESENTATION_STYLE_ASSIGNMENT((#3643));
#1519=ADVANCED_FACE('',(#3644),#3645,.T.);
#1520=PRESENTATION_STYLE_ASSIGNMENT((#3646));
#1521=ADVANCED_FACE('',(#3647),#3648,.F.);
#1522=PRESENTATION_STYLE_ASSIGNMENT((#3649));
#1523=ADVANCED_FACE('',(#3650),#3651,.F.);
#1524=PRESENTATION_STYLE_ASSIGNMENT((#3652));
#1525=ADVANCED_FACE('',(#3653),#3654,.F.);
#1526=PRESENTATION_STYLE_ASSIGNMENT((#3655));
#1527=ADVANCED_FACE('',(#3656),#3657,.F.);
#1528=PRESENTATION_STYLE_ASSIGNMENT((#3658));
#1529=ADVANCED_FACE('',(#3659),#3660,.T.);
#1530=PRESENTATION_STYLE_ASSIGNMENT((#3661));
#1531=ADVANCED_FACE('',(#3662),#3663,.T.);
#1532=PRESENTATION_STYLE_ASSIGNMENT((#3664));
#1533=ADVANCED_FACE('',(#3665),#3666,.T.);
#1534=PRESENTATION_STYLE_ASSIGNMENT((#3667));
#1535=ADVANCED_FACE('',(#3668),#3669,.F.);
#1536=PRESENTATION_STYLE_ASSIGNMENT((#3670));
#1537=ADVANCED_FACE('',(#3671),#3672,.T.);
#1538=PRESENTATION_STYLE_ASSIGNMENT((#3673));
#1539=ADVANCED_FACE('',(#3674),#3675,.T.);
#1540=PRESENTATION_STYLE_ASSIGNMENT((#3676));
#1541=ADVANCED_FACE('',(#3677),#3678,.T.);
#1542=PRESENTATION_STYLE_ASSIGNMENT((#3679));
#1543=ADVANCED_FACE('',(#3680),#3681,.T.);
#1544=PRESENTATION_STYLE_ASSIGNMENT((#3682));
#1545=ADVANCED_FACE('',(#3683),#3684,.F.);
#1546=PRESENTATION_STYLE_ASSIGNMENT((#3685));
#1547=ADVANCED_FACE('',(#3686),#3687,.T.);
#1548=PRESENTATION_STYLE_ASSIGNMENT((#3688));
#1549=ADVANCED_FACE('',(#3689),#3690,.T.);
#1550=PRESENTATION_STYLE_ASSIGNMENT((#3691));
#1551=ADVANCED_FACE('',(#3692),#3693,.F.);
#1552=PRESENTATION_STYLE_ASSIGNMENT((#3694));
#1553=ADVANCED_FACE('',(#3695),#3696,.F.);
#1554=PRESENTATION_STYLE_ASSIGNMENT((#3697));
#1555=ADVANCED_FACE('',(#3698),#3699,.T.);
#1556=PRESENTATION_STYLE_ASSIGNMENT((#3700));
#1557=ADVANCED_FACE('',(#3701),#3702,.F.);
#1558=PRESENTATION_STYLE_ASSIGNMENT((#3703));
#1559=ADVANCED_FACE('',(#3704),#3705,.F.);
#1560=PRESENTATION_STYLE_ASSIGNMENT((#3706));
#1561=ADVANCED_FACE('',(#3707),#3708,.T.);
#1562=PRESENTATION_STYLE_ASSIGNMENT((#3709));
#1563=ADVANCED_FACE('',(#3710),#3711,.T.);
#1564=PRESENTATION_STYLE_ASSIGNMENT((#3712));
#1565=ADVANCED_FACE('',(#3713),#3714,.T.);
#1566=PRESENTATION_STYLE_ASSIGNMENT((#3715));
#1567=ADVANCED_FACE('',(#3716),#3717,.F.);
#1568=PRESENTATION_STYLE_ASSIGNMENT((#3718));
#1569=ADVANCED_FACE('',(#3719),#3720,.T.);
#1570=PRESENTATION_STYLE_ASSIGNMENT((#3721));
#1571=ADVANCED_FACE('',(#3722),#3723,.F.);
#1572=PRESENTATION_STYLE_ASSIGNMENT((#3724));
#1573=ADVANCED_FACE('',(#3725),#3726,.T.);
#1574=PRESENTATION_STYLE_ASSIGNMENT((#3727));
#1575=ADVANCED_FACE('',(#3728),#3729,.T.);
#1576=PRESENTATION_STYLE_ASSIGNMENT((#3730));
#1577=ADVANCED_FACE('',(#3731),#3732,.F.);
#1578=PRESENTATION_STYLE_ASSIGNMENT((#3733));
#1579=ADVANCED_FACE('',(#3734),#3735,.T.);
#1580=PRESENTATION_STYLE_ASSIGNMENT((#3736));
#1581=EDGE_CURVE('',#3737,#3738,#3739,.T.);
#1582=PRESENTATION_STYLE_ASSIGNMENT((#3740));
#1583=EDGE_CURVE('',#3741,#3737,#3742,.T.);
#1584=PRESENTATION_STYLE_ASSIGNMENT((#3743));
#1585=EDGE_CURVE('',#3744,#3741,#3745,.T.);
#1586=PRESENTATION_STYLE_ASSIGNMENT((#3746));
#1587=EDGE_CURVE('',#3747,#3744,#3748,.T.);
#1588=PRESENTATION_STYLE_ASSIGNMENT((#3749));
#1589=EDGE_CURVE('',#3738,#3750,#3751,.T.);
#1590=PRESENTATION_STYLE_ASSIGNMENT((#3752));
#1591=EDGE_CURVE('',#3753,#3750,#3754,.T.);
#1592=PRESENTATION_STYLE_ASSIGNMENT((#3755));
#1593=EDGE_CURVE('',#3753,#3756,#3757,.T.);
#1594=PRESENTATION_STYLE_ASSIGNMENT((#3758));
#1595=EDGE_CURVE('',#3756,#3759,#3760,.T.);
#1596=PRESENTATION_STYLE_ASSIGNMENT((#3761));
#1597=EDGE_CURVE('',#3762,#3759,#3763,.T.);
#1598=PRESENTATION_STYLE_ASSIGNMENT((#3764));
#1599=EDGE_CURVE('',#3765,#3766,#3767,.T.);
#1600=PRESENTATION_STYLE_ASSIGNMENT((#3768));
#1601=EDGE_CURVE('',#3766,#3769,#3770,.T.);
#1602=PRESENTATION_STYLE_ASSIGNMENT((#3771));
#1603=EDGE_CURVE('',#3772,#3769,#3773,.T.);
#1604=PRESENTATION_STYLE_ASSIGNMENT((#3774));
#1605=EDGE_CURVE('',#3775,#3776,#3777,.T.);
#1606=PRESENTATION_STYLE_ASSIGNMENT((#3778));
#1607=EDGE_CURVE('',#3776,#3779,#3780,.T.);
#1608=PRESENTATION_STYLE_ASSIGNMENT((#3781));
#1609=EDGE_CURVE('',#3782,#3779,#3783,.T.);
#1610=PRESENTATION_STYLE_ASSIGNMENT((#3784));
#1611=EDGE_CURVE('',#3785,#3786,#3787,.T.);
#1612=PRESENTATION_STYLE_ASSIGNMENT((#3788));
#1613=EDGE_CURVE('',#3789,#3785,#3790,.T.);
#1614=PRESENTATION_STYLE_ASSIGNMENT((#3791));
#1615=EDGE_CURVE('',#3789,#3792,#3793,.T.);
#1616=PRESENTATION_STYLE_ASSIGNMENT((#3794));
#1617=EDGE_CURVE('',#3795,#3792,#3796,.T.);
#1618=PRESENTATION_STYLE_ASSIGNMENT((#3797));
#1619=EDGE_CURVE('',#3795,#3798,#3799,.T.);
#1620=PRESENTATION_STYLE_ASSIGNMENT((#3800));
#1621=EDGE_CURVE('',#3801,#3798,#3802,.T.);
#1622=PRESENTATION_STYLE_ASSIGNMENT((#3803));
#1623=EDGE_CURVE('',#3804,#3801,#3805,.T.);
#1624=PRESENTATION_STYLE_ASSIGNMENT((#3806));
#1625=EDGE_CURVE('',#3804,#3807,#3808,.T.);
#1626=PRESENTATION_STYLE_ASSIGNMENT((#3809));
#1627=EDGE_CURVE('',#3810,#3811,#3812,.T.);
#1628=PRESENTATION_STYLE_ASSIGNMENT((#3813));
#1629=EDGE_CURVE('',#3814,#3810,#3815,.T.);
#1630=PRESENTATION_STYLE_ASSIGNMENT((#3816));
#1631=EDGE_CURVE('',#3817,#3814,#3818,.T.);
#1632=PRESENTATION_STYLE_ASSIGNMENT((#3819));
#1633=EDGE_CURVE('',#3820,#3817,#3821,.T.);
#1634=PRESENTATION_STYLE_ASSIGNMENT((#3822));
#1635=EDGE_CURVE('',#3823,#3820,#3824,.T.);
#1636=PRESENTATION_STYLE_ASSIGNMENT((#3825));
#1637=EDGE_CURVE('',#3823,#3826,#3827,.T.);
#1638=PRESENTATION_STYLE_ASSIGNMENT((#3828));
#1639=EDGE_CURVE('',#3829,#3830,#3831,.T.);
#1640=PRESENTATION_STYLE_ASSIGNMENT((#3832));
#1641=EDGE_CURVE('',#3830,#3833,#3834,.T.);
#1642=PRESENTATION_STYLE_ASSIGNMENT((#3835));
#1643=EDGE_CURVE('',#3833,#3836,#3837,.T.);
#1644=PRESENTATION_STYLE_ASSIGNMENT((#3838));
#1645=EDGE_CURVE('',#3836,#3839,#3840,.T.);
#1646=PRESENTATION_STYLE_ASSIGNMENT((#3841));
#1647=EDGE_CURVE('',#3786,#3842,#3843,.T.);
#1648=PRESENTATION_STYLE_ASSIGNMENT((#3844));
#1649=EDGE_CURVE('',#3845,#3842,#3846,.T.);
#1650=PRESENTATION_STYLE_ASSIGNMENT((#3847));
#1651=EDGE_CURVE('',#3848,#3845,#3849,.T.);
#1652=PRESENTATION_STYLE_ASSIGNMENT((#3850));
#1653=EDGE_CURVE('',#3851,#3852,#3853,.T.);
#1654=PRESENTATION_STYLE_ASSIGNMENT((#3854));
#1655=EDGE_CURVE('',#3855,#3851,#3856,.T.);
#1656=PRESENTATION_STYLE_ASSIGNMENT((#3857));
#1657=EDGE_CURVE('',#3858,#3855,#3859,.T.);
#1658=PRESENTATION_STYLE_ASSIGNMENT((#3860));
#1659=EDGE_CURVE('',#3852,#3858,#3861,.T.);
#1660=PRESENTATION_STYLE_ASSIGNMENT((#3862));
#1661=EDGE_CURVE('',#3863,#3864,#3865,.T.);
#1662=PRESENTATION_STYLE_ASSIGNMENT((#3866));
#1663=EDGE_CURVE('',#3863,#3867,#3868,.T.);
#1664=PRESENTATION_STYLE_ASSIGNMENT((#3869));
#1665=EDGE_CURVE('',#3870,#3867,#3871,.T.);
#1666=PRESENTATION_STYLE_ASSIGNMENT((#3872));
#1667=EDGE_CURVE('',#3873,#3870,#3874,.T.);
#1668=PRESENTATION_STYLE_ASSIGNMENT((#3875));
#1669=EDGE_CURVE('',#3873,#3864,#3876,.T.);
#1670=PRESENTATION_STYLE_ASSIGNMENT((#3877));
#1671=EDGE_CURVE('',#3858,#3878,#3879,.T.);
#1672=PRESENTATION_STYLE_ASSIGNMENT((#3880));
#1673=EDGE_CURVE('',#3881,#3878,#3882,.T.);
#1674=PRESENTATION_STYLE_ASSIGNMENT((#3883));
#1675=EDGE_CURVE('',#3881,#3776,#3884,.T.);
#1676=PRESENTATION_STYLE_ASSIGNMENT((#3885));
#1677=EDGE_CURVE('',#3886,#3775,#3887,.T.);
#1678=PRESENTATION_STYLE_ASSIGNMENT((#3888));
#1679=EDGE_CURVE('',#3886,#3766,#3889,.T.);
#1680=PRESENTATION_STYLE_ASSIGNMENT((#3890));
#1681=EDGE_CURVE('',#3891,#3765,#3892,.T.);
#1682=PRESENTATION_STYLE_ASSIGNMENT((#3893));
#1683=EDGE_CURVE('',#3891,#3894,#3895,.T.);
#1684=PRESENTATION_STYLE_ASSIGNMENT((#3896));
#1685=EDGE_CURVE('',#3894,#3873,#3897,.T.);
#1686=PRESENTATION_STYLE_ASSIGNMENT((#3898));
#1687=EDGE_CURVE('',#3899,#3870,#3900,.T.);
#1688=PRESENTATION_STYLE_ASSIGNMENT((#3901));
#1689=EDGE_CURVE('',#3899,#3902,#3903,.T.);
#1690=PRESENTATION_STYLE_ASSIGNMENT((#3904));
#1691=EDGE_CURVE('',#3905,#3902,#3906,.T.);
#1692=PRESENTATION_STYLE_ASSIGNMENT((#3907));
#1693=EDGE_CURVE('',#3852,#3905,#3908,.T.);
#1694=PRESENTATION_STYLE_ASSIGNMENT((#3909));
#1695=EDGE_CURVE('',#3910,#3905,#3911,.T.);
#1696=PRESENTATION_STYLE_ASSIGNMENT((#3912));
#1697=EDGE_CURVE('',#3913,#3910,#3914,.T.);
#1698=PRESENTATION_STYLE_ASSIGNMENT((#3915));
#1699=EDGE_CURVE('',#3913,#3851,#3916,.T.);
#1700=PRESENTATION_STYLE_ASSIGNMENT((#3917));
#1701=EDGE_CURVE('',#3913,#3918,#3919,.T.);
#1702=PRESENTATION_STYLE_ASSIGNMENT((#3920));
#1703=EDGE_CURVE('',#3855,#3918,#3921,.T.);
#1704=PRESENTATION_STYLE_ASSIGNMENT((#3922));
#1705=EDGE_CURVE('',#3923,#3910,#3924,.T.);
#1706=PRESENTATION_STYLE_ASSIGNMENT((#3925));
#1707=EDGE_CURVE('',#3923,#3902,#3926,.T.);
#1708=PRESENTATION_STYLE_ASSIGNMENT((#3927));
#1709=EDGE_CURVE('',#3928,#3848,#3929,.T.);
#1710=PRESENTATION_STYLE_ASSIGNMENT((#3930));
#1711=EDGE_CURVE('',#3928,#3789,#3931,.T.);
#1712=PRESENTATION_STYLE_ASSIGNMENT((#3932));
#1713=EDGE_CURVE('',#3933,#3795,#3934,.T.);
#1714=PRESENTATION_STYLE_ASSIGNMENT((#3935));
#1715=EDGE_CURVE('',#3933,#3798,#3936,.T.);
#1716=PRESENTATION_STYLE_ASSIGNMENT((#3937));
#1717=EDGE_CURVE('',#3845,#3938,#3939,.T.);
#1718=PRESENTATION_STYLE_ASSIGNMENT((#3940));
#1719=EDGE_CURVE('',#3941,#3842,#3942,.T.);
#1720=PRESENTATION_STYLE_ASSIGNMENT((#3943));
#1721=EDGE_CURVE('',#3941,#3938,#3944,.T.);
#1722=PRESENTATION_STYLE_ASSIGNMENT((#3945));
#1723=EDGE_CURVE('',#3839,#3946,#3947,.T.);
#1724=PRESENTATION_STYLE_ASSIGNMENT((#3948));
#1725=EDGE_CURVE('',#3946,#3829,#3949,.T.);
#1726=PRESENTATION_STYLE_ASSIGNMENT((#3950));
#1727=EDGE_CURVE('',#3826,#3951,#3952,.T.);
#1728=PRESENTATION_STYLE_ASSIGNMENT((#3953));
#1729=EDGE_CURVE('',#3811,#3951,#3954,.T.);
#1730=PRESENTATION_STYLE_ASSIGNMENT((#3955));
#1731=EDGE_CURVE('',#3804,#3956,#3957,.T.);
#1732=PRESENTATION_STYLE_ASSIGNMENT((#3958));
#1733=EDGE_CURVE('',#3956,#3959,#3960,.T.);
#1734=PRESENTATION_STYLE_ASSIGNMENT((#3961));
#1735=EDGE_CURVE('',#3962,#3959,#3963,.T.);
#1736=PRESENTATION_STYLE_ASSIGNMENT((#3964));
#1737=EDGE_CURVE('',#3807,#3962,#3965,.T.);
#1738=PRESENTATION_STYLE_ASSIGNMENT((#3966));
#1739=EDGE_CURVE('',#3967,#3968,#3969,.T.);
#1740=PRESENTATION_STYLE_ASSIGNMENT((#3970));
#1741=EDGE_CURVE('',#3968,#3971,#3972,.T.);
#1742=PRESENTATION_STYLE_ASSIGNMENT((#3973));
#1743=EDGE_CURVE('',#3756,#3971,#3974,.T.);
#1744=PRESENTATION_STYLE_ASSIGNMENT((#3975));
#1745=EDGE_CURVE('',#3753,#3976,#3977,.T.);
#1746=PRESENTATION_STYLE_ASSIGNMENT((#3978));
#1747=EDGE_CURVE('',#3976,#3967,#3979,.T.);
#1748=PRESENTATION_STYLE_ASSIGNMENT((#3980));
#1749=EDGE_CURVE('',#3981,#3867,#3982,.T.);
#1750=PRESENTATION_STYLE_ASSIGNMENT((#3983));
#1751=EDGE_CURVE('',#3981,#3899,#3984,.T.);
#1752=PRESENTATION_STYLE_ASSIGNMENT((#3985));
#1753=EDGE_CURVE('',#3986,#3962,#3987,.T.);
#1754=PRESENTATION_STYLE_ASSIGNMENT((#3988));
#1755=EDGE_CURVE('',#3941,#3986,#3989,.T.);
#1756=PRESENTATION_STYLE_ASSIGNMENT((#3990));
#1757=EDGE_CURVE('',#3991,#3750,#3992,.T.);
#1758=PRESENTATION_STYLE_ASSIGNMENT((#3993));
#1759=EDGE_CURVE('',#3976,#3991,#3994,.T.);
#1760=PRESENTATION_STYLE_ASSIGNMENT((#3995));
#1761=EDGE_CURVE('',#3864,#3996,#3997,.T.);
#1762=PRESENTATION_STYLE_ASSIGNMENT((#3998));
#1763=EDGE_CURVE('',#3996,#3894,#3999,.T.);
#1764=PRESENTATION_STYLE_ASSIGNMENT((#4000));
#1765=EDGE_CURVE('',#3956,#4001,#4002,.T.);
#1766=PRESENTATION_STYLE_ASSIGNMENT((#4003));
#1767=EDGE_CURVE('',#4001,#3817,#4004,.T.);
#1768=PRESENTATION_STYLE_ASSIGNMENT((#4005));
#1769=EDGE_CURVE('',#3817,#3956,#4006,.T.);
#1770=PRESENTATION_STYLE_ASSIGNMENT((#4007));
#1771=EDGE_CURVE('',#3986,#4008,#4009,.T.);
#1772=PRESENTATION_STYLE_ASSIGNMENT((#4010));
#1773=EDGE_CURVE('',#4008,#4011,#4012,.T.);
#1774=PRESENTATION_STYLE_ASSIGNMENT((#4013));
#1775=EDGE_CURVE('',#4014,#4011,#4015,.T.);
#1776=PRESENTATION_STYLE_ASSIGNMENT((#4016));
#1777=EDGE_CURVE('',#4014,#3938,#4017,.T.);
#1778=PRESENTATION_STYLE_ASSIGNMENT((#4018));
#1779=EDGE_CURVE('',#4019,#3801,#4020,.T.);
#1780=PRESENTATION_STYLE_ASSIGNMENT((#4021));
#1781=EDGE_CURVE('',#4019,#3820,#4022,.T.);
#1782=PRESENTATION_STYLE_ASSIGNMENT((#4023));
#1783=EDGE_CURVE('',#4001,#3820,#4024,.T.);
#1784=PRESENTATION_STYLE_ASSIGNMENT((#4025));
#1785=EDGE_CURVE('',#4011,#3996,#4026,.T.);
#1786=PRESENTATION_STYLE_ASSIGNMENT((#4027));
#1787=EDGE_CURVE('',#3891,#4028,#4029,.T.);
#1788=PRESENTATION_STYLE_ASSIGNMENT((#4030));
#1789=EDGE_CURVE('',#4014,#4028,#4031,.T.);
#1790=PRESENTATION_STYLE_ASSIGNMENT((#4032));
#1791=EDGE_CURVE('',#3817,#3833,#4033,.T.);
#1792=PRESENTATION_STYLE_ASSIGNMENT((#4034));
#1793=EDGE_CURVE('',#3830,#4035,#4036,.T.);
#1794=PRESENTATION_STYLE_ASSIGNMENT((#4037));
#1795=EDGE_CURVE('',#4035,#3959,#4038,.T.);
#1796=PRESENTATION_STYLE_ASSIGNMENT((#4039));
#1797=EDGE_CURVE('',#4040,#3782,#4041,.T.);
#1798=PRESENTATION_STYLE_ASSIGNMENT((#4042));
#1799=EDGE_CURVE('',#3886,#4040,#4043,.T.);
#1800=PRESENTATION_STYLE_ASSIGNMENT((#4044));
#1801=EDGE_CURVE('',#4040,#3769,#4045,.T.);
#1802=PRESENTATION_STYLE_ASSIGNMENT((#4046));
#1803=EDGE_CURVE('',#3967,#3779,#4047,.T.);
#1804=PRESENTATION_STYLE_ASSIGNMENT((#4048));
#1805=EDGE_CURVE('',#3881,#4049,#4050,.T.);
#1806=PRESENTATION_STYLE_ASSIGNMENT((#4051));
#1807=EDGE_CURVE('',#3968,#4049,#4052,.T.);
#1808=PRESENTATION_STYLE_ASSIGNMENT((#4053));
#1809=EDGE_CURVE('',#3863,#4054,#4055,.T.);
#1810=PRESENTATION_STYLE_ASSIGNMENT((#4056));
#1811=EDGE_CURVE('',#4054,#3981,#4057,.T.);
#1812=PRESENTATION_STYLE_ASSIGNMENT((#4058));
#1813=EDGE_CURVE('',#4059,#4060,#4061,.T.);
#1814=PRESENTATION_STYLE_ASSIGNMENT((#4062));
#1815=EDGE_CURVE('',#4063,#4060,#4064,.T.);
#1816=PRESENTATION_STYLE_ASSIGNMENT((#4065));
#1817=EDGE_CURVE('',#3933,#4063,#4066,.T.);
#1818=PRESENTATION_STYLE_ASSIGNMENT((#4067));
#1819=EDGE_CURVE('',#3792,#4059,#4068,.T.);
#1820=PRESENTATION_STYLE_ASSIGNMENT((#4069));
#1821=EDGE_CURVE('',#4028,#3772,#4070,.T.);
#1822=PRESENTATION_STYLE_ASSIGNMENT((#4071));
#1823=EDGE_CURVE('',#3744,#4060,#4072,.T.);
#1824=PRESENTATION_STYLE_ASSIGNMENT((#4073));
#1825=EDGE_CURVE('',#3741,#4063,#4074,.T.);
#1826=PRESENTATION_STYLE_ASSIGNMENT((#4075));
#1827=EDGE_CURVE('',#4019,#3762,#4076,.T.);
#1828=PRESENTATION_STYLE_ASSIGNMENT((#4077));
#1829=EDGE_CURVE('',#3759,#3823,#4078,.T.);
#1830=PRESENTATION_STYLE_ASSIGNMENT((#4079));
#1831=EDGE_CURVE('',#3951,#3971,#4080,.T.);
#1832=PRESENTATION_STYLE_ASSIGNMENT((#4081));
#1833=EDGE_CURVE('',#4059,#3928,#4082,.T.);
#1834=PRESENTATION_STYLE_ASSIGNMENT((#4083));
#1835=EDGE_CURVE('',#4084,#3878,#4085,.T.);
#1836=PRESENTATION_STYLE_ASSIGNMENT((#4086));
#1837=EDGE_CURVE('',#4084,#4049,#4087,.T.);
#1838=PRESENTATION_STYLE_ASSIGNMENT((#4088));
#1839=EDGE_CURVE('',#4008,#4035,#4089,.T.);
#1840=PRESENTATION_STYLE_ASSIGNMENT((#4090));
#1841=EDGE_CURVE('',#4054,#3923,#4091,.T.);
#1842=PRESENTATION_STYLE_ASSIGNMENT((#4092));
#1843=EDGE_CURVE('',#3991,#3747,#4093,.T.);
#1844=PRESENTATION_STYLE_ASSIGNMENT((#4094));
#1845=EDGE_CURVE('',#3836,#3814,#4095,.T.);
#1846=PRESENTATION_STYLE_ASSIGNMENT((#4096));
#1847=EDGE_CURVE('',#3918,#4084,#4097,.T.);
#1848=PRESENTATION_STYLE_ASSIGNMENT((#4098));
#1849=EDGE_CURVE('',#3810,#3946,#4099,.T.);
#1850=PRESENTATION_STYLE_ASSIGNMENT((#4100));
#1851=MANIFOLD_SOLID_BREP('4',#4101);
#1852=PRESENTATION_STYLE_ASSIGNMENT((#4102));
#1853=ADVANCED_FACE('',(#4103),#4104,.T.);
#1854=PRESENTATION_STYLE_ASSIGNMENT((#4105));
#1855=ADVANCED_FACE('',(#4106),#4107,.T.);
#1856=PRESENTATION_STYLE_ASSIGNMENT((#4108));
#1857=ADVANCED_FACE('',(#4109),#4110,.T.);
#1858=PRESENTATION_STYLE_ASSIGNMENT((#4111));
#1859=ADVANCED_FACE('',(#4112),#4113,.T.);
#1860=PRESENTATION_STYLE_ASSIGNMENT((#4114));
#1861=ADVANCED_FACE('',(#4115),#4116,.F.);
#1862=PRESENTATION_STYLE_ASSIGNMENT((#4117));
#1863=ADVANCED_FACE('',(#4118),#4119,.F.);
#1864=PRESENTATION_STYLE_ASSIGNMENT((#4120));
#1865=ADVANCED_FACE('',(#4121),#4122,.F.);
#1866=PRESENTATION_STYLE_ASSIGNMENT((#4123));
#1867=ADVANCED_FACE('',(#4124),#4125,.F.);
#1868=PRESENTATION_STYLE_ASSIGNMENT((#4126));
#1869=ADVANCED_FACE('',(#4127),#4128,.T.);
#1870=PRESENTATION_STYLE_ASSIGNMENT((#4129));
#1871=ADVANCED_FACE('',(#4130),#4131,.T.);
#1872=PRESENTATION_STYLE_ASSIGNMENT((#4132));
#1873=ADVANCED_FACE('',(#4133),#4134,.T.);
#1874=PRESENTATION_STYLE_ASSIGNMENT((#4135));
#1875=ADVANCED_FACE('',(#4136),#4137,.T.);
#1876=PRESENTATION_STYLE_ASSIGNMENT((#4138));
#1877=ADVANCED_FACE('',(#4139),#4140,.T.);
#1878=PRESENTATION_STYLE_ASSIGNMENT((#4141));
#1879=ADVANCED_FACE('',(#4142),#4143,.T.);
#1880=PRESENTATION_STYLE_ASSIGNMENT((#4144));
#1881=ADVANCED_FACE('',(#4145),#4146,.F.);
#1882=PRESENTATION_STYLE_ASSIGNMENT((#4147));
#1883=ADVANCED_FACE('',(#4148),#4149,.F.);
#1884=PRESENTATION_STYLE_ASSIGNMENT((#4150));
#1885=ADVANCED_FACE('',(#4151),#4152,.F.);
#1886=PRESENTATION_STYLE_ASSIGNMENT((#4153));
#1887=ADVANCED_FACE('',(#4154),#4155,.F.);
#1888=PRESENTATION_STYLE_ASSIGNMENT((#4156));
#1889=ADVANCED_FACE('',(#4157),#4158,.T.);
#1890=PRESENTATION_STYLE_ASSIGNMENT((#4159));
#1891=ADVANCED_FACE('',(#4160),#4161,.F.);
#1892=PRESENTATION_STYLE_ASSIGNMENT((#4162));
#1893=ADVANCED_FACE('',(#4163),#4164,.T.);
#1894=PRESENTATION_STYLE_ASSIGNMENT((#4165));
#1895=ADVANCED_FACE('',(#4166),#4167,.F.);
#1896=PRESENTATION_STYLE_ASSIGNMENT((#4168));
#1897=ADVANCED_FACE('',(#4169),#4170,.F.);
#1898=PRESENTATION_STYLE_ASSIGNMENT((#4171));
#1899=ADVANCED_FACE('',(#4172),#4173,.F.);
#1900=PRESENTATION_STYLE_ASSIGNMENT((#4174));
#1901=ADVANCED_FACE('',(#4175),#4176,.T.);
#1902=PRESENTATION_STYLE_ASSIGNMENT((#4177));
#1903=ADVANCED_FACE('',(#4178),#4179,.T.);
#1904=PRESENTATION_STYLE_ASSIGNMENT((#4180));
#1905=ADVANCED_FACE('',(#4181),#4182,.F.);
#1906=PRESENTATION_STYLE_ASSIGNMENT((#4183));
#1907=ADVANCED_FACE('',(#4184),#4185,.F.);
#1908=PRESENTATION_STYLE_ASSIGNMENT((#4186));
#1909=ADVANCED_FACE('',(#4187),#4188,.F.);
#1910=PRESENTATION_STYLE_ASSIGNMENT((#4189));
#1911=ADVANCED_FACE('',(#4190),#4191,.F.);
#1912=PRESENTATION_STYLE_ASSIGNMENT((#4192));
#1913=ADVANCED_FACE('',(#4193),#4194,.T.);
#1914=PRESENTATION_STYLE_ASSIGNMENT((#4195));
#1915=ADVANCED_FACE('',(#4196),#4197,.F.);
#1916=PRESENTATION_STYLE_ASSIGNMENT((#4198));
#1917=ADVANCED_FACE('',(#4199),#4200,.T.);
#1918=PRESENTATION_STYLE_ASSIGNMENT((#4201));
#1919=ADVANCED_FACE('',(#4202),#4203,.T.);
#1920=PRESENTATION_STYLE_ASSIGNMENT((#4204));
#1921=ADVANCED_FACE('',(#4205),#4206,.F.);
#1922=PRESENTATION_STYLE_ASSIGNMENT((#4207));
#1923=ADVANCED_FACE('',(#4208),#4209,.T.);
#1924=PRESENTATION_STYLE_ASSIGNMENT((#4210));
#1925=ADVANCED_FACE('',(#4211),#4212,.F.);
#1926=PRESENTATION_STYLE_ASSIGNMENT((#4213));
#1927=ADVANCED_FACE('',(#4214),#4215,.T.);
#1928=PRESENTATION_STYLE_ASSIGNMENT((#4216));
#1929=ADVANCED_FACE('',(#4217),#4218,.F.);
#1930=PRESENTATION_STYLE_ASSIGNMENT((#4219));
#1931=ADVANCED_FACE('',(#4220),#4221,.F.);
#1932=PRESENTATION_STYLE_ASSIGNMENT((#4222));
#1933=ADVANCED_FACE('',(#4223),#4224,.T.);
#1934=PRESENTATION_STYLE_ASSIGNMENT((#4225));
#1935=ADVANCED_FACE('',(#4226),#4227,.F.);
#1936=PRESENTATION_STYLE_ASSIGNMENT((#4228));
#1937=ADVANCED_FACE('',(#4229),#4230,.F.);
#1938=PRESENTATION_STYLE_ASSIGNMENT((#4231));
#1939=ADVANCED_FACE('',(#4232),#4233,.F.);
#1940=PRESENTATION_STYLE_ASSIGNMENT((#4234));
#1941=ADVANCED_FACE('',(#4235),#4236,.T.);
#1942=PRESENTATION_STYLE_ASSIGNMENT((#4237));
#1943=ADVANCED_FACE('',(#4238),#4239,.F.);
#1944=PRESENTATION_STYLE_ASSIGNMENT((#4240));
#1945=ADVANCED_FACE('',(#4241),#4242,.T.);
#1946=PRESENTATION_STYLE_ASSIGNMENT((#4243));
#1947=ADVANCED_FACE('',(#4244),#4245,.T.);
#1948=PRESENTATION_STYLE_ASSIGNMENT((#4246));
#1949=ADVANCED_FACE('',(#4247),#4248,.F.);
#1950=PRESENTATION_STYLE_ASSIGNMENT((#4249));
#1951=ADVANCED_FACE('',(#4250),#4251,.F.);
#1952=PRESENTATION_STYLE_ASSIGNMENT((#4252));
#1953=ADVANCED_FACE('',(#4253),#4254,.F.);
#1954=PRESENTATION_STYLE_ASSIGNMENT((#4255));
#1955=ADVANCED_FACE('',(#4256,#4257),#4258,.F.);
#1956=PRESENTATION_STYLE_ASSIGNMENT((#4259));
#1957=ADVANCED_FACE('',(#4260),#4261,.T.);
#1958=PRESENTATION_STYLE_ASSIGNMENT((#4262));
#1959=ADVANCED_FACE('',(#4263),#4264,.F.);
#1960=PRESENTATION_STYLE_ASSIGNMENT((#4265));
#1961=ADVANCED_FACE('',(#4266,#4267),#4268,.T.);
#1962=PRESENTATION_STYLE_ASSIGNMENT((#4269));
#1963=ADVANCED_FACE('',(#4270),#4271,.F.);
#1964=PRESENTATION_STYLE_ASSIGNMENT((#4272));
#1965=ADVANCED_FACE('',(#4273),#4274,.T.);
#1966=PRESENTATION_STYLE_ASSIGNMENT((#4275));
#1967=ADVANCED_FACE('',(#4276),#4277,.T.);
#1968=PRESENTATION_STYLE_ASSIGNMENT((#4278));
#1969=ADVANCED_FACE('',(#4279),#4280,.F.);
#1970=PRESENTATION_STYLE_ASSIGNMENT((#4281));
#1971=ADVANCED_FACE('',(#4282),#4283,.F.);
#1972=PRESENTATION_STYLE_ASSIGNMENT((#4284));
#1973=ADVANCED_FACE('',(#4285),#4286,.T.);
#1974=PRESENTATION_STYLE_ASSIGNMENT((#4287));
#1975=ADVANCED_FACE('',(#4288),#4289,.T.);
#1976=PRESENTATION_STYLE_ASSIGNMENT((#4290));
#1977=ADVANCED_FACE('',(#4291),#4292,.F.);
#1978=PRESENTATION_STYLE_ASSIGNMENT((#4293));
#1979=ADVANCED_FACE('',(#4294),#4295,.F.);
#1980=PRESENTATION_STYLE_ASSIGNMENT((#4296));
#1981=ADVANCED_FACE('',(#4297),#4298,.F.);
#1982=PRESENTATION_STYLE_ASSIGNMENT((#4299));
#1983=ADVANCED_FACE('',(#4300),#4301,.F.);
#1984=PRESENTATION_STYLE_ASSIGNMENT((#4302));
#1985=ADVANCED_FACE('',(#4303,#4304),#4305,.F.);
#1986=PRESENTATION_STYLE_ASSIGNMENT((#4306));
#1987=ADVANCED_FACE('',(#4307),#4308,.T.);
#1988=PRESENTATION_STYLE_ASSIGNMENT((#4309));
#1989=ADVANCED_FACE('',(#4310),#4311,.T.);
#1990=PRESENTATION_STYLE_ASSIGNMENT((#4312));
#1991=ADVANCED_FACE('',(#4313),#4314,.T.);
#1992=PRESENTATION_STYLE_ASSIGNMENT((#4315));
#1993=ADVANCED_FACE('',(#4316),#4317,.T.);
#1994=PRESENTATION_STYLE_ASSIGNMENT((#4318));
#1995=ADVANCED_FACE('',(#4319),#4320,.T.);
#1996=PRESENTATION_STYLE_ASSIGNMENT((#4321));
#1997=ADVANCED_FACE('',(#4322),#4323,.F.);
#1998=PRESENTATION_STYLE_ASSIGNMENT((#4324));
#1999=ADVANCED_FACE('',(#4325),#4326,.F.);
#2000=PRESENTATION_STYLE_ASSIGNMENT((#4327));
#2001=ADVANCED_FACE('',(#4328),#4329,.F.);
#2002=PRESENTATION_STYLE_ASSIGNMENT((#4330));
#2003=ADVANCED_FACE('',(#4331),#4332,.F.);
#2004=PRESENTATION_STYLE_ASSIGNMENT((#4333));
#2005=ADVANCED_FACE('',(#4334),#4335,.F.);
#2006=PRESENTATION_STYLE_ASSIGNMENT((#4336));
#2007=ADVANCED_FACE('',(#4337),#4338,.T.);
#2008=PRESENTATION_STYLE_ASSIGNMENT((#4339));
#2009=ADVANCED_FACE('',(#4340),#4341,.F.);
#2010=PRESENTATION_STYLE_ASSIGNMENT((#4342));
#2011=ADVANCED_FACE('',(#4343),#4344,.F.);
#2012=PRESENTATION_STYLE_ASSIGNMENT((#4345));
#2013=ADVANCED_FACE('',(#4346),#4347,.F.);
#2014=PRESENTATION_STYLE_ASSIGNMENT((#4348));
#2015=ADVANCED_FACE('',(#4349),#4350,.F.);
#2016=PRESENTATION_STYLE_ASSIGNMENT((#4351));
#2017=ADVANCED_FACE('',(#4352),#4353,.F.);
#2018=PRESENTATION_STYLE_ASSIGNMENT((#4354));
#2019=ADVANCED_FACE('',(#4355),#4356,.T.);
#2020=PRESENTATION_STYLE_ASSIGNMENT((#4357));
#2021=ADVANCED_FACE('',(#4358,#4359),#4360,.F.);
#2022=PRESENTATION_STYLE_ASSIGNMENT((#4361));
#2023=ADVANCED_FACE('',(#4362),#4363,.F.);
#2024=PRESENTATION_STYLE_ASSIGNMENT((#4364));
#2025=ADVANCED_FACE('',(#4365),#4366,.F.);
#2026=PRESENTATION_STYLE_ASSIGNMENT((#4367));
#2027=ADVANCED_FACE('',(#4368,#4369,#4370),#4371,.T.);
#2028=PRESENTATION_STYLE_ASSIGNMENT((#4372));
#2029=ADVANCED_FACE('',(#4373),#4374,.T.);
#2030=PRESENTATION_STYLE_ASSIGNMENT((#4375));
#2031=ADVANCED_FACE('',(#4376),#4377,.F.);
#2032=PRESENTATION_STYLE_ASSIGNMENT((#4378));
#2033=ADVANCED_FACE('',(#4379),#4380,.T.);
#2034=PRESENTATION_STYLE_ASSIGNMENT((#4381));
#2035=ADVANCED_FACE('',(#4382),#4383,.F.);
#2036=PRESENTATION_STYLE_ASSIGNMENT((#4384));
#2037=ADVANCED_FACE('',(#4385,#4386),#4387,.T.);
#2038=PRESENTATION_STYLE_ASSIGNMENT((#4388));
#2039=ADVANCED_FACE('',(#4389),#4390,.T.);
#2040=PRESENTATION_STYLE_ASSIGNMENT((#4391));
#2041=ADVANCED_FACE('',(#4392,#4393),#4394,.T.);
#2042=PRESENTATION_STYLE_ASSIGNMENT((#4395));
#2043=ADVANCED_FACE('',(#4396,#4397,#4398),#4399,.F.);
#2044=PRESENTATION_STYLE_ASSIGNMENT((#4400));
#2045=ADVANCED_FACE('',(#4401),#4402,.T.);
#2046=PRESENTATION_STYLE_ASSIGNMENT((#4403));
#2047=ADVANCED_FACE('',(#4404),#4405,.T.);
#2048=PRESENTATION_STYLE_ASSIGNMENT((#4406));
#2049=ADVANCED_FACE('',(#4407),#4408,.F.);
#2050=PRESENTATION_STYLE_ASSIGNMENT((#4409));
#2051=ADVANCED_FACE('',(#4410),#4411,.T.);
#2052=PRESENTATION_STYLE_ASSIGNMENT((#4412));
#2053=ADVANCED_FACE('',(#4413),#4414,.F.);
#2054=PRESENTATION_STYLE_ASSIGNMENT((#4415));
#2055=ADVANCED_FACE('',(#4416),#4417,.F.);
#2056=PRESENTATION_STYLE_ASSIGNMENT((#4418));
#2057=ADVANCED_FACE('',(#4419),#4420,.F.);
#2058=PRESENTATION_STYLE_ASSIGNMENT((#4421));
#2059=ADVANCED_FACE('',(#4422,#4423),#4424,.F.);
#2060=PRESENTATION_STYLE_ASSIGNMENT((#4425));
#2061=ADVANCED_FACE('',(#4426),#4427,.F.);
#2062=PRESENTATION_STYLE_ASSIGNMENT((#4428));
#2063=ADVANCED_FACE('',(#4429),#4430,.F.);
#2064=PRESENTATION_STYLE_ASSIGNMENT((#4431));
#2065=ADVANCED_FACE('',(#4432),#4433,.F.);
#2066=PRESENTATION_STYLE_ASSIGNMENT((#4434));
#2067=ADVANCED_FACE('',(#4435),#4436,.F.);
#2068=PRESENTATION_STYLE_ASSIGNMENT((#4437));
#2069=ADVANCED_FACE('',(#4438),#4439,.T.);
#2070=PRESENTATION_STYLE_ASSIGNMENT((#4440));
#2071=ADVANCED_FACE('',(#4441),#4442,.F.);
#2072=PRESENTATION_STYLE_ASSIGNMENT((#4443));
#2073=ADVANCED_FACE('',(#4444),#4445,.F.);
#2074=PRESENTATION_STYLE_ASSIGNMENT((#4446));
#2075=ADVANCED_FACE('',(#4447),#4448,.F.);
#2076=PRESENTATION_STYLE_ASSIGNMENT((#4449));
#2077=ADVANCED_FACE('',(#4450),#4451,.F.);
#2078=PRESENTATION_STYLE_ASSIGNMENT((#4452));
#2079=ADVANCED_FACE('',(#4453,#4454,#4455,#4456),#4457,.T.);
#2080=PRESENTATION_STYLE_ASSIGNMENT((#4458));
#2081=ADVANCED_FACE('',(#4459),#4460,.T.);
#2082=PRESENTATION_STYLE_ASSIGNMENT((#4461));
#2083=ADVANCED_FACE('',(#4462),#4463,.T.);
#2084=PRESENTATION_STYLE_ASSIGNMENT((#4464));
#2085=ADVANCED_FACE('',(#4465),#4466,.F.);
#2086=PRESENTATION_STYLE_ASSIGNMENT((#4467));
#2087=ADVANCED_FACE('',(#4468),#4469,.T.);
#2088=PRESENTATION_STYLE_ASSIGNMENT((#4470));
#2089=ADVANCED_FACE('',(#4471),#4472,.T.);
#2090=PRESENTATION_STYLE_ASSIGNMENT((#4473));
#2091=ADVANCED_FACE('',(#4474),#4475,.T.);
#2092=PRESENTATION_STYLE_ASSIGNMENT((#4476));
#2093=ADVANCED_FACE('',(#4477),#4478,.T.);
#2094=PRESENTATION_STYLE_ASSIGNMENT((#4479));
#2095=ADVANCED_FACE('',(#4480),#4481,.T.);
#2096=PRESENTATION_STYLE_ASSIGNMENT((#4482));
#2097=ADVANCED_FACE('',(#4483),#4484,.T.);
#2098=PRESENTATION_STYLE_ASSIGNMENT((#4485));
#2099=ADVANCED_FACE('',(#4486),#4487,.T.);
#2100=PRESENTATION_STYLE_ASSIGNMENT((#4488));
#2101=ADVANCED_FACE('',(#4489),#4490,.F.);
#2102=PRESENTATION_STYLE_ASSIGNMENT((#4491));
#2103=ADVANCED_FACE('',(#4492),#4493,.T.);
#2104=PRESENTATION_STYLE_ASSIGNMENT((#4494));
#2105=ADVANCED_FACE('',(#4495),#4496,.T.);
#2106=PRESENTATION_STYLE_ASSIGNMENT((#4497));
#2107=ADVANCED_FACE('',(#4498),#4499,.T.);
#2108=PRESENTATION_STYLE_ASSIGNMENT((#4500));
#2109=ADVANCED_FACE('',(#4501),#4502,.T.);
#2110=PRESENTATION_STYLE_ASSIGNMENT((#4503));
#2111=ADVANCED_FACE('',(#4504),#4505,.T.);
#2112=PRESENTATION_STYLE_ASSIGNMENT((#4506));
#2113=ADVANCED_FACE('',(#4507),#4508,.T.);
#2114=PRESENTATION_STYLE_ASSIGNMENT((#4509));
#2115=ADVANCED_FACE('',(#4510),#4511,.T.);
#2116=PRESENTATION_STYLE_ASSIGNMENT((#4512));
#2117=ADVANCED_FACE('',(#4513),#4514,.T.);
#2118=PRESENTATION_STYLE_ASSIGNMENT((#4515));
#2119=ADVANCED_FACE('',(#4516),#4517,.T.);
#2120=PRESENTATION_STYLE_ASSIGNMENT((#4518));
#2121=ADVANCED_FACE('',(#4519),#4520,.T.);
#2122=PRESENTATION_STYLE_ASSIGNMENT((#4521));
#2123=ADVANCED_FACE('',(#4522),#4523,.T.);
#2124=PRESENTATION_STYLE_ASSIGNMENT((#4524));
#2125=ADVANCED_FACE('',(#4525),#4526,.T.);
#2126=PRESENTATION_STYLE_ASSIGNMENT((#4527));
#2127=ADVANCED_FACE('',(#4528),#4529,.F.);
#2128=PRESENTATION_STYLE_ASSIGNMENT((#4530));
#2129=ADVANCED_FACE('',(#4531),#4532,.F.);
#2130=PRESENTATION_STYLE_ASSIGNMENT((#4533));
#2131=ADVANCED_FACE('',(#4534),#4535,.F.);
#2132=PRESENTATION_STYLE_ASSIGNMENT((#4536));
#2133=ADVANCED_FACE('',(#4537),#4538,.F.);
#2134=PRESENTATION_STYLE_ASSIGNMENT((#4539));
#2135=ADVANCED_FACE('',(#4540),#4541,.T.);
#2136=PRESENTATION_STYLE_ASSIGNMENT((#4542));
#2137=ADVANCED_FACE('',(#4543),#4544,.T.);
#2138=PRESENTATION_STYLE_ASSIGNMENT((#4545));
#2139=ADVANCED_FACE('',(#4546),#4547,.T.);
#2140=PRESENTATION_STYLE_ASSIGNMENT((#4548));
#2141=ADVANCED_FACE('',(#4549),#4550,.T.);
#2142=PRESENTATION_STYLE_ASSIGNMENT((#4551));
#2143=ADVANCED_FACE('',(#4552),#4553,.F.);
#2144=PRESENTATION_STYLE_ASSIGNMENT((#4554));
#2145=EDGE_CURVE('',#4555,#4556,#4557,.T.);
#2146=PRESENTATION_STYLE_ASSIGNMENT((#4558));
#2147=EDGE_CURVE('',#4556,#4559,#4560,.T.);
#2148=PRESENTATION_STYLE_ASSIGNMENT((#4561));
#2149=EDGE_CURVE('',#4562,#4559,#4563,.T.);
#2150=PRESENTATION_STYLE_ASSIGNMENT((#4564));
#2151=EDGE_CURVE('',#4565,#4566,#4567,.T.);
#2152=PRESENTATION_STYLE_ASSIGNMENT((#4568));
#2153=EDGE_CURVE('',#4566,#4569,#4570,.T.);
#2154=PRESENTATION_STYLE_ASSIGNMENT((#4571));
#2155=EDGE_CURVE('',#4572,#4569,#4573,.T.);
#2156=PRESENTATION_STYLE_ASSIGNMENT((#4574));
#2157=EDGE_CURVE('',#4575,#4576,#4577,.T.);
#2158=PRESENTATION_STYLE_ASSIGNMENT((#4578));
#2159=EDGE_CURVE('',#4576,#4579,#4580,.T.);
#2160=PRESENTATION_STYLE_ASSIGNMENT((#4581));
#2161=EDGE_CURVE('',#4582,#4579,#4583,.T.);
#2162=PRESENTATION_STYLE_ASSIGNMENT((#4584));
#2163=EDGE_CURVE('',#4585,#4586,#4587,.T.);
#2164=PRESENTATION_STYLE_ASSIGNMENT((#4588));
#2165=EDGE_CURVE('',#4586,#4589,#4590,.T.);
#2166=PRESENTATION_STYLE_ASSIGNMENT((#4591));
#2167=EDGE_CURVE('',#4592,#4589,#4593,.T.);
#2168=PRESENTATION_STYLE_ASSIGNMENT((#4594));
#2169=EDGE_CURVE('',#4595,#4596,#4597,.T.);
#2170=PRESENTATION_STYLE_ASSIGNMENT((#4598));
#2171=EDGE_CURVE('',#4599,#4596,#4600,.T.);
#2172=PRESENTATION_STYLE_ASSIGNMENT((#4601));
#2173=EDGE_CURVE('',#4602,#4599,#4603,.T.);
#2174=PRESENTATION_STYLE_ASSIGNMENT((#4604));
#2175=EDGE_CURVE('',#4605,#4606,#4607,.T.);
#2176=PRESENTATION_STYLE_ASSIGNMENT((#4608));
#2177=EDGE_CURVE('',#4609,#4606,#4610,.T.);
#2178=PRESENTATION_STYLE_ASSIGNMENT((#4611));
#2179=EDGE_CURVE('',#4612,#4609,#4613,.T.);
#2180=PRESENTATION_STYLE_ASSIGNMENT((#4614));
#2181=EDGE_CURVE('',#4615,#4616,#4617,.T.);
#2182=PRESENTATION_STYLE_ASSIGNMENT((#4618));
#2183=EDGE_CURVE('',#4619,#4616,#4620,.T.);
#2184=PRESENTATION_STYLE_ASSIGNMENT((#4621));
#2185=EDGE_CURVE('',#4622,#4619,#4623,.T.);
#2186=PRESENTATION_STYLE_ASSIGNMENT((#4624));
#2187=EDGE_CURVE('',#4625,#4626,#4627,.T.);
#2188=PRESENTATION_STYLE_ASSIGNMENT((#4628));
#2189=EDGE_CURVE('',#4629,#4626,#4630,.T.);
#2190=PRESENTATION_STYLE_ASSIGNMENT((#4631));
#2191=EDGE_CURVE('',#4632,#4629,#4633,.T.);
#2192=PRESENTATION_STYLE_ASSIGNMENT((#4634));
#2193=EDGE_CURVE('',#4635,#4636,#4637,.T.);
#2194=PRESENTATION_STYLE_ASSIGNMENT((#4638));
#2195=EDGE_CURVE('',#4636,#4639,#4640,.T.);
#2196=PRESENTATION_STYLE_ASSIGNMENT((#4641));
#2197=EDGE_CURVE('',#4642,#4639,#4643,.T.);
#2198=PRESENTATION_STYLE_ASSIGNMENT((#4644));
#2199=EDGE_CURVE('',#4645,#4646,#4647,.T.);
#2200=PRESENTATION_STYLE_ASSIGNMENT((#4648));
#2201=EDGE_CURVE('',#4646,#4649,#4650,.T.);
#2202=PRESENTATION_STYLE_ASSIGNMENT((#4651));
#2203=EDGE_CURVE('',#4652,#4649,#4653,.T.);
#2204=PRESENTATION_STYLE_ASSIGNMENT((#4654));
#2205=EDGE_CURVE('',#4655,#4656,#4657,.T.);
#2206=PRESENTATION_STYLE_ASSIGNMENT((#4658));
#2207=EDGE_CURVE('',#4656,#4659,#4660,.T.);
#2208=PRESENTATION_STYLE_ASSIGNMENT((#4661));
#2209=EDGE_CURVE('',#4662,#4659,#4663,.T.);
#2210=PRESENTATION_STYLE_ASSIGNMENT((#4664));
#2211=EDGE_CURVE('',#4665,#4666,#4667,.T.);
#2212=PRESENTATION_STYLE_ASSIGNMENT((#4668));
#2213=EDGE_CURVE('',#4666,#4669,#4670,.T.);
#2214=PRESENTATION_STYLE_ASSIGNMENT((#4671));
#2215=EDGE_CURVE('',#4672,#4669,#4673,.T.);
#2216=PRESENTATION_STYLE_ASSIGNMENT((#4674));
#2217=EDGE_CURVE('',#4675,#4676,#4677,.T.);
#2218=PRESENTATION_STYLE_ASSIGNMENT((#4678));
#2219=EDGE_CURVE('',#4676,#4679,#4680,.T.);
#2220=PRESENTATION_STYLE_ASSIGNMENT((#4681));
#2221=EDGE_CURVE('',#4682,#4679,#4683,.T.);
#2222=PRESENTATION_STYLE_ASSIGNMENT((#4684));
#2223=EDGE_CURVE('',#4685,#4686,#4687,.T.);
#2224=PRESENTATION_STYLE_ASSIGNMENT((#4688));
#2225=EDGE_CURVE('',#4686,#4689,#4690,.T.);
#2226=PRESENTATION_STYLE_ASSIGNMENT((#4691));
#2227=EDGE_CURVE('',#4692,#4689,#4693,.T.);
#2228=PRESENTATION_STYLE_ASSIGNMENT((#4694));
#2229=EDGE_CURVE('',#4695,#4696,#4697,.T.);
#2230=PRESENTATION_STYLE_ASSIGNMENT((#4698));
#2231=EDGE_CURVE('',#4699,#4700,#4701,.T.);
#2232=PRESENTATION_STYLE_ASSIGNMENT((#4702));
#2233=EDGE_CURVE('',#4703,#4704,#4705,.T.);
#2234=PRESENTATION_STYLE_ASSIGNMENT((#4706));
#2235=EDGE_CURVE('',#4704,#4707,#4708,.T.);
#2236=PRESENTATION_STYLE_ASSIGNMENT((#4709));
#2237=EDGE_CURVE('',#4707,#4710,#4711,.T.);
#2238=PRESENTATION_STYLE_ASSIGNMENT((#4712));
#2239=EDGE_CURVE('',#4713,#4710,#4714,.T.);
#2240=PRESENTATION_STYLE_ASSIGNMENT((#4715));
#2241=EDGE_CURVE('',#4716,#4717,#4718,.T.);
#2242=PRESENTATION_STYLE_ASSIGNMENT((#4719));
#2243=EDGE_CURVE('',#4720,#4717,#4721,.T.);
#2244=PRESENTATION_STYLE_ASSIGNMENT((#4722));
#2245=EDGE_CURVE('',#4723,#4720,#4724,.T.);
#2246=PRESENTATION_STYLE_ASSIGNMENT((#4725));
#2247=EDGE_CURVE('',#4726,#4723,#4727,.T.);
#2248=PRESENTATION_STYLE_ASSIGNMENT((#4728));
#2249=EDGE_CURVE('',#4729,#4730,#4731,.T.);
#2250=PRESENTATION_STYLE_ASSIGNMENT((#4732));
#2251=EDGE_CURVE('',#4733,#4730,#4734,.T.);
#2252=PRESENTATION_STYLE_ASSIGNMENT((#4735));
#2253=EDGE_CURVE('',#4733,#4726,#4736,.T.);
#2254=PRESENTATION_STYLE_ASSIGNMENT((#4737));
#2255=EDGE_CURVE('',#4738,#4739,#4740,.T.);
#2256=PRESENTATION_STYLE_ASSIGNMENT((#4741));
#2257=EDGE_CURVE('',#4739,#4742,#4743,.T.);
#2258=PRESENTATION_STYLE_ASSIGNMENT((#4744));
#2259=EDGE_CURVE('',#4745,#4746,#4747,.T.);
#2260=PRESENTATION_STYLE_ASSIGNMENT((#4748));
#2261=EDGE_CURVE('',#4749,#4750,#4751,.T.);
#2262=PRESENTATION_STYLE_ASSIGNMENT((#4752));
#2263=EDGE_CURVE('',#4753,#4749,#4754,.T.);
#2264=PRESENTATION_STYLE_ASSIGNMENT((#4755));
#2265=EDGE_CURVE('',#4756,#4753,#4757,.T.);
#2266=PRESENTATION_STYLE_ASSIGNMENT((#4758));
#2267=EDGE_CURVE('',#4756,#4759,#4760,.T.);
#2268=PRESENTATION_STYLE_ASSIGNMENT((#4761));
#2269=EDGE_CURVE('',#4762,#4763,#4764,.T.);
#2270=PRESENTATION_STYLE_ASSIGNMENT((#4765));
#2271=EDGE_CURVE('',#4742,#4766,#4767,.T.);
#2272=PRESENTATION_STYLE_ASSIGNMENT((#4768));
#2273=EDGE_CURVE('',#4769,#4770,#4771,.T.);
#2274=PRESENTATION_STYLE_ASSIGNMENT((#4772));
#2275=EDGE_CURVE('',#4773,#4774,#4775,.T.);
#2276=PRESENTATION_STYLE_ASSIGNMENT((#4776));
#2277=EDGE_CURVE('',#4777,#4778,#4779,.T.);
#2278=PRESENTATION_STYLE_ASSIGNMENT((#4780));
#2279=EDGE_CURVE('',#4781,#4782,#4783,.T.);
#2280=PRESENTATION_STYLE_ASSIGNMENT((#4784));
#2281=EDGE_CURVE('',#4785,#4786,#4787,.T.);
#2282=PRESENTATION_STYLE_ASSIGNMENT((#4788));
#2283=EDGE_CURVE('',#4789,#4786,#4790,.T.);
#2284=PRESENTATION_STYLE_ASSIGNMENT((#4791));
#2285=EDGE_CURVE('',#4792,#4789,#4793,.T.);
#2286=PRESENTATION_STYLE_ASSIGNMENT((#4794));
#2287=EDGE_CURVE('',#4795,#4792,#4796,.T.);
#2288=PRESENTATION_STYLE_ASSIGNMENT((#4797));
#2289=EDGE_CURVE('',#4798,#4799,#4800,.T.);
#2290=PRESENTATION_STYLE_ASSIGNMENT((#4801));
#2291=EDGE_CURVE('',#4799,#4802,#4803,.T.);
#2292=PRESENTATION_STYLE_ASSIGNMENT((#4804));
#2293=EDGE_CURVE('',#4805,#4806,#4807,.T.);
#2294=PRESENTATION_STYLE_ASSIGNMENT((#4808));
#2295=EDGE_CURVE('',#4809,#4810,#4811,.T.);
#2296=PRESENTATION_STYLE_ASSIGNMENT((#4812));
#2297=EDGE_CURVE('',#4802,#4813,#4814,.T.);
#2298=PRESENTATION_STYLE_ASSIGNMENT((#4815));
#2299=EDGE_CURVE('',#4816,#4817,#4818,.T.);
#2300=PRESENTATION_STYLE_ASSIGNMENT((#4819));
#2301=EDGE_CURVE('',#4820,#4821,#4822,.T.);
#2302=PRESENTATION_STYLE_ASSIGNMENT((#4823));
#2303=EDGE_CURVE('',#4824,#4825,#4826,.T.);
#2304=PRESENTATION_STYLE_ASSIGNMENT((#4827));
#2305=EDGE_CURVE('',#4828,#4824,#4829,.T.);
#2306=PRESENTATION_STYLE_ASSIGNMENT((#4830));
#2307=EDGE_CURVE('',#4831,#4828,#4832,.T.);
#2308=PRESENTATION_STYLE_ASSIGNMENT((#4833));
#2309=EDGE_CURVE('',#4831,#4834,#4835,.T.);
#2310=PRESENTATION_STYLE_ASSIGNMENT((#4836));
#2311=EDGE_CURVE('',#4837,#4838,#4839,.T.);
#2312=PRESENTATION_STYLE_ASSIGNMENT((#4840));
#2313=EDGE_CURVE('',#4838,#4841,#4842,.T.);
#2314=PRESENTATION_STYLE_ASSIGNMENT((#4843));
#2315=EDGE_CURVE('',#4841,#4844,#4845,.T.);
#2316=PRESENTATION_STYLE_ASSIGNMENT((#4846));
#2317=EDGE_CURVE('',#4847,#4844,#4848,.T.);
#2318=PRESENTATION_STYLE_ASSIGNMENT((#4849));
#2319=EDGE_CURVE('',#4850,#4851,#4852,.T.);
#2320=PRESENTATION_STYLE_ASSIGNMENT((#4853));
#2321=EDGE_CURVE('',#4854,#4851,#4855,.T.);
#2322=PRESENTATION_STYLE_ASSIGNMENT((#4856));
#2323=EDGE_CURVE('',#4854,#4795,#4857,.T.);
#2324=PRESENTATION_STYLE_ASSIGNMENT((#4858));
#2325=EDGE_CURVE('',#4859,#4860,#4861,.T.);
#2326=PRESENTATION_STYLE_ASSIGNMENT((#4862));
#2327=EDGE_CURVE('',#4863,#4859,#4864,.T.);
#2328=PRESENTATION_STYLE_ASSIGNMENT((#4865));
#2329=EDGE_CURVE('',#4863,#4866,#4867,.T.);
#2330=PRESENTATION_STYLE_ASSIGNMENT((#4868));
#2331=EDGE_CURVE('',#4866,#4860,#4869,.T.);
#2332=PRESENTATION_STYLE_ASSIGNMENT((#4870));
#2333=EDGE_CURVE('',#4871,#4872,#4873,.T.);
#2334=PRESENTATION_STYLE_ASSIGNMENT((#4874));
#2335=EDGE_CURVE('',#4875,#4872,#4876,.T.);
#2336=PRESENTATION_STYLE_ASSIGNMENT((#4877));
#2337=EDGE_CURVE('',#4878,#4875,#4879,.T.);
#2338=PRESENTATION_STYLE_ASSIGNMENT((#4880));
#2339=EDGE_CURVE('',#4878,#4871,#4881,.T.);
#2340=PRESENTATION_STYLE_ASSIGNMENT((#4882));
#2341=EDGE_CURVE('',#4883,#4884,#4885,.T.);
#2342=PRESENTATION_STYLE_ASSIGNMENT((#4886));
#2343=EDGE_CURVE('',#4887,#4883,#4888,.T.);
#2344=PRESENTATION_STYLE_ASSIGNMENT((#4889));
#2345=EDGE_CURVE('',#4887,#4890,#4891,.T.);
#2346=PRESENTATION_STYLE_ASSIGNMENT((#4892));
#2347=EDGE_CURVE('',#4884,#4890,#4893,.T.);
#2348=PRESENTATION_STYLE_ASSIGNMENT((#4894));
#2349=EDGE_CURVE('',#4895,#4896,#4897,.T.);
#2350=PRESENTATION_STYLE_ASSIGNMENT((#4898));
#2351=EDGE_CURVE('',#4878,#4895,#4899,.T.);
#2352=PRESENTATION_STYLE_ASSIGNMENT((#4900));
#2353=EDGE_CURVE('',#4875,#4901,#4902,.T.);
#2354=PRESENTATION_STYLE_ASSIGNMENT((#4903));
#2355=EDGE_CURVE('',#4901,#4904,#4905,.T.);
#2356=PRESENTATION_STYLE_ASSIGNMENT((#4906));
#2357=EDGE_CURVE('',#4904,#4896,#4907,.T.);
#2358=PRESENTATION_STYLE_ASSIGNMENT((#4908));
#2359=EDGE_CURVE('',#4896,#4909,#4910,.T.);
#2360=PRESENTATION_STYLE_ASSIGNMENT((#4911));
#2361=EDGE_CURVE('',#4912,#4909,#4913,.T.);
#2362=PRESENTATION_STYLE_ASSIGNMENT((#4914));
#2363=EDGE_CURVE('',#4912,#4895,#4915,.T.);
#2364=PRESENTATION_STYLE_ASSIGNMENT((#4916));
#2365=EDGE_CURVE('',#4917,#4901,#4918,.T.);
#2366=PRESENTATION_STYLE_ASSIGNMENT((#4919));
#2367=EDGE_CURVE('',#4917,#4872,#4920,.T.);
#2368=PRESENTATION_STYLE_ASSIGNMENT((#4921));
#2369=EDGE_CURVE('',#4922,#4923,#4924,.T.);
#2370=PRESENTATION_STYLE_ASSIGNMENT((#4925));
#2371=EDGE_CURVE('',#4926,#4923,#4927,.T.);
#2372=PRESENTATION_STYLE_ASSIGNMENT((#4928));
#2373=EDGE_CURVE('',#4929,#4926,#4930,.T.);
#2374=PRESENTATION_STYLE_ASSIGNMENT((#4931));
#2375=EDGE_CURVE('',#4929,#4922,#4932,.T.);
#2376=PRESENTATION_STYLE_ASSIGNMENT((#4933));
#2377=EDGE_CURVE('',#4922,#4934,#4935,.T.);
#2378=PRESENTATION_STYLE_ASSIGNMENT((#4936));
#2379=EDGE_CURVE('',#4937,#4929,#4938,.T.);
#2380=PRESENTATION_STYLE_ASSIGNMENT((#4939));
#2381=EDGE_CURVE('',#4937,#4934,#4940,.T.);
#2382=PRESENTATION_STYLE_ASSIGNMENT((#4941));
#2383=EDGE_CURVE('',#4923,#4860,#4942,.T.);
#2384=PRESENTATION_STYLE_ASSIGNMENT((#4943));
#2385=EDGE_CURVE('',#4926,#4866,#4944,.T.);
#2386=PRESENTATION_STYLE_ASSIGNMENT((#4945));
#2387=EDGE_CURVE('',#4871,#4946,#4947,.T.);
#2388=PRESENTATION_STYLE_ASSIGNMENT((#4948));
#2389=EDGE_CURVE('',#4946,#4949,#4950,.T.);
#2390=PRESENTATION_STYLE_ASSIGNMENT((#4951));
#2391=EDGE_CURVE('',#4952,#4949,#4953,.T.);
#2392=PRESENTATION_STYLE_ASSIGNMENT((#4954));
#2393=EDGE_CURVE('',#4917,#4952,#4955,.T.);
#2394=PRESENTATION_STYLE_ASSIGNMENT((#4956));
#2395=EDGE_CURVE('',#4957,#4912,#4958,.T.);
#2396=PRESENTATION_STYLE_ASSIGNMENT((#4959));
#2397=EDGE_CURVE('',#4960,#4957,#4961,.T.);
#2398=PRESENTATION_STYLE_ASSIGNMENT((#4962));
#2399=EDGE_CURVE('',#4960,#4859,#4963,.T.);
#2400=PRESENTATION_STYLE_ASSIGNMENT((#4964));
#2401=EDGE_CURVE('',#4946,#4934,#4965,.T.);
#2402=PRESENTATION_STYLE_ASSIGNMENT((#4966));
#2403=EDGE_CURVE('',#4967,#4968,#4969,.T.);
#2404=PRESENTATION_STYLE_ASSIGNMENT((#4970));
#2405=EDGE_CURVE('',#4854,#4967,#4971,.T.);
#2406=PRESENTATION_STYLE_ASSIGNMENT((#4972));
#2407=EDGE_CURVE('',#4854,#4973,#4974,.T.);
#2408=PRESENTATION_STYLE_ASSIGNMENT((#4975));
#2409=EDGE_CURVE('',#4968,#4973,#4976,.T.);
#2410=PRESENTATION_STYLE_ASSIGNMENT((#4977));
#2411=EDGE_CURVE('',#4978,#4957,#4979,.T.);
#2412=PRESENTATION_STYLE_ASSIGNMENT((#4980));
#2413=EDGE_CURVE('',#4981,#4978,#4982,.T.);
#2414=PRESENTATION_STYLE_ASSIGNMENT((#4983));
#2415=EDGE_CURVE('',#4981,#4960,#4984,.T.);
#2416=PRESENTATION_STYLE_ASSIGNMENT((#4985));
#2417=EDGE_CURVE('',#4978,#4909,#4986,.T.);
#2418=PRESENTATION_STYLE_ASSIGNMENT((#4987));
#2419=EDGE_CURVE('',#4904,#4952,#4988,.T.);
#2420=PRESENTATION_STYLE_ASSIGNMENT((#4989));
#2421=EDGE_CURVE('',#4937,#4949,#4990,.T.);
#2422=PRESENTATION_STYLE_ASSIGNMENT((#4991));
#2423=EDGE_CURVE('',#4981,#4863,#4992,.T.);
#2424=PRESENTATION_STYLE_ASSIGNMENT((#4993));
#2425=EDGE_CURVE('',#4994,#4851,#4995,.T.);
#2426=PRESENTATION_STYLE_ASSIGNMENT((#4996));
#2427=EDGE_CURVE('',#4973,#4994,#4997,.T.);
#2428=PRESENTATION_STYLE_ASSIGNMENT((#4998));
#2429=EDGE_CURVE('',#4999,#5000,#5001,.T.);
#2430=PRESENTATION_STYLE_ASSIGNMENT((#5002));
#2431=EDGE_CURVE('',#5000,#5003,#5004,.T.);
#2432=PRESENTATION_STYLE_ASSIGNMENT((#5005));
#2433=EDGE_CURVE('',#5003,#5006,#5007,.T.);
#2434=PRESENTATION_STYLE_ASSIGNMENT((#5008));
#2435=EDGE_CURVE('',#5006,#5009,#5010,.T.);
#2436=PRESENTATION_STYLE_ASSIGNMENT((#5011));
#2437=EDGE_CURVE('',#5009,#5012,#5013,.T.);
#2438=PRESENTATION_STYLE_ASSIGNMENT((#5014));
#2439=EDGE_CURVE('',#5015,#5012,#5016,.T.);
#2440=PRESENTATION_STYLE_ASSIGNMENT((#5017));
#2441=EDGE_CURVE('',#5015,#5018,#5019,.T.);
#2442=PRESENTATION_STYLE_ASSIGNMENT((#5020));
#2443=EDGE_CURVE('',#5018,#4999,#5021,.T.);
#2444=PRESENTATION_STYLE_ASSIGNMENT((#5022));
#2445=EDGE_CURVE('',#4883,#5012,#5023,.T.);
#2446=PRESENTATION_STYLE_ASSIGNMENT((#5024));
#2447=EDGE_CURVE('',#5009,#4887,#5025,.T.);
#2448=PRESENTATION_STYLE_ASSIGNMENT((#5026));
#2449=EDGE_CURVE('',#4789,#5027,#5028,.T.);
#2450=PRESENTATION_STYLE_ASSIGNMENT((#5029));
#2451=EDGE_CURVE('',#5027,#4850,#5030,.T.);
#2452=PRESENTATION_STYLE_ASSIGNMENT((#5031));
#2453=EDGE_CURVE('',#4806,#4805,#5032,.T.);
#2454=PRESENTATION_STYLE_ASSIGNMENT((#5033));
#2455=EDGE_CURVE('',#4817,#4816,#5034,.T.);
#2456=PRESENTATION_STYLE_ASSIGNMENT((#5035));
#2457=EDGE_CURVE('',#5000,#5036,#5037,.T.);
#2458=PRESENTATION_STYLE_ASSIGNMENT((#5038));
#2459=EDGE_CURVE('',#5036,#5039,#5040,.T.);
#2460=PRESENTATION_STYLE_ASSIGNMENT((#5041));
#2461=EDGE_CURVE('',#5042,#5039,#5043,.T.);
#2462=PRESENTATION_STYLE_ASSIGNMENT((#5044));
#2463=EDGE_CURVE('',#5042,#5045,#5046,.T.);
#2464=PRESENTATION_STYLE_ASSIGNMENT((#5047));
#2465=EDGE_CURVE('',#5003,#5045,#5048,.T.);
#2466=PRESENTATION_STYLE_ASSIGNMENT((#5049));
#2467=EDGE_CURVE('',#5050,#4847,#5051,.T.);
#2468=PRESENTATION_STYLE_ASSIGNMENT((#5052));
#2469=EDGE_CURVE('',#5050,#4837,#5053,.T.);
#2470=PRESENTATION_STYLE_ASSIGNMENT((#5054));
#2471=EDGE_CURVE('',#4821,#4820,#5055,.T.);
#2472=PRESENTATION_STYLE_ASSIGNMENT((#5056));
#2473=EDGE_CURVE('',#4778,#4777,#5057,.T.);
#2474=PRESENTATION_STYLE_ASSIGNMENT((#5058));
#2475=EDGE_CURVE('',#4999,#5059,#5060,.T.);
#2476=PRESENTATION_STYLE_ASSIGNMENT((#5061));
#2477=EDGE_CURVE('',#5018,#5062,#5063,.T.);
#2478=PRESENTATION_STYLE_ASSIGNMENT((#5064));
#2479=EDGE_CURVE('',#5062,#5065,#5066,.T.);
#2480=PRESENTATION_STYLE_ASSIGNMENT((#5067));
#2481=EDGE_CURVE('',#5065,#5068,#5069,.T.);
#2482=PRESENTATION_STYLE_ASSIGNMENT((#5070));
#2483=EDGE_CURVE('',#5068,#5059,#5071,.T.);
#2484=PRESENTATION_STYLE_ASSIGNMENT((#5072));
#2485=EDGE_CURVE('',#5073,#5015,#5074,.T.);
#2486=PRESENTATION_STYLE_ASSIGNMENT((#5075));
#2487=EDGE_CURVE('',#5062,#5073,#5076,.T.);
#2488=PRESENTATION_STYLE_ASSIGNMENT((#5077));
#2489=EDGE_CURVE('',#5078,#5006,#5079,.T.);
#2490=PRESENTATION_STYLE_ASSIGNMENT((#5080));
#2491=EDGE_CURVE('',#5045,#5078,#5081,.T.);
#2492=PRESENTATION_STYLE_ASSIGNMENT((#5082));
#2493=EDGE_CURVE('',#4786,#5083,#5084,.T.);
#2494=PRESENTATION_STYLE_ASSIGNMENT((#5085));
#2495=EDGE_CURVE('',#5083,#5086,#5087,.T.);
#2496=PRESENTATION_STYLE_ASSIGNMENT((#5088));
#2497=EDGE_CURVE('',#5086,#4789,#5089,.T.);
#2498=PRESENTATION_STYLE_ASSIGNMENT((#5090));
#2499=EDGE_CURVE('',#4834,#5091,#5092,.T.);
#2500=PRESENTATION_STYLE_ASSIGNMENT((#5093));
#2501=EDGE_CURVE('',#4825,#5091,#5094,.T.);
#2502=PRESENTATION_STYLE_ASSIGNMENT((#5095));
#2503=EDGE_CURVE('',#5096,#5097,#5098,.T.);
#2504=PRESENTATION_STYLE_ASSIGNMENT((#5099));
#2505=EDGE_CURVE('',#5096,#5042,#5100,.T.);
#2506=PRESENTATION_STYLE_ASSIGNMENT((#5101));
#2507=EDGE_CURVE('',#4828,#5039,#5102,.T.);
#2508=PRESENTATION_STYLE_ASSIGNMENT((#5103));
#2509=EDGE_CURVE('',#4841,#4824,#5104,.T.);
#2510=PRESENTATION_STYLE_ASSIGNMENT((#5105));
#2511=EDGE_CURVE('',#5068,#4838,#5106,.T.);
#2512=PRESENTATION_STYLE_ASSIGNMENT((#5107));
#2513=EDGE_CURVE('',#5108,#5065,#5109,.T.);
#2514=PRESENTATION_STYLE_ASSIGNMENT((#5110));
#2515=EDGE_CURVE('',#5108,#5111,#5112,.T.);
#2516=PRESENTATION_STYLE_ASSIGNMENT((#5113));
#2517=EDGE_CURVE('',#5111,#5097,#5114,.T.);
#2518=PRESENTATION_STYLE_ASSIGNMENT((#5115));
#2519=EDGE_CURVE('',#5073,#5108,#5116,.T.);
#2520=PRESENTATION_STYLE_ASSIGNMENT((#5117));
#2521=EDGE_CURVE('',#4831,#5036,#5118,.T.);
#2522=PRESENTATION_STYLE_ASSIGNMENT((#5119));
#2523=EDGE_CURVE('',#5059,#5050,#5120,.T.);
#2524=PRESENTATION_STYLE_ASSIGNMENT((#5121));
#2525=EDGE_CURVE('',#4844,#5091,#5122,.T.);
#2526=PRESENTATION_STYLE_ASSIGNMENT((#5123));
#2527=EDGE_CURVE('',#5086,#5124,#5125,.T.);
#2528=PRESENTATION_STYLE_ASSIGNMENT((#5126));
#2529=EDGE_CURVE('',#5027,#5124,#5127,.T.);
#2530=PRESENTATION_STYLE_ASSIGNMENT((#5128));
#2531=EDGE_CURVE('',#5129,#5130,#5131,.T.);
#2532=PRESENTATION_STYLE_ASSIGNMENT((#5132));
#2533=EDGE_CURVE('',#4733,#5130,#5133,.T.);
#2534=PRESENTATION_STYLE_ASSIGNMENT((#5134));
#2535=EDGE_CURVE('',#5135,#4733,#5136,.T.);
#2536=PRESENTATION_STYLE_ASSIGNMENT((#5137));
#2537=EDGE_CURVE('',#5135,#5129,#5138,.T.);
#2538=PRESENTATION_STYLE_ASSIGNMENT((#5139));
#2539=EDGE_CURVE('',#5124,#4994,#5140,.T.);
#2540=PRESENTATION_STYLE_ASSIGNMENT((#5141));
#2541=EDGE_CURVE('',#4782,#4781,#5142,.T.);
#2542=PRESENTATION_STYLE_ASSIGNMENT((#5143));
#2543=EDGE_CURVE('',#4813,#4798,#5144,.T.);
#2544=PRESENTATION_STYLE_ASSIGNMENT((#5145));
#2545=EDGE_CURVE('',#4810,#4809,#5146,.T.);
#2546=PRESENTATION_STYLE_ASSIGNMENT((#5147));
#2547=EDGE_CURVE('',#5148,#5149,#5150,.T.);
#2548=PRESENTATION_STYLE_ASSIGNMENT((#5151));
#2549=EDGE_CURVE('',#5149,#5152,#5153,.T.);
#2550=PRESENTATION_STYLE_ASSIGNMENT((#5154));
#2551=EDGE_CURVE('',#5152,#5155,#5156,.T.);
#2552=PRESENTATION_STYLE_ASSIGNMENT((#5157));
#2553=EDGE_CURVE('',#5097,#5155,#5158,.T.);
#2554=PRESENTATION_STYLE_ASSIGNMENT((#5159));
#2555=EDGE_CURVE('',#5111,#5160,#5161,.T.);
#2556=PRESENTATION_STYLE_ASSIGNMENT((#5162));
#2557=EDGE_CURVE('',#5160,#5163,#5164,.T.);
#2558=PRESENTATION_STYLE_ASSIGNMENT((#5165));
#2559=EDGE_CURVE('',#5148,#5163,#5166,.T.);
#2560=PRESENTATION_STYLE_ASSIGNMENT((#5167));
#2561=EDGE_CURVE('',#5168,#5169,#5170,.T.);
#2562=PRESENTATION_STYLE_ASSIGNMENT((#5171));
#2563=EDGE_CURVE('',#5172,#5169,#5173,.T.);
#2564=PRESENTATION_STYLE_ASSIGNMENT((#5174));
#2565=EDGE_CURVE('',#5172,#5175,#5176,.T.);
#2566=PRESENTATION_STYLE_ASSIGNMENT((#5177));
#2567=EDGE_CURVE('',#5168,#5175,#5178,.T.);
#2568=PRESENTATION_STYLE_ASSIGNMENT((#5179));
#2569=EDGE_CURVE('',#5180,#5175,#5181,.T.);
#2570=PRESENTATION_STYLE_ASSIGNMENT((#5182));
#2571=EDGE_CURVE('',#5180,#5183,#5184,.T.);
#2572=PRESENTATION_STYLE_ASSIGNMENT((#5185));
#2573=EDGE_CURVE('',#5183,#5168,#5186,.T.);
#2574=PRESENTATION_STYLE_ASSIGNMENT((#5187));
#2575=EDGE_CURVE('',#4967,#4785,#5188,.T.);
#2576=PRESENTATION_STYLE_ASSIGNMENT((#5189));
#2577=EDGE_CURVE('',#5096,#5078,#5190,.T.);
#2578=PRESENTATION_STYLE_ASSIGNMENT((#5191));
#2579=EDGE_CURVE('',#5183,#5192,#5193,.T.);
#2580=PRESENTATION_STYLE_ASSIGNMENT((#5194));
#2581=EDGE_CURVE('',#5169,#5192,#5195,.T.);
#2582=PRESENTATION_STYLE_ASSIGNMENT((#5196));
#2583=EDGE_CURVE('',#5197,#4730,#5198,.T.);
#2584=PRESENTATION_STYLE_ASSIGNMENT((#5199));
#2585=EDGE_CURVE('',#5197,#5135,#5200,.T.);
#2586=PRESENTATION_STYLE_ASSIGNMENT((#5201));
#2587=EDGE_CURVE('',#5172,#5202,#5203,.T.);
#2588=PRESENTATION_STYLE_ASSIGNMENT((#5204));
#2589=EDGE_CURVE('',#5192,#5202,#5205,.T.);
#2590=PRESENTATION_STYLE_ASSIGNMENT((#5206));
#2591=EDGE_CURVE('',#5180,#5202,#5207,.T.);
#2592=PRESENTATION_STYLE_ASSIGNMENT((#5208));
#2593=EDGE_CURVE('',#4710,#5209,#5210,.T.);
#2594=PRESENTATION_STYLE_ASSIGNMENT((#5211));
#2595=EDGE_CURVE('',#4707,#4749,#5212,.T.);
#2596=PRESENTATION_STYLE_ASSIGNMENT((#5213));
#2597=EDGE_CURVE('',#4750,#5209,#5214,.T.);
#2598=PRESENTATION_STYLE_ASSIGNMENT((#5215));
#2599=EDGE_CURVE('',#5216,#5217,#5218,.T.);
#2600=PRESENTATION_STYLE_ASSIGNMENT((#5219));
#2601=EDGE_CURVE('',#5220,#5216,#5221,.T.);
#2602=PRESENTATION_STYLE_ASSIGNMENT((#5222));
#2603=EDGE_CURVE('',#5223,#5220,#5224,.T.);
#2604=PRESENTATION_STYLE_ASSIGNMENT((#5225));
#2605=EDGE_CURVE('',#5223,#5217,#5226,.T.);
#2606=PRESENTATION_STYLE_ASSIGNMENT((#5227));
#2607=EDGE_CURVE('',#5228,#4729,#5229,.T.);
#2608=PRESENTATION_STYLE_ASSIGNMENT((#5230));
#2609=EDGE_CURVE('',#5228,#5231,#5232,.T.);
#2610=PRESENTATION_STYLE_ASSIGNMENT((#5233));
#2611=EDGE_CURVE('',#5197,#5231,#5234,.T.);
#2612=PRESENTATION_STYLE_ASSIGNMENT((#5235));
#2613=EDGE_CURVE('',#4700,#4699,#5236,.T.);
#2614=PRESENTATION_STYLE_ASSIGNMENT((#5237));
#2615=EDGE_CURVE('',#4774,#4773,#5238,.T.);
#2616=PRESENTATION_STYLE_ASSIGNMENT((#5239));
#2617=EDGE_CURVE('',#4770,#4769,#5240,.T.);
#2618=PRESENTATION_STYLE_ASSIGNMENT((#5241));
#2619=EDGE_CURVE('',#4720,#5228,#5242,.T.);
#2620=PRESENTATION_STYLE_ASSIGNMENT((#5243));
#2621=EDGE_CURVE('',#4720,#5244,#5245,.T.);
#2622=PRESENTATION_STYLE_ASSIGNMENT((#5246));
#2623=EDGE_CURVE('',#5231,#5244,#5247,.T.);
#2624=PRESENTATION_STYLE_ASSIGNMENT((#5248));
#2625=EDGE_CURVE('',#4884,#5249,#5250,.T.);
#2626=PRESENTATION_STYLE_ASSIGNMENT((#5251));
#2627=EDGE_CURVE('',#4968,#4890,#5252,.T.);
#2628=PRESENTATION_STYLE_ASSIGNMENT((#5253));
#2629=EDGE_CURVE('',#5083,#5129,#5254,.T.);
#2630=PRESENTATION_STYLE_ASSIGNMENT((#5255));
#2631=EDGE_CURVE('',#5244,#5256,#5257,.T.);
#2632=PRESENTATION_STYLE_ASSIGNMENT((#5258));
#2633=EDGE_CURVE('',#5259,#5256,#5260,.T.);
#2634=PRESENTATION_STYLE_ASSIGNMENT((#5261));
#2635=EDGE_CURVE('',#5249,#5259,#5262,.T.);
#2636=PRESENTATION_STYLE_ASSIGNMENT((#5263));
#2637=EDGE_CURVE('',#5264,#5155,#5265,.T.);
#2638=PRESENTATION_STYLE_ASSIGNMENT((#5266));
#2639=EDGE_CURVE('',#5267,#5152,#5268,.T.);
#2640=PRESENTATION_STYLE_ASSIGNMENT((#5269));
#2641=EDGE_CURVE('',#5264,#5267,#5270,.T.);
#2642=PRESENTATION_STYLE_ASSIGNMENT((#5271));
#2643=EDGE_CURVE('',#5272,#5273,#5274,.T.);
#2644=PRESENTATION_STYLE_ASSIGNMENT((#5275));
#2645=EDGE_CURVE('',#5276,#5272,#5277,.T.);
#2646=PRESENTATION_STYLE_ASSIGNMENT((#5278));
#2647=EDGE_CURVE('',#5276,#4704,#5279,.T.);
#2648=PRESENTATION_STYLE_ASSIGNMENT((#5280));
#2649=EDGE_CURVE('',#5273,#4703,#5281,.T.);
#2650=PRESENTATION_STYLE_ASSIGNMENT((#5282));
#2651=EDGE_CURVE('',#4766,#4738,#5283,.T.);
#2652=PRESENTATION_STYLE_ASSIGNMENT((#5284));
#2653=EDGE_CURVE('',#4763,#4762,#5285,.T.);
#2654=PRESENTATION_STYLE_ASSIGNMENT((#5286));
#2655=EDGE_CURVE('',#4759,#5209,#5287,.T.);
#2656=PRESENTATION_STYLE_ASSIGNMENT((#5288));
#2657=EDGE_CURVE('',#4696,#4695,#5289,.T.);
#2658=PRESENTATION_STYLE_ASSIGNMENT((#5290));
#2659=EDGE_CURVE('',#5217,#5276,#5291,.T.);
#2660=PRESENTATION_STYLE_ASSIGNMENT((#5292));
#2661=EDGE_CURVE('',#5293,#5223,#5294,.T.);
#2662=PRESENTATION_STYLE_ASSIGNMENT((#5295));
#2663=EDGE_CURVE('',#5296,#5293,#5297,.T.);
#2664=PRESENTATION_STYLE_ASSIGNMENT((#5298));
#2665=EDGE_CURVE('',#5296,#5299,#5300,.T.);
#2666=PRESENTATION_STYLE_ASSIGNMENT((#5301));
#2667=EDGE_CURVE('',#5299,#5302,#5303,.T.);
#2668=PRESENTATION_STYLE_ASSIGNMENT((#5304));
#2669=EDGE_CURVE('',#5302,#5305,#5306,.T.);
#2670=PRESENTATION_STYLE_ASSIGNMENT((#5307));
#2671=EDGE_CURVE('',#4753,#5305,#5308,.T.);
#2672=PRESENTATION_STYLE_ASSIGNMENT((#5309));
#2673=EDGE_CURVE('',#4746,#4745,#5310,.T.);
#2674=PRESENTATION_STYLE_ASSIGNMENT((#5311));
#2675=EDGE_CURVE('',#5249,#5293,#5312,.T.);
#2676=PRESENTATION_STYLE_ASSIGNMENT((#5313));
#2677=EDGE_CURVE('',#5220,#5160,#5314,.T.);
#2678=PRESENTATION_STYLE_ASSIGNMENT((#5315));
#2679=EDGE_CURVE('',#5163,#5216,#5316,.T.);
#2680=PRESENTATION_STYLE_ASSIGNMENT((#5317));
#2681=EDGE_CURVE('',#5305,#5318,#5319,.T.);
#2682=PRESENTATION_STYLE_ASSIGNMENT((#5320));
#2683=EDGE_CURVE('',#4756,#5318,#5321,.T.);
#2684=PRESENTATION_STYLE_ASSIGNMENT((#5322));
#2685=EDGE_CURVE('',#5259,#5296,#5323,.T.);
#2686=PRESENTATION_STYLE_ASSIGNMENT((#5324));
#2687=EDGE_CURVE('',#5256,#4717,#5325,.T.);
#2688=PRESENTATION_STYLE_ASSIGNMENT((#5326));
#2689=EDGE_CURVE('',#5130,#4716,#5327,.T.);
#2690=PRESENTATION_STYLE_ASSIGNMENT((#5328));
#2691=EDGE_CURVE('',#5264,#5299,#5329,.T.);
#2692=PRESENTATION_STYLE_ASSIGNMENT((#5330));
#2693=EDGE_CURVE('',#5302,#5267,#5331,.T.);
#2694=PRESENTATION_STYLE_ASSIGNMENT((#5332));
#2695=EDGE_CURVE('',#5333,#4609,#5334,.T.);
#2696=PRESENTATION_STYLE_ASSIGNMENT((#5335));
#2697=EDGE_CURVE('',#5333,#4622,#5336,.T.);
#2698=PRESENTATION_STYLE_ASSIGNMENT((#5337));
#2699=EDGE_CURVE('',#5338,#4619,#5339,.T.);
#2700=PRESENTATION_STYLE_ASSIGNMENT((#5340));
#2701=EDGE_CURVE('',#5338,#4632,#5341,.T.);
#2702=PRESENTATION_STYLE_ASSIGNMENT((#5342));
#2703=EDGE_CURVE('',#5343,#4629,#5344,.T.);
#2704=PRESENTATION_STYLE_ASSIGNMENT((#5345));
#2705=EDGE_CURVE('',#5343,#4602,#5346,.T.);
#2706=PRESENTATION_STYLE_ASSIGNMENT((#5347));
#2707=EDGE_CURVE('',#5348,#4599,#5349,.T.);
#2708=PRESENTATION_STYLE_ASSIGNMENT((#5350));
#2709=EDGE_CURVE('',#5348,#4612,#5351,.T.);
#2710=PRESENTATION_STYLE_ASSIGNMENT((#5352));
#2711=EDGE_CURVE('',#5273,#4713,#5353,.T.);
#2712=PRESENTATION_STYLE_ASSIGNMENT((#5354));
#2713=EDGE_CURVE('',#5148,#5272,#5355,.T.);
#2714=PRESENTATION_STYLE_ASSIGNMENT((#5356));
#2715=EDGE_CURVE('',#5149,#5318,#5357,.T.);
#2716=PRESENTATION_STYLE_ASSIGNMENT((#5358));
#2717=EDGE_CURVE('',#4576,#5359,#5360,.T.);
#2718=PRESENTATION_STYLE_ASSIGNMENT((#5361));
#2719=EDGE_CURVE('',#5362,#4575,#5363,.T.);
#2720=PRESENTATION_STYLE_ASSIGNMENT((#5364));
#2721=EDGE_CURVE('',#5365,#5362,#5366,.T.);
#2722=PRESENTATION_STYLE_ASSIGNMENT((#5367));
#2723=EDGE_CURVE('',#5365,#4592,#5368,.T.);
#2724=PRESENTATION_STYLE_ASSIGNMENT((#5369));
#2725=EDGE_CURVE('',#5370,#4589,#5371,.T.);
#2726=PRESENTATION_STYLE_ASSIGNMENT((#5372));
#2727=EDGE_CURVE('',#5370,#5373,#5374,.T.);
#2728=PRESENTATION_STYLE_ASSIGNMENT((#5375));
#2729=EDGE_CURVE('',#5376,#5373,#5377,.T.);
#2730=PRESENTATION_STYLE_ASSIGNMENT((#5378));
#2731=EDGE_CURVE('',#5376,#4562,#5379,.T.);
#2732=PRESENTATION_STYLE_ASSIGNMENT((#5380));
#2733=EDGE_CURVE('',#4566,#4559,#5381,.T.);
#2734=PRESENTATION_STYLE_ASSIGNMENT((#5382));
#2735=EDGE_CURVE('',#5359,#4565,#5383,.T.);
#2736=PRESENTATION_STYLE_ASSIGNMENT((#5384));
#2737=EDGE_CURVE('',#4686,#5385,#5386,.T.);
#2738=PRESENTATION_STYLE_ASSIGNMENT((#5387));
#2739=EDGE_CURVE('',#5388,#4685,#5389,.T.);
#2740=PRESENTATION_STYLE_ASSIGNMENT((#5390));
#2741=EDGE_CURVE('',#5391,#5388,#5392,.T.);
#2742=PRESENTATION_STYLE_ASSIGNMENT((#5393));
#2743=EDGE_CURVE('',#5391,#4682,#5394,.T.);
#2744=PRESENTATION_STYLE_ASSIGNMENT((#5395));
#2745=EDGE_CURVE('',#5396,#4679,#5397,.T.);
#2746=PRESENTATION_STYLE_ASSIGNMENT((#5398));
#2747=EDGE_CURVE('',#5396,#4672,#5399,.T.);
#2748=PRESENTATION_STYLE_ASSIGNMENT((#5400));
#2749=EDGE_CURVE('',#5401,#4669,#5402,.T.);
#2750=PRESENTATION_STYLE_ASSIGNMENT((#5403));
#2751=EDGE_CURVE('',#5401,#4662,#5404,.T.);
#2752=PRESENTATION_STYLE_ASSIGNMENT((#5405));
#2753=EDGE_CURVE('',#5406,#4659,#5407,.T.);
#2754=PRESENTATION_STYLE_ASSIGNMENT((#5408));
#2755=EDGE_CURVE('',#5406,#4652,#5409,.T.);
#2756=PRESENTATION_STYLE_ASSIGNMENT((#5410));
#2757=EDGE_CURVE('',#4636,#4649,#5411,.T.);
#2758=PRESENTATION_STYLE_ASSIGNMENT((#5412));
#2759=EDGE_CURVE('',#5385,#4635,#5413,.T.);
#2760=PRESENTATION_STYLE_ASSIGNMENT((#5414));
#2761=EDGE_CURVE('',#5415,#5416,#5417,.T.);
#2762=PRESENTATION_STYLE_ASSIGNMENT((#5418));
#2763=EDGE_CURVE('',#5416,#5415,#5419,.T.);
#2764=PRESENTATION_STYLE_ASSIGNMENT((#5420));
#2765=EDGE_CURVE('',#5421,#4626,#5422,.T.);
#2766=PRESENTATION_STYLE_ASSIGNMENT((#5423));
#2767=EDGE_CURVE('',#5424,#4625,#5425,.T.);
#2768=PRESENTATION_STYLE_ASSIGNMENT((#5426));
#2769=EDGE_CURVE('',#4616,#5424,#5427,.T.);
#2770=PRESENTATION_STYLE_ASSIGNMENT((#5428));
#2771=EDGE_CURVE('',#5429,#4615,#5430,.T.);
#2772=PRESENTATION_STYLE_ASSIGNMENT((#5431));
#2773=EDGE_CURVE('',#4606,#5429,#5432,.T.);
#2774=PRESENTATION_STYLE_ASSIGNMENT((#5433));
#2775=EDGE_CURVE('',#5434,#4605,#5435,.T.);
#2776=PRESENTATION_STYLE_ASSIGNMENT((#5436));
#2777=EDGE_CURVE('',#4596,#5434,#5437,.T.);
#2778=PRESENTATION_STYLE_ASSIGNMENT((#5438));
#2779=EDGE_CURVE('',#5421,#4595,#5439,.T.);
#2780=PRESENTATION_STYLE_ASSIGNMENT((#5440));
#2781=EDGE_CURVE('',#4639,#4646,#5441,.T.);
#2782=PRESENTATION_STYLE_ASSIGNMENT((#5442));
#2783=EDGE_CURVE('',#5443,#4645,#5444,.T.);
#2784=PRESENTATION_STYLE_ASSIGNMENT((#5445));
#2785=EDGE_CURVE('',#5443,#4656,#5446,.T.);
#2786=PRESENTATION_STYLE_ASSIGNMENT((#5447));
#2787=EDGE_CURVE('',#5448,#4655,#5449,.T.);
#2788=PRESENTATION_STYLE_ASSIGNMENT((#5450));
#2789=EDGE_CURVE('',#4666,#5448,#5451,.T.);
#2790=PRESENTATION_STYLE_ASSIGNMENT((#5452));
#2791=EDGE_CURVE('',#5453,#4665,#5454,.T.);
#2792=PRESENTATION_STYLE_ASSIGNMENT((#5455));
#2793=EDGE_CURVE('',#5453,#4676,#5456,.T.);
#2794=PRESENTATION_STYLE_ASSIGNMENT((#5457));
#2795=EDGE_CURVE('',#5458,#4675,#5459,.T.);
#2796=PRESENTATION_STYLE_ASSIGNMENT((#5460));
#2797=EDGE_CURVE('',#5458,#5461,#5462,.T.);
#2798=PRESENTATION_STYLE_ASSIGNMENT((#5463));
#2799=EDGE_CURVE('',#5461,#4692,#5464,.T.);
#2800=PRESENTATION_STYLE_ASSIGNMENT((#5465));
#2801=EDGE_CURVE('',#4689,#5466,#5467,.T.);
#2802=PRESENTATION_STYLE_ASSIGNMENT((#5468));
#2803=EDGE_CURVE('',#5466,#4642,#5469,.T.);
#2804=PRESENTATION_STYLE_ASSIGNMENT((#5470));
#2805=EDGE_CURVE('',#5471,#5472,#5473,.T.);
#2806=PRESENTATION_STYLE_ASSIGNMENT((#5474));
#2807=EDGE_CURVE('',#5472,#5471,#5475,.T.);
#2808=PRESENTATION_STYLE_ASSIGNMENT((#5476));
#2809=EDGE_CURVE('',#4569,#4556,#5477,.T.);
#2810=PRESENTATION_STYLE_ASSIGNMENT((#5478));
#2811=EDGE_CURVE('',#5479,#4555,#5480,.T.);
#2812=PRESENTATION_STYLE_ASSIGNMENT((#5481));
#2813=EDGE_CURVE('',#5482,#5479,#5483,.T.);
#2814=PRESENTATION_STYLE_ASSIGNMENT((#5484));
#2815=EDGE_CURVE('',#5485,#5482,#5486,.T.);
#2816=PRESENTATION_STYLE_ASSIGNMENT((#5487));
#2817=EDGE_CURVE('',#5485,#4586,#5488,.T.);
#2818=PRESENTATION_STYLE_ASSIGNMENT((#5489));
#2819=EDGE_CURVE('',#5490,#4585,#5491,.T.);
#2820=PRESENTATION_STYLE_ASSIGNMENT((#5492));
#2821=EDGE_CURVE('',#5490,#5493,#5494,.T.);
#2822=PRESENTATION_STYLE_ASSIGNMENT((#5495));
#2823=EDGE_CURVE('',#5493,#4582,#5496,.T.);
#2824=PRESENTATION_STYLE_ASSIGNMENT((#5497));
#2825=EDGE_CURVE('',#4579,#5498,#5499,.T.);
#2826=PRESENTATION_STYLE_ASSIGNMENT((#5500));
#2827=EDGE_CURVE('',#5498,#4572,#5501,.T.);
#2828=PRESENTATION_STYLE_ASSIGNMENT((#5502));
#2829=EDGE_CURVE('',#5333,#5429,#5503,.T.);
#2830=PRESENTATION_STYLE_ASSIGNMENT((#5504));
#2831=EDGE_CURVE('',#5479,#5376,#5505,.T.);
#2832=PRESENTATION_STYLE_ASSIGNMENT((#5506));
#2833=EDGE_CURVE('',#5373,#5482,#5507,.T.);
#2834=PRESENTATION_STYLE_ASSIGNMENT((#5508));
#2835=EDGE_CURVE('',#5370,#5485,#5509,.T.);
#2836=PRESENTATION_STYLE_ASSIGNMENT((#5510));
#2837=EDGE_CURVE('',#5348,#5434,#5511,.T.);
#2838=PRESENTATION_STYLE_ASSIGNMENT((#5512));
#2839=EDGE_CURVE('',#5490,#5365,#5513,.T.);
#2840=PRESENTATION_STYLE_ASSIGNMENT((#5514));
#2841=EDGE_CURVE('',#5362,#5493,#5515,.T.);
#2842=PRESENTATION_STYLE_ASSIGNMENT((#5516));
#2843=EDGE_CURVE('',#5338,#5424,#5517,.T.);
#2844=PRESENTATION_STYLE_ASSIGNMENT((#5518));
#2845=EDGE_CURVE('',#5359,#5498,#5519,.T.);
#2846=PRESENTATION_STYLE_ASSIGNMENT((#5520));
#2847=EDGE_CURVE('',#5453,#5396,#5521,.T.);
#2848=PRESENTATION_STYLE_ASSIGNMENT((#5522));
#2849=EDGE_CURVE('',#5416,#5472,#5523,.T.);
#2850=PRESENTATION_STYLE_ASSIGNMENT((#5524));
#2851=EDGE_CURVE('',#5415,#5471,#5525,.T.);
#2852=PRESENTATION_STYLE_ASSIGNMENT((#5526));
#2853=EDGE_CURVE('',#5443,#5406,#5527,.T.);
#2854=PRESENTATION_STYLE_ASSIGNMENT((#5528));
#2855=EDGE_CURVE('',#5448,#5401,#5529,.T.);
#2856=PRESENTATION_STYLE_ASSIGNMENT((#5530));
#2857=EDGE_CURVE('',#5343,#5421,#5531,.T.);
#2858=PRESENTATION_STYLE_ASSIGNMENT((#5532));
#2859=EDGE_CURVE('',#5385,#5466,#5533,.T.);
#2860=PRESENTATION_STYLE_ASSIGNMENT((#5534));
#2861=EDGE_CURVE('',#5458,#5391,#5535,.T.);
#2862=PRESENTATION_STYLE_ASSIGNMENT((#5536));
#2863=EDGE_CURVE('',#5388,#5461,#5537,.T.);
#2864=PRESENTATION_STYLE_ASSIGNMENT((#5538));
#2865=MANIFOLD_SOLID_BREP('5',#5539);
#2866=PRODUCT('1','','PART--DESC',(#5540));
#2867=PRODUCT_DEFINITION('','NONE',#5541,#2);
#2868=AXIS2_PLACEMENT_3D('',#5542,#5543,#5544);
#2869=AXIS2_PLACEMENT_3D('',#5545,#5546,#5547);
#2870=AXIS2_PLACEMENT_3D('',#5548,#5549,#5550);
#2871=AXIS2_PLACEMENT_3D('',#5551,#5552,#5553);
#2872=AXIS2_PLACEMENT_3D('',#5554,#5555,#5556);
#2875=LENGTH_MEASURE_WITH_UNIT(LENGTH_MEASURE(1.0),#5557);
#2878=DIMENSIONAL_EXPONENTS(1.0,0.0,0.0,0.0,0.0,0.0,0.0);
#2880=DIMENSIONAL_EXPONENTS(0.0,0.0,0.0,0.0,0.0,0.0,0.0);
#2886=SURFACE_STYLE_USAGE(.BOTH.,#5558);
#2887=FACE_OUTER_BOUND('',#5559,.T.);
#2888=CYLINDRICAL_SURFACE('',#5560,0.5);
#2889=SURFACE_STYLE_USAGE(.BOTH.,#5561);
#2890=FACE_OUTER_BOUND('',#5562,.T.);
#2891=TOROIDAL_SURFACE('',#5563,0.0999999999999924,0.400000000000006);
#2892=SURFACE_STYLE_USAGE(.BOTH.,#5564);
#2893=FACE_OUTER_BOUND('',#5565,.T.);
#2894=CYLINDRICAL_SURFACE('',#5566,0.5);
#2895=SURFACE_STYLE_USAGE(.BOTH.,#5567);
#2896=FACE_OUTER_BOUND('',#5568,.T.);
#2897=PLANE('',#5569);
#2898=SURFACE_STYLE_USAGE(.BOTH.,#5570);
#2899=FACE_OUTER_BOUND('',#5571,.T.);
#2900=SURFACE_OF_REVOLUTION('',#5572,#5573);
#2901=SURFACE_STYLE_USAGE(.BOTH.,#5574);
#2902=FACE_OUTER_BOUND('',#5575,.T.);
#2903=CYLINDRICAL_SURFACE('',#5576,0.5);
#2904=SURFACE_STYLE_USAGE(.BOTH.,#5577);
#2905=FACE_OUTER_BOUND('',#5578,.T.);
#2906=PLANE('',#5579);
#2907=SURFACE_STYLE_USAGE(.BOTH.,#5580);
#2908=FACE_OUTER_BOUND('',#5581,.T.);
#2909=TOROIDAL_SURFACE('',#5582,0.0999999999999924,0.400000000000006);
#2910=SURFACE_STYLE_USAGE(.BOTH.,#5583);
#2911=FACE_OUTER_BOUND('',#5584,.T.);
#2912=CYLINDRICAL_SURFACE('',#5585,0.5);
#2913=SURFACE_STYLE_USAGE(.BOTH.,#5586);
#2914=FACE_OUTER_BOUND('',#5587,.T.);
#2915=SURFACE_OF_REVOLUTION('',#5588,#5589);
#2916=SURFACE_STYLE_USAGE(.BOTH.,#5590);
#2917=FACE_OUTER_BOUND('',#5591,.T.);
#2918=TOROIDAL_SURFACE('',#5592,0.1,0.399999999999998);
#2919=CURVE_STYLE('',#5593,POSITIVE_LENGTH_MEASURE(1.0E-06),#5594);
#2920=VERTEX_POINT('',#5595);
#2921=VERTEX_POINT('',#5596);
#2922=CIRCLE('',#5597,0.5);
#2923=CURVE_STYLE('',#5598,POSITIVE_LENGTH_MEASURE(1.0E-06),#5599);
#2924=VERTEX_POINT('',#5600);
#2925=LINE('',#5601,#5602);
#2926=CURVE_STYLE('',#5603,POSITIVE_LENGTH_MEASURE(1.0E-06),#5604);
#2927=VERTEX_POINT('',#5605);
#2928=CIRCLE('',#5606,0.500000000000001);
#2929=CURVE_STYLE('',#5607,POSITIVE_LENGTH_MEASURE(1.0E-06),#5608);
#2930=VERTEX_POINT('',#5609);
#2931=CIRCLE('',#5610,0.5);
#2932=CURVE_STYLE('',#5611,POSITIVE_LENGTH_MEASURE(1.0E-06),#5612);
#2933=VERTEX_POINT('',#5613);
#2934=CIRCLE('',#5614,0.4);
#2935=CURVE_STYLE('',#5615,POSITIVE_LENGTH_MEASURE(1.0E-06),#5616);
#2936=VERTEX_POINT('',#5617);
#2937=CIRCLE('',#5618,0.1);
#2938=CURVE_STYLE('',#5619,POSITIVE_LENGTH_MEASURE(1.0E-06),#5620);
#2939=VERTEX_POINT('',#5621);
#2940=CIRCLE('',#5622,0.500000000000001);
#2941=CURVE_STYLE('',#5623,POSITIVE_LENGTH_MEASURE(1.0E-06),#5624);
#2942=VERTEX_POINT('',#5625);
#2943=CIRCLE('',#5626,0.5);
#2944=CURVE_STYLE('',#5627,POSITIVE_LENGTH_MEASURE(1.0E-06),#5628);
#2945=VERTEX_POINT('',#5629);
#2946=VERTEX_POINT('',#5630);
#2947=CIRCLE('',#5631,0.1);
#2948=CURVE_STYLE('',#5632,POSITIVE_LENGTH_MEASURE(1.0E-06),#5633);
#2949=CIRCLE('',#5634,0.1);
#2950=CURVE_STYLE('',#5635,POSITIVE_LENGTH_MEASURE(1.0E-06),#5636);
#2951=VERTEX_POINT('',#5637);
#2952=B_SPLINE_CURVE_WITH_KNOTS('',3,(#5638,#5639,#5640,#5641,#5642,#5643),.UNSPECIFIED.,.F.,.F.,(4,1,1,4),(0.0,0.453929448723313,0.803647956523316,1.0),.UNSPECIFIED.);
#2953=CURVE_STYLE('',#5644,POSITIVE_LENGTH_MEASURE(1.0E-06),#5645);
#2954=CIRCLE('',#5646,0.500000000000001);
#2955=CURVE_STYLE('',#5647,POSITIVE_LENGTH_MEASURE(1.0E-06),#5648);
#2956=B_SPLINE_CURVE_WITH_KNOTS('',3,(#5649,#5650,#5651,#5652,#5653,#5654),.UNSPECIFIED.,.F.,.F.,(4,1,1,4),(0.0,0.453929448723313,0.803647956523316,1.0),.UNSPECIFIED.);
#2957=CURVE_STYLE('',#5655,POSITIVE_LENGTH_MEASURE(1.0E-06),#5656);
#2958=VERTEX_POINT('',#5657);
#2959=CIRCLE('',#5658,0.5);
#2960=CURVE_STYLE('',#5659,POSITIVE_LENGTH_MEASURE(1.0E-06),#5660);
#2961=LINE('',#5661,#5662);
#2962=CURVE_STYLE('',#5663,POSITIVE_LENGTH_MEASURE(1.0E-06),#5664);
#2963=CIRCLE('',#5665,0.500000000000001);
#2964=CURVE_STYLE('',#5666,POSITIVE_LENGTH_MEASURE(1.0E-06),#5667);
#2965=VERTEX_POINT('',#5668);
#2966=CIRCLE('',#5669,0.1);
#2967=CURVE_STYLE('',#5670,POSITIVE_LENGTH_MEASURE(1.0E-06),#5671);
#2968=CIRCLE('',#5672,0.1);
#2969=CURVE_STYLE('',#5673,POSITIVE_LENGTH_MEASURE(1.0E-06),#5674);
#2970=CIRCLE('',#5675,0.4);
#2971=CURVE_STYLE('',#5676,POSITIVE_LENGTH_MEASURE(1.0E-06),#5677);
#2972=CIRCLE('',#5678,0.5);
#2973=SURFACE_STYLE_USAGE(.BOTH.,#5679);
#2974=CLOSED_SHELL('',(#977,#979,#981,#983,#985,#987,#989,#991,#993,#995,#997));
#2975=SURFACE_STYLE_USAGE(.BOTH.,#5680);
#2976=FACE_OUTER_BOUND('',#5681,.T.);
#2977=CYLINDRICAL_SURFACE('',#5682,0.5);
#2978=SURFACE_STYLE_USAGE(.BOTH.,#5683);
#2979=FACE_OUTER_BOUND('',#5684,.T.);
#2980=CONICAL_SURFACE('',#5685,1.30700790002202,0.785398163397449);
#2981=SURFACE_STYLE_USAGE(.BOTH.,#5686);
#2982=FACE_OUTER_BOUND('',#5687,.T.);
#2983=CYLINDRICAL_SURFACE('',#5688,0.400000000000001);
#2984=SURFACE_STYLE_USAGE(.BOTH.,#5689);
#2985=FACE_OUTER_BOUND('',#5690,.T.);
#2986=CYLINDRICAL_SURFACE('',#5691,0.399999999999998);
#2987=SURFACE_STYLE_USAGE(.BOTH.,#5692);
#2988=FACE_OUTER_BOUND('',#5693,.T.);
#2989=CONICAL_SURFACE('',#5694,1.30744382831362,0.785398163397449);
#2990=SURFACE_STYLE_USAGE(.BOTH.,#5695);
#2991=FACE_OUTER_BOUND('',#5696,.T.);
#2992=TOROIDAL_SURFACE('',#5697,1.2,0.149999999999999);
#2993=SURFACE_STYLE_USAGE(.BOTH.,#5698);
#2994=FACE_OUTER_BOUND('',#5699,.T.);
#2995=SPHERICAL_SURFACE('',#5700,0.599999999999999);
#2996=SURFACE_STYLE_USAGE(.BOTH.,#5701);
#2997=FACE_OUTER_BOUND('',#5702,.T.);
#2998=CYLINDRICAL_SURFACE('',#5703,0.5);
#2999=SURFACE_STYLE_USAGE(.BOTH.,#5704);
#3000=FACE_OUTER_BOUND('',#5705,.T.);
#3001=PLANE('',#5706);
#3002=SURFACE_STYLE_USAGE(.BOTH.,#5707);
#3003=FACE_OUTER_BOUND('',#5708,.T.);
#3004=PLANE('',#5709);
#3005=SURFACE_STYLE_USAGE(.BOTH.,#5710);
#3006=FACE_OUTER_BOUND('',#5711,.T.);
#3007=PLANE('',#5712);
#3008=SURFACE_STYLE_USAGE(.BOTH.,#5713);
#3009=FACE_OUTER_BOUND('',#5714,.T.);
#3010=PLANE('',#5715);
#3011=SURFACE_STYLE_USAGE(.BOTH.,#5716);
#3012=FACE_OUTER_BOUND('',#5717,.T.);
#3013=PLANE('',#5718);
#3014=SURFACE_STYLE_USAGE(.BOTH.,#5719);
#3015=FACE_OUTER_BOUND('',#5720,.T.);
#3016=PLANE('',#5721);
#3017=SURFACE_STYLE_USAGE(.BOTH.,#5722);
#3018=FACE_OUTER_BOUND('',#5723,.T.);
#3019=CYLINDRICAL_SURFACE('',#5724,0.5);
#3020=SURFACE_STYLE_USAGE(.BOTH.,#5725);
#3021=FACE_OUTER_BOUND('',#5726,.T.);
#3022=PLANE('',#5727);
#3023=SURFACE_STYLE_USAGE(.BOTH.,#5728);
#3024=FACE_OUTER_BOUND('',#5729,.T.);
#3025=PLANE('',#5730);
#3026=SURFACE_STYLE_USAGE(.BOTH.,#5731);
#3027=FACE_OUTER_BOUND('',#5732,.T.);
#3028=SPHERICAL_SURFACE('',#5733,0.599999999999999);
#3029=SURFACE_STYLE_USAGE(.BOTH.,#5734);
#3030=FACE_OUTER_BOUND('',#5735,.T.);
#3031=TOROIDAL_SURFACE('',#5736,1.2,0.149999999999999);
#3032=SURFACE_STYLE_USAGE(.BOTH.,#5737);
#3033=FACE_OUTER_BOUND('',#5738,.T.);
#3034=CYLINDRICAL_SURFACE('',#5739,1.05);
#3035=SURFACE_STYLE_USAGE(.BOTH.,#5740);
#3036=FACE_OUTER_BOUND('',#5741,.T.);
#3037=PLANE('',#5742);
#3038=SURFACE_STYLE_USAGE(.BOTH.,#5743);
#3039=FACE_OUTER_BOUND('',#5744,.T.);
#3040=PLANE('',#5745);
#3041=SURFACE_STYLE_USAGE(.BOTH.,#5746);
#3042=FACE_OUTER_BOUND('',#5747,.T.);
#3043=CONICAL_SURFACE('',#5748,1.30744382831362,0.785398163397449);
#3044=SURFACE_STYLE_USAGE(.BOTH.,#5749);
#3045=FACE_OUTER_BOUND('',#5750,.T.);
#3046=PLANE('',#5751);
#3047=SURFACE_STYLE_USAGE(.BOTH.,#5752);
#3048=FACE_OUTER_BOUND('',#5753,.T.);
#3049=PLANE('',#5754);
#3050=SURFACE_STYLE_USAGE(.BOTH.,#5755);
#3051=FACE_OUTER_BOUND('',#5756,.T.);
#3052=SPHERICAL_SURFACE('',#5757,0.149999999999999);
#3053=SURFACE_STYLE_USAGE(.BOTH.,#5758);
#3054=FACE_OUTER_BOUND('',#5759,.T.);
#3055=PLANE('',#5760);
#3056=SURFACE_STYLE_USAGE(.BOTH.,#5761);
#3057=FACE_OUTER_BOUND('',#5762,.T.);
#3058=CYLINDRICAL_SURFACE('',#5763,0.149999999999999);
#3059=SURFACE_STYLE_USAGE(.BOTH.,#5764);
#3060=FACE_OUTER_BOUND('',#5765,.T.);
#3061=PLANE('',#5766);
#3062=SURFACE_STYLE_USAGE(.BOTH.,#5767);
#3063=FACE_OUTER_BOUND('',#5768,.T.);
#3064=TOROIDAL_SURFACE('',#5769,1.2,0.149999999999999);
#3065=SURFACE_STYLE_USAGE(.BOTH.,#5770);
#3066=FACE_OUTER_BOUND('',#5771,.T.);
#3067=CYLINDRICAL_SURFACE('',#5772,0.399999999999998);
#3068=SURFACE_STYLE_USAGE(.BOTH.,#5773);
#3069=FACE_OUTER_BOUND('',#5774,.T.);
#3070=PLANE('',#5775);
#3071=SURFACE_STYLE_USAGE(.BOTH.,#5776);
#3072=FACE_OUTER_BOUND('',#5777,.T.);
#3073=PLANE('',#5778);
#3074=SURFACE_STYLE_USAGE(.BOTH.,#5779);
#3075=FACE_OUTER_BOUND('',#5780,.T.);
#3076=PLANE('',#5781);
#3077=SURFACE_STYLE_USAGE(.BOTH.,#5782);
#3078=FACE_OUTER_BOUND('',#5783,.T.);
#3079=PLANE('',#5784);
#3080=SURFACE_STYLE_USAGE(.BOTH.,#5785);
#3081=FACE_OUTER_BOUND('',#5786,.T.);
#3082=CYLINDRICAL_SURFACE('',#5787,0.400000000000001);
#3083=SURFACE_STYLE_USAGE(.BOTH.,#5788);
#3084=FACE_OUTER_BOUND('',#5789,.T.);
#3085=PLANE('',#5790);
#3086=SURFACE_STYLE_USAGE(.BOTH.,#5791);
#3087=FACE_OUTER_BOUND('',#5792,.T.);
#3088=CONICAL_SURFACE('',#5793,1.30700790002202,0.785398163397449);
#3089=SURFACE_STYLE_USAGE(.BOTH.,#5794);
#3090=FACE_OUTER_BOUND('',#5795,.T.);
#3091=CYLINDRICAL_SURFACE('',#5796,0.15);
#3092=SURFACE_STYLE_USAGE(.BOTH.,#5797);
#3093=FACE_OUTER_BOUND('',#5798,.T.);
#3094=PLANE('',#5799);
#3095=SURFACE_STYLE_USAGE(.BOTH.,#5800);
#3096=FACE_OUTER_BOUND('',#5801,.T.);
#3097=CYLINDRICAL_SURFACE('',#5802,1.05);
#3098=SURFACE_STYLE_USAGE(.BOTH.,#5803);
#3099=FACE_OUTER_BOUND('',#5804,.T.);
#3100=PLANE('',#5805);
#3101=SURFACE_STYLE_USAGE(.BOTH.,#5806);
#3102=FACE_OUTER_BOUND('',#5807,.T.);
#3103=CYLINDRICAL_SURFACE('',#5808,0.149999999999999);
#3104=SURFACE_STYLE_USAGE(.BOTH.,#5809);
#3105=FACE_OUTER_BOUND('',#5810,.T.);
#3106=PLANE('',#5811);
#3107=SURFACE_STYLE_USAGE(.BOTH.,#5812);
#3108=FACE_OUTER_BOUND('',#5813,.T.);
#3109=CYLINDRICAL_SURFACE('',#5814,0.5);
#3110=SURFACE_STYLE_USAGE(.BOTH.,#5815);
#3111=FACE_OUTER_BOUND('',#5816,.T.);
#3112=PLANE('',#5817);
#3113=SURFACE_STYLE_USAGE(.BOTH.,#5818);
#3114=FACE_OUTER_BOUND('',#5819,.T.);
#3115=PLANE('',#5820);
#3116=SURFACE_STYLE_USAGE(.BOTH.,#5821);
#3117=FACE_OUTER_BOUND('',#5822,.T.);
#3118=PLANE('',#5823);
#3119=SURFACE_STYLE_USAGE(.BOTH.,#5824);
#3120=FACE_OUTER_BOUND('',#5825,.T.);
#3121=PLANE('',#5826);
#3122=SURFACE_STYLE_USAGE(.BOTH.,#5827);
#3123=FACE_OUTER_BOUND('',#5828,.T.);
#3124=SPHERICAL_SURFACE('',#5829,0.599999999999997);
#3125=SURFACE_STYLE_USAGE(.BOTH.,#5830);
#3126=FACE_OUTER_BOUND('',#5831,.T.);
#3127=SPHERICAL_SURFACE('',#5832,0.15);
#3128=CURVE_STYLE('',#5833,POSITIVE_LENGTH_MEASURE(1.0E-06),#5834);
#3129=VERTEX_POINT('',#5835);
#3130=VERTEX_POINT('',#5836);
#3131=CIRCLE('',#5837,0.5);
#3132=CURVE_STYLE('',#5838,POSITIVE_LENGTH_MEASURE(1.0E-06),#5839);
#3133=VERTEX_POINT('',#5840);
#3134=CIRCLE('',#5841,0.5);
#3135=CURVE_STYLE('',#5842,POSITIVE_LENGTH_MEASURE(1.0E-06),#5843);
#3136=VERTEX_POINT('',#5844);
#3137=LINE('',#5845,#5846);
#3138=CURVE_STYLE('',#5847,POSITIVE_LENGTH_MEASURE(1.0E-06),#5848);
#3139=VERTEX_POINT('',#5849);
#3140=CIRCLE('',#5850,0.5);
#3141=CURVE_STYLE('',#5851,POSITIVE_LENGTH_MEASURE(1.0E-06),#5852);
#3142=VERTEX_POINT('',#5853);
#3143=CIRCLE('',#5854,0.5);
#3144=CURVE_STYLE('',#5855,POSITIVE_LENGTH_MEASURE(1.0E-06),#5856);
#3145=VERTEX_POINT('',#5857);
#3146=B_SPLINE_CURVE_WITH_KNOTS('',3,(#5858,#5859,#5860,#5861,#5862,#5863,#5864,#5865,#5866,#5867,#5868,#5869,#5870,#5871,#5872,#5873,#5874,#5875,#5876,#5877,#5878,#5879,#5880,#5881,#5882,#5883,#5884,#5885,#5886,#5887,#5888,#5889,#5890,#5891,#5892,#5893,#5894,#5895,#5896,#5897,#5898,#5899,#5900,#5901,#5902,#5903,#5904,#5905,#5906),.UNSPECIFIED.,.F.,.F.,(4,3,3,3,3,3,3,3,3,3,3,3,3,3,3,3,4),(1.48796300544384E-11,0.124761157277309,0.187131222711122,0.249497971615072,0.311967497475906,0.374537316093119,0.437120588991346,0.499656481365447,0.562115801190631,0.624504679942842,0.686871682083414,0.749507735483883,0.812290846580836,0.874961516849626,0.937415798592562,0.968658073477934,0.999999999996562),.UNSPECIFIED.);
#3147=CURVE_STYLE('',#5907,POSITIVE_LENGTH_MEASURE(1.0E-06),#5908);
#3148=VERTEX_POINT('',#5909);
#3149=B_SPLINE_CURVE_WITH_KNOTS('',3,(#5910,#5911,#5912,#5913,#5914,#5915,#5916,#5917,#5918,#5919,#5920,#5921,#5922,#5923,#5924,#5925,#5926,#5927,#5928,#5929,#5930,#5931,#5932,#5933,#5934),.UNSPECIFIED.,.F.,.F.,(4,3,3,3,3,3,3,3,4),(2.84519203337487E-12,0.125212691128864,0.250410807154155,0.37535608804032,0.500251669459191,0.625172960104412,0.750119229722345,0.875072617447864,0.999999999987058),.UNSPECIFIED.);
#3150=CURVE_STYLE('',#5935,POSITIVE_LENGTH_MEASURE(1.0E-06),#5936);
#3151=VERTEX_POINT('',#5937);
#3152=B_SPLINE_CURVE_WITH_KNOTS('',3,(#5938,#5939,#5940,#5941,#5942,#5943,#5944,#5945,#5946,#5947,#5948,#5949,#5950,#5951,#5952,#5953,#5954,#5955,#5956,#5957,#5958,#5959,#5960,#5961,#5962,#5963,#5964,#5965,#5966,#5967,#5968,#5969,#5970,#5971,#5972,#5973,#5974,#5975,#5976,#5977,#5978,#5979,#5980,#5981,#5982,#5983,#5984,#5985,#5986,#5987,#5988,#5989),.UNSPECIFIED.,.F.,.F.,(4,3,3,3,3,3,3,3,3,3,3,3,3,3,3,3,3,4),(2.35389409758606E-11,0.124998155510568,0.250057087929731,0.375000132895995,0.437491286583683,0.499792453039012,0.624767888621826,0.655922634655419,0.687094548150358,0.749757094740208,0.801405612158156,0.852987439943605,0.878916639840609,0.904810586707488,0.930595034228295,0.956376500410968,0.978176687018881,1.0),.UNSPECIFIED.);
#3153=CURVE_STYLE('',#5990,POSITIVE_LENGTH_MEASURE(1.0E-06),#5991);
#3154=VERTEX_POINT('',#5992);
#3155=CIRCLE('',#5993,1.05);
#3156=CURVE_STYLE('',#5994,POSITIVE_LENGTH_MEASURE(1.0E-06),#5995);
#3157=VERTEX_POINT('',#5996);
#3158=VERTEX_POINT('',#5997);
#3159=CIRCLE('',#5998,0.4);
#3160=CURVE_STYLE('',#5999,POSITIVE_LENGTH_MEASURE(1.0E-06),#6000);
#3161=VERTEX_POINT('',#6001);
#3162=LINE('',#6002,#6003);
#3163=CURVE_STYLE('',#6004,POSITIVE_LENGTH_MEASURE(1.0E-06),#6005);
#3164=VERTEX_POINT('',#6006);
#3165=CIRCLE('',#6007,0.4);
#3166=CURVE_STYLE('',#6008,POSITIVE_LENGTH_MEASURE(1.0E-06),#6009);
#3167=VERTEX_POINT('',#6010);
#3168=VERTEX_POINT('',#6011);
#3169=CIRCLE('',#6012,0.4);
#3170=CURVE_STYLE('',#6013,POSITIVE_LENGTH_MEASURE(1.0E-06),#6014);
#3171=VERTEX_POINT('',#6015);
#3172=LINE('',#6016,#6017);
#3173=CURVE_STYLE('',#6018,POSITIVE_LENGTH_MEASURE(1.0E-06),#6019);
#3174=VERTEX_POINT('',#6020);
#3175=CIRCLE('',#6021,0.4);
#3176=CURVE_STYLE('',#6022,POSITIVE_LENGTH_MEASURE(1.0E-06),#6023);
#3177=VERTEX_POINT('',#6024);
#3178=VERTEX_POINT('',#6025);
#3179=CIRCLE('',#6026,0.5);
#3180=CURVE_STYLE('',#6027,POSITIVE_LENGTH_MEASURE(1.0E-06),#6028);
#3181=VERTEX_POINT('',#6029);
#3182=CIRCLE('',#6030,0.5);
#3183=CURVE_STYLE('',#6031,POSITIVE_LENGTH_MEASURE(1.0E-06),#6032);
#3184=VERTEX_POINT('',#6033);
#3185=B_SPLINE_CURVE_WITH_KNOTS('',3,(#6034,#6035,#6036,#6037,#6038,#6039,#6040,#6041,#6042,#6043,#6044,#6045,#6046,#6047,#6048,#6049,#6050,#6051,#6052,#6053,#6054,#6055,#6056,#6057,#6058,#6059,#6060,#6061,#6062,#6063,#6064,#6065,#6066,#6067,#6068,#6069,#6070,#6071,#6072,#6073,#6074,#6075,#6076,#6077,#6078,#6079,#6080,#6081,#6082,#6083,#6084,#6085),.UNSPECIFIED.,.F.,.F.,(4,3,3,3,3,3,3,3,3,3,3,3,3,3,3,3,3,4),(7.31986646691693E-14,0.0313886267162612,0.0628313808900543,0.0942925818107882,0.125731195921763,0.188361393678063,0.250652559112787,0.313003805324749,0.375505908688273,0.438163776195525,0.500908453206092,0.563607275133513,0.626076364974224,0.688371120872033,0.75067328499802,0.812989104149306,0.875319386448493,1.00000000005161),.UNSPECIFIED.);
#3186=CURVE_STYLE('',#6086,POSITIVE_LENGTH_MEASURE(1.0E-06),#6087);
#3187=VERTEX_POINT('',#6088);
#3188=B_SPLINE_CURVE_WITH_KNOTS('',3,(#6089,#6090,#6091,#6092,#6093,#6094,#6095,#6096,#6097,#6098,#6099,#6100,#6101),.UNSPECIFIED.,.F.,.F.,(4,3,3,3,4),(7.46747125012263E-11,0.24994026735586,0.500076281070086,0.750136125912663,1.00000000001265),.UNSPECIFIED.);
#3189=CURVE_STYLE('',#6102,POSITIVE_LENGTH_MEASURE(1.0E-06),#6103);
#3190=VERTEX_POINT('',#6104);
#3191=CIRCLE('',#6105,1.05000000000001);
#3192=CURVE_STYLE('',#6106,POSITIVE_LENGTH_MEASURE(1.0E-06),#6107);
#3193=VERTEX_POINT('',#6108);
#3194=B_SPLINE_CURVE_WITH_KNOTS('',3,(#6109,#6110,#6111,#6112,#6113,#6114,#6115,#6116,#6117,#6118,#6119,#6120,#6121,#6122,#6123,#6124,#6125,#6126,#6127,#6128,#6129,#6130,#6131,#6132,#6133,#6134,#6135,#6136,#6137,#6138,#6139,#6140,#6141,#6142,#6143,#6144,#6145,#6146,#6147,#6148,#6149,#6150,#6151,#6152,#6153,#6154),.UNSPECIFIED.,.F.,.F.,(4,3,3,3,3,3,3,3,3,3,3,3,3,3,3,4),(1.61018286323079E-11,0.124663983376594,0.186908763822743,0.249164351551696,0.311690849519775,0.374394589606754,0.437136869996442,0.499801937601988,0.562305689949103,0.62460759786762,0.686893578419092,0.749351365705326,0.811968715047588,0.87468580988763,0.93740536523224,1.0),.UNSPECIFIED.);
#3195=CURVE_STYLE('',#6155,POSITIVE_LENGTH_MEASURE(1.0E-06),#6156);
#3196=VERTEX_POINT('',#6157);
#3197=B_SPLINE_CURVE_WITH_KNOTS('',3,(#6158,#6159,#6160,#6161,#6162,#6163,#6164,#6165,#6166,#6167,#6168,#6169,#6170,#6171,#6172,#6173,#6174,#6175,#6176,#6177,#6178,#6179,#6180,#6181,#6182,#6183,#6184,#6185),.UNSPECIFIED.,.F.,.F.,(4,3,3,3,3,3,3,3,3,4),(1.504805038283E-12,0.124909937278232,0.187677265066764,0.250369438424938,0.3127157979245,0.375157850493794,0.500465739113422,0.625262386812086,0.750194225117593,1.00000000000388),.UNSPECIFIED.);
#3198=CURVE_STYLE('',#6186,POSITIVE_LENGTH_MEASURE(1.0E-06),#6187);
#3199=VERTEX_POINT('',#6188);
#3200=CIRCLE('',#6189,1.05);
#3201=CURVE_STYLE('',#6190,POSITIVE_LENGTH_MEASURE(1.0E-06),#6191);
#3202=VERTEX_POINT('',#6192);
#3203=VERTEX_POINT('',#6193);
#3204=CIRCLE('',#6194,1.2);
#3205=CURVE_STYLE('',#6195,POSITIVE_LENGTH_MEASURE(1.0E-06),#6196);
#3206=VERTEX_POINT('',#6197);
#3207=B_SPLINE_CURVE_WITH_KNOTS('',3,(#6198,#6199,#6200,#6201,#6202,#6203,#6204,#6205,#6206,#6207,#6208,#6209,#6210,#6211,#6212,#6213,#6214,#6215,#6216,#6217,#6218,#6219,#6220,#6221,#6222,#6223,#6224,#6225,#6226,#6227,#6228,#6229,#6230,#6231,#6232,#6233,#6234,#6235,#6236,#6237,#6238,#6239,#6240,#6241,#6242,#6243,#6244,#6245,#6246,#6247,#6248,#6249,#6250,#6251,#6252),.UNSPECIFIED.,.F.,.F.,(4,3,3,3,3,3,3,3,3,3,3,3,3,3,3,3,3,3,4),(0.0,0.0627284665681181,0.0939905859506436,0.12521649958081,0.187738739083776,0.250274259478371,0.312712094711245,0.375144859715578,0.437571302675902,0.49999417950123,0.562417059352835,0.624841848303626,0.687270352356469,0.749731080871614,0.812176435002752,0.874808977232383,0.937498359218137,0.968773093019012,0.999999999995469),.UNSPECIFIED.);
#3208=CURVE_STYLE('',#6253,POSITIVE_LENGTH_MEASURE(1.0E-06),#6254);
#3209=VERTEX_POINT('',#6255);
#3210=CIRCLE('',#6256,1.2);
#3211=CURVE_STYLE('',#6257,POSITIVE_LENGTH_MEASURE(1.0E-06),#6258);
#3212=VERTEX_POINT('',#6259);
#3213=CIRCLE('',#6260,0.15);
#3214=CURVE_STYLE('',#6261,POSITIVE_LENGTH_MEASURE(1.0E-06),#6262);
#3215=VERTEX_POINT('',#6263);
#3216=CIRCLE('',#6264,1.05);
#3217=CURVE_STYLE('',#6265,POSITIVE_LENGTH_MEASURE(1.0E-06),#6266);
#3218=VERTEX_POINT('',#6267);
#3219=B_SPLINE_CURVE_WITH_KNOTS('',3,(#6268,#6269,#6270,#6271,#6272,#6273,#6274,#6275,#6276,#6277,#6278,#6279,#6280),.UNSPECIFIED.,.F.,.F.,(4,3,3,3,4),(0.0,0.124958359866924,0.250269956184539,0.375075536482007,0.380878140255045),.UNSPECIFIED.);
#3220=CURVE_STYLE('',#6281,POSITIVE_LENGTH_MEASURE(1.0E-06),#6282);
#3221=VERTEX_POINT('',#6283);
#3222=VERTEX_POINT('',#6284);
#3223=CIRCLE('',#6285,0.449641813485566);
#3224=CURVE_STYLE('',#6286,POSITIVE_LENGTH_MEASURE(1.0E-06),#6287);
#3225=VERTEX_POINT('',#6288);
#3226=B_SPLINE_CURVE_WITH_KNOTS('',3,(#6289,#6290,#6291,#6292,#6293,#6294,#6295,#6296,#6297,#6298,#6299,#6300,#6301,#6302,#6303,#6304,#6305,#6306,#6307,#6308,#6309,#6310,#6311,#6312,#6313,#6314,#6315,#6316,#6317,#6318,#6319,#6320,#6321,#6322,#6323,#6324,#6325,#6326,#6327,#6328,#6329,#6330,#6331,#6332,#6333,#6334,#6335,#6336,#6337,#6338,#6339,#6340,#6341,#6342,#6343),.UNSPECIFIED.,.F.,.F.,(4,3,3,3,3,3,3,3,3,3,3,3,3,3,3,3,3,3,4),(0.0,0.0313343880643319,0.0625512106864284,0.125068193438813,0.18773505327671,0.250398420546879,0.312851226235414,0.375276857866045,0.437696468774989,0.500110274351817,0.562525985109399,0.624943599972035,0.6873676148071,0.749822165052526,0.812292940573461,0.874776553594623,0.937455921338817,0.968755524860012,1.00000000000469),.UNSPECIFIED.);
#3227=CURVE_STYLE('',#6344,POSITIVE_LENGTH_MEASURE(1.0E-06),#6345);
#3228=VERTEX_POINT('',#6346);
#3229=CIRCLE('',#6347,0.449641813485566);
#3230=CURVE_STYLE('',#6348,POSITIVE_LENGTH_MEASURE(1.0E-06),#6349);
#3231=VERTEX_POINT('',#6350);
#3232=CIRCLE('',#6351,0.6);
#3233=CURVE_STYLE('',#6352,POSITIVE_LENGTH_MEASURE(1.0E-06),#6353);
#3234=VERTEX_POINT('',#6354);
#3235=CIRCLE('',#6355,0.5);
#3236=CURVE_STYLE('',#6356,POSITIVE_LENGTH_MEASURE(1.0E-06),#6357);
#3237=VERTEX_POINT('',#6358);
#3238=LINE('',#6359,#6360);
#3239=CURVE_STYLE('',#6361,POSITIVE_LENGTH_MEASURE(1.0E-06),#6362);
#3240=VERTEX_POINT('',#6363);
#3241=CIRCLE('',#6364,0.5);
#3242=CURVE_STYLE('',#6365,POSITIVE_LENGTH_MEASURE(1.0E-06),#6366);
#3243=VERTEX_POINT('',#6367);
#3244=VERTEX_POINT('',#6368);
#3245=LINE('',#6369,#6370);
#3246=CURVE_STYLE('',#6371,POSITIVE_LENGTH_MEASURE(1.0E-06),#6372);
#3247=VERTEX_POINT('',#6373);
#3248=LINE('',#6374,#6375);
#3249=CURVE_STYLE('',#6376,POSITIVE_LENGTH_MEASURE(1.0E-06),#6377);
#3250=VERTEX_POINT('',#6378);
#3251=LINE('',#6379,#6380);
#3252=CURVE_STYLE('',#6381,POSITIVE_LENGTH_MEASURE(1.0E-06),#6382);
#3253=LINE('',#6383,#6384);
#3254=CURVE_STYLE('',#6385,POSITIVE_LENGTH_MEASURE(1.0E-06),#6386);
#3255=VERTEX_POINT('',#6387);
#3256=VERTEX_POINT('',#6388);
#3257=LINE('',#6389,#6390);
#3258=CURVE_STYLE('',#6391,POSITIVE_LENGTH_MEASURE(1.0E-06),#6392);
#3259=VERTEX_POINT('',#6393);
#3260=LINE('',#6394,#6395);
#3261=CURVE_STYLE('',#6396,POSITIVE_LENGTH_MEASURE(1.0E-06),#6397);
#3262=VERTEX_POINT('',#6398);
#3263=LINE('',#6399,#6400);
#3264=CURVE_STYLE('',#6401,POSITIVE_LENGTH_MEASURE(1.0E-06),#6402);
#3265=VERTEX_POINT('',#6403);
#3266=LINE('',#6404,#6405);
#3267=CURVE_STYLE('',#6406,POSITIVE_LENGTH_MEASURE(1.0E-06),#6407);
#3268=LINE('',#6408,#6409);
#3269=CURVE_STYLE('',#6410,POSITIVE_LENGTH_MEASURE(1.0E-06),#6411);
#3270=VERTEX_POINT('',#6412);
#3271=LINE('',#6413,#6414);
#3272=CURVE_STYLE('',#6415,POSITIVE_LENGTH_MEASURE(1.0E-06),#6416);
#3273=VERTEX_POINT('',#6417);
#3274=LINE('',#6418,#6419);
#3275=CURVE_STYLE('',#6420,POSITIVE_LENGTH_MEASURE(1.0E-06),#6421);
#3276=LINE('',#6422,#6423);
#3277=CURVE_STYLE('',#6424,POSITIVE_LENGTH_MEASURE(1.0E-06),#6425);
#3278=VERTEX_POINT('',#6426);
#3279=CIRCLE('',#6427,0.4);
#3280=CURVE_STYLE('',#6428,POSITIVE_LENGTH_MEASURE(1.0E-06),#6429);
#3281=LINE('',#6430,#6431);
#3282=CURVE_STYLE('',#6432,POSITIVE_LENGTH_MEASURE(1.0E-06),#6433);
#3283=VERTEX_POINT('',#6434);
#3284=CIRCLE('',#6435,0.4);
#3285=CURVE_STYLE('',#6436,POSITIVE_LENGTH_MEASURE(1.0E-06),#6437);
#3286=VERTEX_POINT('',#6438);
#3287=LINE('',#6439,#6440);
#3288=CURVE_STYLE('',#6441,POSITIVE_LENGTH_MEASURE(1.0E-06),#6442);
#3289=LINE('',#6443,#6444);
#3290=CURVE_STYLE('',#6445,POSITIVE_LENGTH_MEASURE(1.0E-06),#6446);
#3291=VERTEX_POINT('',#6447);
#3292=LINE('',#6448,#6449);
#3293=CURVE_STYLE('',#6450,POSITIVE_LENGTH_MEASURE(1.0E-06),#6451);
#3294=VERTEX_POINT('',#6452);
#3295=LINE('',#6453,#6454);
#3296=CURVE_STYLE('',#6455,POSITIVE_LENGTH_MEASURE(1.0E-06),#6456);
#3297=VERTEX_POINT('',#6457);
#3298=LINE('',#6458,#6459);
#3299=CURVE_STYLE('',#6460,POSITIVE_LENGTH_MEASURE(1.0E-06),#6461);
#3300=LINE('',#6462,#6463);
#3301=CURVE_STYLE('',#6464,POSITIVE_LENGTH_MEASURE(1.0E-06),#6465);
#3302=VERTEX_POINT('',#6466);
#3303=LINE('',#6467,#6468);
#3304=CURVE_STYLE('',#6469,POSITIVE_LENGTH_MEASURE(1.0E-06),#6470);
#3305=VERTEX_POINT('',#6471);
#3306=LINE('',#6472,#6473);
#3307=CURVE_STYLE('',#6474,POSITIVE_LENGTH_MEASURE(1.0E-06),#6475);
#3308=LINE('',#6476,#6477);
#3309=CURVE_STYLE('',#6478,POSITIVE_LENGTH_MEASURE(1.0E-06),#6479);
#3310=VERTEX_POINT('',#6480);
#3311=LINE('',#6481,#6482);
#3312=CURVE_STYLE('',#6483,POSITIVE_LENGTH_MEASURE(1.0E-06),#6484);
#3313=LINE('',#6485,#6486);
#3314=CURVE_STYLE('',#6487,POSITIVE_LENGTH_MEASURE(1.0E-06),#6488);
#3315=VERTEX_POINT('',#6489);
#3316=LINE('',#6490,#6491);
#3317=CURVE_STYLE('',#6492,POSITIVE_LENGTH_MEASURE(1.0E-06),#6493);
#3318=LINE('',#6494,#6495);
#3319=CURVE_STYLE('',#6496,POSITIVE_LENGTH_MEASURE(1.0E-06),#6497);
#3320=VERTEX_POINT('',#6498);
#3321=CIRCLE('',#6499,0.5);
#3322=CURVE_STYLE('',#6500,POSITIVE_LENGTH_MEASURE(1.0E-06),#6501);
#3323=LINE('',#6502,#6503);
#3324=CURVE_STYLE('',#6504,POSITIVE_LENGTH_MEASURE(1.0E-06),#6505);
#3325=VERTEX_POINT('',#6506);
#3326=LINE('',#6507,#6508);
#3327=CURVE_STYLE('',#6509,POSITIVE_LENGTH_MEASURE(1.0E-06),#6510);
#3328=CIRCLE('',#6511,1.05000000000001);
#3329=CURVE_STYLE('',#6512,POSITIVE_LENGTH_MEASURE(1.0E-06),#6513);
#3330=VERTEX_POINT('',#6514);
#3331=LINE('',#6515,#6516);
#3332=CURVE_STYLE('',#6517,POSITIVE_LENGTH_MEASURE(1.0E-06),#6518);
#3333=VERTEX_POINT('',#6519);
#3334=B_SPLINE_CURVE_WITH_KNOTS('',3,(#6520,#6521,#6522,#6523,#6524,#6525,#6526,#6527,#6528,#6529,#6530,#6531,#6532,#6533,#6534,#6535,#6536,#6537,#6538,#6539,#6540,#6541,#6542,#6543,#6544,#6545,#6546,#6547,#6548,#6549,#6550,#6551,#6552,#6553,#6554,#6555,#6556,#6557,#6558,#6559,#6560,#6561,#6562,#6563,#6564,#6565,#6566,#6567,#6568),.UNSPECIFIED.,.F.,.F.,(4,3,3,3,3,3,3,3,3,3,3,3,3,3,3,3,4),(7.53952034686789E-12,0.124761157276618,0.187131222710138,0.249497971613807,0.31196749747896,0.374537316095936,0.437120588989347,0.499656481367717,0.562115801192638,0.624504679940067,0.686871682084928,0.749507735484985,0.812290846581428,0.87496151685421,0.937415798592081,0.968658073482246,1.0),.UNSPECIFIED.);
#3335=CURVE_STYLE('',#6569,POSITIVE_LENGTH_MEASURE(1.0E-06),#6570);
#3336=LINE('',#6571,#6572);
#3337=CURVE_STYLE('',#6573,POSITIVE_LENGTH_MEASURE(1.0E-06),#6574);
#3338=VERTEX_POINT('',#6575);
#3339=CIRCLE('',#6576,0.6);
#3340=CURVE_STYLE('',#6577,POSITIVE_LENGTH_MEASURE(1.0E-06),#6578);
#3341=CIRCLE('',#6579,0.449641813485566);
#3342=CURVE_STYLE('',#6580,POSITIVE_LENGTH_MEASURE(1.0E-06),#6581);
#3343=VERTEX_POINT('',#6582);
#3344=B_SPLINE_CURVE_WITH_KNOTS('',3,(#6583,#6584,#6585,#6586,#6587,#6588,#6589,#6590,#6591,#6592,#6593,#6594,#6595,#6596,#6597,#6598,#6599,#6600,#6601,#6602,#6603,#6604,#6605,#6606,#6607,#6608,#6609,#6610),.UNSPECIFIED.,.F.,.F.,(4,3,3,3,3,3,3,3,3,4),(0.380878140255045,0.499666316314018,0.62465831809512,0.687179818638927,0.749517812944912,0.812199648819888,0.874706769125353,0.937224877954968,0.968634297521791,0.999999999998972),.UNSPECIFIED.);
#3345=CURVE_STYLE('',#6611,POSITIVE_LENGTH_MEASURE(1.0E-06),#6612);
#3346=CIRCLE('',#6613,1.2);
#3347=CURVE_STYLE('',#6614,POSITIVE_LENGTH_MEASURE(1.0E-06),#6615);
#3348=VERTEX_POINT('',#6616);
#3349=LINE('',#6617,#6618);
#3350=CURVE_STYLE('',#6619,POSITIVE_LENGTH_MEASURE(1.0E-06),#6620);
#3351=VERTEX_POINT('',#6621);
#3352=CIRCLE('',#6622,1.05);
#3353=CURVE_STYLE('',#6623,POSITIVE_LENGTH_MEASURE(1.0E-06),#6624);
#3354=VERTEX_POINT('',#6625);
#3355=LINE('',#6626,#6627);
#3356=CURVE_STYLE('',#6628,POSITIVE_LENGTH_MEASURE(1.0E-06),#6629);
#3357=CIRCLE('',#6630,1.05);
#3358=CURVE_STYLE('',#6631,POSITIVE_LENGTH_MEASURE(1.0E-06),#6632);
#3359=VERTEX_POINT('',#6633);
#3360=VERTEX_POINT('',#6634);
#3361=LINE('',#6635,#6636);
#3362=CURVE_STYLE('',#6637,POSITIVE_LENGTH_MEASURE(1.0E-06),#6638);
#3363=VERTEX_POINT('',#6639);
#3364=LINE('',#6640,#6641);
#3365=CURVE_STYLE('',#6642,POSITIVE_LENGTH_MEASURE(1.0E-06),#6643);
#3366=LINE('',#6644,#6645);
#3367=CURVE_STYLE('',#6646,POSITIVE_LENGTH_MEASURE(1.0E-06),#6647);
#3368=VERTEX_POINT('',#6648);
#3369=LINE('',#6649,#6650);
#3370=CURVE_STYLE('',#6651,POSITIVE_LENGTH_MEASURE(1.0E-06),#6652);
#3371=LINE('',#6653,#6654);
#3372=CURVE_STYLE('',#6655,POSITIVE_LENGTH_MEASURE(1.0E-06),#6656);
#3373=VERTEX_POINT('',#6657);
#3374=LINE('',#6658,#6659);
#3375=CURVE_STYLE('',#6660,POSITIVE_LENGTH_MEASURE(1.0E-06),#6661);
#3376=LINE('',#6662,#6663);
#3377=CURVE_STYLE('',#6664,POSITIVE_LENGTH_MEASURE(1.0E-06),#6665);
#3378=VERTEX_POINT('',#6666);
#3379=B_SPLINE_CURVE_WITH_KNOTS('',3,(#6667,#6668,#6669,#6670,#6671,#6672,#6673,#6674,#6675,#6676,#6677,#6678,#6679,#6680,#6681,#6682,#6683,#6684,#6685,#6686,#6687,#6688,#6689,#6690,#6691,#6692,#6693,#6694,#6695,#6696,#6697,#6698,#6699,#6700,#6701,#6702,#6703,#6704,#6705,#6706,#6707,#6708,#6709,#6710,#6711,#6712,#6713,#6714,#6715,#6716,#6717,#6718),.UNSPECIFIED.,.F.,.F.,(4,3,3,3,3,3,3,3,3,3,3,3,3,3,3,3,3,4),(6.62114466231479E-14,0.124998155510567,0.250057087929731,0.375000132895992,0.437491286583685,0.499792453039019,0.624767888621833,0.655922634655424,0.687094548150359,0.749757094740206,0.80140561215816,0.852987439943611,0.878916639840617,0.904810586707501,0.930595034228307,0.956376500410978,0.978176687018885,1.0),.UNSPECIFIED.);
#3380=CURVE_STYLE('',#6719,POSITIVE_LENGTH_MEASURE(1.0E-06),#6720);
#3381=B_SPLINE_CURVE_WITH_KNOTS('',3,(#6721,#6722,#6723,#6724,#6725,#6726,#6727,#6728,#6729,#6730,#6731,#6732,#6733,#6734,#6735,#6736,#6737,#6738,#6739,#6740,#6741,#6742,#6743,#6744,#6745),.UNSPECIFIED.,.F.,.F.,(4,3,3,3,3,3,3,3,4),(4.6891862899568E-12,0.125212691128861,0.250410807154134,0.375356088040253,0.500251669459056,0.625172960104226,0.750119229722155,0.875072617447863,1.0),.UNSPECIFIED.);
#3382=CURVE_STYLE('',#6746,POSITIVE_LENGTH_MEASURE(1.0E-06),#6747);
#3383=VERTEX_POINT('',#6748);
#3384=LINE('',#6749,#6750);
#3385=CURVE_STYLE('',#6751,POSITIVE_LENGTH_MEASURE(1.0E-06),#6752);
#3386=LINE('',#6753,#6754);
#3387=CURVE_STYLE('',#6755,POSITIVE_LENGTH_MEASURE(1.0E-06),#6756);
#3388=VERTEX_POINT('',#6757);
#3389=LINE('',#6758,#6759);
#3390=CURVE_STYLE('',#6760,POSITIVE_LENGTH_MEASURE(1.0E-06),#6761);
#3391=LINE('',#6762,#6763);
#3392=CURVE_STYLE('',#6764,POSITIVE_LENGTH_MEASURE(1.0E-06),#6765);
#3393=VERTEX_POINT('',#6766);
#3394=CIRCLE('',#6767,0.149999999999999);
#3395=CURVE_STYLE('',#6768,POSITIVE_LENGTH_MEASURE(1.0E-06),#6769);
#3396=CIRCLE('',#6770,0.15);
#3397=CURVE_STYLE('',#6771,POSITIVE_LENGTH_MEASURE(1.0E-06),#6772);
#3398=CIRCLE('',#6773,0.15);
#3399=CURVE_STYLE('',#6774,POSITIVE_LENGTH_MEASURE(1.0E-06),#6775);
#3400=VERTEX_POINT('',#6776);
#3401=LINE('',#6777,#6778);
#3402=CURVE_STYLE('',#6779,POSITIVE_LENGTH_MEASURE(1.0E-06),#6780);
#3403=VERTEX_POINT('',#6781);
#3404=LINE('',#6782,#6783);
#3405=CURVE_STYLE('',#6784,POSITIVE_LENGTH_MEASURE(1.0E-06),#6785);
#3406=VERTEX_POINT('',#6786);
#3407=LINE('',#6787,#6788);
#3408=CURVE_STYLE('',#6789,POSITIVE_LENGTH_MEASURE(1.0E-06),#6790);
#3409=LINE('',#6791,#6792);
#3410=CURVE_STYLE('',#6793,POSITIVE_LENGTH_MEASURE(1.0E-06),#6794);
#3411=VERTEX_POINT('',#6795);
#3412=B_SPLINE_CURVE_WITH_KNOTS('',3,(#6796,#6797,#6798,#6799,#6800,#6801,#6802,#6803,#6804,#6805,#6806,#6807,#6808,#6809,#6810,#6811,#6812,#6813,#6814,#6815,#6816,#6817,#6818,#6819,#6820,#6821,#6822,#6823),.UNSPECIFIED.,.F.,.F.,(4,3,3,3,3,3,3,3,3,4),(1.43119683517656E-12,0.124909937278227,0.187677265066759,0.250369438424935,0.312715797924502,0.375157850493784,0.500465739113413,0.625262386812084,0.750194225117581,0.999999999937285),.UNSPECIFIED.);
#3413=CURVE_STYLE('',#6824,POSITIVE_LENGTH_MEASURE(1.0E-06),#6825);
#3414=LINE('',#6826,#6827);
#3415=CURVE_STYLE('',#6828,POSITIVE_LENGTH_MEASURE(1.0E-06),#6829);
#3416=CIRCLE('',#6830,0.149999999999999);
#3417=CURVE_STYLE('',#6831,POSITIVE_LENGTH_MEASURE(1.0E-06),#6832);
#3418=LINE('',#6833,#6834);
#3419=CURVE_STYLE('',#6835,POSITIVE_LENGTH_MEASURE(1.0E-06),#6836);
#3420=VERTEX_POINT('',#6837);
#3421=LINE('',#6838,#6839);
#3422=CURVE_STYLE('',#6840,POSITIVE_LENGTH_MEASURE(1.0E-06),#6841);
#3423=LINE('',#6842,#6843);
#3424=CURVE_STYLE('',#6844,POSITIVE_LENGTH_MEASURE(1.0E-06),#6845);
#3425=CIRCLE('',#6846,1.2);
#3426=CURVE_STYLE('',#6847,POSITIVE_LENGTH_MEASURE(1.0E-06),#6848);
#3427=VERTEX_POINT('',#6849);
#3428=CIRCLE('',#6850,1.2);
#3429=CURVE_STYLE('',#6851,POSITIVE_LENGTH_MEASURE(1.0E-06),#6852);
#3430=B_SPLINE_CURVE_WITH_KNOTS('',3,(#6853,#6854,#6855,#6856,#6857,#6858,#6859,#6860,#6861,#6862,#6863,#6864,#6865,#6866,#6867,#6868,#6869,#6870,#6871,#6872,#6873,#6874,#6875,#6876,#6877,#6878,#6879,#6880,#6881,#6882,#6883,#6884,#6885,#6886,#6887,#6888,#6889),.UNSPECIFIED.,.F.,.F.,(4,3,3,3,3,3,3,3,3,3,3,3,4),(3.98917338266498E-12,0.0313657024782094,0.0627751220450321,0.125293230874646,0.187800351180111,0.250482187055089,0.312820181361078,0.375341681904887,0.50033368368599,0.624924463517995,0.749730043816153,0.87504164013345,1.0),.UNSPECIFIED.);
#3431=CURVE_STYLE('',#6890,POSITIVE_LENGTH_MEASURE(1.0E-06),#6891);
#3432=VERTEX_POINT('',#6892);
#3433=CIRCLE('',#6893,0.4);
#3434=CURVE_STYLE('',#6894,POSITIVE_LENGTH_MEASURE(1.0E-06),#6895);
#3435=LINE('',#6896,#6897);
#3436=CURVE_STYLE('',#6898,POSITIVE_LENGTH_MEASURE(1.0E-06),#6899);
#3437=LINE('',#6900,#6901);
#3438=CURVE_STYLE('',#6902,POSITIVE_LENGTH_MEASURE(1.0E-06),#6903);
#3439=LINE('',#6904,#6905);
#3440=CURVE_STYLE('',#6906,POSITIVE_LENGTH_MEASURE(1.0E-06),#6907);
#3441=VERTEX_POINT('',#6908);
#3442=LINE('',#6909,#6910);
#3443=CURVE_STYLE('',#6911,POSITIVE_LENGTH_MEASURE(1.0E-06),#6912);
#3444=LINE('',#6913,#6914);
#3445=CURVE_STYLE('',#6915,POSITIVE_LENGTH_MEASURE(1.0E-06),#6916);
#3446=VERTEX_POINT('',#6917);
#3447=LINE('',#6918,#6919);
#3448=CURVE_STYLE('',#6920,POSITIVE_LENGTH_MEASURE(1.0E-06),#6921);
#3449=LINE('',#6922,#6923);
#3450=CURVE_STYLE('',#6924,POSITIVE_LENGTH_MEASURE(1.0E-06),#6925);
#3451=VERTEX_POINT('',#6926);
#3452=VERTEX_POINT('',#6927);
#3453=LINE('',#6928,#6929);
#3454=CURVE_STYLE('',#6930,POSITIVE_LENGTH_MEASURE(1.0E-06),#6931);
#3455=VERTEX_POINT('',#6932);
#3456=LINE('',#6933,#6934);
#3457=CURVE_STYLE('',#6935,POSITIVE_LENGTH_MEASURE(1.0E-06),#6936);
#3458=B_SPLINE_CURVE_WITH_KNOTS('',3,(#6937,#6938,#6939,#6940,#6941,#6942,#6943,#6944,#6945,#6946,#6947,#6948,#6949),.UNSPECIFIED.,.F.,.F.,(4,3,3,3,4),(3.65806824029928E-11,0.249940267355577,0.50007628106987,0.750136125912567,1.00000000000103),.UNSPECIFIED.);
#3459=CURVE_STYLE('',#6950,POSITIVE_LENGTH_MEASURE(1.0E-06),#6951);
#3460=LINE('',#6952,#6953);
#3461=CURVE_STYLE('',#6954,POSITIVE_LENGTH_MEASURE(1.0E-06),#6955);
#3462=CIRCLE('',#6956,0.4);
#3463=CURVE_STYLE('',#6957,POSITIVE_LENGTH_MEASURE(1.0E-06),#6958);
#3464=LINE('',#6959,#6960);
#3465=CURVE_STYLE('',#6961,POSITIVE_LENGTH_MEASURE(1.0E-06),#6962);
#3466=B_SPLINE_CURVE_WITH_KNOTS('',3,(#6963,#6964,#6965,#6966,#6967,#6968,#6969,#6970,#6971,#6972,#6973,#6974,#6975,#6976,#6977,#6978,#6979,#6980,#6981,#6982,#6983,#6984,#6985,#6986,#6987,#6988,#6989,#6990,#6991,#6992,#6993,#6994,#6995,#6996,#6997,#6998,#6999,#7000,#7001,#7002,#7003,#7004,#7005,#7006,#7007,#7008,#7009,#7010,#7011,#7012,#7013,#7014),.UNSPECIFIED.,.F.,.F.,(4,3,3,3,3,3,3,3,3,3,3,3,3,3,3,3,3,4),(0.0,0.0313886267148882,0.062831380887607,0.0942925818076043,0.125731195918197,0.188361393674748,0.250652559108283,0.313003805318374,0.375505908684478,0.438163776194464,0.500908453203478,0.563607275129685,0.626076364974002,0.68837112087489,0.750673284999369,0.812989104149143,0.875319386446906,1.00000000000292),.UNSPECIFIED.);
#3467=CURVE_STYLE('',#7015,POSITIVE_LENGTH_MEASURE(1.0E-06),#7016);
#3468=CIRCLE('',#7017,1.05);
#3469=CURVE_STYLE('',#7018,POSITIVE_LENGTH_MEASURE(1.0E-06),#7019);
#3470=LINE('',#7020,#7021);
#3471=CURVE_STYLE('',#7022,POSITIVE_LENGTH_MEASURE(1.0E-06),#7023);
#3472=CIRCLE('',#7024,0.15);
#3473=CURVE_STYLE('',#7025,POSITIVE_LENGTH_MEASURE(1.0E-06),#7026);
#3474=LINE('',#7027,#7028);
#3475=CURVE_STYLE('',#7029,POSITIVE_LENGTH_MEASURE(1.0E-06),#7030);
#3476=VERTEX_POINT('',#7031);
#3477=LINE('',#7032,#7033);
#3478=CURVE_STYLE('',#7034,POSITIVE_LENGTH_MEASURE(1.0E-06),#7035);
#3479=LINE('',#7036,#7037);
#3480=CURVE_STYLE('',#7038,POSITIVE_LENGTH_MEASURE(1.0E-06),#7039);
#3481=CIRCLE('',#7040,0.15);
#3482=CURVE_STYLE('',#7041,POSITIVE_LENGTH_MEASURE(1.0E-06),#7042);
#3483=LINE('',#7043,#7044);
#3484=CURVE_STYLE('',#7045,POSITIVE_LENGTH_MEASURE(1.0E-06),#7046);
#3485=CIRCLE('',#7047,0.5);
#3486=CURVE_STYLE('',#7048,POSITIVE_LENGTH_MEASURE(1.0E-06),#7049);
#3487=CIRCLE('',#7050,0.449641813485566);
#3488=CURVE_STYLE('',#7051,POSITIVE_LENGTH_MEASURE(1.0E-06),#7052);
#3489=LINE('',#7053,#7054);
#3490=CURVE_STYLE('',#7055,POSITIVE_LENGTH_MEASURE(1.0E-06),#7056);
#3491=CIRCLE('',#7057,0.449641813485566);
#3492=SURFACE_STYLE_USAGE(.BOTH.,#7058);
#3493=CLOSED_SHELL('',(#1041,#1043,#1045,#1047,#1049,#1051,#1053,#1055,#1057,#1059,#1061,#1063,#1065,#1067,#1069,#1071,#1073,#1075,#1077,#1079,#1081,#1083,#1085,#1087,#1089,#1091,#1093,#1095,#1097,#1099,#1101,#1103,#1105,#1107,#1109,#1111,#1113,#1115,#1117,#1119,#1121,#1123,#1125,#1127,#1129,#1131,#1133,#1135,#1137,#1139,#1141));
#3494=SURFACE_STYLE_USAGE(.BOTH.,#7059);
#3495=FACE_OUTER_BOUND('',#7060,.T.);
#3496=CYLINDRICAL_SURFACE('',#7061,0.5);
#3497=SURFACE_STYLE_USAGE(.BOTH.,#7062);
#3498=FACE_OUTER_BOUND('',#7063,.T.);
#3499=TOROIDAL_SURFACE('',#7064,0.0999999999999924,0.400000000000006);
#3500=SURFACE_STYLE_USAGE(.BOTH.,#7065);
#3501=FACE_OUTER_BOUND('',#7066,.T.);
#3502=CYLINDRICAL_SURFACE('',#7067,0.5);
#3503=SURFACE_STYLE_USAGE(.BOTH.,#7068);
#3504=FACE_OUTER_BOUND('',#7069,.T.);
#3505=PLANE('',#7070);
#3506=SURFACE_STYLE_USAGE(.BOTH.,#7071);
#3507=FACE_OUTER_BOUND('',#7072,.T.);
#3508=SURFACE_OF_REVOLUTION('',#7073,#7074);
#3509=SURFACE_STYLE_USAGE(.BOTH.,#7075);
#3510=FACE_OUTER_BOUND('',#7076,.T.);
#3511=CYLINDRICAL_SURFACE('',#7077,0.5);
#3512=SURFACE_STYLE_USAGE(.BOTH.,#7078);
#3513=FACE_OUTER_BOUND('',#7079,.T.);
#3514=PLANE('',#7080);
#3515=SURFACE_STYLE_USAGE(.BOTH.,#7081);
#3516=FACE_OUTER_BOUND('',#7082,.T.);
#3517=TOROIDAL_SURFACE('',#7083,0.0999999999999924,0.400000000000006);
#3518=SURFACE_STYLE_USAGE(.BOTH.,#7084);
#3519=FACE_OUTER_BOUND('',#7085,.T.);
#3520=CYLINDRICAL_SURFACE('',#7086,0.5);
#3521=SURFACE_STYLE_USAGE(.BOTH.,#7087);
#3522=FACE_OUTER_BOUND('',#7088,.T.);
#3523=SURFACE_OF_REVOLUTION('',#7089,#7090);
#3524=SURFACE_STYLE_USAGE(.BOTH.,#7091);
#3525=FACE_OUTER_BOUND('',#7092,.T.);
#3526=TOROIDAL_SURFACE('',#7093,0.1,0.399999999999998);
#3527=CURVE_STYLE('',#7094,POSITIVE_LENGTH_MEASURE(1.0E-06),#7095);
#3528=VERTEX_POINT('',#7096);
#3529=VERTEX_POINT('',#7097);
#3530=CIRCLE('',#7098,0.5);
#3531=CURVE_STYLE('',#7099,POSITIVE_LENGTH_MEASURE(1.0E-06),#7100);
#3532=VERTEX_POINT('',#7101);
#3533=LINE('',#7102,#7103);
#3534=CURVE_STYLE('',#7104,POSITIVE_LENGTH_MEASURE(1.0E-06),#7105);
#3535=VERTEX_POINT('',#7106);
#3536=CIRCLE('',#7107,0.500000000000001);
#3537=CURVE_STYLE('',#7108,POSITIVE_LENGTH_MEASURE(1.0E-06),#7109);
#3538=VERTEX_POINT('',#7110);
#3539=CIRCLE('',#7111,0.5);
#3540=CURVE_STYLE('',#7112,POSITIVE_LENGTH_MEASURE(1.0E-06),#7113);
#3541=VERTEX_POINT('',#7114);
#3542=CIRCLE('',#7115,0.4);
#3543=CURVE_STYLE('',#7116,POSITIVE_LENGTH_MEASURE(1.0E-06),#7117);
#3544=VERTEX_POINT('',#7118);
#3545=CIRCLE('',#7119,0.1);
#3546=CURVE_STYLE('',#7120,POSITIVE_LENGTH_MEASURE(1.0E-06),#7121);
#3547=VERTEX_POINT('',#7122);
#3548=CIRCLE('',#7123,0.500000000000001);
#3549=CURVE_STYLE('',#7124,POSITIVE_LENGTH_MEASURE(1.0E-06),#7125);
#3550=VERTEX_POINT('',#7126);
#3551=CIRCLE('',#7127,0.5);
#3552=CURVE_STYLE('',#7128,POSITIVE_LENGTH_MEASURE(1.0E-06),#7129);
#3553=VERTEX_POINT('',#7130);
#3554=VERTEX_POINT('',#7131);
#3555=CIRCLE('',#7132,0.1);
#3556=CURVE_STYLE('',#7133,POSITIVE_LENGTH_MEASURE(1.0E-06),#7134);
#3557=CIRCLE('',#7135,0.1);
#3558=CURVE_STYLE('',#7136,POSITIVE_LENGTH_MEASURE(1.0E-06),#7137);
#3559=VERTEX_POINT('',#7138);
#3560=B_SPLINE_CURVE_WITH_KNOTS('',3,(#7139,#7140,#7141,#7142,#7143,#7144),.UNSPECIFIED.,.F.,.F.,(4,1,1,4),(0.0,0.453929448723313,0.803647956523316,1.0),.UNSPECIFIED.);
#3561=CURVE_STYLE('',#7145,POSITIVE_LENGTH_MEASURE(1.0E-06),#7146);
#3562=CIRCLE('',#7147,0.500000000000001);
#3563=CURVE_STYLE('',#7148,POSITIVE_LENGTH_MEASURE(1.0E-06),#7149);
#3564=B_SPLINE_CURVE_WITH_KNOTS('',3,(#7150,#7151,#7152,#7153,#7154,#7155),.UNSPECIFIED.,.F.,.F.,(4,1,1,4),(0.0,0.453929448723313,0.803647956523316,1.0),.UNSPECIFIED.);
#3565=CURVE_STYLE('',#7156,POSITIVE_LENGTH_MEASURE(1.0E-06),#7157);
#3566=VERTEX_POINT('',#7158);
#3567=CIRCLE('',#7159,0.5);
#3568=CURVE_STYLE('',#7160,POSITIVE_LENGTH_MEASURE(1.0E-06),#7161);
#3569=LINE('',#7162,#7163);
#3570=CURVE_STYLE('',#7164,POSITIVE_LENGTH_MEASURE(1.0E-06),#7165);
#3571=CIRCLE('',#7166,0.500000000000001);
#3572=CURVE_STYLE('',#7167,POSITIVE_LENGTH_MEASURE(1.0E-06),#7168);
#3573=VERTEX_POINT('',#7169);
#3574=CIRCLE('',#7170,0.1);
#3575=CURVE_STYLE('',#7171,POSITIVE_LENGTH_MEASURE(1.0E-06),#7172);
#3576=CIRCLE('',#7173,0.1);
#3577=CURVE_STYLE('',#7174,POSITIVE_LENGTH_MEASURE(1.0E-06),#7175);
#3578=CIRCLE('',#7176,0.4);
#3579=CURVE_STYLE('',#7177,POSITIVE_LENGTH_MEASURE(1.0E-06),#7178);
#3580=CIRCLE('',#7179,0.5);
#3581=SURFACE_STYLE_USAGE(.BOTH.,#7180);
#3582=CLOSED_SHELL('',(#1415,#1417,#1419,#1421,#1423,#1425,#1427,#1429,#1431,#1433,#1435));
#3583=SURFACE_STYLE_USAGE(.BOTH.,#7181);
#3584=FACE_OUTER_BOUND('',#7182,.T.);
#3585=CYLINDRICAL_SURFACE('',#7183,0.5);
#3586=SURFACE_STYLE_USAGE(.BOTH.,#7184);
#3587=FACE_OUTER_BOUND('',#7185,.T.);
#3588=CONICAL_SURFACE('',#7186,1.30700790002202,0.785398163397449);
#3589=SURFACE_STYLE_USAGE(.BOTH.,#7187);
#3590=FACE_OUTER_BOUND('',#7188,.T.);
#3591=CYLINDRICAL_SURFACE('',#7189,0.400000000000001);
#3592=SURFACE_STYLE_USAGE(.BOTH.,#7190);
#3593=FACE_OUTER_BOUND('',#7191,.T.);
#3594=CYLINDRICAL_SURFACE('',#7192,0.399999999999998);
#3595=SURFACE_STYLE_USAGE(.BOTH.,#7193);
#3596=FACE_OUTER_BOUND('',#7194,.T.);
#3597=CONICAL_SURFACE('',#7195,1.30744382831362,0.785398163397449);
#3598=SURFACE_STYLE_USAGE(.BOTH.,#7196);
#3599=FACE_OUTER_BOUND('',#7197,.T.);
#3600=TOROIDAL_SURFACE('',#7198,1.2,0.149999999999999);
#3601=SURFACE_STYLE_USAGE(.BOTH.,#7199);
#3602=FACE_OUTER_BOUND('',#7200,.T.);
#3603=SPHERICAL_SURFACE('',#7201,0.599999999999999);
#3604=SURFACE_STYLE_USAGE(.BOTH.,#7202);
#3605=FACE_OUTER_BOUND('',#7203,.T.);
#3606=CYLINDRICAL_SURFACE('',#7204,0.5);
#3607=SURFACE_STYLE_USAGE(.BOTH.,#7205);
#3608=FACE_OUTER_BOUND('',#7206,.T.);
#3609=PLANE('',#7207);
#3610=SURFACE_STYLE_USAGE(.BOTH.,#7208);
#3611=FACE_OUTER_BOUND('',#7209,.T.);
#3612=PLANE('',#7210);
#3613=SURFACE_STYLE_USAGE(.BOTH.,#7211);
#3614=FACE_OUTER_BOUND('',#7212,.T.);
#3615=PLANE('',#7213);
#3616=SURFACE_STYLE_USAGE(.BOTH.,#7214);
#3617=FACE_OUTER_BOUND('',#7215,.T.);
#3618=PLANE('',#7216);
#3619=SURFACE_STYLE_USAGE(.BOTH.,#7217);
#3620=FACE_OUTER_BOUND('',#7218,.T.);
#3621=PLANE('',#7219);
#3622=SURFACE_STYLE_USAGE(.BOTH.,#7220);
#3623=FACE_OUTER_BOUND('',#7221,.T.);
#3624=PLANE('',#7222);
#3625=SURFACE_STYLE_USAGE(.BOTH.,#7223);
#3626=FACE_OUTER_BOUND('',#7224,.T.);
#3627=CYLINDRICAL_SURFACE('',#7225,0.5);
#3628=SURFACE_STYLE_USAGE(.BOTH.,#7226);
#3629=FACE_OUTER_BOUND('',#7227,.T.);
#3630=PLANE('',#7228);
#3631=SURFACE_STYLE_USAGE(.BOTH.,#7229);
#3632=FACE_OUTER_BOUND('',#7230,.T.);
#3633=PLANE('',#7231);
#3634=SURFACE_STYLE_USAGE(.BOTH.,#7232);
#3635=FACE_OUTER_BOUND('',#7233,.T.);
#3636=SPHERICAL_SURFACE('',#7234,0.599999999999999);
#3637=SURFACE_STYLE_USAGE(.BOTH.,#7235);
#3638=FACE_OUTER_BOUND('',#7236,.T.);
#3639=TOROIDAL_SURFACE('',#7237,1.2,0.149999999999999);
#3640=SURFACE_STYLE_USAGE(.BOTH.,#7238);
#3641=FACE_OUTER_BOUND('',#7239,.T.);
#3642=CYLINDRICAL_SURFACE('',#7240,1.05);
#3643=SURFACE_STYLE_USAGE(.BOTH.,#7241);
#3644=FACE_OUTER_BOUND('',#7242,.T.);
#3645=PLANE('',#7243);
#3646=SURFACE_STYLE_USAGE(.BOTH.,#7244);
#3647=FACE_OUTER_BOUND('',#7245,.T.);
#3648=PLANE('',#7246);
#3649=SURFACE_STYLE_USAGE(.BOTH.,#7247);
#3650=FACE_OUTER_BOUND('',#7248,.T.);
#3651=CONICAL_SURFACE('',#7249,1.30744382831362,0.785398163397449);
#3652=SURFACE_STYLE_USAGE(.BOTH.,#7250);
#3653=FACE_OUTER_BOUND('',#7251,.T.);
#3654=PLANE('',#7252);
#3655=SURFACE_STYLE_USAGE(.BOTH.,#7253);
#3656=FACE_OUTER_BOUND('',#7254,.T.);
#3657=PLANE('',#7255);
#3658=SURFACE_STYLE_USAGE(.BOTH.,#7256);
#3659=FACE_OUTER_BOUND('',#7257,.T.);
#3660=SPHERICAL_SURFACE('',#7258,0.149999999999999);
#3661=SURFACE_STYLE_USAGE(.BOTH.,#7259);
#3662=FACE_OUTER_BOUND('',#7260,.T.);
#3663=PLANE('',#7261);
#3664=SURFACE_STYLE_USAGE(.BOTH.,#7262);
#3665=FACE_OUTER_BOUND('',#7263,.T.);
#3666=CYLINDRICAL_SURFACE('',#7264,0.149999999999999);
#3667=SURFACE_STYLE_USAGE(.BOTH.,#7265);
#3668=FACE_OUTER_BOUND('',#7266,.T.);
#3669=PLANE('',#7267);
#3670=SURFACE_STYLE_USAGE(.BOTH.,#7268);
#3671=FACE_OUTER_BOUND('',#7269,.T.);
#3672=TOROIDAL_SURFACE('',#7270,1.2,0.149999999999999);
#3673=SURFACE_STYLE_USAGE(.BOTH.,#7271);
#3674=FACE_OUTER_BOUND('',#7272,.T.);
#3675=CYLINDRICAL_SURFACE('',#7273,0.399999999999998);
#3676=SURFACE_STYLE_USAGE(.BOTH.,#7274);
#3677=FACE_OUTER_BOUND('',#7275,.T.);
#3678=PLANE('',#7276);
#3679=SURFACE_STYLE_USAGE(.BOTH.,#7277);
#3680=FACE_OUTER_BOUND('',#7278,.T.);
#3681=PLANE('',#7279);
#3682=SURFACE_STYLE_USAGE(.BOTH.,#7280);
#3683=FACE_OUTER_BOUND('',#7281,.T.);
#3684=PLANE('',#7282);
#3685=SURFACE_STYLE_USAGE(.BOTH.,#7283);
#3686=FACE_OUTER_BOUND('',#7284,.T.);
#3687=PLANE('',#7285);
#3688=SURFACE_STYLE_USAGE(.BOTH.,#7286);
#3689=FACE_OUTER_BOUND('',#7287,.T.);
#3690=CYLINDRICAL_SURFACE('',#7288,0.400000000000001);
#3691=SURFACE_STYLE_USAGE(.BOTH.,#7289);
#3692=FACE_OUTER_BOUND('',#7290,.T.);
#3693=PLANE('',#7291);
#3694=SURFACE_STYLE_USAGE(.BOTH.,#7292);
#3695=FACE_OUTER_BOUND('',#7293,.T.);
#3696=CONICAL_SURFACE('',#7294,1.30700790002202,0.785398163397449);
#3697=SURFACE_STYLE_USAGE(.BOTH.,#7295);
#3698=FACE_OUTER_BOUND('',#7296,.T.);
#3699=CYLINDRICAL_SURFACE('',#7297,0.15);
#3700=SURFACE_STYLE_USAGE(.BOTH.,#7298);
#3701=FACE_OUTER_BOUND('',#7299,.T.);
#3702=PLANE('',#7300);
#3703=SURFACE_STYLE_USAGE(.BOTH.,#7301);
#3704=FACE_OUTER_BOUND('',#7302,.T.);
#3705=CYLINDRICAL_SURFACE('',#7303,1.05);
#3706=SURFACE_STYLE_USAGE(.BOTH.,#7304);
#3707=FACE_OUTER_BOUND('',#7305,.T.);
#3708=PLANE('',#7306);
#3709=SURFACE_STYLE_USAGE(.BOTH.,#7307);
#3710=FACE_OUTER_BOUND('',#7308,.T.);
#3711=CYLINDRICAL_SURFACE('',#7309,0.149999999999999);
#3712=SURFACE_STYLE_USAGE(.BOTH.,#7310);
#3713=FACE_OUTER_BOUND('',#7311,.T.);
#3714=PLANE('',#7312);
#3715=SURFACE_STYLE_USAGE(.BOTH.,#7313);
#3716=FACE_OUTER_BOUND('',#7314,.T.);
#3717=CYLINDRICAL_SURFACE('',#7315,0.5);
#3718=SURFACE_STYLE_USAGE(.BOTH.,#7316);
#3719=FACE_OUTER_BOUND('',#7317,.T.);
#3720=PLANE('',#7318);
#3721=SURFACE_STYLE_USAGE(.BOTH.,#7319);
#3722=FACE_OUTER_BOUND('',#7320,.T.);
#3723=PLANE('',#7321);
#3724=SURFACE_STYLE_USAGE(.BOTH.,#7322);
#3725=FACE_OUTER_BOUND('',#7323,.T.);
#3726=PLANE('',#7324);
#3727=SURFACE_STYLE_USAGE(.BOTH.,#7325);
#3728=FACE_OUTER_BOUND('',#7326,.T.);
#3729=PLANE('',#7327);
#3730=SURFACE_STYLE_USAGE(.BOTH.,#7328);
#3731=FACE_OUTER_BOUND('',#7329,.T.);
#3732=SPHERICAL_SURFACE('',#7330,0.599999999999997);
#3733=SURFACE_STYLE_USAGE(.BOTH.,#7331);
#3734=FACE_OUTER_BOUND('',#7332,.T.);
#3735=SPHERICAL_SURFACE('',#7333,0.15);
#3736=CURVE_STYLE('',#7334,POSITIVE_LENGTH_MEASURE(1.0E-06),#7335);
#3737=VERTEX_POINT('',#7336);
#3738=VERTEX_POINT('',#7337);
#3739=CIRCLE('',#7338,0.5);
#3740=CURVE_STYLE('',#7339,POSITIVE_LENGTH_MEASURE(1.0E-06),#7340);
#3741=VERTEX_POINT('',#7341);
#3742=CIRCLE('',#7342,0.5);
#3743=CURVE_STYLE('',#7343,POSITIVE_LENGTH_MEASURE(1.0E-06),#7344);
#3744=VERTEX_POINT('',#7345);
#3745=LINE('',#7346,#7347);
#3746=CURVE_STYLE('',#7348,POSITIVE_LENGTH_MEASURE(1.0E-06),#7349);
#3747=VERTEX_POINT('',#7350);
#3748=CIRCLE('',#7351,0.5);
#3749=CURVE_STYLE('',#7352,POSITIVE_LENGTH_MEASURE(1.0E-06),#7353);
#3750=VERTEX_POINT('',#7354);
#3751=CIRCLE('',#7355,0.5);
#3752=CURVE_STYLE('',#7356,POSITIVE_LENGTH_MEASURE(1.0E-06),#7357);
#3753=VERTEX_POINT('',#7358);
#3754=B_SPLINE_CURVE_WITH_KNOTS('',3,(#7359,#7360,#7361,#7362,#7363,#7364,#7365,#7366,#7367,#7368,#7369,#7370,#7371,#7372,#7373,#7374,#7375,#7376,#7377,#7378,#7379,#7380,#7381,#7382,#7383,#7384,#7385,#7386,#7387,#7388,#7389,#7390,#7391,#7392,#7393,#7394,#7395,#7396,#7397,#7398,#7399,#7400,#7401,#7402,#7403,#7404,#7405,#7406,#7407),.UNSPECIFIED.,.F.,.F.,(4,3,3,3,3,3,3,3,3,3,3,3,3,3,3,3,4),(1.48854292959925E-11,0.124761157277309,0.187131222711122,0.249497971615072,0.311967497475906,0.374537316093119,0.437120588991346,0.499656481365447,0.562115801190631,0.624504679942842,0.686871682083414,0.749507735483883,0.812290846580836,0.874961516849626,0.937415798592562,0.968658073477934,0.999999999996563),.UNSPECIFIED.);
#3755=CURVE_STYLE('',#7408,POSITIVE_LENGTH_MEASURE(1.0E-06),#7409);
#3756=VERTEX_POINT('',#7410);
#3757=B_SPLINE_CURVE_WITH_KNOTS('',3,(#7411,#7412,#7413,#7414,#7415,#7416,#7417,#7418,#7419,#7420,#7421,#7422,#7423,#7424,#7425,#7426,#7427,#7428,#7429,#7430,#7431,#7432,#7433,#7434,#7435),.UNSPECIFIED.,.F.,.F.,(4,3,3,3,3,3,3,3,4),(2.84519203337487E-12,0.125212691128864,0.250410807154155,0.37535608804032,0.500251669459191,0.625172960104412,0.750119229722345,0.875072617447864,0.999999999987058),.UNSPECIFIED.);
#3758=CURVE_STYLE('',#7436,POSITIVE_LENGTH_MEASURE(1.0E-06),#7437);
#3759=VERTEX_POINT('',#7438);
#3760=B_SPLINE_CURVE_WITH_KNOTS('',3,(#7439,#7440,#7441,#7442,#7443,#7444,#7445,#7446,#7447,#7448,#7449,#7450,#7451,#7452,#7453,#7454,#7455,#7456,#7457,#7458,#7459,#7460,#7461,#7462,#7463,#7464,#7465,#7466,#7467,#7468,#7469,#7470,#7471,#7472,#7473,#7474,#7475,#7476,#7477,#7478,#7479,#7480,#7481,#7482,#7483,#7484,#7485,#7486,#7487,#7488,#7489,#7490),.UNSPECIFIED.,.F.,.F.,(4,3,3,3,3,3,3,3,3,3,3,3,3,3,3,3,3,4),(2.35389409758606E-11,0.124998155510568,0.250057087929731,0.375000132895995,0.437491286583683,0.499792453039012,0.624767888621826,0.655922634655419,0.687094548150358,0.749757094740208,0.801405612158156,0.852987439943605,0.878916639840609,0.904810586707488,0.930595034228295,0.956376500410968,0.978176687018881,1.00000000000001),.UNSPECIFIED.);
#3761=CURVE_STYLE('',#7491,POSITIVE_LENGTH_MEASURE(1.0E-06),#7492);
#3762=VERTEX_POINT('',#7493);
#3763=CIRCLE('',#7494,1.05);
#3764=CURVE_STYLE('',#7495,POSITIVE_LENGTH_MEASURE(1.0E-06),#7496);
#3765=VERTEX_POINT('',#7497);
#3766=VERTEX_POINT('',#7498);
#3767=CIRCLE('',#7499,0.4);
#3768=CURVE_STYLE('',#7500,POSITIVE_LENGTH_MEASURE(1.0E-06),#7501);
#3769=VERTEX_POINT('',#7502);
#3770=LINE('',#7503,#7504);
#3771=CURVE_STYLE('',#7505,POSITIVE_LENGTH_MEASURE(1.0E-06),#7506);
#3772=VERTEX_POINT('',#7507);
#3773=CIRCLE('',#7508,0.4);
#3774=CURVE_STYLE('',#7509,POSITIVE_LENGTH_MEASURE(1.0E-06),#7510);
#3775=VERTEX_POINT('',#7511);
#3776=VERTEX_POINT('',#7512);
#3777=CIRCLE('',#7513,0.4);
#3778=CURVE_STYLE('',#7514,POSITIVE_LENGTH_MEASURE(1.0E-06),#7515);
#3779=VERTEX_POINT('',#7516);
#3780=LINE('',#7517,#7518);
#3781=CURVE_STYLE('',#7519,POSITIVE_LENGTH_MEASURE(1.0E-06),#7520);
#3782=VERTEX_POINT('',#7521);
#3783=CIRCLE('',#7522,0.4);
#3784=CURVE_STYLE('',#7523,POSITIVE_LENGTH_MEASURE(1.0E-06),#7524);
#3785=VERTEX_POINT('',#7525);
#3786=VERTEX_POINT('',#7526);
#3787=CIRCLE('',#7527,0.5);
#3788=CURVE_STYLE('',#7528,POSITIVE_LENGTH_MEASURE(1.0E-06),#7529);
#3789=VERTEX_POINT('',#7530);
#3790=CIRCLE('',#7531,0.5);
#3791=CURVE_STYLE('',#7532,POSITIVE_LENGTH_MEASURE(1.0E-06),#7533);
#3792=VERTEX_POINT('',#7534);
#3793=B_SPLINE_CURVE_WITH_KNOTS('',3,(#7535,#7536,#7537,#7538,#7539,#7540,#7541,#7542,#7543,#7544,#7545,#7546,#7547,#7548,#7549,#7550,#7551,#7552,#7553,#7554,#7555,#7556,#7557,#7558,#7559,#7560,#7561,#7562,#7563,#7564,#7565,#7566,#7567,#7568,#7569,#7570,#7571,#7572,#7573,#7574,#7575,#7576,#7577,#7578,#7579,#7580,#7581,#7582,#7583,#7584,#7585,#7586),.UNSPECIFIED.,.F.,.F.,(4,3,3,3,3,3,3,3,3,3,3,3,3,3,3,3,3,4),(7.54168060227812E-14,0.0313886267162612,0.0628313808900543,0.0942925818107882,0.125731195921763,0.188361393678063,0.250652559112787,0.313003805324749,0.375505908688273,0.438163776195525,0.500908453206092,0.563607275133513,0.626076364974224,0.688371120872033,0.75067328499802,0.812989104149306,0.875319386448493,1.00000000005159),.UNSPECIFIED.);
#3794=CURVE_STYLE('',#7587,POSITIVE_LENGTH_MEASURE(1.0E-06),#7588);
#3795=VERTEX_POINT('',#7589);
#3796=B_SPLINE_CURVE_WITH_KNOTS('',3,(#7590,#7591,#7592,#7593,#7594,#7595,#7596,#7597,#7598,#7599,#7600,#7601,#7602),.UNSPECIFIED.,.F.,.F.,(4,3,3,3,4),(7.46747125012263E-11,0.24994026735586,0.500076281070086,0.750136125912663,1.00000000001265),.UNSPECIFIED.);
#3797=CURVE_STYLE('',#7603,POSITIVE_LENGTH_MEASURE(1.0E-06),#7604);
#3798=VERTEX_POINT('',#7605);
#3799=CIRCLE('',#7606,1.05000000000001);
#3800=CURVE_STYLE('',#7607,POSITIVE_LENGTH_MEASURE(1.0E-06),#7608);
#3801=VERTEX_POINT('',#7609);
#3802=B_SPLINE_CURVE_WITH_KNOTS('',3,(#7610,#7611,#7612,#7613,#7614,#7615,#7616,#7617,#7618,#7619,#7620,#7621,#7622,#7623,#7624,#7625,#7626,#7627,#7628,#7629,#7630,#7631,#7632,#7633,#7634,#7635,#7636,#7637,#7638,#7639,#7640,#7641,#7642,#7643,#7644,#7645,#7646,#7647,#7648,#7649,#7650,#7651,#7652,#7653,#7654,#7655),.UNSPECIFIED.,.F.,.F.,(4,3,3,3,3,3,3,3,3,3,3,3,3,3,3,4),(1.61022382971541E-11,0.124663983376594,0.186908763822743,0.249164351551696,0.311690849519775,0.374394589606754,0.437136869996442,0.499801937601988,0.562305689949103,0.62460759786762,0.686893578419092,0.749351365705326,0.811968715047588,0.87468580988763,0.93740536523224,1.0),.UNSPECIFIED.);
#3803=CURVE_STYLE('',#7656,POSITIVE_LENGTH_MEASURE(1.0E-06),#7657);
#3804=VERTEX_POINT('',#7658);
#3805=B_SPLINE_CURVE_WITH_KNOTS('',3,(#7659,#7660,#7661,#7662,#7663,#7664,#7665,#7666,#7667,#7668,#7669,#7670,#7671,#7672,#7673,#7674,#7675,#7676,#7677,#7678,#7679,#7680,#7681,#7682,#7683,#7684,#7685,#7686),.UNSPECIFIED.,.F.,.F.,(4,3,3,3,3,3,3,3,3,4),(1.50926552349941E-12,0.124909937278232,0.187677265066764,0.250369438424938,0.3127157979245,0.375157850493794,0.500465739113422,0.625262386812086,0.750194225117593,1.00000000000388),.UNSPECIFIED.);
#3806=CURVE_STYLE('',#7687,POSITIVE_LENGTH_MEASURE(1.0E-06),#7688);
#3807=VERTEX_POINT('',#7689);
#3808=CIRCLE('',#7690,1.05);
#3809=CURVE_STYLE('',#7691,POSITIVE_LENGTH_MEASURE(1.0E-06),#7692);
#3810=VERTEX_POINT('',#7693);
#3811=VERTEX_POINT('',#7694);
#3812=CIRCLE('',#7695,1.2);
#3813=CURVE_STYLE('',#7696,POSITIVE_LENGTH_MEASURE(1.0E-06),#7697);
#3814=VERTEX_POINT('',#7698);
#3815=B_SPLINE_CURVE_WITH_KNOTS('',3,(#7699,#7700,#7701,#7702,#7703,#7704,#7705,#7706,#7707,#7708,#7709,#7710,#7711,#7712,#7713,#7714,#7715,#7716,#7717,#7718,#7719,#7720,#7721,#7722,#7723,#7724,#7725,#7726,#7727,#7728,#7729,#7730,#7731,#7732,#7733,#7734,#7735,#7736,#7737,#7738,#7739,#7740,#7741,#7742,#7743,#7744,#7745,#7746,#7747,#7748,#7749,#7750,#7751,#7752,#7753),.UNSPECIFIED.,.F.,.F.,(4,3,3,3,3,3,3,3,3,3,3,3,3,3,3,3,3,3,4),(0.0,0.0627284665681181,0.0939905859506436,0.12521649958081,0.187738739083776,0.250274259478371,0.312712094711245,0.375144859715578,0.437571302675902,0.49999417950123,0.562417059352835,0.624841848303626,0.687270352356469,0.749731080871614,0.812176435002752,0.874808977232383,0.937498359218137,0.968773093019012,0.999999999995469),.UNSPECIFIED.);
#3816=CURVE_STYLE('',#7754,POSITIVE_LENGTH_MEASURE(1.0E-06),#7755);
#3817=VERTEX_POINT('',#7756);
#3818=CIRCLE('',#7757,1.2);
#3819=CURVE_STYLE('',#7758,POSITIVE_LENGTH_MEASURE(1.0E-06),#7759);
#3820=VERTEX_POINT('',#7760);
#3821=CIRCLE('',#7761,0.15);
#3822=CURVE_STYLE('',#7762,POSITIVE_LENGTH_MEASURE(1.0E-06),#7763);
#3823=VERTEX_POINT('',#7764);
#3824=CIRCLE('',#7765,1.05);
#3825=CURVE_STYLE('',#7766,POSITIVE_LENGTH_MEASURE(1.0E-06),#7767);
#3826=VERTEX_POINT('',#7768);
#3827=B_SPLINE_CURVE_WITH_KNOTS('',3,(#7769,#7770,#7771,#7772,#7773,#7774,#7775,#7776,#7777,#7778,#7779,#7780,#7781),.UNSPECIFIED.,.F.,.F.,(4,3,3,3,4),(0.0,0.124958359866924,0.250269956184539,0.375075536482007,0.380878140255028),.UNSPECIFIED.);
#3828=CURVE_STYLE('',#7782,POSITIVE_LENGTH_MEASURE(1.0E-06),#7783);
#3829=VERTEX_POINT('',#7784);
#3830=VERTEX_POINT('',#7785);
#3831=CIRCLE('',#7786,0.449641813485566);
#3832=CURVE_STYLE('',#7787,POSITIVE_LENGTH_MEASURE(1.0E-06),#7788);
#3833=VERTEX_POINT('',#7789);
#3834=B_SPLINE_CURVE_WITH_KNOTS('',3,(#7790,#7791,#7792,#7793,#7794,#7795,#7796,#7797,#7798,#7799,#7800,#7801,#7802,#7803,#7804,#7805,#7806,#7807,#7808,#7809,#7810,#7811,#7812,#7813,#7814,#7815,#7816,#7817,#7818,#7819,#7820,#7821,#7822,#7823,#7824,#7825,#7826,#7827,#7828,#7829,#7830,#7831,#7832,#7833,#7834,#7835,#7836,#7837,#7838,#7839,#7840,#7841,#7842,#7843,#7844),.UNSPECIFIED.,.F.,.F.,(4,3,3,3,3,3,3,3,3,3,3,3,3,3,3,3,3,3,4),(0.0,0.0313343880643319,0.0625512106864284,0.125068193438813,0.18773505327671,0.250398420546879,0.312851226235414,0.375276857866045,0.437696468774989,0.500110274351817,0.562525985109399,0.624943599972035,0.6873676148071,0.749822165052526,0.812292940573461,0.874776553594623,0.937455921338817,0.968755524860012,1.00000000000469),.UNSPECIFIED.);
#3835=CURVE_STYLE('',#7845,POSITIVE_LENGTH_MEASURE(1.0E-06),#7846);
#3836=VERTEX_POINT('',#7847);
#3837=CIRCLE('',#7848,0.449641813485566);
#3838=CURVE_STYLE('',#7849,POSITIVE_LENGTH_MEASURE(1.0E-06),#7850);
#3839=VERTEX_POINT('',#7851);
#3840=CIRCLE('',#7852,0.6);
#3841=CURVE_STYLE('',#7853,POSITIVE_LENGTH_MEASURE(1.0E-06),#7854);
#3842=VERTEX_POINT('',#7855);
#3843=CIRCLE('',#7856,0.5);
#3844=CURVE_STYLE('',#7857,POSITIVE_LENGTH_MEASURE(1.0E-06),#7858);
#3845=VERTEX_POINT('',#7859);
#3846=LINE('',#7860,#7861);
#3847=CURVE_STYLE('',#7862,POSITIVE_LENGTH_MEASURE(1.0E-06),#7863);
#3848=VERTEX_POINT('',#7864);
#3849=CIRCLE('',#7865,0.5);
#3850=CURVE_STYLE('',#7866,POSITIVE_LENGTH_MEASURE(1.0E-06),#7867);
#3851=VERTEX_POINT('',#7868);
#3852=VERTEX_POINT('',#7869);
#3853=LINE('',#7870,#7871);
#3854=CURVE_STYLE('',#7872,POSITIVE_LENGTH_MEASURE(1.0E-06),#7873);
#3855=VERTEX_POINT('',#7874);
#3856=LINE('',#7875,#7876);
#3857=CURVE_STYLE('',#7877,POSITIVE_LENGTH_MEASURE(1.0E-06),#7878);
#3858=VERTEX_POINT('',#7879);
#3859=LINE('',#7880,#7881);
#3860=CURVE_STYLE('',#7882,POSITIVE_LENGTH_MEASURE(1.0E-06),#7883);
#3861=LINE('',#7884,#7885);
#3862=CURVE_STYLE('',#7886,POSITIVE_LENGTH_MEASURE(1.0E-06),#7887);
#3863=VERTEX_POINT('',#7888);
#3864=VERTEX_POINT('',#7889);
#3865=LINE('',#7890,#7891);
#3866=CURVE_STYLE('',#7892,POSITIVE_LENGTH_MEASURE(1.0E-06),#7893);
#3867=VERTEX_POINT('',#7894);
#3868=LINE('',#7895,#7896);
#3869=CURVE_STYLE('',#7897,POSITIVE_LENGTH_MEASURE(1.0E-06),#7898);
#3870=VERTEX_POINT('',#7899);
#3871=LINE('',#7900,#7901);
#3872=CURVE_STYLE('',#7902,POSITIVE_LENGTH_MEASURE(1.0E-06),#7903);
#3873=VERTEX_POINT('',#7904);
#3874=LINE('',#7905,#7906);
#3875=CURVE_STYLE('',#7907,POSITIVE_LENGTH_MEASURE(1.0E-06),#7908);
#3876=LINE('',#7909,#7910);
#3877=CURVE_STYLE('',#7911,POSITIVE_LENGTH_MEASURE(1.0E-06),#7912);
#3878=VERTEX_POINT('',#7913);
#3879=LINE('',#7914,#7915);
#3880=CURVE_STYLE('',#7916,POSITIVE_LENGTH_MEASURE(1.0E-06),#7917);
#3881=VERTEX_POINT('',#7918);
#3882=LINE('',#7919,#7920);
#3883=CURVE_STYLE('',#7921,POSITIVE_LENGTH_MEASURE(1.0E-06),#7922);
#3884=LINE('',#7923,#7924);
#3885=CURVE_STYLE('',#7925,POSITIVE_LENGTH_MEASURE(1.0E-06),#7926);
#3886=VERTEX_POINT('',#7927);
#3887=CIRCLE('',#7928,0.4);
#3888=CURVE_STYLE('',#7929,POSITIVE_LENGTH_MEASURE(1.0E-06),#7930);
#3889=LINE('',#7931,#7932);
#3890=CURVE_STYLE('',#7933,POSITIVE_LENGTH_MEASURE(1.0E-06),#7934);
#3891=VERTEX_POINT('',#7935);
#3892=CIRCLE('',#7936,0.4);
#3893=CURVE_STYLE('',#7937,POSITIVE_LENGTH_MEASURE(1.0E-06),#7938);
#3894=VERTEX_POINT('',#7939);
#3895=LINE('',#7940,#7941);
#3896=CURVE_STYLE('',#7942,POSITIVE_LENGTH_MEASURE(1.0E-06),#7943);
#3897=LINE('',#7944,#7945);
#3898=CURVE_STYLE('',#7946,POSITIVE_LENGTH_MEASURE(1.0E-06),#7947);
#3899=VERTEX_POINT('',#7948);
#3900=LINE('',#7949,#7950);
#3901=CURVE_STYLE('',#7951,POSITIVE_LENGTH_MEASURE(1.0E-06),#7952);
#3902=VERTEX_POINT('',#7953);
#3903=LINE('',#7954,#7955);
#3904=CURVE_STYLE('',#7956,POSITIVE_LENGTH_MEASURE(1.0E-06),#7957);
#3905=VERTEX_POINT('',#7958);
#3906=LINE('',#7959,#7960);
#3907=CURVE_STYLE('',#7961,POSITIVE_LENGTH_MEASURE(1.0E-06),#7962);
#3908=LINE('',#7963,#7964);
#3909=CURVE_STYLE('',#7965,POSITIVE_LENGTH_MEASURE(1.0E-06),#7966);
#3910=VERTEX_POINT('',#7967);
#3911=LINE('',#7968,#7969);
#3912=CURVE_STYLE('',#7970,POSITIVE_LENGTH_MEASURE(1.0E-06),#7971);
#3913=VERTEX_POINT('',#7972);
#3914=LINE('',#7973,#7974);
#3915=CURVE_STYLE('',#7975,POSITIVE_LENGTH_MEASURE(1.0E-06),#7976);
#3916=LINE('',#7977,#7978);
#3917=CURVE_STYLE('',#7979,POSITIVE_LENGTH_MEASURE(1.0E-06),#7980);
#3918=VERTEX_POINT('',#7981);
#3919=LINE('',#7982,#7983);
#3920=CURVE_STYLE('',#7984,POSITIVE_LENGTH_MEASURE(1.0E-06),#7985);
#3921=LINE('',#7986,#7987);
#3922=CURVE_STYLE('',#7988,POSITIVE_LENGTH_MEASURE(1.0E-06),#7989);
#3923=VERTEX_POINT('',#7990);
#3924=LINE('',#7991,#7992);
#3925=CURVE_STYLE('',#7993,POSITIVE_LENGTH_MEASURE(1.0E-06),#7994);
#3926=LINE('',#7995,#7996);
#3927=CURVE_STYLE('',#7997,POSITIVE_LENGTH_MEASURE(1.0E-06),#7998);
#3928=VERTEX_POINT('',#7999);
#3929=CIRCLE('',#8000,0.5);
#3930=CURVE_STYLE('',#8001,POSITIVE_LENGTH_MEASURE(1.0E-06),#8002);
#3931=LINE('',#8003,#8004);
#3932=CURVE_STYLE('',#8005,POSITIVE_LENGTH_MEASURE(1.0E-06),#8006);
#3933=VERTEX_POINT('',#8007);
#3934=LINE('',#8008,#8009);
#3935=CURVE_STYLE('',#8010,POSITIVE_LENGTH_MEASURE(1.0E-06),#8011);
#3936=CIRCLE('',#8012,1.05000000000001);
#3937=CURVE_STYLE('',#8013,POSITIVE_LENGTH_MEASURE(1.0E-06),#8014);
#3938=VERTEX_POINT('',#8015);
#3939=LINE('',#8016,#8017);
#3940=CURVE_STYLE('',#8018,POSITIVE_LENGTH_MEASURE(1.0E-06),#8019);
#3941=VERTEX_POINT('',#8020);
#3942=B_SPLINE_CURVE_WITH_KNOTS('',3,(#8021,#8022,#8023,#8024,#8025,#8026,#8027,#8028,#8029,#8030,#8031,#8032,#8033,#8034,#8035,#8036,#8037,#8038,#8039,#8040,#8041,#8042,#8043,#8044,#8045,#8046,#8047,#8048,#8049,#8050,#8051,#8052,#8053,#8054,#8055,#8056,#8057,#8058,#8059,#8060,#8061,#8062,#8063,#8064,#8065,#8066,#8067,#8068,#8069),.UNSPECIFIED.,.F.,.F.,(4,3,3,3,3,3,3,3,3,3,3,3,3,3,3,3,4),(7.53973513359401E-12,0.124761157276618,0.187131222710138,0.249497971613807,0.31196749747896,0.374537316095936,0.437120588989347,0.499656481367717,0.562115801192638,0.624504679940067,0.686871682084928,0.749507735484985,0.812290846581428,0.87496151685421,0.937415798592081,0.968658073482246,1.0),.UNSPECIFIED.);
#3943=CURVE_STYLE('',#8070,POSITIVE_LENGTH_MEASURE(1.0E-06),#8071);
#3944=LINE('',#8072,#8073);
#3945=CURVE_STYLE('',#8074,POSITIVE_LENGTH_MEASURE(1.0E-06),#8075);
#3946=VERTEX_POINT('',#8076);
#3947=CIRCLE('',#8077,0.6);
#3948=CURVE_STYLE('',#8078,POSITIVE_LENGTH_MEASURE(1.0E-06),#8079);
#3949=CIRCLE('',#8080,0.449641813485566);
#3950=CURVE_STYLE('',#8081,POSITIVE_LENGTH_MEASURE(1.0E-06),#8082);
#3951=VERTEX_POINT('',#8083);
#3952=B_SPLINE_CURVE_WITH_KNOTS('',3,(#8084,#8085,#8086,#8087,#8088,#8089,#8090,#8091,#8092,#8093,#8094,#8095,#8096,#8097,#8098,#8099,#8100,#8101,#8102,#8103,#8104,#8105,#8106,#8107,#8108,#8109,#8110,#8111),.UNSPECIFIED.,.F.,.F.,(4,3,3,3,3,3,3,3,3,4),(0.380878140255028,0.499666316314018,0.62465831809512,0.687179818638927,0.749517812944912,0.812199648819888,0.874706769125353,0.937224877954968,0.968634297521791,0.999999999998949),.UNSPECIFIED.);
#3953=CURVE_STYLE('',#8112,POSITIVE_LENGTH_MEASURE(1.0E-06),#8113);
#3954=CIRCLE('',#8114,1.2);
#3955=CURVE_STYLE('',#8115,POSITIVE_LENGTH_MEASURE(1.0E-06),#8116);
#3956=VERTEX_POINT('',#8117);
#3957=LINE('',#8118,#8119);
#3958=CURVE_STYLE('',#8120,POSITIVE_LENGTH_MEASURE(1.0E-06),#8121);
#3959=VERTEX_POINT('',#8122);
#3960=CIRCLE('',#8123,1.05);
#3961=CURVE_STYLE('',#8124,POSITIVE_LENGTH_MEASURE(1.0E-06),#8125);
#3962=VERTEX_POINT('',#8126);
#3963=LINE('',#8127,#8128);
#3964=CURVE_STYLE('',#8129,POSITIVE_LENGTH_MEASURE(1.0E-06),#8130);
#3965=CIRCLE('',#8131,1.05);
#3966=CURVE_STYLE('',#8132,POSITIVE_LENGTH_MEASURE(1.0E-06),#8133);
#3967=VERTEX_POINT('',#8134);
#3968=VERTEX_POINT('',#8135);
#3969=LINE('',#8136,#8137);
#3970=CURVE_STYLE('',#8138,POSITIVE_LENGTH_MEASURE(1.0E-06),#8139);
#3971=VERTEX_POINT('',#8140);
#3972=LINE('',#8141,#8142);
#3973=CURVE_STYLE('',#8143,POSITIVE_LENGTH_MEASURE(1.0E-06),#8144);
#3974=LINE('',#8145,#8146);
#3975=CURVE_STYLE('',#8147,POSITIVE_LENGTH_MEASURE(1.0E-06),#8148);
#3976=VERTEX_POINT('',#8149);
#3977=LINE('',#8150,#8151);
#3978=CURVE_STYLE('',#8152,POSITIVE_LENGTH_MEASURE(1.0E-06),#8153);
#3979=LINE('',#8154,#8155);
#3980=CURVE_STYLE('',#8156,POSITIVE_LENGTH_MEASURE(1.0E-06),#8157);
#3981=VERTEX_POINT('',#8158);
#3982=LINE('',#8159,#8160);
#3983=CURVE_STYLE('',#8161,POSITIVE_LENGTH_MEASURE(1.0E-06),#8162);
#3984=LINE('',#8163,#8164);
#3985=CURVE_STYLE('',#8165,POSITIVE_LENGTH_MEASURE(1.0E-06),#8166);
#3986=VERTEX_POINT('',#8167);
#3987=B_SPLINE_CURVE_WITH_KNOTS('',3,(#8168,#8169,#8170,#8171,#8172,#8173,#8174,#8175,#8176,#8177,#8178,#8179,#8180,#8181,#8182,#8183,#8184,#8185,#8186,#8187,#8188,#8189,#8190,#8191,#8192,#8193,#8194,#8195,#8196,#8197,#8198,#8199,#8200,#8201,#8202,#8203,#8204,#8205,#8206,#8207,#8208,#8209,#8210,#8211,#8212,#8213,#8214,#8215,#8216,#8217,#8218,#8219),.UNSPECIFIED.,.F.,.F.,(4,3,3,3,3,3,3,3,3,3,3,3,3,3,3,3,3,4),(6.62114466231479E-14,0.124998155510567,0.250057087929731,0.375000132895992,0.437491286583685,0.499792453039019,0.624767888621833,0.655922634655424,0.687094548150359,0.749757094740206,0.80140561215816,0.852987439943611,0.878916639840617,0.904810586707501,0.930595034228307,0.956376500410978,0.978176687018885,1.00000000000001),.UNSPECIFIED.);
#3988=CURVE_STYLE('',#8220,POSITIVE_LENGTH_MEASURE(1.0E-06),#8221);
#3989=B_SPLINE_CURVE_WITH_KNOTS('',3,(#8222,#8223,#8224,#8225,#8226,#8227,#8228,#8229,#8230,#8231,#8232,#8233,#8234,#8235,#8236,#8237,#8238,#8239,#8240,#8241,#8242,#8243,#8244,#8245,#8246),.UNSPECIFIED.,.F.,.F.,(4,3,3,3,3,3,3,3,4),(4.6891862899568E-12,0.125212691128861,0.250410807154134,0.375356088040253,0.500251669459056,0.625172960104226,0.750119229722155,0.875072617447863,1.0),.UNSPECIFIED.);
#3990=CURVE_STYLE('',#8247,POSITIVE_LENGTH_MEASURE(1.0E-06),#8248);
#3991=VERTEX_POINT('',#8249);
#3992=LINE('',#8250,#8251);
#3993=CURVE_STYLE('',#8252,POSITIVE_LENGTH_MEASURE(1.0E-06),#8253);
#3994=LINE('',#8254,#8255);
#3995=CURVE_STYLE('',#8256,POSITIVE_LENGTH_MEASURE(1.0E-06),#8257);
#3996=VERTEX_POINT('',#8258);
#3997=LINE('',#8259,#8260);
#3998=CURVE_STYLE('',#8261,POSITIVE_LENGTH_MEASURE(1.0E-06),#8262);
#3999=LINE('',#8263,#8264);
#4000=CURVE_STYLE('',#8265,POSITIVE_LENGTH_MEASURE(1.0E-06),#8266);
#4001=VERTEX_POINT('',#8267);
#4002=CIRCLE('',#8268,0.149999999999999);
#4003=CURVE_STYLE('',#8269,POSITIVE_LENGTH_MEASURE(1.0E-06),#8270);
#4004=CIRCLE('',#8271,0.15);
#4005=CURVE_STYLE('',#8272,POSITIVE_LENGTH_MEASURE(1.0E-06),#8273);
#4006=CIRCLE('',#8274,0.15);
#4007=CURVE_STYLE('',#8275,POSITIVE_LENGTH_MEASURE(1.0E-06),#8276);
#4008=VERTEX_POINT('',#8277);
#4009=LINE('',#8278,#8279);
#4010=CURVE_STYLE('',#8280,POSITIVE_LENGTH_MEASURE(1.0E-06),#8281);
#4011=VERTEX_POINT('',#8282);
#4012=LINE('',#8283,#8284);
#4013=CURVE_STYLE('',#8285,POSITIVE_LENGTH_MEASURE(1.0E-06),#8286);
#4014=VERTEX_POINT('',#8287);
#4015=LINE('',#8288,#8289);
#4016=CURVE_STYLE('',#8290,POSITIVE_LENGTH_MEASURE(1.0E-06),#8291);
#4017=LINE('',#8292,#8293);
#4018=CURVE_STYLE('',#8294,POSITIVE_LENGTH_MEASURE(1.0E-06),#8295);
#4019=VERTEX_POINT('',#8296);
#4020=B_SPLINE_CURVE_WITH_KNOTS('',3,(#8297,#8298,#8299,#8300,#8301,#8302,#8303,#8304,#8305,#8306,#8307,#8308,#8309,#8310,#8311,#8312,#8313,#8314,#8315,#8316,#8317,#8318,#8319,#8320,#8321,#8322,#8323,#8324),.UNSPECIFIED.,.F.,.F.,(4,3,3,3,3,3,3,3,3,4),(1.43565732039214E-12,0.124909937278227,0.187677265066759,0.250369438424935,0.312715797924502,0.375157850493784,0.500465739113413,0.625262386812084,0.750194225117581,0.999999999937285),.UNSPECIFIED.);
#4021=CURVE_STYLE('',#8325,POSITIVE_LENGTH_MEASURE(1.0E-06),#8326);
#4022=LINE('',#8327,#8328);
#4023=CURVE_STYLE('',#8329,POSITIVE_LENGTH_MEASURE(1.0E-06),#8330);
#4024=CIRCLE('',#8331,0.149999999999999);
#4025=CURVE_STYLE('',#8332,POSITIVE_LENGTH_MEASURE(1.0E-06),#8333);
#4026=LINE('',#8334,#8335);
#4027=CURVE_STYLE('',#8336,POSITIVE_LENGTH_MEASURE(1.0E-06),#8337);
#4028=VERTEX_POINT('',#8338);
#4029=LINE('',#8339,#8340);
#4030=CURVE_STYLE('',#8341,POSITIVE_LENGTH_MEASURE(1.0E-06),#8342);
#4031=LINE('',#8343,#8344);
#4032=CURVE_STYLE('',#8345,POSITIVE_LENGTH_MEASURE(1.0E-06),#8346);
#4033=CIRCLE('',#8347,1.2);
#4034=CURVE_STYLE('',#8348,POSITIVE_LENGTH_MEASURE(1.0E-06),#8349);
#4035=VERTEX_POINT('',#8350);
#4036=CIRCLE('',#8351,1.2);
#4037=CURVE_STYLE('',#8352,POSITIVE_LENGTH_MEASURE(1.0E-06),#8353);
#4038=B_SPLINE_CURVE_WITH_KNOTS('',3,(#8354,#8355,#8356,#8357,#8358,#8359,#8360,#8361,#8362,#8363,#8364,#8365,#8366,#8367,#8368,#8369,#8370,#8371,#8372,#8373,#8374,#8375,#8376,#8377,#8378,#8379,#8380,#8381,#8382,#8383,#8384,#8385,#8386,#8387,#8388,#8389,#8390),.UNSPECIFIED.,.F.,.F.,(4,3,3,3,3,3,3,3,3,3,3,3,4),(4.00102357753491E-12,0.0313657024782094,0.0627751220450321,0.125293230874646,0.187800351180111,0.250482187055089,0.312820181361078,0.375341681904887,0.50033368368599,0.624924463517995,0.749730043816153,0.87504164013345,1.0),.UNSPECIFIED.);
#4039=CURVE_STYLE('',#8391,POSITIVE_LENGTH_MEASURE(1.0E-06),#8392);
#4040=VERTEX_POINT('',#8393);
#4041=CIRCLE('',#8394,0.4);
#4042=CURVE_STYLE('',#8395,POSITIVE_LENGTH_MEASURE(1.0E-06),#8396);
#4043=LINE('',#8397,#8398);
#4044=CURVE_STYLE('',#8399,POSITIVE_LENGTH_MEASURE(1.0E-06),#8400);
#4045=LINE('',#8401,#8402);
#4046=CURVE_STYLE('',#8403,POSITIVE_LENGTH_MEASURE(1.0E-06),#8404);
#4047=LINE('',#8405,#8406);
#4048=CURVE_STYLE('',#8407,POSITIVE_LENGTH_MEASURE(1.0E-06),#8408);
#4049=VERTEX_POINT('',#8409);
#4050=LINE('',#8410,#8411);
#4051=CURVE_STYLE('',#8412,POSITIVE_LENGTH_MEASURE(1.0E-06),#8413);
#4052=LINE('',#8414,#8415);
#4053=CURVE_STYLE('',#8416,POSITIVE_LENGTH_MEASURE(1.0E-06),#8417);
#4054=VERTEX_POINT('',#8418);
#4055=LINE('',#8419,#8420);
#4056=CURVE_STYLE('',#8421,POSITIVE_LENGTH_MEASURE(1.0E-06),#8422);
#4057=LINE('',#8423,#8424);
#4058=CURVE_STYLE('',#8425,POSITIVE_LENGTH_MEASURE(1.0E-06),#8426);
#4059=VERTEX_POINT('',#8427);
#4060=VERTEX_POINT('',#8428);
#4061=LINE('',#8429,#8430);
#4062=CURVE_STYLE('',#8431,POSITIVE_LENGTH_MEASURE(1.0E-06),#8432);
#4063=VERTEX_POINT('',#8433);
#4064=LINE('',#8434,#8435);
#4065=CURVE_STYLE('',#8436,POSITIVE_LENGTH_MEASURE(1.0E-06),#8437);
#4066=B_SPLINE_CURVE_WITH_KNOTS('',3,(#8438,#8439,#8440,#8441,#8442,#8443,#8444,#8445,#8446,#8447,#8448,#8449,#8450),.UNSPECIFIED.,.F.,.F.,(4,3,3,3,4),(3.65806824029928E-11,0.249940267355577,0.50007628106987,0.750136125912567,1.00000000000103),.UNSPECIFIED.);
#4067=CURVE_STYLE('',#8451,POSITIVE_LENGTH_MEASURE(1.0E-06),#8452);
#4068=LINE('',#8453,#8454);
#4069=CURVE_STYLE('',#8455,POSITIVE_LENGTH_MEASURE(1.0E-06),#8456);
#4070=CIRCLE('',#8457,0.4);
#4071=CURVE_STYLE('',#8458,POSITIVE_LENGTH_MEASURE(1.0E-06),#8459);
#4072=LINE('',#8460,#8461);
#4073=CURVE_STYLE('',#8462,POSITIVE_LENGTH_MEASURE(1.0E-06),#8463);
#4074=B_SPLINE_CURVE_WITH_KNOTS('',3,(#8464,#8465,#8466,#8467,#8468,#8469,#8470,#8471,#8472,#8473,#8474,#8475,#8476,#8477,#8478,#8479,#8480,#8481,#8482,#8483,#8484,#8485,#8486,#8487,#8488,#8489,#8490,#8491,#8492,#8493,#8494,#8495,#8496,#8497,#8498,#8499,#8500,#8501,#8502,#8503,#8504,#8505,#8506,#8507,#8508,#8509,#8510,#8511,#8512,#8513,#8514,#8515),.UNSPECIFIED.,.F.,.F.,(4,3,3,3,3,3,3,3,3,3,3,3,3,3,3,3,3,4),(0.0,0.0313886267148882,0.062831380887607,0.0942925818076043,0.125731195918197,0.188361393674748,0.250652559108283,0.313003805318374,0.375505908684478,0.438163776194464,0.500908453203478,0.563607275129685,0.626076364974002,0.68837112087489,0.750673284999369,0.812989104149143,0.875319386446906,1.00000000000292),.UNSPECIFIED.);
#4075=CURVE_STYLE('',#8516,POSITIVE_LENGTH_MEASURE(1.0E-06),#8517);
#4076=CIRCLE('',#8518,1.05);
#4077=CURVE_STYLE('',#8519,POSITIVE_LENGTH_MEASURE(1.0E-06),#8520);
#4078=LINE('',#8521,#8522);
#4079=CURVE_STYLE('',#8523,POSITIVE_LENGTH_MEASURE(1.0E-06),#8524);
#4080=CIRCLE('',#8525,0.15);
#4081=CURVE_STYLE('',#8526,POSITIVE_LENGTH_MEASURE(1.0E-06),#8527);
#4082=LINE('',#8528,#8529);
#4083=CURVE_STYLE('',#8530,POSITIVE_LENGTH_MEASURE(1.0E-06),#8531);
#4084=VERTEX_POINT('',#8532);
#4085=LINE('',#8533,#8534);
#4086=CURVE_STYLE('',#8535,POSITIVE_LENGTH_MEASURE(1.0E-06),#8536);
#4087=LINE('',#8537,#8538);
#4088=CURVE_STYLE('',#8539,POSITIVE_LENGTH_MEASURE(1.0E-06),#8540);
#4089=CIRCLE('',#8541,0.15);
#4090=CURVE_STYLE('',#8542,POSITIVE_LENGTH_MEASURE(1.0E-06),#8543);
#4091=LINE('',#8544,#8545);
#4092=CURVE_STYLE('',#8546,POSITIVE_LENGTH_MEASURE(1.0E-06),#8547);
#4093=CIRCLE('',#8548,0.5);
#4094=CURVE_STYLE('',#8549,POSITIVE_LENGTH_MEASURE(1.0E-06),#8550);
#4095=CIRCLE('',#8551,0.449641813485566);
#4096=CURVE_STYLE('',#8552,POSITIVE_LENGTH_MEASURE(1.0E-06),#8553);
#4097=LINE('',#8554,#8555);
#4098=CURVE_STYLE('',#8556,POSITIVE_LENGTH_MEASURE(1.0E-06),#8557);
#4099=CIRCLE('',#8558,0.449641813485566);
#4100=SURFACE_STYLE_USAGE(.BOTH.,#8559);
#4101=CLOSED_SHELL('',(#1479,#1481,#1483,#1485,#1487,#1489,#1491,#1493,#1495,#1497,#1499,#1501,#1503,#1505,#1507,#1509,#1511,#1513,#1515,#1517,#1519,#1521,#1523,#1525,#1527,#1529,#1531,#1533,#1535,#1537,#1539,#1541,#1543,#1545,#1547,#1549,#1551,#1553,#1555,#1557,#1559,#1561,#1563,#1565,#1567,#1569,#1571,#1573,#1575,#1577,#1579));
#4102=SURFACE_STYLE_USAGE(.BOTH.,#8560);
#4103=FACE_OUTER_BOUND('',#8561,.T.);
#4104=CYLINDRICAL_SURFACE('',#8562,0.279909999999999);
#4105=SURFACE_STYLE_USAGE(.BOTH.,#8563);
#4106=FACE_OUTER_BOUND('',#8564,.T.);
#4107=CYLINDRICAL_SURFACE('',#8565,0.282769999999997);
#4108=SURFACE_STYLE_USAGE(.BOTH.,#8566);
#4109=FACE_OUTER_BOUND('',#8567,.T.);
#4110=CYLINDRICAL_SURFACE('',#8568,0.282770000000008);
#4111=SURFACE_STYLE_USAGE(.BOTH.,#8569);
#4112=FACE_OUTER_BOUND('',#8570,.T.);
#4113=CYLINDRICAL_SURFACE('',#8571,0.27990999999999);
#4114=SURFACE_STYLE_USAGE(.BOTH.,#8572);
#4115=FACE_OUTER_BOUND('',#8573,.T.);
#4116=CYLINDRICAL_SURFACE('',#8574,0.373210000000001);
#4117=SURFACE_STYLE_USAGE(.BOTH.,#8575);
#4118=FACE_OUTER_BOUND('',#8576,.T.);
#4119=CYLINDRICAL_SURFACE('',#8577,0.373209999999999);
#4120=SURFACE_STYLE_USAGE(.BOTH.,#8578);
#4121=FACE_OUTER_BOUND('',#8579,.T.);
#4122=CYLINDRICAL_SURFACE('',#8580,0.373210000000011);
#4123=SURFACE_STYLE_USAGE(.BOTH.,#8581);
#4124=FACE_OUTER_BOUND('',#8582,.T.);
#4125=CYLINDRICAL_SURFACE('',#8583,0.373209999999995);
#4126=SURFACE_STYLE_USAGE(.BOTH.,#8584);
#4127=FACE_OUTER_BOUND('',#8585,.T.);
#4128=CYLINDRICAL_SURFACE('',#8586,0.282769999999999);
#4129=SURFACE_STYLE_USAGE(.BOTH.,#8587);
#4130=FACE_OUTER_BOUND('',#8588,.T.);
#4131=CYLINDRICAL_SURFACE('',#8589,0.27991);
#4132=SURFACE_STYLE_USAGE(.BOTH.,#8590);
#4133=FACE_OUTER_BOUND('',#8591,.T.);
#4134=CYLINDRICAL_SURFACE('',#8592,0.279910000000002);
#4135=SURFACE_STYLE_USAGE(.BOTH.,#8593);
#4136=FACE_OUTER_BOUND('',#8594,.T.);
#4137=CYLINDRICAL_SURFACE('',#8595,0.279909999999997);
#4138=SURFACE_STYLE_USAGE(.BOTH.,#8596);
#4139=FACE_OUTER_BOUND('',#8597,.T.);
#4140=CYLINDRICAL_SURFACE('',#8598,0.279910000000002);
#4141=SURFACE_STYLE_USAGE(.BOTH.,#8599);
#4142=FACE_OUTER_BOUND('',#8600,.T.);
#4143=CYLINDRICAL_SURFACE('',#8601,0.282770000000006);
#4144=SURFACE_STYLE_USAGE(.BOTH.,#8602);
#4145=FACE_OUTER_BOUND('',#8603,.T.);
#4146=CYLINDRICAL_SURFACE('',#8604,0.500000000000001);
#4147=SURFACE_STYLE_USAGE(.BOTH.,#8605);
#4148=FACE_OUTER_BOUND('',#8606,.T.);
#4149=CYLINDRICAL_SURFACE('',#8607,1.05);
#4150=SURFACE_STYLE_USAGE(.BOTH.,#8608);
#4151=FACE_OUTER_BOUND('',#8609,.T.);
#4152=CONICAL_SURFACE('',#8610,1.01000525000001,0.785398163397449);
#4153=SURFACE_STYLE_USAGE(.BOTH.,#8611);
#4154=FACE_OUTER_BOUND('',#8612,.T.);
#4155=CYLINDRICAL_SURFACE('',#8613,0.599999999999997);
#4156=SURFACE_STYLE_USAGE(.BOTH.,#8614);
#4157=FACE_OUTER_BOUND('',#8615,.T.);
#4158=TOROIDAL_SURFACE('',#8616,0.800000000000008,0.500000000000001);
#4159=SURFACE_STYLE_USAGE(.BOTH.,#8617);
#4160=FACE_OUTER_BOUND('',#8618,.T.);
#4161=CYLINDRICAL_SURFACE('',#8619,1.05);
#4162=SURFACE_STYLE_USAGE(.BOTH.,#8620);
#4163=FACE_OUTER_BOUND('',#8621,.T.);
#4164=CYLINDRICAL_SURFACE('',#8622,1.3);
#4165=SURFACE_STYLE_USAGE(.BOTH.,#8623);
#4166=FACE_OUTER_BOUND('',#8624,.T.);
#4167=CYLINDRICAL_SURFACE('',#8625,0.599999999999995);
#4168=SURFACE_STYLE_USAGE(.BOTH.,#8626);
#4169=FACE_OUTER_BOUND('',#8627,.T.);
#4170=CYLINDRICAL_SURFACE('',#8628,0.500000000000001);
#4171=SURFACE_STYLE_USAGE(.BOTH.,#8629);
#4172=FACE_OUTER_BOUND('',#8630,.T.);
#4173=CONICAL_SURFACE('',#8631,1.01000525,0.78539816339745);
#4174=SURFACE_STYLE_USAGE(.BOTH.,#8632);
#4175=FACE_OUTER_BOUND('',#8633,.T.);
#4176=TOROIDAL_SURFACE('',#8634,0.800000000000016,0.499999999999996);
#4177=SURFACE_STYLE_USAGE(.BOTH.,#8635);
#4178=FACE_OUTER_BOUND('',#8636,.T.);
#4179=CYLINDRICAL_SURFACE('',#8637,1.3);
#4180=SURFACE_STYLE_USAGE(.BOTH.,#8638);
#4181=FACE_OUTER_BOUND('',#8639,.T.);
#4182=CYLINDRICAL_SURFACE('',#8640,0.599999999999995);
#4183=SURFACE_STYLE_USAGE(.BOTH.,#8641);
#4184=FACE_OUTER_BOUND('',#8642,.T.);
#4185=CYLINDRICAL_SURFACE('',#8643,1.05);
#4186=SURFACE_STYLE_USAGE(.BOTH.,#8644);
#4187=FACE_OUTER_BOUND('',#8645,.T.);
#4188=CYLINDRICAL_SURFACE('',#8646,1.05);
#4189=SURFACE_STYLE_USAGE(.BOTH.,#8647);
#4190=FACE_OUTER_BOUND('',#8648,.T.);
#4191=CYLINDRICAL_SURFACE('',#8649,0.600000000000001);
#4192=SURFACE_STYLE_USAGE(.BOTH.,#8650);
#4193=FACE_OUTER_BOUND('',#8651,.T.);
#4194=PLANE('',#8652);
#4195=SURFACE_STYLE_USAGE(.BOTH.,#8653);
#4196=FACE_OUTER_BOUND('',#8654,.T.);
#4197=PLANE('',#8655);
#4198=SURFACE_STYLE_USAGE(.BOTH.,#8656);
#4199=FACE_OUTER_BOUND('',#8657,.T.);
#4200=PLANE('',#8658);
#4201=SURFACE_STYLE_USAGE(.BOTH.,#8659);
#4202=FACE_OUTER_BOUND('',#8660,.T.);
#4203=PLANE('',#8661);
#4204=SURFACE_STYLE_USAGE(.BOTH.,#8662);
#4205=FACE_OUTER_BOUND('',#8663,.T.);
#4206=PLANE('',#8664);
#4207=SURFACE_STYLE_USAGE(.BOTH.,#8665);
#4208=FACE_OUTER_BOUND('',#8666,.T.);
#4209=PLANE('',#8667);
#4210=SURFACE_STYLE_USAGE(.BOTH.,#8668);
#4211=FACE_OUTER_BOUND('',#8669,.T.);
#4212=PLANE('',#8670);
#4213=SURFACE_STYLE_USAGE(.BOTH.,#8671);
#4214=FACE_OUTER_BOUND('',#8672,.T.);
#4215=PLANE('',#8673);
#4216=SURFACE_STYLE_USAGE(.BOTH.,#8674);
#4217=FACE_OUTER_BOUND('',#8675,.T.);
#4218=PLANE('',#8676);
#4219=SURFACE_STYLE_USAGE(.BOTH.,#8677);
#4220=FACE_OUTER_BOUND('',#8678,.T.);
#4221=PLANE('',#8679);
#4222=SURFACE_STYLE_USAGE(.BOTH.,#8680);
#4223=FACE_OUTER_BOUND('',#8681,.T.);
#4224=PLANE('',#8682);
#4225=SURFACE_STYLE_USAGE(.BOTH.,#8683);
#4226=FACE_OUTER_BOUND('',#8684,.T.);
#4227=PLANE('',#8685);
#4228=SURFACE_STYLE_USAGE(.BOTH.,#8686);
#4229=FACE_OUTER_BOUND('',#8687,.T.);
#4230=PLANE('',#8688);
#4231=SURFACE_STYLE_USAGE(.BOTH.,#8689);
#4232=FACE_OUTER_BOUND('',#8690,.T.);
#4233=PLANE('',#8691);
#4234=SURFACE_STYLE_USAGE(.BOTH.,#8692);
#4235=FACE_OUTER_BOUND('',#8693,.T.);
#4236=PLANE('',#8694);
#4237=SURFACE_STYLE_USAGE(.BOTH.,#8695);
#4238=FACE_OUTER_BOUND('',#8696,.T.);
#4239=PLANE('',#8697);
#4240=SURFACE_STYLE_USAGE(.BOTH.,#8698);
#4241=FACE_OUTER_BOUND('',#8699,.T.);
#4242=PLANE('',#8700);
#4243=SURFACE_STYLE_USAGE(.BOTH.,#8701);
#4244=FACE_OUTER_BOUND('',#8702,.T.);
#4245=PLANE('',#8703);
#4246=SURFACE_STYLE_USAGE(.BOTH.,#8704);
#4247=FACE_OUTER_BOUND('',#8705,.T.);
#4248=PLANE('',#8706);
#4249=SURFACE_STYLE_USAGE(.BOTH.,#8707);
#4250=FACE_OUTER_BOUND('',#8708,.T.);
#4251=PLANE('',#8709);
#4252=SURFACE_STYLE_USAGE(.BOTH.,#8710);
#4253=FACE_OUTER_BOUND('',#8711,.T.);
#4254=CYLINDRICAL_SURFACE('',#8712,0.600000000000001);
#4255=SURFACE_STYLE_USAGE(.BOTH.,#8713);
#4256=FACE_OUTER_BOUND('',#8714,.T.);
#4257=FACE_BOUND('',#8715,.T.);
#4258=PLANE('',#8716);
#4259=SURFACE_STYLE_USAGE(.BOTH.,#8717);
#4260=FACE_OUTER_BOUND('',#8718,.T.);
#4261=PLANE('',#8719);
#4262=SURFACE_STYLE_USAGE(.BOTH.,#8720);
#4263=FACE_OUTER_BOUND('',#8721,.T.);
#4264=CYLINDRICAL_SURFACE('',#8722,1.05);
#4265=SURFACE_STYLE_USAGE(.BOTH.,#8723);
#4266=FACE_OUTER_BOUND('',#8724,.T.);
#4267=FACE_BOUND('',#8725,.T.);
#4268=PLANE('',#8726);
#4269=SURFACE_STYLE_USAGE(.BOTH.,#8727);
#4270=FACE_OUTER_BOUND('',#8728,.T.);
#4271=PLANE('',#8729);
#4272=SURFACE_STYLE_USAGE(.BOTH.,#8730);
#4273=FACE_OUTER_BOUND('',#8731,.T.);
#4274=PLANE('',#8732);
#4275=SURFACE_STYLE_USAGE(.BOTH.,#8733);
#4276=FACE_OUTER_BOUND('',#8734,.T.);
#4277=PLANE('',#8735);
#4278=SURFACE_STYLE_USAGE(.BOTH.,#8736);
#4279=FACE_OUTER_BOUND('',#8737,.T.);
#4280=PLANE('',#8738);
#4281=SURFACE_STYLE_USAGE(.BOTH.,#8739);
#4282=FACE_OUTER_BOUND('',#8740,.T.);
#4283=CYLINDRICAL_SURFACE('',#8741,1.05);
#4284=SURFACE_STYLE_USAGE(.BOTH.,#8742);
#4285=FACE_OUTER_BOUND('',#8743,.T.);
#4286=PLANE('',#8744);
#4287=SURFACE_STYLE_USAGE(.BOTH.,#8745);
#4288=FACE_OUTER_BOUND('',#8746,.T.);
#4289=PLANE('',#8747);
#4290=SURFACE_STYLE_USAGE(.BOTH.,#8748);
#4291=FACE_OUTER_BOUND('',#8749,.T.);
#4292=CYLINDRICAL_SURFACE('',#8750,0.599999999999995);
#4293=SURFACE_STYLE_USAGE(.BOTH.,#8751);
#4294=FACE_OUTER_BOUND('',#8752,.T.);
#4295=PLANE('',#8753);
#4296=SURFACE_STYLE_USAGE(.BOTH.,#8754);
#4297=FACE_OUTER_BOUND('',#8755,.T.);
#4298=PLANE('',#8756);
#4299=SURFACE_STYLE_USAGE(.BOTH.,#8757);
#4300=FACE_OUTER_BOUND('',#8758,.T.);
#4301=PLANE('',#8759);
#4302=SURFACE_STYLE_USAGE(.BOTH.,#8760);
#4303=FACE_OUTER_BOUND('',#8761,.T.);
#4304=FACE_BOUND('',#8762,.T.);
#4305=PLANE('',#8763);
#4306=SURFACE_STYLE_USAGE(.BOTH.,#8764);
#4307=FACE_OUTER_BOUND('',#8765,.T.);
#4308=CYLINDRICAL_SURFACE('',#8766,1.3);
#4309=SURFACE_STYLE_USAGE(.BOTH.,#8767);
#4310=FACE_OUTER_BOUND('',#8768,.T.);
#4311=PLANE('',#8769);
#4312=SURFACE_STYLE_USAGE(.BOTH.,#8770);
#4313=FACE_OUTER_BOUND('',#8771,.T.);
#4314=PLANE('',#8772);
#4315=SURFACE_STYLE_USAGE(.BOTH.,#8773);
#4316=FACE_OUTER_BOUND('',#8774,.T.);
#4317=PLANE('',#8775);
#4318=SURFACE_STYLE_USAGE(.BOTH.,#8776);
#4319=FACE_OUTER_BOUND('',#8777,.T.);
#4320=TOROIDAL_SURFACE('',#8778,0.800000000000016,0.499999999999996);
#4321=SURFACE_STYLE_USAGE(.BOTH.,#8779);
#4322=FACE_OUTER_BOUND('',#8780,.T.);
#4323=CONICAL_SURFACE('',#8781,1.01000525,0.78539816339745);
#4324=SURFACE_STYLE_USAGE(.BOTH.,#8782);
#4325=FACE_OUTER_BOUND('',#8783,.T.);
#4326=PLANE('',#8784);
#4327=SURFACE_STYLE_USAGE(.BOTH.,#8785);
#4328=FACE_OUTER_BOUND('',#8786,.T.);
#4329=PLANE('',#8787);
#4330=SURFACE_STYLE_USAGE(.BOTH.,#8788);
#4331=FACE_OUTER_BOUND('',#8789,.T.);
#4332=PLANE('',#8790);
#4333=SURFACE_STYLE_USAGE(.BOTH.,#8791);
#4334=FACE_OUTER_BOUND('',#8792,.T.);
#4335=PLANE('',#8793);
#4336=SURFACE_STYLE_USAGE(.BOTH.,#8794);
#4337=FACE_OUTER_BOUND('',#8795,.T.);
#4338=PLANE('',#8796);
#4339=SURFACE_STYLE_USAGE(.BOTH.,#8797);
#4340=FACE_OUTER_BOUND('',#8798,.T.);
#4341=PLANE('',#8799);
#4342=SURFACE_STYLE_USAGE(.BOTH.,#8800);
#4343=FACE_OUTER_BOUND('',#8801,.T.);
#4344=PLANE('',#8802);
#4345=SURFACE_STYLE_USAGE(.BOTH.,#8803);
#4346=FACE_OUTER_BOUND('',#8804,.T.);
#4347=PLANE('',#8805);
#4348=SURFACE_STYLE_USAGE(.BOTH.,#8806);
#4349=FACE_OUTER_BOUND('',#8807,.T.);
#4350=CYLINDRICAL_SURFACE('',#8808,0.500000000000001);
#4351=SURFACE_STYLE_USAGE(.BOTH.,#8809);
#4352=FACE_OUTER_BOUND('',#8810,.T.);
#4353=PLANE('',#8811);
#4354=SURFACE_STYLE_USAGE(.BOTH.,#8812);
#4355=FACE_OUTER_BOUND('',#8813,.T.);
#4356=PLANE('',#8814);
#4357=SURFACE_STYLE_USAGE(.BOTH.,#8815);
#4358=FACE_OUTER_BOUND('',#8816,.T.);
#4359=FACE_BOUND('',#8817,.T.);
#4360=PLANE('',#8818);
#4361=SURFACE_STYLE_USAGE(.BOTH.,#8819);
#4362=FACE_OUTER_BOUND('',#8820,.T.);
#4363=CYLINDRICAL_SURFACE('',#8821,0.599999999999995);
#4364=SURFACE_STYLE_USAGE(.BOTH.,#8822);
#4365=FACE_OUTER_BOUND('',#8823,.T.);
#4366=PLANE('',#8824);
#4367=SURFACE_STYLE_USAGE(.BOTH.,#8825);
#4368=FACE_OUTER_BOUND('',#8826,.T.);
#4369=FACE_BOUND('',#8827,.T.);
#4370=FACE_BOUND('',#8828,.T.);
#4371=PLANE('',#8829);
#4372=SURFACE_STYLE_USAGE(.BOTH.,#8830);
#4373=FACE_OUTER_BOUND('',#8831,.T.);
#4374=PLANE('',#8832);
#4375=SURFACE_STYLE_USAGE(.BOTH.,#8833);
#4376=FACE_OUTER_BOUND('',#8834,.T.);
#4377=PLANE('',#8835);
#4378=SURFACE_STYLE_USAGE(.BOTH.,#8836);
#4379=FACE_OUTER_BOUND('',#8837,.T.);
#4380=CYLINDRICAL_SURFACE('',#8838,1.3);
#4381=SURFACE_STYLE_USAGE(.BOTH.,#8839);
#4382=FACE_OUTER_BOUND('',#8840,.T.);
#4383=CYLINDRICAL_SURFACE('',#8841,1.05);
#4384=SURFACE_STYLE_USAGE(.BOTH.,#8842);
#4385=FACE_OUTER_BOUND('',#8843,.T.);
#4386=FACE_BOUND('',#8844,.T.);
#4387=PLANE('',#8845);
#4388=SURFACE_STYLE_USAGE(.BOTH.,#8846);
#4389=FACE_OUTER_BOUND('',#8847,.T.);
#4390=PLANE('',#8848);
#4391=SURFACE_STYLE_USAGE(.BOTH.,#8849);
#4392=FACE_OUTER_BOUND('',#8850,.T.);
#4393=FACE_BOUND('',#8851,.T.);
#4394=PLANE('',#8852);
#4395=SURFACE_STYLE_USAGE(.BOTH.,#8853);
#4396=FACE_OUTER_BOUND('',#8854,.T.);
#4397=FACE_BOUND('',#8855,.T.);
#4398=FACE_BOUND('',#8856,.T.);
#4399=PLANE('',#8857);
#4400=SURFACE_STYLE_USAGE(.BOTH.,#8858);
#4401=FACE_OUTER_BOUND('',#8859,.T.);
#4402=PLANE('',#8860);
#4403=SURFACE_STYLE_USAGE(.BOTH.,#8861);
#4404=FACE_OUTER_BOUND('',#8862,.T.);
#4405=TOROIDAL_SURFACE('',#8863,0.800000000000008,0.500000000000001);
#4406=SURFACE_STYLE_USAGE(.BOTH.,#8864);
#4407=FACE_OUTER_BOUND('',#8865,.T.);
#4408=PLANE('',#8866);
#4409=SURFACE_STYLE_USAGE(.BOTH.,#8867);
#4410=FACE_OUTER_BOUND('',#8868,.T.);
#4411=PLANE('',#8869);
#4412=SURFACE_STYLE_USAGE(.BOTH.,#8870);
#4413=FACE_OUTER_BOUND('',#8871,.T.);
#4414=PLANE('',#8872);
#4415=SURFACE_STYLE_USAGE(.BOTH.,#8873);
#4416=FACE_OUTER_BOUND('',#8874,.T.);
#4417=PLANE('',#8875);
#4418=SURFACE_STYLE_USAGE(.BOTH.,#8876);
#4419=FACE_OUTER_BOUND('',#8877,.T.);
#4420=CYLINDRICAL_SURFACE('',#8878,0.599999999999997);
#4421=SURFACE_STYLE_USAGE(.BOTH.,#8879);
#4422=FACE_OUTER_BOUND('',#8880,.T.);
#4423=FACE_BOUND('',#8881,.T.);
#4424=PLANE('',#8882);
#4425=SURFACE_STYLE_USAGE(.BOTH.,#8883);
#4426=FACE_OUTER_BOUND('',#8884,.T.);
#4427=CONICAL_SURFACE('',#8885,1.01000525000001,0.785398163397449);
#4428=SURFACE_STYLE_USAGE(.BOTH.,#8886);
#4429=FACE_OUTER_BOUND('',#8887,.T.);
#4430=CYLINDRICAL_SURFACE('',#8888,1.05);
#4431=SURFACE_STYLE_USAGE(.BOTH.,#8889);
#4432=FACE_OUTER_BOUND('',#8890,.T.);
#4433=PLANE('',#8891);
#4434=SURFACE_STYLE_USAGE(.BOTH.,#8892);
#4435=FACE_OUTER_BOUND('',#8893,.T.);
#4436=PLANE('',#8894);
#4437=SURFACE_STYLE_USAGE(.BOTH.,#8895);
#4438=FACE_OUTER_BOUND('',#8896,.T.);
#4439=PLANE('',#8897);
#4440=SURFACE_STYLE_USAGE(.BOTH.,#8898);
#4441=FACE_OUTER_BOUND('',#8899,.T.);
#4442=CYLINDRICAL_SURFACE('',#8900,0.500000000000001);
#4443=SURFACE_STYLE_USAGE(.BOTH.,#8901);
#4444=FACE_OUTER_BOUND('',#8902,.T.);
#4445=PLANE('',#8903);
#4446=SURFACE_STYLE_USAGE(.BOTH.,#8904);
#4447=FACE_OUTER_BOUND('',#8905,.T.);
#4448=PLANE('',#8906);
#4449=SURFACE_STYLE_USAGE(.BOTH.,#8907);
#4450=FACE_OUTER_BOUND('',#8908,.T.);
#4451=PLANE('',#8909);
#4452=SURFACE_STYLE_USAGE(.BOTH.,#8910);
#4453=FACE_OUTER_BOUND('',#8911,.T.);
#4454=FACE_BOUND('',#8912,.T.);
#4455=FACE_BOUND('',#8913,.T.);
#4456=FACE_BOUND('',#8914,.T.);
#4457=PLANE('',#8915);
#4458=SURFACE_STYLE_USAGE(.BOTH.,#8916);
#4459=FACE_OUTER_BOUND('',#8917,.T.);
#4460=PLANE('',#8918);
#4461=SURFACE_STYLE_USAGE(.BOTH.,#8919);
#4462=FACE_OUTER_BOUND('',#8920,.T.);
#4463=PLANE('',#8921);
#4464=SURFACE_STYLE_USAGE(.BOTH.,#8922);
#4465=FACE_OUTER_BOUND('',#8923,.T.);
#4466=B_SPLINE_SURFACE_WITH_KNOTS('',3,1,((#8924,#8925),(#8926,#8927),(#8928,#8929),(#8930,#8931),(#8932,#8933),(#8934,#8935),(#8936,#8937),(#8938,#8939),(#8940,#8941),(#8942,#8943),(#8944,#8945),(#8946,#8947),(#8948,#8949),(#8950,#8951),(#8952,#8953),(#8954,#8955),(#8956,#8957),(#8958,#8959)),.UNSPECIFIED.,.F.,.F.,.F.,(4,2,2,2,2,2,2,2,4),(2,2),(0.0,0.125,0.25,0.375,0.5,0.625,0.75,0.875,1.0),(0.0239544091321128,0.976045590867887),.UNSPECIFIED.);
#4467=SURFACE_STYLE_USAGE(.BOTH.,#8960);
#4468=FACE_OUTER_BOUND('',#8961,.T.);
#4469=PLANE('',#8962);
#4470=SURFACE_STYLE_USAGE(.BOTH.,#8963);
#4471=FACE_OUTER_BOUND('',#8964,.T.);
#4472=PLANE('',#8965);
#4473=SURFACE_STYLE_USAGE(.BOTH.,#8966);
#4474=FACE_OUTER_BOUND('',#8967,.T.);
#4475=PLANE('',#8968);
#4476=SURFACE_STYLE_USAGE(.BOTH.,#8969);
#4477=FACE_OUTER_BOUND('',#8970,.T.);
#4478=PLANE('',#8971);
#4479=SURFACE_STYLE_USAGE(.BOTH.,#8972);
#4480=FACE_OUTER_BOUND('',#8973,.T.);
#4481=B_SPLINE_SURFACE_WITH_KNOTS('',3,1,((#8974,#8975),(#8976,#8977),(#8978,#8979),(#8980,#8981),(#8982,#8983),(#8984,#8985),(#8986,#8987),(#8988,#8989),(#8990,#8991),(#8992,#8993),(#8994,#8995),(#8996,#8997),(#8998,#8999),(#9000,#9001)),.UNSPECIFIED.,.F.,.F.,.F.,(4,2,2,2,2,2,4),(2,2),(0.0232900497430603,0.182193366494637,0.341096683246214,0.49999999999779,0.658903316749367,0.817806633500944,0.97670995025252),(0.0241260268962222,0.975873973103778),.UNSPECIFIED.);
#4482=SURFACE_STYLE_USAGE(.BOTH.,#9002);
#4483=FACE_OUTER_BOUND('',#9003,.T.);
#4484=PLANE('',#9004);
#4485=SURFACE_STYLE_USAGE(.BOTH.,#9005);
#4486=FACE_OUTER_BOUND('',#9006,.T.);
#4487=PLANE('',#9007);
#4488=SURFACE_STYLE_USAGE(.BOTH.,#9008);
#4489=FACE_OUTER_BOUND('',#9009,.T.);
#4490=B_SPLINE_SURFACE_WITH_KNOTS('',3,1,((#9010,#9011),(#9012,#9013),(#9014,#9015),(#9016,#9017),(#9018,#9019),(#9020,#9021),(#9022,#9023),(#9024,#9025),(#9026,#9027),(#9028,#9029),(#9030,#9031),(#9032,#9033),(#9034,#9035),(#9036,#9037),(#9038,#9039),(#9040,#9041),(#9042,#9043),(#9044,#9045)),.UNSPECIFIED.,.F.,.F.,.F.,(4,2,2,2,2,2,2,2,4),(2,2),(0.0,0.0666666666666667,0.2,0.333333333333333,0.466666666666667,0.6,0.733333333333333,0.866666666666667,1.0),(0.0243768709550725,0.975623129044872),.UNSPECIFIED.);
#4491=SURFACE_STYLE_USAGE(.BOTH.,#9046);
#4492=FACE_OUTER_BOUND('',#9047,.T.);
#4493=PLANE('',#9048);
#4494=SURFACE_STYLE_USAGE(.BOTH.,#9049);
#4495=FACE_OUTER_BOUND('',#9050,.T.);
#4496=PLANE('',#9051);
#4497=SURFACE_STYLE_USAGE(.BOTH.,#9052);
#4498=FACE_OUTER_BOUND('',#9053,.T.);
#4499=PLANE('',#9054);
#4500=SURFACE_STYLE_USAGE(.BOTH.,#9055);
#4501=FACE_OUTER_BOUND('',#9056,.T.);
#4502=PLANE('',#9057);
#4503=SURFACE_STYLE_USAGE(.BOTH.,#9058);
#4504=FACE_OUTER_BOUND('',#9059,.T.);
#4505=B_SPLINE_SURFACE_WITH_KNOTS('',3,1,((#9060,#9061),(#9062,#9063),(#9064,#9065),(#9066,#9067),(#9068,#9069),(#9070,#9071),(#9072,#9073),(#9074,#9075),(#9076,#9077),(#9078,#9079),(#9080,#9081),(#9082,#9083),(#9084,#9085),(#9086,#9087)),.UNSPECIFIED.,.F.,.F.,.F.,(4,2,2,2,2,2,4),(2,2),(0.0232900497473489,0.182193366498188,0.341096683249028,0.499999999999867,0.658903316750706,0.817806633501546,0.976709950252385),(0.024126026896222,0.975873973103778),.UNSPECIFIED.);
#4506=SURFACE_STYLE_USAGE(.BOTH.,#9088);
#4507=FACE_OUTER_BOUND('',#9089,.T.);
#4508=PLANE('',#9090);
#4509=SURFACE_STYLE_USAGE(.BOTH.,#9091);
#4510=FACE_OUTER_BOUND('',#9092,.T.);
#4511=CYLINDRICAL_SURFACE('',#9093,0.282770000000006);
#4512=SURFACE_STYLE_USAGE(.BOTH.,#9094);
#4513=FACE_OUTER_BOUND('',#9095,.T.);
#4514=CYLINDRICAL_SURFACE('',#9096,0.279910000000002);
#4515=SURFACE_STYLE_USAGE(.BOTH.,#9097);
#4516=FACE_OUTER_BOUND('',#9098,.T.);
#4517=CYLINDRICAL_SURFACE('',#9099,0.279909999999997);
#4518=SURFACE_STYLE_USAGE(.BOTH.,#9100);
#4519=FACE_OUTER_BOUND('',#9101,.T.);
#4520=CYLINDRICAL_SURFACE('',#9102,0.279910000000002);
#4521=SURFACE_STYLE_USAGE(.BOTH.,#9103);
#4522=FACE_OUTER_BOUND('',#9104,.T.);
#4523=CYLINDRICAL_SURFACE('',#9105,0.27991);
#4524=SURFACE_STYLE_USAGE(.BOTH.,#9106);
#4525=FACE_OUTER_BOUND('',#9107,.T.);
#4526=CYLINDRICAL_SURFACE('',#9108,0.282769999999999);
#4527=SURFACE_STYLE_USAGE(.BOTH.,#9109);
#4528=FACE_OUTER_BOUND('',#9110,.T.);
#4529=CYLINDRICAL_SURFACE('',#9111,0.373209999999995);
#4530=SURFACE_STYLE_USAGE(.BOTH.,#9112);
#4531=FACE_OUTER_BOUND('',#9113,.T.);
#4532=CYLINDRICAL_SURFACE('',#9114,0.373210000000011);
#4533=SURFACE_STYLE_USAGE(.BOTH.,#9115);
#4534=FACE_OUTER_BOUND('',#9116,.T.);
#4535=CYLINDRICAL_SURFACE('',#9117,0.373209999999999);
#4536=SURFACE_STYLE_USAGE(.BOTH.,#9118);
#4537=FACE_OUTER_BOUND('',#9119,.T.);
#4538=CYLINDRICAL_SURFACE('',#9120,0.373210000000001);
#4539=SURFACE_STYLE_USAGE(.BOTH.,#9121);
#4540=FACE_OUTER_BOUND('',#9122,.T.);
#4541=CYLINDRICAL_SURFACE('',#9123,0.27990999999999);
#4542=SURFACE_STYLE_USAGE(.BOTH.,#9124);
#4543=FACE_OUTER_BOUND('',#9125,.T.);
#4544=CYLINDRICAL_SURFACE('',#9126,0.282770000000008);
#4545=SURFACE_STYLE_USAGE(.BOTH.,#9127);
#4546=FACE_OUTER_BOUND('',#9128,.T.);
#4547=CYLINDRICAL_SURFACE('',#9129,0.282769999999997);
#4548=SURFACE_STYLE_USAGE(.BOTH.,#9130);
#4549=FACE_OUTER_BOUND('',#9131,.T.);
#4550=CYLINDRICAL_SURFACE('',#9132,0.279909999999999);
#4551=SURFACE_STYLE_USAGE(.BOTH.,#9133);
#4552=FACE_OUTER_BOUND('',#9134,.T.);
#4553=B_SPLINE_SURFACE_WITH_KNOTS('',3,1,((#9135,#9136),(#9137,#9138),(#9139,#9140),(#9141,#9142),(#9143,#9144),(#9145,#9146),(#9147,#9148),(#9149,#9150),(#9151,#9152),(#9153,#9154),(#9155,#9156),(#9157,#9158),(#9159,#9160),(#9161,#9162),(#9163,#9164),(#9165,#9166),(#9167,#9168),(#9169,#9170)),.UNSPECIFIED.,.F.,.F.,.F.,(4,2,2,2,2,2,2,2,4),(2,2),(0.0,0.133333333333333,0.266666666666667,0.4,0.533333333333333,0.666666666666667,0.8,0.933333333333333,1.0),(0.0243768709551288,0.975623129044928),.UNSPECIFIED.);
#4554=CURVE_STYLE('',#9171,POSITIVE_LENGTH_MEASURE(1.0E-06),#9172);
#4555=VERTEX_POINT('',#9173);
#4556=VERTEX_POINT('',#9174);
#4557=CIRCLE('',#9175,0.27991);
#4558=CURVE_STYLE('',#9176,POSITIVE_LENGTH_MEASURE(1.0E-06),#9177);
#4559=VERTEX_POINT('',#9178);
#4560=LINE('',#9179,#9180);
#4561=CURVE_STYLE('',#9181,POSITIVE_LENGTH_MEASURE(1.0E-06),#9182);
#4562=VERTEX_POINT('',#9183);
#4563=CIRCLE('',#9184,0.27991);
#4564=CURVE_STYLE('',#9185,POSITIVE_LENGTH_MEASURE(1.0E-06),#9186);
#4565=VERTEX_POINT('',#9187);
#4566=VERTEX_POINT('',#9188);
#4567=CIRCLE('',#9189,0.28277);
#4568=CURVE_STYLE('',#9190,POSITIVE_LENGTH_MEASURE(1.0E-06),#9191);
#4569=VERTEX_POINT('',#9192);
#4570=LINE('',#9193,#9194);
#4571=CURVE_STYLE('',#9195,POSITIVE_LENGTH_MEASURE(1.0E-06),#9196);
#4572=VERTEX_POINT('',#9197);
#4573=CIRCLE('',#9198,0.28277);
#4574=CURVE_STYLE('',#9199,POSITIVE_LENGTH_MEASURE(1.0E-06),#9200);
#4575=VERTEX_POINT('',#9201);
#4576=VERTEX_POINT('',#9202);
#4577=CIRCLE('',#9203,0.28277);
#4578=CURVE_STYLE('',#9204,POSITIVE_LENGTH_MEASURE(1.0E-06),#9205);
#4579=VERTEX_POINT('',#9206);
#4580=LINE('',#9207,#9208);
#4581=CURVE_STYLE('',#9209,POSITIVE_LENGTH_MEASURE(1.0E-06),#9210);
#4582=VERTEX_POINT('',#9211);
#4583=CIRCLE('',#9212,0.28277);
#4584=CURVE_STYLE('',#9213,POSITIVE_LENGTH_MEASURE(1.0E-06),#9214);
#4585=VERTEX_POINT('',#9215);
#4586=VERTEX_POINT('',#9216);
#4587=CIRCLE('',#9217,0.27991);
#4588=CURVE_STYLE('',#9218,POSITIVE_LENGTH_MEASURE(1.0E-06),#9219);
#4589=VERTEX_POINT('',#9220);
#4590=LINE('',#9221,#9222);
#4591=CURVE_STYLE('',#9223,POSITIVE_LENGTH_MEASURE(1.0E-06),#9224);
#4592=VERTEX_POINT('',#9225);
#4593=CIRCLE('',#9226,0.27991);
#4594=CURVE_STYLE('',#9227,POSITIVE_LENGTH_MEASURE(1.0E-06),#9228);
#4595=VERTEX_POINT('',#9229);
#4596=VERTEX_POINT('',#9230);
#4597=CIRCLE('',#9231,0.37321);
#4598=CURVE_STYLE('',#9232,POSITIVE_LENGTH_MEASURE(1.0E-06),#9233);
#4599=VERTEX_POINT('',#9234);
#4600=LINE('',#9235,#9236);
#4601=CURVE_STYLE('',#9237,POSITIVE_LENGTH_MEASURE(1.0E-06),#9238);
#4602=VERTEX_POINT('',#9239);
#4603=CIRCLE('',#9240,0.37321);
#4604=CURVE_STYLE('',#9241,POSITIVE_LENGTH_MEASURE(1.0E-06),#9242);
#4605=VERTEX_POINT('',#9243);
#4606=VERTEX_POINT('',#9244);
#4607=CIRCLE('',#9245,0.37321);
#4608=CURVE_STYLE('',#9246,POSITIVE_LENGTH_MEASURE(1.0E-06),#9247);
#4609=VERTEX_POINT('',#9248);
#4610=LINE('',#9249,#9250);
#4611=CURVE_STYLE('',#9251,POSITIVE_LENGTH_MEASURE(1.0E-06),#9252);
#4612=VERTEX_POINT('',#9253);
#4613=CIRCLE('',#9254,0.37321);
#4614=CURVE_STYLE('',#9255,POSITIVE_LENGTH_MEASURE(1.0E-06),#9256);
#4615=VERTEX_POINT('',#9257);
#4616=VERTEX_POINT('',#9258);
#4617=CIRCLE('',#9259,0.37321);
#4618=CURVE_STYLE('',#9260,POSITIVE_LENGTH_MEASURE(1.0E-06),#9261);
#4619=VERTEX_POINT('',#9262);
#4620=LINE('',#9263,#9264);
#4621=CURVE_STYLE('',#9265,POSITIVE_LENGTH_MEASURE(1.0E-06),#9266);
#4622=VERTEX_POINT('',#9267);
#4623=CIRCLE('',#9268,0.37321);
#4624=CURVE_STYLE('',#9269,POSITIVE_LENGTH_MEASURE(1.0E-06),#9270);
#4625=VERTEX_POINT('',#9271);
#4626=VERTEX_POINT('',#9272);
#4627=CIRCLE('',#9273,0.37321);
#4628=CURVE_STYLE('',#9274,POSITIVE_LENGTH_MEASURE(1.0E-06),#9275);
#4629=VERTEX_POINT('',#9276);
#4630=LINE('',#9277,#9278);
#4631=CURVE_STYLE('',#9279,POSITIVE_LENGTH_MEASURE(1.0E-06),#9280);
#4632=VERTEX_POINT('',#9281);
#4633=CIRCLE('',#9282,0.37321);
#4634=CURVE_STYLE('',#9283,POSITIVE_LENGTH_MEASURE(1.0E-06),#9284);
#4635=VERTEX_POINT('',#9285);
#4636=VERTEX_POINT('',#9286);
#4637=CIRCLE('',#9287,0.28277);
#4638=CURVE_STYLE('',#9288,POSITIVE_LENGTH_MEASURE(1.0E-06),#9289);
#4639=VERTEX_POINT('',#9290);
#4640=LINE('',#9291,#9292);
#4641=CURVE_STYLE('',#9293,POSITIVE_LENGTH_MEASURE(1.0E-06),#9294);
#4642=VERTEX_POINT('',#9295);
#4643=CIRCLE('',#9296,0.28277);
#4644=CURVE_STYLE('',#9297,POSITIVE_LENGTH_MEASURE(1.0E-06),#9298);
#4645=VERTEX_POINT('',#9299);
#4646=VERTEX_POINT('',#9300);
#4647=CIRCLE('',#9301,0.27991);
#4648=CURVE_STYLE('',#9302,POSITIVE_LENGTH_MEASURE(1.0E-06),#9303);
#4649=VERTEX_POINT('',#9304);
#4650=LINE('',#9305,#9306);
#4651=CURVE_STYLE('',#9307,POSITIVE_LENGTH_MEASURE(1.0E-06),#9308);
#4652=VERTEX_POINT('',#9309);
#4653=CIRCLE('',#9310,0.27991);
#4654=CURVE_STYLE('',#9311,POSITIVE_LENGTH_MEASURE(1.0E-06),#9312);
#4655=VERTEX_POINT('',#9313);
#4656=VERTEX_POINT('',#9314);
#4657=CIRCLE('',#9315,0.27991);
#4658=CURVE_STYLE('',#9316,POSITIVE_LENGTH_MEASURE(1.0E-06),#9317);
#4659=VERTEX_POINT('',#9318);
#4660=LINE('',#9319,#9320);
#4661=CURVE_STYLE('',#9321,POSITIVE_LENGTH_MEASURE(1.0E-06),#9322);
#4662=VERTEX_POINT('',#9323);
#4663=CIRCLE('',#9324,0.27991);
#4664=CURVE_STYLE('',#9325,POSITIVE_LENGTH_MEASURE(1.0E-06),#9326);
#4665=VERTEX_POINT('',#9327);
#4666=VERTEX_POINT('',#9328);
#4667=CIRCLE('',#9329,0.27991);
#4668=CURVE_STYLE('',#9330,POSITIVE_LENGTH_MEASURE(1.0E-06),#9331);
#4669=VERTEX_POINT('',#9332);
#4670=LINE('',#9333,#9334);
#4671=CURVE_STYLE('',#9335,POSITIVE_LENGTH_MEASURE(1.0E-06),#9336);
#4672=VERTEX_POINT('',#9337);
#4673=CIRCLE('',#9338,0.27991);
#4674=CURVE_STYLE('',#9339,POSITIVE_LENGTH_MEASURE(1.0E-06),#9340);
#4675=VERTEX_POINT('',#9341);
#4676=VERTEX_POINT('',#9342);
#4677=CIRCLE('',#9343,0.27991);
#4678=CURVE_STYLE('',#9344,POSITIVE_LENGTH_MEASURE(1.0E-06),#9345);
#4679=VERTEX_POINT('',#9346);
#4680=LINE('',#9347,#9348);
#4681=CURVE_STYLE('',#9349,POSITIVE_LENGTH_MEASURE(1.0E-06),#9350);
#4682=VERTEX_POINT('',#9351);
#4683=CIRCLE('',#9352,0.27991);
#4684=CURVE_STYLE('',#9353,POSITIVE_LENGTH_MEASURE(1.0E-06),#9354);
#4685=VERTEX_POINT('',#9355);
#4686=VERTEX_POINT('',#9356);
#4687=CIRCLE('',#9357,0.28277);
#4688=CURVE_STYLE('',#9358,POSITIVE_LENGTH_MEASURE(1.0E-06),#9359);
#4689=VERTEX_POINT('',#9360);
#4690=LINE('',#9361,#9362);
#4691=CURVE_STYLE('',#9363,POSITIVE_LENGTH_MEASURE(1.0E-06),#9364);
#4692=VERTEX_POINT('',#9365);
#4693=CIRCLE('',#9366,0.28277);
#4694=CURVE_STYLE('',#9367,POSITIVE_LENGTH_MEASURE(1.0E-06),#9368);
#4695=VERTEX_POINT('',#9369);
#4696=VERTEX_POINT('',#9370);
#4697=CIRCLE('',#9371,0.5);
#4698=CURVE_STYLE('',#9372,POSITIVE_LENGTH_MEASURE(1.0E-06),#9373);
#4699=VERTEX_POINT('',#9374);
#4700=VERTEX_POINT('',#9375);
#4701=CIRCLE('',#9376,0.5);
#4702=CURVE_STYLE('',#9377,POSITIVE_LENGTH_MEASURE(1.0E-06),#9378);
#4703=VERTEX_POINT('',#9379);
#4704=VERTEX_POINT('',#9380);
#4705=B_SPLINE_CURVE_WITH_KNOTS('',3,(#9381,#9382,#9383,#9384,#9385,#9386,#9387,#9388,#9389,#9390,#9391,#9392,#9393),.UNSPECIFIED.,.F.,.F.,(4,3,3,3,4),(0.169776662480585,0.25000000970954,0.500000012243139,0.750000008520274,0.999999999999397),.UNSPECIFIED.);
#4706=CURVE_STYLE('',#9394,POSITIVE_LENGTH_MEASURE(1.0E-06),#9395);
#4707=VERTEX_POINT('',#9396);
#4708=CIRCLE('',#9397,1.05);
#4709=CURVE_STYLE('',#9398,POSITIVE_LENGTH_MEASURE(1.0E-06),#9399);
#4710=VERTEX_POINT('',#9400);
#4711=B_SPLINE_CURVE_WITH_KNOTS('',3,(#9401,#9402,#9403,#9404,#9405,#9406,#9407,#9408,#9409,#9410,#9411,#9412,#9413),.UNSPECIFIED.,.F.,.F.,(4,3,3,3,4),(4.72514225088577E-13,0.250000002890806,0.50000000384317,0.750000001121531,1.0000000000068),.UNSPECIFIED.);
#4712=CURVE_STYLE('',#9414,POSITIVE_LENGTH_MEASURE(1.0E-06),#9415);
#4713=VERTEX_POINT('',#9416);
#4714=CIRCLE('',#9417,1.05);
#4715=CURVE_STYLE('',#9418,POSITIVE_LENGTH_MEASURE(1.0E-06),#9419);
#4716=VERTEX_POINT('',#9420);
#4717=VERTEX_POINT('',#9421);
#4718=CIRCLE('',#9422,1.0);
#4719=CURVE_STYLE('',#9423,POSITIVE_LENGTH_MEASURE(1.0E-06),#9424);
#4720=VERTEX_POINT('',#9425);
#4721=LINE('',#9426,#9427);
#4722=CURVE_STYLE('',#9428,POSITIVE_LENGTH_MEASURE(1.0E-06),#9429);
#4723=VERTEX_POINT('',#9430);
#4724=CIRCLE('',#9431,0.599999999999994);
#4725=CURVE_STYLE('',#9432,POSITIVE_LENGTH_MEASURE(1.0E-06),#9433);
#4726=VERTEX_POINT('',#9434);
#4727=CIRCLE('',#9435,0.599999999999994);
#4728=CURVE_STYLE('',#9436,POSITIVE_LENGTH_MEASURE(1.0E-06),#9437);
#4729=VERTEX_POINT('',#9438);
#4730=VERTEX_POINT('',#9439);
#4731=CIRCLE('',#9440,0.599999999999994);
#4732=CURVE_STYLE('',#9441,POSITIVE_LENGTH_MEASURE(1.0E-06),#9442);
#4733=VERTEX_POINT('',#9443);
#4734=LINE('',#9444,#9445);
#4735=CURVE_STYLE('',#9446,POSITIVE_LENGTH_MEASURE(1.0E-06),#9447);
#4736=CIRCLE('',#9448,0.599999999999994);
#4737=CURVE_STYLE('',#9449,POSITIVE_LENGTH_MEASURE(1.0E-06),#9450);
#4738=VERTEX_POINT('',#9451);
#4739=VERTEX_POINT('',#9452);
#4740=CIRCLE('',#9453,1.30000000000001);
#4741=CURVE_STYLE('',#9454,POSITIVE_LENGTH_MEASURE(1.0E-06),#9455);
#4742=VERTEX_POINT('',#9456);
#4743=CIRCLE('',#9457,1.30000000000001);
#4744=CURVE_STYLE('',#9458,POSITIVE_LENGTH_MEASURE(1.0E-06),#9459);
#4745=VERTEX_POINT('',#9460);
#4746=VERTEX_POINT('',#9461);
#4747=CIRCLE('',#9462,0.800000000000011);
#4748=CURVE_STYLE('',#9463,POSITIVE_LENGTH_MEASURE(1.0E-06),#9464);
#4749=VERTEX_POINT('',#9465);
#4750=VERTEX_POINT('',#9466);
#4751=B_SPLINE_CURVE_WITH_KNOTS('',3,(#9467,#9468,#9469,#9470,#9471,#9472,#9473,#9474,#9475,#9476),.UNSPECIFIED.,.F.,.F.,(4,3,3,4),(3.51578256982848E-13,0.250000002890822,0.500000003843181,0.618145275723807),.UNSPECIFIED.);
#4752=CURVE_STYLE('',#9477,POSITIVE_LENGTH_MEASURE(1.0E-06),#9478);
#4753=VERTEX_POINT('',#9479);
#4754=CIRCLE('',#9480,1.05);
#4755=CURVE_STYLE('',#9481,POSITIVE_LENGTH_MEASURE(1.0E-06),#9482);
#4756=VERTEX_POINT('',#9483);
#4757=B_SPLINE_CURVE_WITH_KNOTS('',3,(#9484,#9485,#9486,#9487,#9488,#9489,#9490,#9491,#9492,#9493,#9494,#9495,#9496),.UNSPECIFIED.,.F.,.F.,(4,3,3,3,4),(4.4690185270191E-15,0.250000009103044,0.500000011030153,0.750000009126742,0.999999999999005),.UNSPECIFIED.);
#4758=CURVE_STYLE('',#9497,POSITIVE_LENGTH_MEASURE(1.0E-06),#9498);
#4759=VERTEX_POINT('',#9499);
#4760=CIRCLE('',#9500,1.05);
#4761=CURVE_STYLE('',#9501,POSITIVE_LENGTH_MEASURE(1.0E-06),#9502);
#4762=VERTEX_POINT('',#9503);
#4763=VERTEX_POINT('',#9504);
#4764=CIRCLE('',#9505,1.3);
#4765=CURVE_STYLE('',#9506,POSITIVE_LENGTH_MEASURE(1.0E-06),#9507);
#4766=VERTEX_POINT('',#9508);
#4767=CIRCLE('',#9509,1.30000000000001);
#4768=CURVE_STYLE('',#9510,POSITIVE_LENGTH_MEASURE(1.0E-06),#9511);
#4769=VERTEX_POINT('',#9512);
#4770=VERTEX_POINT('',#9513);
#4771=CIRCLE('',#9514,0.599999999999994);
#4772=CURVE_STYLE('',#9515,POSITIVE_LENGTH_MEASURE(1.0E-06),#9516);
#4773=VERTEX_POINT('',#9517);
#4774=VERTEX_POINT('',#9518);
#4775=CIRCLE('',#9519,0.599999999999994);
#4776=CURVE_STYLE('',#9520,POSITIVE_LENGTH_MEASURE(1.0E-06),#9521);
#4777=VERTEX_POINT('',#9522);
#4778=VERTEX_POINT('',#9523);
#4779=CIRCLE('',#9524,0.5);
#4780=CURVE_STYLE('',#9525,POSITIVE_LENGTH_MEASURE(1.0E-06),#9526);
#4781=VERTEX_POINT('',#9527);
#4782=VERTEX_POINT('',#9528);
#4783=CIRCLE('',#9529,0.5);
#4784=CURVE_STYLE('',#9530,POSITIVE_LENGTH_MEASURE(1.0E-06),#9531);
#4785=VERTEX_POINT('',#9532);
#4786=VERTEX_POINT('',#9533);
#4787=CIRCLE('',#9534,1.0);
#4788=CURVE_STYLE('',#9535,POSITIVE_LENGTH_MEASURE(1.0E-06),#9536);
#4789=VERTEX_POINT('',#9537);
#4790=LINE('',#9538,#9539);
#4791=CURVE_STYLE('',#9540,POSITIVE_LENGTH_MEASURE(1.0E-06),#9541);
#4792=VERTEX_POINT('',#9542);
#4793=CIRCLE('',#9543,0.599999999999994);
#4794=CURVE_STYLE('',#9544,POSITIVE_LENGTH_MEASURE(1.0E-06),#9545);
#4795=VERTEX_POINT('',#9546);
#4796=CIRCLE('',#9547,0.599999999999994);
#4797=CURVE_STYLE('',#9548,POSITIVE_LENGTH_MEASURE(1.0E-06),#9549);
#4798=VERTEX_POINT('',#9550);
#4799=VERTEX_POINT('',#9551);
#4800=CIRCLE('',#9552,1.30000000000001);
#4801=CURVE_STYLE('',#9553,POSITIVE_LENGTH_MEASURE(1.0E-06),#9554);
#4802=VERTEX_POINT('',#9555);
#4803=CIRCLE('',#9556,1.30000000000001);
#4804=CURVE_STYLE('',#9557,POSITIVE_LENGTH_MEASURE(1.0E-06),#9558);
#4805=VERTEX_POINT('',#9559);
#4806=VERTEX_POINT('',#9560);
#4807=CIRCLE('',#9561,0.800000000000011);
#4808=CURVE_STYLE('',#9562,POSITIVE_LENGTH_MEASURE(1.0E-06),#9563);
#4809=VERTEX_POINT('',#9564);
#4810=VERTEX_POINT('',#9565);
#4811=CIRCLE('',#9566,1.3);
#4812=CURVE_STYLE('',#9567,POSITIVE_LENGTH_MEASURE(1.0E-06),#9568);
#4813=VERTEX_POINT('',#9569);
#4814=CIRCLE('',#9570,1.30000000000001);
#4815=CURVE_STYLE('',#9571,POSITIVE_LENGTH_MEASURE(1.0E-06),#9572);
#4816=VERTEX_POINT('',#9573);
#4817=VERTEX_POINT('',#9574);
#4818=CIRCLE('',#9575,0.599999999999994);
#4819=CURVE_STYLE('',#9576,POSITIVE_LENGTH_MEASURE(1.0E-06),#9577);
#4820=VERTEX_POINT('',#9578);
#4821=VERTEX_POINT('',#9579);
#4822=CIRCLE('',#9580,0.599999999999994);
#4823=CURVE_STYLE('',#9581,POSITIVE_LENGTH_MEASURE(1.0E-06),#9582);
#4824=VERTEX_POINT('',#9583);
#4825=VERTEX_POINT('',#9584);
#4826=B_SPLINE_CURVE_WITH_KNOTS('',3,(#9585,#9586,#9587,#9588,#9589,#9590,#9591,#9592,#9593,#9594),.UNSPECIFIED.,.F.,.F.,(4,3,3,4),(3.06715716966678E-13,0.249999994971167,0.499999994970193,0.618145280523509),.UNSPECIFIED.);
#4827=CURVE_STYLE('',#9595,POSITIVE_LENGTH_MEASURE(1.0E-06),#9596);
#4828=VERTEX_POINT('',#9597);
#4829=CIRCLE('',#9598,1.05);
#4830=CURVE_STYLE('',#9599,POSITIVE_LENGTH_MEASURE(1.0E-06),#9600);
#4831=VERTEX_POINT('',#9601);
#4832=B_SPLINE_CURVE_WITH_KNOTS('',3,(#9602,#9603,#9604,#9605,#9606,#9607,#9608,#9609,#9610,#9611,#9612,#9613,#9614),.UNSPECIFIED.,.F.,.F.,(4,3,3,3,4),(9.17431213448486E-15,0.250000000371663,0.499999998884795,0.750000000874654,1.00000000000001),.UNSPECIFIED.);
#4833=CURVE_STYLE('',#9615,POSITIVE_LENGTH_MEASURE(1.0E-06),#9616);
#4834=VERTEX_POINT('',#9617);
#4835=CIRCLE('',#9618,1.05);
#4836=CURVE_STYLE('',#9619,POSITIVE_LENGTH_MEASURE(1.0E-06),#9620);
#4837=VERTEX_POINT('',#9621);
#4838=VERTEX_POINT('',#9622);
#4839=B_SPLINE_CURVE_WITH_KNOTS('',3,(#9623,#9624,#9625,#9626,#9627,#9628,#9629,#9630,#9631,#9632,#9633,#9634,#9635),.UNSPECIFIED.,.F.,.F.,(4,3,3,3,4),(0.16977666169258,0.250000000371677,0.499999998884783,0.750000000874681,1.0),.UNSPECIFIED.);
#4840=CURVE_STYLE('',#9636,POSITIVE_LENGTH_MEASURE(1.0E-06),#9637);
#4841=VERTEX_POINT('',#9638);
#4842=CIRCLE('',#9639,1.05);
#4843=CURVE_STYLE('',#9640,POSITIVE_LENGTH_MEASURE(1.0E-06),#9641);
#4844=VERTEX_POINT('',#9642);
#4845=B_SPLINE_CURVE_WITH_KNOTS('',3,(#9643,#9644,#9645,#9646,#9647,#9648,#9649,#9650,#9651,#9652,#9653,#9654,#9655),.UNSPECIFIED.,.F.,.F.,(4,3,3,3,4),(4.15662593591783E-15,0.249999994971165,0.499999994970187,0.749999993916318,1.0000000000068),.UNSPECIFIED.);
#4846=CURVE_STYLE('',#9656,POSITIVE_LENGTH_MEASURE(1.0E-06),#9657);
#4847=VERTEX_POINT('',#9658);
#4848=CIRCLE('',#9659,1.05);
#4849=CURVE_STYLE('',#9660,POSITIVE_LENGTH_MEASURE(1.0E-06),#9661);
#4850=VERTEX_POINT('',#9662);
#4851=VERTEX_POINT('',#9663);
#4852=CIRCLE('',#9664,0.599999999999994);
#4853=CURVE_STYLE('',#9665,POSITIVE_LENGTH_MEASURE(1.0E-06),#9666);
#4854=VERTEX_POINT('',#9667);
#4855=LINE('',#9668,#9669);
#4856=CURVE_STYLE('',#9670,POSITIVE_LENGTH_MEASURE(1.0E-06),#9671);
#4857=CIRCLE('',#9672,0.599999999999994);
#4858=CURVE_STYLE('',#9673,POSITIVE_LENGTH_MEASURE(1.0E-06),#9674);
#4859=VERTEX_POINT('',#9675);
#4860=VERTEX_POINT('',#9676);
#4861=LINE('',#9677,#9678);
#4862=CURVE_STYLE('',#9679,POSITIVE_LENGTH_MEASURE(1.0E-06),#9680);
#4863=VERTEX_POINT('',#9681);
#4864=LINE('',#9682,#9683);
#4865=CURVE_STYLE('',#9684,POSITIVE_LENGTH_MEASURE(1.0E-06),#9685);
#4866=VERTEX_POINT('',#9686);
#4867=LINE('',#9687,#9688);
#4868=CURVE_STYLE('',#9689,POSITIVE_LENGTH_MEASURE(1.0E-06),#9690);
#4869=LINE('',#9691,#9692);
#4870=CURVE_STYLE('',#9693,POSITIVE_LENGTH_MEASURE(1.0E-06),#9694);
#4871=VERTEX_POINT('',#9695);
#4872=VERTEX_POINT('',#9696);
#4873=LINE('',#9697,#9698);
#4874=CURVE_STYLE('',#9699,POSITIVE_LENGTH_MEASURE(1.0E-06),#9700);
#4875=VERTEX_POINT('',#9701);
#4876=LINE('',#9702,#9703);
#4877=CURVE_STYLE('',#9704,POSITIVE_LENGTH_MEASURE(1.0E-06),#9705);
#4878=VERTEX_POINT('',#9706);
#4879=LINE('',#9707,#9708);
#4880=CURVE_STYLE('',#9709,POSITIVE_LENGTH_MEASURE(1.0E-06),#9710);
#4881=LINE('',#9711,#9712);
#4882=CURVE_STYLE('',#9713,POSITIVE_LENGTH_MEASURE(1.0E-06),#9714);
#4883=VERTEX_POINT('',#9715);
#4884=VERTEX_POINT('',#9716);
#4885=LINE('',#9717,#9718);
#4886=CURVE_STYLE('',#9719,POSITIVE_LENGTH_MEASURE(1.0E-06),#9720);
#4887=VERTEX_POINT('',#9721);
#4888=LINE('',#9722,#9723);
#4889=CURVE_STYLE('',#9724,POSITIVE_LENGTH_MEASURE(1.0E-06),#9725);
#4890=VERTEX_POINT('',#9726);
#4891=LINE('',#9727,#9728);
#4892=CURVE_STYLE('',#9729,POSITIVE_LENGTH_MEASURE(1.0E-06),#9730);
#4893=LINE('',#9731,#9732);
#4894=CURVE_STYLE('',#9733,POSITIVE_LENGTH_MEASURE(1.0E-06),#9734);
#4895=VERTEX_POINT('',#9735);
#4896=VERTEX_POINT('',#9736);
#4897=LINE('',#9737,#9738);
#4898=CURVE_STYLE('',#9739,POSITIVE_LENGTH_MEASURE(1.0E-06),#9740);
#4899=LINE('',#9741,#9742);
#4900=CURVE_STYLE('',#9743,POSITIVE_LENGTH_MEASURE(1.0E-06),#9744);
#4901=VERTEX_POINT('',#9745);
#4902=LINE('',#9746,#9747);
#4903=CURVE_STYLE('',#9748,POSITIVE_LENGTH_MEASURE(1.0E-06),#9749);
#4904=VERTEX_POINT('',#9750);
#4905=LINE('',#9751,#9752);
#4906=CURVE_STYLE('',#9753,POSITIVE_LENGTH_MEASURE(1.0E-06),#9754);
#4907=LINE('',#9755,#9756);
#4908=CURVE_STYLE('',#9757,POSITIVE_LENGTH_MEASURE(1.0E-06),#9758);
#4909=VERTEX_POINT('',#9759);
#4910=LINE('',#9760,#9761);
#4911=CURVE_STYLE('',#9762,POSITIVE_LENGTH_MEASURE(1.0E-06),#9763);
#4912=VERTEX_POINT('',#9764);
#4913=LINE('',#9765,#9766);
#4914=CURVE_STYLE('',#9767,POSITIVE_LENGTH_MEASURE(1.0E-06),#9768);
#4915=LINE('',#9769,#9770);
#4916=CURVE_STYLE('',#9771,POSITIVE_LENGTH_MEASURE(1.0E-06),#9772);
#4917=VERTEX_POINT('',#9773);
#4918=LINE('',#9774,#9775);
#4919=CURVE_STYLE('',#9776,POSITIVE_LENGTH_MEASURE(1.0E-06),#9777);
#4920=LINE('',#9778,#9779);
#4921=CURVE_STYLE('',#9780,POSITIVE_LENGTH_MEASURE(1.0E-06),#9781);
#4922=VERTEX_POINT('',#9782);
#4923=VERTEX_POINT('',#9783);
#4924=LINE('',#9784,#9785);
#4925=CURVE_STYLE('',#9786,POSITIVE_LENGTH_MEASURE(1.0E-06),#9787);
#4926=VERTEX_POINT('',#9788);
#4927=LINE('',#9789,#9790);
#4928=CURVE_STYLE('',#9791,POSITIVE_LENGTH_MEASURE(1.0E-06),#9792);
#4929=VERTEX_POINT('',#9793);
#4930=LINE('',#9794,#9795);
#4931=CURVE_STYLE('',#9796,POSITIVE_LENGTH_MEASURE(1.0E-06),#9797);
#4932=LINE('',#9798,#9799);
#4933=CURVE_STYLE('',#9800,POSITIVE_LENGTH_MEASURE(1.0E-06),#9801);
#4934=VERTEX_POINT('',#9802);
#4935=LINE('',#9803,#9804);
#4936=CURVE_STYLE('',#9805,POSITIVE_LENGTH_MEASURE(1.0E-06),#9806);
#4937=VERTEX_POINT('',#9807);
#4938=LINE('',#9808,#9809);
#4939=CURVE_STYLE('',#9810,POSITIVE_LENGTH_MEASURE(1.0E-06),#9811);
#4940=LINE('',#9812,#9813);
#4941=CURVE_STYLE('',#9814,POSITIVE_LENGTH_MEASURE(1.0E-06),#9815);
#4942=LINE('',#9816,#9817);
#4943=CURVE_STYLE('',#9818,POSITIVE_LENGTH_MEASURE(1.0E-06),#9819);
#4944=LINE('',#9820,#9821);
#4945=CURVE_STYLE('',#9822,POSITIVE_LENGTH_MEASURE(1.0E-06),#9823);
#4946=VERTEX_POINT('',#9824);
#4947=LINE('',#9825,#9826);
#4948=CURVE_STYLE('',#9827,POSITIVE_LENGTH_MEASURE(1.0E-06),#9828);
#4949=VERTEX_POINT('',#9829);
#4950=LINE('',#9830,#9831);
#4951=CURVE_STYLE('',#9832,POSITIVE_LENGTH_MEASURE(1.0E-06),#9833);
#4952=VERTEX_POINT('',#9834);
#4953=LINE('',#9835,#9836);
#4954=CURVE_STYLE('',#9837,POSITIVE_LENGTH_MEASURE(1.0E-06),#9838);
#4955=LINE('',#9839,#9840);
#4956=CURVE_STYLE('',#9841,POSITIVE_LENGTH_MEASURE(1.0E-06),#9842);
#4957=VERTEX_POINT('',#9843);
#4958=LINE('',#9844,#9845);
#4959=CURVE_STYLE('',#9846,POSITIVE_LENGTH_MEASURE(1.0E-06),#9847);
#4960=VERTEX_POINT('',#9848);
#4961=LINE('',#9849,#9850);
#4962=CURVE_STYLE('',#9851,POSITIVE_LENGTH_MEASURE(1.0E-06),#9852);
#4963=LINE('',#9853,#9854);
#4964=CURVE_STYLE('',#9855,POSITIVE_LENGTH_MEASURE(1.0E-06),#9856);
#4965=LINE('',#9857,#9858);
#4966=CURVE_STYLE('',#9859,POSITIVE_LENGTH_MEASURE(1.0E-06),#9860);
#4967=VERTEX_POINT('',#9861);
#4968=VERTEX_POINT('',#9862);
#4969=LINE('',#9863,#9864);
#4970=CURVE_STYLE('',#9865,POSITIVE_LENGTH_MEASURE(1.0E-06),#9866);
#4971=LINE('',#9867,#9868);
#4972=CURVE_STYLE('',#9869,POSITIVE_LENGTH_MEASURE(1.0E-06),#9870);
#4973=VERTEX_POINT('',#9871);
#4974=LINE('',#9872,#9873);
#4975=CURVE_STYLE('',#9874,POSITIVE_LENGTH_MEASURE(1.0E-06),#9875);
#4976=LINE('',#9876,#9877);
#4977=CURVE_STYLE('',#9878,POSITIVE_LENGTH_MEASURE(1.0E-06),#9879);
#4978=VERTEX_POINT('',#9880);
#4979=LINE('',#9881,#9882);
#4980=CURVE_STYLE('',#9883,POSITIVE_LENGTH_MEASURE(1.0E-06),#9884);
#4981=VERTEX_POINT('',#9885);
#4982=LINE('',#9886,#9887);
#4983=CURVE_STYLE('',#9888,POSITIVE_LENGTH_MEASURE(1.0E-06),#9889);
#4984=LINE('',#9890,#9891);
#4985=CURVE_STYLE('',#9892,POSITIVE_LENGTH_MEASURE(1.0E-06),#9893);
#4986=LINE('',#9894,#9895);
#4987=CURVE_STYLE('',#9896,POSITIVE_LENGTH_MEASURE(1.0E-06),#9897);
#4988=LINE('',#9898,#9899);
#4989=CURVE_STYLE('',#9900,POSITIVE_LENGTH_MEASURE(1.0E-06),#9901);
#4990=LINE('',#9902,#9903);
#4991=CURVE_STYLE('',#9904,POSITIVE_LENGTH_MEASURE(1.0E-06),#9905);
#4992=LINE('',#9906,#9907);
#4993=CURVE_STYLE('',#9908,POSITIVE_LENGTH_MEASURE(1.0E-06),#9909);
#4994=VERTEX_POINT('',#9910);
#4995=LINE('',#9911,#9912);
#4996=CURVE_STYLE('',#9913,POSITIVE_LENGTH_MEASURE(1.0E-06),#9914);
#4997=LINE('',#9915,#9916);
#4998=CURVE_STYLE('',#9917,POSITIVE_LENGTH_MEASURE(1.0E-06),#9918);
#4999=VERTEX_POINT('',#9919);
#5000=VERTEX_POINT('',#9920);
#5001=LINE('',#9921,#9922);
#5002=CURVE_STYLE('',#9923,POSITIVE_LENGTH_MEASURE(1.0E-06),#9924);
#5003=VERTEX_POINT('',#9925);
#5004=LINE('',#9926,#9927);
#5005=CURVE_STYLE('',#9928,POSITIVE_LENGTH_MEASURE(1.0E-06),#9929);
#5006=VERTEX_POINT('',#9930);
#5007=LINE('',#9931,#9932);
#5008=CURVE_STYLE('',#9933,POSITIVE_LENGTH_MEASURE(1.0E-06),#9934);
#5009=VERTEX_POINT('',#9935);
#5010=LINE('',#9936,#9937);
#5011=CURVE_STYLE('',#9938,POSITIVE_LENGTH_MEASURE(1.0E-06),#9939);
#5012=VERTEX_POINT('',#9940);
#5013=LINE('',#9941,#9942);
#5014=CURVE_STYLE('',#9943,POSITIVE_LENGTH_MEASURE(1.0E-06),#9944);
#5015=VERTEX_POINT('',#9945);
#5016=LINE('',#9946,#9947);
#5017=CURVE_STYLE('',#9948,POSITIVE_LENGTH_MEASURE(1.0E-06),#9949);
#5018=VERTEX_POINT('',#9950);
#5019=LINE('',#9951,#9952);
#5020=CURVE_STYLE('',#9953,POSITIVE_LENGTH_MEASURE(1.0E-06),#9954);
#5021=LINE('',#9955,#9956);
#5022=CURVE_STYLE('',#9957,POSITIVE_LENGTH_MEASURE(1.0E-06),#9958);
#5023=LINE('',#9959,#9960);
#5024=CURVE_STYLE('',#9961,POSITIVE_LENGTH_MEASURE(1.0E-06),#9962);
#5025=LINE('',#9963,#9964);
#5026=CURVE_STYLE('',#9965,POSITIVE_LENGTH_MEASURE(1.0E-06),#9966);
#5027=VERTEX_POINT('',#9967);
#5028=LINE('',#9968,#9969);
#5029=CURVE_STYLE('',#9970,POSITIVE_LENGTH_MEASURE(1.0E-06),#9971);
#5030=CIRCLE('',#9972,0.599999999999994);
#5031=CURVE_STYLE('',#9973,POSITIVE_LENGTH_MEASURE(1.0E-06),#9974);
#5032=CIRCLE('',#9975,0.800000000000011);
#5033=CURVE_STYLE('',#9976,POSITIVE_LENGTH_MEASURE(1.0E-06),#9977);
#5034=CIRCLE('',#9978,0.599999999999994);
#5035=CURVE_STYLE('',#9979,POSITIVE_LENGTH_MEASURE(1.0E-06),#9980);
#5036=VERTEX_POINT('',#9981);
#5037=LINE('',#9982,#9983);
#5038=CURVE_STYLE('',#9984,POSITIVE_LENGTH_MEASURE(1.0E-06),#9985);
#5039=VERTEX_POINT('',#9986);
#5040=LINE('',#9987,#9988);
#5041=CURVE_STYLE('',#9989,POSITIVE_LENGTH_MEASURE(1.0E-06),#9990);
#5042=VERTEX_POINT('',#9991);
#5043=LINE('',#9992,#9993);
#5044=CURVE_STYLE('',#9994,POSITIVE_LENGTH_MEASURE(1.0E-06),#9995);
#5045=VERTEX_POINT('',#9996);
#5046=LINE('',#9997,#9998);
#5047=CURVE_STYLE('',#9999,POSITIVE_LENGTH_MEASURE(1.0E-06),#10000);
#5048=LINE('',#10001,#10002);
#5049=CURVE_STYLE('',#10003,POSITIVE_LENGTH_MEASURE(1.0E-06),#10004);
#5050=VERTEX_POINT('',#10005);
#5051=CIRCLE('',#10006,1.05);
#5052=CURVE_STYLE('',#10007,POSITIVE_LENGTH_MEASURE(1.0E-06),#10008);
#5053=B_SPLINE_CURVE_WITH_KNOTS('',3,(#10009,#10010,#10011,#10012),.UNSPECIFIED.,.F.,.F.,(4,4),(8.26986744868486E-15,0.169776661692582),.UNSPECIFIED.);
#5054=CURVE_STYLE('',#10013,POSITIVE_LENGTH_MEASURE(1.0E-06),#10014);
#5055=CIRCLE('',#10015,0.599999999999994);
#5056=CURVE_STYLE('',#10016,POSITIVE_LENGTH_MEASURE(1.0E-06),#10017);
#5057=CIRCLE('',#10018,0.5);
#5058=CURVE_STYLE('',#10019,POSITIVE_LENGTH_MEASURE(1.0E-06),#10020);
#5059=VERTEX_POINT('',#10021);
#5060=LINE('',#10022,#10023);
#5061=CURVE_STYLE('',#10024,POSITIVE_LENGTH_MEASURE(1.0E-06),#10025);
#5062=VERTEX_POINT('',#10026);
#5063=LINE('',#10027,#10028);
#5064=CURVE_STYLE('',#10029,POSITIVE_LENGTH_MEASURE(1.0E-06),#10030);
#5065=VERTEX_POINT('',#10031);
#5066=LINE('',#10032,#10033);
#5067=CURVE_STYLE('',#10034,POSITIVE_LENGTH_MEASURE(1.0E-06),#10035);
#5068=VERTEX_POINT('',#10036);
#5069=LINE('',#10037,#10038);
#5070=CURVE_STYLE('',#10039,POSITIVE_LENGTH_MEASURE(1.0E-06),#10040);
#5071=LINE('',#10041,#10042);
#5072=CURVE_STYLE('',#10043,POSITIVE_LENGTH_MEASURE(1.0E-06),#10044);
#5073=VERTEX_POINT('',#10045);
#5074=LINE('',#10046,#10047);
#5075=CURVE_STYLE('',#10048,POSITIVE_LENGTH_MEASURE(1.0E-06),#10049);
#5076=LINE('',#10050,#10051);
#5077=CURVE_STYLE('',#10052,POSITIVE_LENGTH_MEASURE(1.0E-06),#10053);
#5078=VERTEX_POINT('',#10054);
#5079=LINE('',#10055,#10056);
#5080=CURVE_STYLE('',#10057,POSITIVE_LENGTH_MEASURE(1.0E-06),#10058);
#5081=LINE('',#10059,#10060);
#5082=CURVE_STYLE('',#10061,POSITIVE_LENGTH_MEASURE(1.0E-06),#10062);
#5083=VERTEX_POINT('',#10063);
#5084=LINE('',#10064,#10065);
#5085=CURVE_STYLE('',#10066,POSITIVE_LENGTH_MEASURE(1.0E-06),#10067);
#5086=VERTEX_POINT('',#10068);
#5087=LINE('',#10069,#10070);
#5088=CURVE_STYLE('',#10071,POSITIVE_LENGTH_MEASURE(1.0E-06),#10072);
#5089=LINE('',#10073,#10074);
#5090=CURVE_STYLE('',#10075,POSITIVE_LENGTH_MEASURE(1.0E-06),#10076);
#5091=VERTEX_POINT('',#10077);
#5092=CIRCLE('',#10078,1.05);
#5093=CURVE_STYLE('',#10079,POSITIVE_LENGTH_MEASURE(1.0E-06),#10080);
#5094=B_SPLINE_CURVE_WITH_KNOTS('',3,(#10081,#10082,#10083,#10084,#10085,#10086,#10087),.UNSPECIFIED.,.F.,.F.,(4,3,4),(0.618145280523509,0.749999993916334,1.0000000000068),.UNSPECIFIED.);
#5095=CURVE_STYLE('',#10088,POSITIVE_LENGTH_MEASURE(1.0E-06),#10089);
#5096=VERTEX_POINT('',#10090);
#5097=VERTEX_POINT('',#10091);
#5098=LINE('',#10092,#10093);
#5099=CURVE_STYLE('',#10094,POSITIVE_LENGTH_MEASURE(1.0E-06),#10095);
#5100=LINE('',#10096,#10097);
#5101=CURVE_STYLE('',#10098,POSITIVE_LENGTH_MEASURE(1.0E-06),#10099);
#5102=LINE('',#10100,#10101);
#5103=CURVE_STYLE('',#10102,POSITIVE_LENGTH_MEASURE(1.0E-06),#10103);
#5104=LINE('',#10104,#10105);
#5105=CURVE_STYLE('',#10106,POSITIVE_LENGTH_MEASURE(1.0E-06),#10107);
#5106=LINE('',#10108,#10109);
#5107=CURVE_STYLE('',#10110,POSITIVE_LENGTH_MEASURE(1.0E-06),#10111);
#5108=VERTEX_POINT('',#10112);
#5109=LINE('',#10113,#10114);
#5110=CURVE_STYLE('',#10115,POSITIVE_LENGTH_MEASURE(1.0E-06),#10116);
#5111=VERTEX_POINT('',#10117);
#5112=LINE('',#10118,#10119);
#5113=CURVE_STYLE('',#10120,POSITIVE_LENGTH_MEASURE(1.0E-06),#10121);
#5114=LINE('',#10122,#10123);
#5115=CURVE_STYLE('',#10124,POSITIVE_LENGTH_MEASURE(1.0E-06),#10125);
#5116=LINE('',#10126,#10127);
#5117=CURVE_STYLE('',#10128,POSITIVE_LENGTH_MEASURE(1.0E-06),#10129);
#5118=LINE('',#10130,#10131);
#5119=CURVE_STYLE('',#10132,POSITIVE_LENGTH_MEASURE(1.0E-06),#10133);
#5120=LINE('',#10134,#10135);
#5121=CURVE_STYLE('',#10136,POSITIVE_LENGTH_MEASURE(1.0E-06),#10137);
#5122=LINE('',#10138,#10139);
#5123=CURVE_STYLE('',#10140,POSITIVE_LENGTH_MEASURE(1.0E-06),#10141);
#5124=VERTEX_POINT('',#10142);
#5125=LINE('',#10143,#10144);
#5126=CURVE_STYLE('',#10145,POSITIVE_LENGTH_MEASURE(1.0E-06),#10146);
#5127=LINE('',#10147,#10148);
#5128=CURVE_STYLE('',#10149,POSITIVE_LENGTH_MEASURE(1.0E-06),#10150);
#5129=VERTEX_POINT('',#10151);
#5130=VERTEX_POINT('',#10152);
#5131=LINE('',#10153,#10154);
#5132=CURVE_STYLE('',#10155,POSITIVE_LENGTH_MEASURE(1.0E-06),#10156);
#5133=LINE('',#10157,#10158);
#5134=CURVE_STYLE('',#10159,POSITIVE_LENGTH_MEASURE(1.0E-06),#10160);
#5135=VERTEX_POINT('',#10161);
#5136=LINE('',#10162,#10163);
#5137=CURVE_STYLE('',#10164,POSITIVE_LENGTH_MEASURE(1.0E-06),#10165);
#5138=LINE('',#10166,#10167);
#5139=CURVE_STYLE('',#10168,POSITIVE_LENGTH_MEASURE(1.0E-06),#10169);
#5140=LINE('',#10170,#10171);
#5141=CURVE_STYLE('',#10172,POSITIVE_LENGTH_MEASURE(1.0E-06),#10173);
#5142=CIRCLE('',#10174,0.5);
#5143=CURVE_STYLE('',#10175,POSITIVE_LENGTH_MEASURE(1.0E-06),#10176);
#5144=CIRCLE('',#10177,1.30000000000001);
#5145=CURVE_STYLE('',#10178,POSITIVE_LENGTH_MEASURE(1.0E-06),#10179);
#5146=CIRCLE('',#10180,1.3);
#5147=CURVE_STYLE('',#10181,POSITIVE_LENGTH_MEASURE(1.0E-06),#10182);
#5148=VERTEX_POINT('',#10183);
#5149=VERTEX_POINT('',#10184);
#5150=LINE('',#10185,#10186);
#5151=CURVE_STYLE('',#10187,POSITIVE_LENGTH_MEASURE(1.0E-06),#10188);
#5152=VERTEX_POINT('',#10189);
#5153=LINE('',#10190,#10191);
#5154=CURVE_STYLE('',#10192,POSITIVE_LENGTH_MEASURE(1.0E-06),#10193);
#5155=VERTEX_POINT('',#10194);
#5156=LINE('',#10195,#10196);
#5157=CURVE_STYLE('',#10197,POSITIVE_LENGTH_MEASURE(1.0E-06),#10198);
#5158=LINE('',#10199,#10200);
#5159=CURVE_STYLE('',#10201,POSITIVE_LENGTH_MEASURE(1.0E-06),#10202);
#5160=VERTEX_POINT('',#10203);
#5161=LINE('',#10204,#10205);
#5162=CURVE_STYLE('',#10206,POSITIVE_LENGTH_MEASURE(1.0E-06),#10207);
#5163=VERTEX_POINT('',#10208);
#5164=LINE('',#10209,#10210);
#5165=CURVE_STYLE('',#10211,POSITIVE_LENGTH_MEASURE(1.0E-06),#10212);
#5166=LINE('',#10213,#10214);
#5167=CURVE_STYLE('',#10215,POSITIVE_LENGTH_MEASURE(1.0E-06),#10216);
#5168=VERTEX_POINT('',#10217);
#5169=VERTEX_POINT('',#10218);
#5170=LINE('',#10219,#10220);
#5171=CURVE_STYLE('',#10221,POSITIVE_LENGTH_MEASURE(1.0E-06),#10222);
#5172=VERTEX_POINT('',#10223);
#5173=LINE('',#10224,#10225);
#5174=CURVE_STYLE('',#10226,POSITIVE_LENGTH_MEASURE(1.0E-06),#10227);
#5175=VERTEX_POINT('',#10228);
#5176=LINE('',#10229,#10230);
#5177=CURVE_STYLE('',#10231,POSITIVE_LENGTH_MEASURE(1.0E-06),#10232);
#5178=LINE('',#10233,#10234);
#5179=CURVE_STYLE('',#10235,POSITIVE_LENGTH_MEASURE(1.0E-06),#10236);
#5180=VERTEX_POINT('',#10237);
#5181=LINE('',#10238,#10239);
#5182=CURVE_STYLE('',#10240,POSITIVE_LENGTH_MEASURE(1.0E-06),#10241);
#5183=VERTEX_POINT('',#10242);
#5184=LINE('',#10243,#10244);
#5185=CURVE_STYLE('',#10245,POSITIVE_LENGTH_MEASURE(1.0E-06),#10246);
#5186=LINE('',#10247,#10248);
#5187=CURVE_STYLE('',#10249,POSITIVE_LENGTH_MEASURE(1.0E-06),#10250);
#5188=CIRCLE('',#10251,1.0);
#5189=CURVE_STYLE('',#10252,POSITIVE_LENGTH_MEASURE(1.0E-06),#10253);
#5190=LINE('',#10254,#10255);
#5191=CURVE_STYLE('',#10256,POSITIVE_LENGTH_MEASURE(1.0E-06),#10257);
#5192=VERTEX_POINT('',#10258);
#5193=LINE('',#10259,#10260);
#5194=CURVE_STYLE('',#10261,POSITIVE_LENGTH_MEASURE(1.0E-06),#10262);
#5195=LINE('',#10263,#10264);
#5196=CURVE_STYLE('',#10265,POSITIVE_LENGTH_MEASURE(1.0E-06),#10266);
#5197=VERTEX_POINT('',#10267);
#5198=LINE('',#10268,#10269);
#5199=CURVE_STYLE('',#10270,POSITIVE_LENGTH_MEASURE(1.0E-06),#10271);
#5200=LINE('',#10272,#10273);
#5201=CURVE_STYLE('',#10274,POSITIVE_LENGTH_MEASURE(1.0E-06),#10275);
#5202=VERTEX_POINT('',#10276);
#5203=LINE('',#10277,#10278);
#5204=CURVE_STYLE('',#10279,POSITIVE_LENGTH_MEASURE(1.0E-06),#10280);
#5205=LINE('',#10281,#10282);
#5206=CURVE_STYLE('',#10283,POSITIVE_LENGTH_MEASURE(1.0E-06),#10284);
#5207=LINE('',#10285,#10286);
#5208=CURVE_STYLE('',#10287,POSITIVE_LENGTH_MEASURE(1.0E-06),#10288);
#5209=VERTEX_POINT('',#10289);
#5210=LINE('',#10290,#10291);
#5211=CURVE_STYLE('',#10292,POSITIVE_LENGTH_MEASURE(1.0E-06),#10293);
#5212=LINE('',#10294,#10295);
#5213=CURVE_STYLE('',#10296,POSITIVE_LENGTH_MEASURE(1.0E-06),#10297);
#5214=B_SPLINE_CURVE_WITH_KNOTS('',3,(#10298,#10299,#10300,#10301,#10302,#10303,#10304),.UNSPECIFIED.,.F.,.F.,(4,3,4),(0.618145275723807,0.750000001121539,0.999999999999974),.UNSPECIFIED.);
#5215=CURVE_STYLE('',#10305,POSITIVE_LENGTH_MEASURE(1.0E-06),#10306);
#5216=VERTEX_POINT('',#10307);
#5217=VERTEX_POINT('',#10308);
#5218=LINE('',#10309,#10310);
#5219=CURVE_STYLE('',#10311,POSITIVE_LENGTH_MEASURE(1.0E-06),#10312);
#5220=VERTEX_POINT('',#10313);
#5221=LINE('',#10314,#10315);
#5222=CURVE_STYLE('',#10316,POSITIVE_LENGTH_MEASURE(1.0E-06),#10317);
#5223=VERTEX_POINT('',#10318);
#5224=LINE('',#10319,#10320);
#5225=CURVE_STYLE('',#10321,POSITIVE_LENGTH_MEASURE(1.0E-06),#10322);
#5226=LINE('',#10323,#10324);
#5227=CURVE_STYLE('',#10325,POSITIVE_LENGTH_MEASURE(1.0E-06),#10326);
#5228=VERTEX_POINT('',#10327);
#5229=CIRCLE('',#10328,0.599999999999994);
#5230=CURVE_STYLE('',#10329,POSITIVE_LENGTH_MEASURE(1.0E-06),#10330);
#5231=VERTEX_POINT('',#10331);
#5232=LINE('',#10332,#10333);
#5233=CURVE_STYLE('',#10334,POSITIVE_LENGTH_MEASURE(1.0E-06),#10335);
#5234=LINE('',#10336,#10337);
#5235=CURVE_STYLE('',#10338,POSITIVE_LENGTH_MEASURE(1.0E-06),#10339);
#5236=CIRCLE('',#10340,0.5);
#5237=CURVE_STYLE('',#10341,POSITIVE_LENGTH_MEASURE(1.0E-06),#10342);
#5238=CIRCLE('',#10343,0.599999999999994);
#5239=CURVE_STYLE('',#10344,POSITIVE_LENGTH_MEASURE(1.0E-06),#10345);
#5240=CIRCLE('',#10346,0.599999999999994);
#5241=CURVE_STYLE('',#10347,POSITIVE_LENGTH_MEASURE(1.0E-06),#10348);
#5242=LINE('',#10349,#10350);
#5243=CURVE_STYLE('',#10351,POSITIVE_LENGTH_MEASURE(1.0E-06),#10352);
#5244=VERTEX_POINT('',#10353);
#5245=LINE('',#10354,#10355);
#5246=CURVE_STYLE('',#10356,POSITIVE_LENGTH_MEASURE(1.0E-06),#10357);
#5247=LINE('',#10358,#10359);
#5248=CURVE_STYLE('',#10360,POSITIVE_LENGTH_MEASURE(1.0E-06),#10361);
#5249=VERTEX_POINT('',#10362);
#5250=LINE('',#10363,#10364);
#5251=CURVE_STYLE('',#10365,POSITIVE_LENGTH_MEASURE(1.0E-06),#10366);
#5252=LINE('',#10367,#10368);
#5253=CURVE_STYLE('',#10369,POSITIVE_LENGTH_MEASURE(1.0E-06),#10370);
#5254=LINE('',#10371,#10372);
#5255=CURVE_STYLE('',#10373,POSITIVE_LENGTH_MEASURE(1.0E-06),#10374);
#5256=VERTEX_POINT('',#10375);
#5257=LINE('',#10376,#10377);
#5258=CURVE_STYLE('',#10378,POSITIVE_LENGTH_MEASURE(1.0E-06),#10379);
#5259=VERTEX_POINT('',#10380);
#5260=LINE('',#10381,#10382);
#5261=CURVE_STYLE('',#10383,POSITIVE_LENGTH_MEASURE(1.0E-06),#10384);
#5262=LINE('',#10385,#10386);
#5263=CURVE_STYLE('',#10387,POSITIVE_LENGTH_MEASURE(1.0E-06),#10388);
#5264=VERTEX_POINT('',#10389);
#5265=LINE('',#10390,#10391);
#5266=CURVE_STYLE('',#10392,POSITIVE_LENGTH_MEASURE(1.0E-06),#10393);
#5267=VERTEX_POINT('',#10394);
#5268=LINE('',#10395,#10396);
#5269=CURVE_STYLE('',#10397,POSITIVE_LENGTH_MEASURE(1.0E-06),#10398);
#5270=LINE('',#10399,#10400);
#5271=CURVE_STYLE('',#10401,POSITIVE_LENGTH_MEASURE(1.0E-06),#10402);
#5272=VERTEX_POINT('',#10403);
#5273=VERTEX_POINT('',#10404);
#5274=LINE('',#10405,#10406);
#5275=CURVE_STYLE('',#10407,POSITIVE_LENGTH_MEASURE(1.0E-06),#10408);
#5276=VERTEX_POINT('',#10409);
#5277=LINE('',#10410,#10411);
#5278=CURVE_STYLE('',#10412,POSITIVE_LENGTH_MEASURE(1.0E-06),#10413);
#5279=LINE('',#10414,#10415);
#5280=CURVE_STYLE('',#10416,POSITIVE_LENGTH_MEASURE(1.0E-06),#10417);
#5281=B_SPLINE_CURVE_WITH_KNOTS('',3,(#10418,#10419,#10420,#10421),.UNSPECIFIED.,.F.,.F.,(4,4),(4.48566131377523E-15,0.169776662480587),.UNSPECIFIED.);
#5282=CURVE_STYLE('',#10422,POSITIVE_LENGTH_MEASURE(1.0E-06),#10423);
#5283=CIRCLE('',#10424,1.30000000000001);
#5284=CURVE_STYLE('',#10425,POSITIVE_LENGTH_MEASURE(1.0E-06),#10426);
#5285=CIRCLE('',#10427,1.3);
#5286=CURVE_STYLE('',#10428,POSITIVE_LENGTH_MEASURE(1.0E-06),#10429);
#5287=CIRCLE('',#10430,1.05);
#5288=CURVE_STYLE('',#10431,POSITIVE_LENGTH_MEASURE(1.0E-06),#10432);
#5289=CIRCLE('',#10433,0.5);
#5290=CURVE_STYLE('',#10434,POSITIVE_LENGTH_MEASURE(1.0E-06),#10435);
#5291=LINE('',#10436,#10437);
#5292=CURVE_STYLE('',#10438,POSITIVE_LENGTH_MEASURE(1.0E-06),#10439);
#5293=VERTEX_POINT('',#10440);
#5294=LINE('',#10441,#10442);
#5295=CURVE_STYLE('',#10443,POSITIVE_LENGTH_MEASURE(1.0E-06),#10444);
#5296=VERTEX_POINT('',#10445);
#5297=LINE('',#10446,#10447);
#5298=CURVE_STYLE('',#10448,POSITIVE_LENGTH_MEASURE(1.0E-06),#10449);
#5299=VERTEX_POINT('',#10450);
#5300=LINE('',#10451,#10452);
#5301=CURVE_STYLE('',#10453,POSITIVE_LENGTH_MEASURE(1.0E-06),#10454);
#5302=VERTEX_POINT('',#10455);
#5303=LINE('',#10456,#10457);
#5304=CURVE_STYLE('',#10458,POSITIVE_LENGTH_MEASURE(1.0E-06),#10459);
#5305=VERTEX_POINT('',#10460);
#5306=LINE('',#10461,#10462);
#5307=CURVE_STYLE('',#10463,POSITIVE_LENGTH_MEASURE(1.0E-06),#10464);
#5308=LINE('',#10465,#10466);
#5309=CURVE_STYLE('',#10467,POSITIVE_LENGTH_MEASURE(1.0E-06),#10468);
#5310=CIRCLE('',#10469,0.800000000000011);
#5311=CURVE_STYLE('',#10470,POSITIVE_LENGTH_MEASURE(1.0E-06),#10471);
#5312=LINE('',#10472,#10473);
#5313=CURVE_STYLE('',#10474,POSITIVE_LENGTH_MEASURE(1.0E-06),#10475);
#5314=LINE('',#10476,#10477);
#5315=CURVE_STYLE('',#10478,POSITIVE_LENGTH_MEASURE(1.0E-06),#10479);
#5316=LINE('',#10480,#10481);
#5317=CURVE_STYLE('',#10482,POSITIVE_LENGTH_MEASURE(1.0E-06),#10483);
#5318=VERTEX_POINT('',#10484);
#5319=LINE('',#10485,#10486);
#5320=CURVE_STYLE('',#10487,POSITIVE_LENGTH_MEASURE(1.0E-06),#10488);
#5321=LINE('',#10489,#10490);
#5322=CURVE_STYLE('',#10491,POSITIVE_LENGTH_MEASURE(1.0E-06),#10492);
#5323=LINE('',#10493,#10494);
#5324=CURVE_STYLE('',#10495,POSITIVE_LENGTH_MEASURE(1.0E-06),#10496);
#5325=LINE('',#10497,#10498);
#5326=CURVE_STYLE('',#10499,POSITIVE_LENGTH_MEASURE(1.0E-06),#10500);
#5327=CIRCLE('',#10501,1.0);
#5328=CURVE_STYLE('',#10502,POSITIVE_LENGTH_MEASURE(1.0E-06),#10503);
#5329=LINE('',#10504,#10505);
#5330=CURVE_STYLE('',#10506,POSITIVE_LENGTH_MEASURE(1.0E-06),#10507);
#5331=LINE('',#10508,#10509);
#5332=CURVE_STYLE('',#10510,POSITIVE_LENGTH_MEASURE(1.0E-06),#10511);
#5333=VERTEX_POINT('',#10512);
#5334=LINE('',#10513,#10514);
#5335=CURVE_STYLE('',#10515,POSITIVE_LENGTH_MEASURE(1.0E-06),#10516);
#5336=CIRCLE('',#10517,0.37321);
#5337=CURVE_STYLE('',#10518,POSITIVE_LENGTH_MEASURE(1.0E-06),#10519);
#5338=VERTEX_POINT('',#10520);
#5339=LINE('',#10521,#10522);
#5340=CURVE_STYLE('',#10523,POSITIVE_LENGTH_MEASURE(1.0E-06),#10524);
#5341=CIRCLE('',#10525,0.37321);
#5342=CURVE_STYLE('',#10526,POSITIVE_LENGTH_MEASURE(1.0E-06),#10527);
#5343=VERTEX_POINT('',#10528);
#5344=LINE('',#10529,#10530);
#5345=CURVE_STYLE('',#10531,POSITIVE_LENGTH_MEASURE(1.0E-06),#10532);
#5346=CIRCLE('',#10533,0.37321);
#5347=CURVE_STYLE('',#10534,POSITIVE_LENGTH_MEASURE(1.0E-06),#10535);
#5348=VERTEX_POINT('',#10536);
#5349=LINE('',#10537,#10538);
#5350=CURVE_STYLE('',#10539,POSITIVE_LENGTH_MEASURE(1.0E-06),#10540);
#5351=CIRCLE('',#10541,0.37321);
#5352=CURVE_STYLE('',#10542,POSITIVE_LENGTH_MEASURE(1.0E-06),#10543);
#5353=CIRCLE('',#10544,1.05);
#5354=CURVE_STYLE('',#10545,POSITIVE_LENGTH_MEASURE(1.0E-06),#10546);
#5355=LINE('',#10547,#10548);
#5356=CURVE_STYLE('',#10549,POSITIVE_LENGTH_MEASURE(1.0E-06),#10550);
#5357=LINE('',#10551,#10552);
#5358=CURVE_STYLE('',#10553,POSITIVE_LENGTH_MEASURE(1.0E-06),#10554);
#5359=VERTEX_POINT('',#10555);
#5360=B_SPLINE_CURVE_WITH_KNOTS('',3,(#10556,#10557,#10558,#10559,#10560,#10561,#10562,#10563,#10564,#10565,#10566,#10567,#10568,#10569),.UNSPECIFIED.,.F.,.F.,(4,2,2,2,2,2,4),(0.0,0.166301923893111,0.333150961945396,0.5,0.666849038049965,0.833698076102249,1.0),.UNSPECIFIED.);
#5361=CURVE_STYLE('',#10570,POSITIVE_LENGTH_MEASURE(1.0E-06),#10571);
#5362=VERTEX_POINT('',#10572);
#5363=CIRCLE('',#10573,0.28277);
#5364=CURVE_STYLE('',#10574,POSITIVE_LENGTH_MEASURE(1.0E-06),#10575);
#5365=VERTEX_POINT('',#10576);
#5366=LINE('',#10577,#10578);
#5367=CURVE_STYLE('',#10579,POSITIVE_LENGTH_MEASURE(1.0E-06),#10580);
#5368=CIRCLE('',#10581,0.27991);
#5369=CURVE_STYLE('',#10582,POSITIVE_LENGTH_MEASURE(1.0E-06),#10583);
#5370=VERTEX_POINT('',#10584);
#5371=LINE('',#10585,#10586);
#5372=CURVE_STYLE('',#10587,POSITIVE_LENGTH_MEASURE(1.0E-06),#10588);
#5373=VERTEX_POINT('',#10589);
#5374=B_SPLINE_CURVE_WITH_KNOTS('',3,(#10590,#10591,#10592,#10593,#10594,#10595,#10596,#10597,#10598,#10599,#10600,#10601,#10602,#10603,#10604,#10605,#10606,#10607),.UNSPECIFIED.,.F.,.F.,(4,2,2,2,2,2,2,2,4),(0.0,0.125,0.25,0.375,0.5,0.625,0.75,0.875,1.0),.UNSPECIFIED.);
#5375=CURVE_STYLE('',#10608,POSITIVE_LENGTH_MEASURE(1.0E-06),#10609);
#5376=VERTEX_POINT('',#10610);
#5377=LINE('',#10611,#10612);
#5378=CURVE_STYLE('',#10613,POSITIVE_LENGTH_MEASURE(1.0E-06),#10614);
#5379=CIRCLE('',#10615,0.27991);
#5380=CURVE_STYLE('',#10616,POSITIVE_LENGTH_MEASURE(1.0E-06),#10617);
#5381=LINE('',#10618,#10619);
#5382=CURVE_STYLE('',#10620,POSITIVE_LENGTH_MEASURE(1.0E-06),#10621);
#5383=CIRCLE('',#10622,0.28277);
#5384=CURVE_STYLE('',#10623,POSITIVE_LENGTH_MEASURE(1.0E-06),#10624);
#5385=VERTEX_POINT('',#10625);
#5386=B_SPLINE_CURVE_WITH_KNOTS('',3,(#10626,#10627,#10628,#10629,#10630,#10631,#10632,#10633,#10634,#10635,#10636,#10637,#10638,#10639),.UNSPECIFIED.,.F.,.F.,(4,2,2,2,2,2,4),(0.0,0.16630192389684,0.33315096194835,0.5,0.666849038051371,0.833698076102881,1.0),.UNSPECIFIED.);
#5387=CURVE_STYLE('',#10640,POSITIVE_LENGTH_MEASURE(1.0E-06),#10641);
#5388=VERTEX_POINT('',#10642);
#5389=CIRCLE('',#10643,0.28277);
#5390=CURVE_STYLE('',#10644,POSITIVE_LENGTH_MEASURE(1.0E-06),#10645);
#5391=VERTEX_POINT('',#10646);
#5392=LINE('',#10647,#10648);
#5393=CURVE_STYLE('',#10649,POSITIVE_LENGTH_MEASURE(1.0E-06),#10650);
#5394=CIRCLE('',#10651,0.27991);
#5395=CURVE_STYLE('',#10652,POSITIVE_LENGTH_MEASURE(1.0E-06),#10653);
#5396=VERTEX_POINT('',#10654);
#5397=LINE('',#10655,#10656);
#5398=CURVE_STYLE('',#10657,POSITIVE_LENGTH_MEASURE(1.0E-06),#10658);
#5399=CIRCLE('',#10659,0.27991);
#5400=CURVE_STYLE('',#10660,POSITIVE_LENGTH_MEASURE(1.0E-06),#10661);
#5401=VERTEX_POINT('',#10662);
#5402=LINE('',#10663,#10664);
#5403=CURVE_STYLE('',#10665,POSITIVE_LENGTH_MEASURE(1.0E-06),#10666);
#5404=CIRCLE('',#10667,0.27991);
#5405=CURVE_STYLE('',#10668,POSITIVE_LENGTH_MEASURE(1.0E-06),#10669);
#5406=VERTEX_POINT('',#10670);
#5407=LINE('',#10671,#10672);
#5408=CURVE_STYLE('',#10673,POSITIVE_LENGTH_MEASURE(1.0E-06),#10674);
#5409=CIRCLE('',#10675,0.27991);
#5410=CURVE_STYLE('',#10676,POSITIVE_LENGTH_MEASURE(1.0E-06),#10677);
#5411=LINE('',#10678,#10679);
#5412=CURVE_STYLE('',#10680,POSITIVE_LENGTH_MEASURE(1.0E-06),#10681);
#5413=CIRCLE('',#10682,0.28277);
#5414=CURVE_STYLE('',#10683,POSITIVE_LENGTH_MEASURE(1.0E-06),#10684);
#5415=VERTEX_POINT('',#10685);
#5416=VERTEX_POINT('',#10686);
#5417=B_SPLINE_CURVE_WITH_KNOTS('',3,(#10687,#10688,#10689,#10690,#10691,#10692,#10693,#10694,#10695,#10696,#10697,#10698,#10699,#10700,#10701,#10702,#10703,#10704),.UNSPECIFIED.,.F.,.F.,(4,2,2,2,2,2,2,2,4),(0.0,0.0666666666666667,0.2,0.333333333333333,0.466666666666667,0.6,0.733333333333333,0.866666666666667,1.0),.UNSPECIFIED.);
#5418=CURVE_STYLE('',#10705,POSITIVE_LENGTH_MEASURE(1.0E-06),#10706);
#5419=B_SPLINE_CURVE_WITH_KNOTS('',3,(#10707,#10708,#10709,#10710,#10711,#10712,#10713,#10714,#10715,#10716,#10717,#10718,#10719,#10720,#10721,#10722,#10723,#10724),.UNSPECIFIED.,.F.,.F.,(4,2,2,2,2,2,2,2,4),(0.0,0.133333333333333,0.266666666666667,0.4,0.533333333333333,0.666666666666667,0.8,0.933333333333333,1.0),.UNSPECIFIED.);
#5420=CURVE_STYLE('',#10725,POSITIVE_LENGTH_MEASURE(1.0E-06),#10726);
#5421=VERTEX_POINT('',#10727);
#5422=LINE('',#10728,#10729);
#5423=CURVE_STYLE('',#10730,POSITIVE_LENGTH_MEASURE(1.0E-06),#10731);
#5424=VERTEX_POINT('',#10732);
#5425=CIRCLE('',#10733,0.37321);
#5426=CURVE_STYLE('',#10734,POSITIVE_LENGTH_MEASURE(1.0E-06),#10735);
#5427=LINE('',#10736,#10737);
#5428=CURVE_STYLE('',#10738,POSITIVE_LENGTH_MEASURE(1.0E-06),#10739);
#5429=VERTEX_POINT('',#10740);
#5430=CIRCLE('',#10741,0.37321);
#5431=CURVE_STYLE('',#10742,POSITIVE_LENGTH_MEASURE(1.0E-06),#10743);
#5432=LINE('',#10744,#10745);
#5433=CURVE_STYLE('',#10746,POSITIVE_LENGTH_MEASURE(1.0E-06),#10747);
#5434=VERTEX_POINT('',#10748);
#5435=CIRCLE('',#10749,0.37321);
#5436=CURVE_STYLE('',#10750,POSITIVE_LENGTH_MEASURE(1.0E-06),#10751);
#5437=LINE('',#10752,#10753);
#5438=CURVE_STYLE('',#10754,POSITIVE_LENGTH_MEASURE(1.0E-06),#10755);
#5439=CIRCLE('',#10756,0.37321);
#5440=CURVE_STYLE('',#10757,POSITIVE_LENGTH_MEASURE(1.0E-06),#10758);
#5441=LINE('',#10759,#10760);
#5442=CURVE_STYLE('',#10761,POSITIVE_LENGTH_MEASURE(1.0E-06),#10762);
#5443=VERTEX_POINT('',#10763);
#5444=CIRCLE('',#10764,0.27991);
#5445=CURVE_STYLE('',#10765,POSITIVE_LENGTH_MEASURE(1.0E-06),#10766);
#5446=LINE('',#10767,#10768);
#5447=CURVE_STYLE('',#10769,POSITIVE_LENGTH_MEASURE(1.0E-06),#10770);
#5448=VERTEX_POINT('',#10771);
#5449=CIRCLE('',#10772,0.27991);
#5450=CURVE_STYLE('',#10773,POSITIVE_LENGTH_MEASURE(1.0E-06),#10774);
#5451=LINE('',#10775,#10776);
#5452=CURVE_STYLE('',#10777,POSITIVE_LENGTH_MEASURE(1.0E-06),#10778);
#5453=VERTEX_POINT('',#10779);
#5454=CIRCLE('',#10780,0.27991);
#5455=CURVE_STYLE('',#10781,POSITIVE_LENGTH_MEASURE(1.0E-06),#10782);
#5456=LINE('',#10783,#10784);
#5457=CURVE_STYLE('',#10785,POSITIVE_LENGTH_MEASURE(1.0E-06),#10786);
#5458=VERTEX_POINT('',#10787);
#5459=CIRCLE('',#10788,0.27991);
#5460=CURVE_STYLE('',#10789,POSITIVE_LENGTH_MEASURE(1.0E-06),#10790);
#5461=VERTEX_POINT('',#10791);
#5462=LINE('',#10792,#10793);
#5463=CURVE_STYLE('',#10794,POSITIVE_LENGTH_MEASURE(1.0E-06),#10795);
#5464=CIRCLE('',#10796,0.28277);
#5465=CURVE_STYLE('',#10797,POSITIVE_LENGTH_MEASURE(1.0E-06),#10798);
#5466=VERTEX_POINT('',#10799);
#5467=B_SPLINE_CURVE_WITH_KNOTS('',3,(#10800,#10801,#10802,#10803,#10804,#10805,#10806,#10807,#10808,#10809,#10810,#10811,#10812,#10813),.UNSPECIFIED.,.F.,.F.,(4,2,2,2,2,2,4),(0.0,0.16630192389684,0.33315096194835,0.5,0.666849038051371,0.833698076102881,1.0),.UNSPECIFIED.);
#5468=CURVE_STYLE('',#10814,POSITIVE_LENGTH_MEASURE(1.0E-06),#10815);
#5469=CIRCLE('',#10816,0.28277);
#5470=CURVE_STYLE('',#10817,POSITIVE_LENGTH_MEASURE(1.0E-06),#10818);
#5471=VERTEX_POINT('',#10819);
#5472=VERTEX_POINT('',#10820);
#5473=B_SPLINE_CURVE_WITH_KNOTS('',3,(#10821,#10822,#10823,#10824,#10825,#10826,#10827,#10828,#10829,#10830,#10831,#10832,#10833,#10834,#10835,#10836,#10837,#10838),.UNSPECIFIED.,.F.,.F.,(4,2,2,2,2,2,2,2,4),(0.0,0.0666666666666667,0.2,0.333333333333333,0.466666666666667,0.6,0.733333333333333,0.866666666666667,1.0),.UNSPECIFIED.);
#5474=CURVE_STYLE('',#10839,POSITIVE_LENGTH_MEASURE(1.0E-06),#10840);
#5475=B_SPLINE_CURVE_WITH_KNOTS('',3,(#10841,#10842,#10843,#10844,#10845,#10846,#10847,#10848,#10849,#10850,#10851,#10852,#10853,#10854,#10855,#10856,#10857,#10858),.UNSPECIFIED.,.F.,.F.,(4,2,2,2,2,2,2,2,4),(0.0,0.133333333333333,0.266666666666667,0.4,0.533333333333333,0.666666666666667,0.8,0.933333333333333,1.0),.UNSPECIFIED.);
#5476=CURVE_STYLE('',#10859,POSITIVE_LENGTH_MEASURE(1.0E-06),#10860);
#5477=LINE('',#10861,#10862);
#5478=CURVE_STYLE('',#10863,POSITIVE_LENGTH_MEASURE(1.0E-06),#10864);
#5479=VERTEX_POINT('',#10865);
#5480=CIRCLE('',#10866,0.27991);
#5481=CURVE_STYLE('',#10867,POSITIVE_LENGTH_MEASURE(1.0E-06),#10868);
#5482=VERTEX_POINT('',#10869);
#5483=LINE('',#10870,#10871);
#5484=CURVE_STYLE('',#10872,POSITIVE_LENGTH_MEASURE(1.0E-06),#10873);
#5485=VERTEX_POINT('',#10874);
#5486=B_SPLINE_CURVE_WITH_KNOTS('',3,(#10875,#10876,#10877,#10878,#10879,#10880,#10881,#10882,#10883,#10884,#10885,#10886,#10887,#10888,#10889,#10890,#10891,#10892),.UNSPECIFIED.,.F.,.F.,(4,2,2,2,2,2,2,2,4),(0.0,0.125,0.25,0.375,0.5,0.625,0.75,0.875,1.0),.UNSPECIFIED.);
#5487=CURVE_STYLE('',#10893,POSITIVE_LENGTH_MEASURE(1.0E-06),#10894);
#5488=LINE('',#10895,#10896);
#5489=CURVE_STYLE('',#10897,POSITIVE_LENGTH_MEASURE(1.0E-06),#10898);
#5490=VERTEX_POINT('',#10899);
#5491=CIRCLE('',#10900,0.27991);
#5492=CURVE_STYLE('',#10901,POSITIVE_LENGTH_MEASURE(1.0E-06),#10902);
#5493=VERTEX_POINT('',#10903);
#5494=LINE('',#10904,#10905);
#5495=CURVE_STYLE('',#10906,POSITIVE_LENGTH_MEASURE(1.0E-06),#10907);
#5496=CIRCLE('',#10908,0.28277);
#5497=CURVE_STYLE('',#10909,POSITIVE_LENGTH_MEASURE(1.0E-06),#10910);
#5498=VERTEX_POINT('',#10911);
#5499=B_SPLINE_CURVE_WITH_KNOTS('',3,(#10912,#10913,#10914,#10915,#10916,#10917,#10918,#10919,#10920,#10921,#10922,#10923,#10924,#10925),.UNSPECIFIED.,.F.,.F.,(4,2,2,2,2,2,4),(0.0,0.166301923893111,0.333150961945396,0.5,0.666849038049965,0.833698076102249,1.0),.UNSPECIFIED.);
#5500=CURVE_STYLE('',#10926,POSITIVE_LENGTH_MEASURE(1.0E-06),#10927);
#5501=CIRCLE('',#10928,0.28277);
#5502=CURVE_STYLE('',#10929,POSITIVE_LENGTH_MEASURE(1.0E-06),#10930);
#5503=LINE('',#10931,#10932);
#5504=CURVE_STYLE('',#10933,POSITIVE_LENGTH_MEASURE(1.0E-06),#10934);
#5505=LINE('',#10935,#10936);
#5506=CURVE_STYLE('',#10937,POSITIVE_LENGTH_MEASURE(1.0E-06),#10938);
#5507=LINE('',#10939,#10940);
#5508=CURVE_STYLE('',#10941,POSITIVE_LENGTH_MEASURE(1.0E-06),#10942);
#5509=LINE('',#10943,#10944);
#5510=CURVE_STYLE('',#10945,POSITIVE_LENGTH_MEASURE(1.0E-06),#10946);
#5511=LINE('',#10947,#10948);
#5512=CURVE_STYLE('',#10949,POSITIVE_LENGTH_MEASURE(1.0E-06),#10950);
#5513=LINE('',#10951,#10952);
#5514=CURVE_STYLE('',#10953,POSITIVE_LENGTH_MEASURE(1.0E-06),#10954);
#5515=LINE('',#10955,#10956);
#5516=CURVE_STYLE('',#10957,POSITIVE_LENGTH_MEASURE(1.0E-06),#10958);
#5517=LINE('',#10959,#10960);
#5518=CURVE_STYLE('',#10961,POSITIVE_LENGTH_MEASURE(1.0E-06),#10962);
#5519=LINE('',#10963,#10964);
#5520=CURVE_STYLE('',#10965,POSITIVE_LENGTH_MEASURE(1.0E-06),#10966);
#5521=LINE('',#10967,#10968);
#5522=CURVE_STYLE('',#10969,POSITIVE_LENGTH_MEASURE(1.0E-06),#10970);
#5523=LINE('',#10971,#10972);
#5524=CURVE_STYLE('',#10973,POSITIVE_LENGTH_MEASURE(1.0E-06),#10974);
#5525=LINE('',#10975,#10976);
#5526=CURVE_STYLE('',#10977,POSITIVE_LENGTH_MEASURE(1.0E-06),#10978);
#5527=LINE('',#10979,#10980);
#5528=CURVE_STYLE('',#10981,POSITIVE_LENGTH_MEASURE(1.0E-06),#10982);
#5529=LINE('',#10983,#10984);
#5530=CURVE_STYLE('',#10985,POSITIVE_LENGTH_MEASURE(1.0E-06),#10986);
#5531=LINE('',#10987,#10988);
#5532=CURVE_STYLE('',#10989,POSITIVE_LENGTH_MEASURE(1.0E-06),#10990);
#5533=LINE('',#10991,#10992);
#5534=CURVE_STYLE('',#10993,POSITIVE_LENGTH_MEASURE(1.0E-06),#10994);
#5535=LINE('',#10995,#10996);
#5536=CURVE_STYLE('',#10997,POSITIVE_LENGTH_MEASURE(1.0E-06),#10998);
#5537=LINE('',#10999,#11000);
#5538=SURFACE_STYLE_USAGE(.BOTH.,#11001);
#5539=CLOSED_SHELL('',(#1853,#1855,#1857,#1859,#1861,#1863,#1865,#1867,#1869,#1871,#1873,#1875,#1877,#1879,#1881,#1883,#1885,#1887,#1889,#1891,#1893,#1895,#1897,#1899,#1901,#1903,#1905,#1907,#1909,#1911,#1913,#1915,#1917,#1919,#1921,#1923,#1925,#1927,#1929,#1931,#1933,#1935,#1937,#1939,#1941,#1943,#1945,#1947,#1949,#1951,#1953,#1955,#1957,#1959,#1961,#1963,#1965,#1967,#1969,#1971,#1973,#1975,#1977,#1979,#1981,#1983,#1985,#1987,#1989,#1991,#1993,#1995,#1997,#1999,#2001,#2003,#2005,#2007,#2009,#2011,#2013,#2015,#2017,#2019,#2021,#2023,#2025,#2027,#2029,#2031,#2033,#2035,#2037,#2039,#2041,#2043,#2045,#2047,#2049,#2051,#2053,#2055,#2057,#2059,#2061,#2063,#2065,#2067,#2069,#2071,#2073,#2075,#2077,#2079,#2081,#2083,#2085,#2087,#2089,#2091,#2093,#2095,#2097,#2099,#2101,#2103,#2105,#2107,#2109,#2111,#2113,#2115,#2117,#2119,#2121,#2123,#2125,#2127,#2129,#2131,#2133,#2135,#2137,#2139,#2141,#2143));
#5540=PRODUCT_CONTEXT('',#959,'mechanical');
#5541=PRODUCT_DEFINITION_FORMATION_WITH_SPECIFIED_SOURCE(' ','NONE',#2866,.NOT_KNOWN.);
#5542=CARTESIAN_POINT('',(0.0,0.0,0.0));
#5543=DIRECTION('',(0.0,0.0,1.0));
#5544=DIRECTION('',(1.0,0.0,0.0));
#5545=CARTESIAN_POINT('',(0.0,0.0,0.0));
#5546=DIRECTION('',(0.0,0.0,1.0));
#5547=DIRECTION('',(1.0,0.0,0.0));
#5548=CARTESIAN_POINT('',(0.0,0.0,0.0));
#5549=DIRECTION('',(0.0,0.0,1.0));
#5550=DIRECTION('',(1.0,0.0,0.0));
#5551=CARTESIAN_POINT('',(0.0,0.0,0.0));
#5552=DIRECTION('',(0.0,0.0,1.0));
#5553=DIRECTION('',(1.0,0.0,0.0));
#5554=CARTESIAN_POINT('',(0.0,0.0,0.0));
#5555=DIRECTION('',(0.0,0.0,1.0));
#5556=DIRECTION('',(1.0,0.0,0.0));
#5557= (NAMED_UNIT(#2878)LENGTH_UNIT()SI_UNIT(.MILLI.,.METRE.));
#5558=SURFACE_SIDE_STYLE('',(#11003));
#5559=EDGE_LOOP('',(#11004,#11005,#11006,#11007));
#5560=AXIS2_PLACEMENT_3D('',#11008,#11009,#11010);
#5561=SURFACE_SIDE_STYLE('',(#11011));
#5562=EDGE_LOOP('',(#11012,#11013,#11014,#11015));
#5563=AXIS2_PLACEMENT_3D('',#11016,#11017,#11018);
#5564=SURFACE_SIDE_STYLE('',(#11019));
#5565=EDGE_LOOP('',(#11020,#11021,#11022,#11023,#11024));
#5566=AXIS2_PLACEMENT_3D('',#11025,#11026,#11027);
#5567=SURFACE_SIDE_STYLE('',(#11028));
#5568=EDGE_LOOP('',(#11029,#11030));
#5569=AXIS2_PLACEMENT_3D('',#11031,#11032,#11033);
#5570=SURFACE_SIDE_STYLE('',(#11034));
#5571=EDGE_LOOP('',(#11035,#11036,#11037,#11038,#11039));
#5572=B_SPLINE_CURVE_WITH_KNOTS('',3,(#11040,#11041,#11042,#11043,#11044,#11045,#11046),.UNSPECIFIED.,.F.,.F.,(4,1,1,1,4),(0.0,0.442847732937212,0.784028611994512,0.975587140650889,1.0),.UNSPECIFIED.);
#5573=AXIS1_PLACEMENT('',#11047,#11048);
#5574=SURFACE_SIDE_STYLE('',(#11049));
#5575=EDGE_LOOP('',(#11050,#11051,#11052,#11053));
#5576=AXIS2_PLACEMENT_3D('',#11054,#11055,#11056);
#5577=SURFACE_SIDE_STYLE('',(#11057));
#5578=EDGE_LOOP('',(#11058,#11059,#11060));
#5579=AXIS2_PLACEMENT_3D('',#11061,#11062,#11063);
#5580=SURFACE_SIDE_STYLE('',(#11064));
#5581=EDGE_LOOP('',(#11065,#11066,#11067,#11068,#11069));
#5582=AXIS2_PLACEMENT_3D('',#11070,#11071,#11072);
#5583=SURFACE_SIDE_STYLE('',(#11073));
#5584=EDGE_LOOP('',(#11074,#11075,#11076,#11077));
#5585=AXIS2_PLACEMENT_3D('',#11078,#11079,#11080);
#5586=SURFACE_SIDE_STYLE('',(#11081));
#5587=EDGE_LOOP('',(#11082,#11083,#11084,#11085,#11086));
#5588=B_SPLINE_CURVE_WITH_KNOTS('',3,(#11087,#11088,#11089,#11090,#11091,#11092,#11093),.UNSPECIFIED.,.F.,.F.,(4,1,1,1,4),(0.0,0.442847732937212,0.784028611994512,0.975587140650889,1.0),.UNSPECIFIED.);
#5589=AXIS1_PLACEMENT('',#11094,#11095);
#5590=SURFACE_SIDE_STYLE('',(#11096));
#5591=EDGE_LOOP('',(#11097,#11098,#11099,#11100,#11101));
#5592=AXIS2_PLACEMENT_3D('',#11102,#11103,#11104);
#5593=DRAUGHTING_PRE_DEFINED_CURVE_FONT('continuous');
#5594=COLOUR_RGB('',0.310000002384186,0.310000002384186,0.310000002384186);
#5595=CARTESIAN_POINT('',(5.7217879865202,6.85082909169299,7.00000000000001));
#5596=CARTESIAN_POINT('',(5.75056999999999,7.85,7.00000000000001));
#5597=AXIS2_PLACEMENT_3D('',#11105,#11106,#11107);
#5598=DRAUGHTING_PRE_DEFINED_CURVE_FONT('continuous');
#5599=COLOUR_RGB('',0.310000002384186,0.310000002384186,0.310000002384186);
#5600=CARTESIAN_POINT('',(5.75056999999994,7.85,-2.83));
#5601=CARTESIAN_POINT('',(5.75056999999999,7.85,7.00000000000001));
#5602=VECTOR('',#11108,1.0);
#5603=DRAUGHTING_PRE_DEFINED_CURVE_FONT('continuous');
#5604=COLOUR_RGB('',0.310000002384186,0.310000002384186,0.310000002384186);
#5605=CARTESIAN_POINT('',(5.7217879865202,6.85082909169299,-2.83));
#5606=AXIS2_PLACEMENT_3D('',#11109,#11110,#11111);
#5607=DRAUGHTING_PRE_DEFINED_CURVE_FONT('continuous');
#5608=COLOUR_RGB('',0.310000002384186,0.310000002384186,0.310000002384186);
#5609=CARTESIAN_POINT('',(5.80239160589115,6.85269272963,7.00000000000001));
#5610=AXIS2_PLACEMENT_3D('',#11112,#11113,#11114);
#5611=DRAUGHTING_PRE_DEFINED_CURVE_FONT('continuous');
#5612=COLOUR_RGB('',0.310000002384186,0.310000002384186,0.310000002384186);
#5613=CARTESIAN_POINT('',(5.75056999999999,7.45,7.40000000000001));
#5614=AXIS2_PLACEMENT_3D('',#11115,#11116,#11117);
#5615=DRAUGHTING_PRE_DEFINED_CURVE_FONT('continuous');
#5616=COLOUR_RGB('',0.310000002384186,0.310000002384186,0.310000002384186);
#5617=CARTESIAN_POINT('',(5.76093432117822,7.250538545926,7.40000000000001));
#5618=AXIS2_PLACEMENT_3D('',#11118,#11119,#11120);
#5619=DRAUGHTING_PRE_DEFINED_CURVE_FONT('continuous');
#5620=COLOUR_RGB('',0.310000002384186,0.310000002384186,0.310000002384186);
#5621=CARTESIAN_POINT('',(5.7736786670465,6.85053429596484,-2.83));
#5622=AXIS2_PLACEMENT_3D('',#11121,#11122,#11123);
#5623=DRAUGHTING_PRE_DEFINED_CURVE_FONT('continuous');
#5624=COLOUR_RGB('',0.310000002384186,0.310000002384186,0.310000002384186);
#5625=CARTESIAN_POINT('',(5.7736786670465,6.85053429596485,7.00000000000001));
#5626=AXIS2_PLACEMENT_3D('',#11124,#11125,#11126);
#5627=DRAUGHTING_PRE_DEFINED_CURVE_FONT('continuous');
#5628=COLOUR_RGB('',0.310000002384186,0.310000002384186,0.310000002384186);
#5629=CARTESIAN_POINT('',(5.75057000000003,7.25,-4.0));
#5630=CARTESIAN_POINT('',(5.75056999999994,7.45,-4.0));
#5631=AXIS2_PLACEMENT_3D('',#11127,#11128,#11129);
#5632=DRAUGHTING_PRE_DEFINED_CURVE_FONT('continuous');
#5633=COLOUR_RGB('',0.310000002384186,0.310000002384186,0.310000002384186);
#5634=AXIS2_PLACEMENT_3D('',#11130,#11131,#11132);
#5635=DRAUGHTING_PRE_DEFINED_CURVE_FONT('continuous');
#5636=COLOUR_RGB('',0.310000002384186,0.310000002384186,0.310000002384186);
#5637=CARTESIAN_POINT('',(5.75057000000003,6.85,-2.83));
#5638=CARTESIAN_POINT('',(5.75057000000003,6.85,-2.83));
#5639=CARTESIAN_POINT('',(5.75057000000003,6.85,-3.02752943661651));
#5640=CARTESIAN_POINT('',(5.75057000000003,6.89032557765318,-3.37724045126104));
#5641=CARTESIAN_POINT('',(5.75057000000003,6.97184258393272,-3.78279885936949));
#5642=CARTESIAN_POINT('',(5.75057000000003,7.17643438192887,-4.0));
#5643=CARTESIAN_POINT('',(5.75057000000003,7.25,-4.0));
#5644=DRAUGHTING_PRE_DEFINED_CURVE_FONT('continuous');
#5645=COLOUR_RGB('',0.310000002384186,0.310000002384186,0.310000002384186);
#5646=AXIS2_PLACEMENT_3D('',#11133,#11134,#11135);
#5647=DRAUGHTING_PRE_DEFINED_CURVE_FONT('continuous');
#5648=COLOUR_RGB('',0.310000002384186,0.310000002384186,0.310000002384186);
#5649=CARTESIAN_POINT('',(5.75056999999994,7.85,-2.83));
#5650=CARTESIAN_POINT('',(5.75056999999994,7.85,-3.02752943661651));
#5651=CARTESIAN_POINT('',(5.75056999999994,7.80967442234683,-3.37724045126104));
#5652=CARTESIAN_POINT('',(5.75056999999994,7.72815741606728,-3.78279885936949));
#5653=CARTESIAN_POINT('',(5.75056999999994,7.52356561807113,-4.0));
#5654=CARTESIAN_POINT('',(5.75056999999994,7.45,-4.0));
#5655=DRAUGHTING_PRE_DEFINED_CURVE_FONT('continuous');
#5656=COLOUR_RGB('',0.310000002384186,0.310000002384186,0.310000002384186);
#5657=CARTESIAN_POINT('',(5.75056999999999,6.85,7.00000000000001));
#5658=AXIS2_PLACEMENT_3D('',#11136,#11137,#11138);
#5659=DRAUGHTING_PRE_DEFINED_CURVE_FONT('continuous');
#5660=COLOUR_RGB('',0.310000002384186,0.310000002384186,0.310000002384186);
#5661=CARTESIAN_POINT('',(5.75056999999999,6.85,7.00000000000001));
#5662=VECTOR('',#11139,1.0);
#5663=DRAUGHTING_PRE_DEFINED_CURVE_FONT('continuous');
#5664=COLOUR_RGB('',0.310000002384186,0.310000002384186,0.310000002384186);
#5665=AXIS2_PLACEMENT_3D('',#11140,#11141,#11142);
#5666=DRAUGHTING_PRE_DEFINED_CURVE_FONT('continuous');
#5667=COLOUR_RGB('',0.310000002384186,0.310000002384186,0.310000002384186);
#5668=CARTESIAN_POINT('',(5.75056999999999,7.25,7.40000000000001));
#5669=AXIS2_PLACEMENT_3D('',#11143,#11144,#11145);
#5670=DRAUGHTING_PRE_DEFINED_CURVE_FONT('continuous');
#5671=COLOUR_RGB('',0.310000002384186,0.310000002384186,0.310000002384186);
#5672=AXIS2_PLACEMENT_3D('',#11146,#11147,#11148);
#5673=DRAUGHTING_PRE_DEFINED_CURVE_FONT('continuous');
#5674=COLOUR_RGB('',0.310000002384186,0.310000002384186,0.310000002384186);
#5675=AXIS2_PLACEMENT_3D('',#11149,#11150,#11151);
#5676=DRAUGHTING_PRE_DEFINED_CURVE_FONT('continuous');
#5677=COLOUR_RGB('',0.310000002384186,0.310000002384186,0.310000002384186);
#5678=AXIS2_PLACEMENT_3D('',#11152,#11153,#11154);
#5679=SURFACE_SIDE_STYLE('',(#11155));
#5680=SURFACE_SIDE_STYLE('',(#11156));
#5681=EDGE_LOOP('',(#11157,#11158,#11159,#11160,#11161));
#5682=AXIS2_PLACEMENT_3D('',#11162,#11163,#11164);
#5683=SURFACE_SIDE_STYLE('',(#11165));
#5684=EDGE_LOOP('',(#11166,#11167,#11168,#11169,#11170,#11171,#11172));
#5685=AXIS2_PLACEMENT_3D('',#11173,#11174,#11175);
#5686=SURFACE_SIDE_STYLE('',(#11176));
#5687=EDGE_LOOP('',(#11177,#11178,#11179,#11180));
#5688=AXIS2_PLACEMENT_3D('',#11181,#11182,#11183);
#5689=SURFACE_SIDE_STYLE('',(#11184));
#5690=EDGE_LOOP('',(#11185,#11186,#11187,#11188));
#5691=AXIS2_PLACEMENT_3D('',#11189,#11190,#11191);
#5692=SURFACE_SIDE_STYLE('',(#11192));
#5693=EDGE_LOOP('',(#11193,#11194,#11195,#11196,#11197,#11198,#11199,#11200,#11201));
#5694=AXIS2_PLACEMENT_3D('',#11202,#11203,#11204);
#5695=SURFACE_SIDE_STYLE('',(#11205));
#5696=EDGE_LOOP('',(#11206,#11207,#11208,#11209,#11210,#11211,#11212));
#5697=AXIS2_PLACEMENT_3D('',#11213,#11214,#11215);
#5698=SURFACE_SIDE_STYLE('',(#11216));
#5699=EDGE_LOOP('',(#11217,#11218,#11219,#11220,#11221));
#5700=AXIS2_PLACEMENT_3D('',#11222,#11223,#11224);
#5701=SURFACE_SIDE_STYLE('',(#11225));
#5702=EDGE_LOOP('',(#11226,#11227,#11228,#11229,#11230));
#5703=AXIS2_PLACEMENT_3D('',#11231,#11232,#11233);
#5704=SURFACE_SIDE_STYLE('',(#11234));
#5705=EDGE_LOOP('',(#11235,#11236,#11237,#11238));
#5706=AXIS2_PLACEMENT_3D('',#11239,#11240,#11241);
#5707=SURFACE_SIDE_STYLE('',(#11242));
#5708=EDGE_LOOP('',(#11243,#11244,#11245,#11246,#11247));
#5709=AXIS2_PLACEMENT_3D('',#11248,#11249,#11250);
#5710=SURFACE_SIDE_STYLE('',(#11251));
#5711=EDGE_LOOP('',(#11252,#11253,#11254,#11255,#11256,#11257,#11258,#11259,#11260,#11261,#11262,#11263,#11264,#11265,#11266,#11267));
#5712=AXIS2_PLACEMENT_3D('',#11268,#11269,#11270);
#5713=SURFACE_SIDE_STYLE('',(#11271));
#5714=EDGE_LOOP('',(#11272,#11273,#11274,#11275,#11276));
#5715=AXIS2_PLACEMENT_3D('',#11277,#11278,#11279);
#5716=SURFACE_SIDE_STYLE('',(#11280));
#5717=EDGE_LOOP('',(#11281,#11282,#11283,#11284));
#5718=AXIS2_PLACEMENT_3D('',#11285,#11286,#11287);
#5719=SURFACE_SIDE_STYLE('',(#11288));
#5720=EDGE_LOOP('',(#11289,#11290,#11291,#11292));
#5721=AXIS2_PLACEMENT_3D('',#11293,#11294,#11295);
#5722=SURFACE_SIDE_STYLE('',(#11296));
#5723=EDGE_LOOP('',(#11297,#11298,#11299,#11300));
#5724=AXIS2_PLACEMENT_3D('',#11301,#11302,#11303);
#5725=SURFACE_SIDE_STYLE('',(#11304));
#5726=EDGE_LOOP('',(#11305,#11306,#11307));
#5727=AXIS2_PLACEMENT_3D('',#11308,#11309,#11310);
#5728=SURFACE_SIDE_STYLE('',(#11311));
#5729=EDGE_LOOP('',(#11312,#11313,#11314,#11315));
#5730=AXIS2_PLACEMENT_3D('',#11316,#11317,#11318);
#5731=SURFACE_SIDE_STYLE('',(#11319));
#5732=EDGE_LOOP('',(#11320,#11321,#11322));
#5733=AXIS2_PLACEMENT_3D('',#11323,#11324,#11325);
#5734=SURFACE_SIDE_STYLE('',(#11326));
#5735=EDGE_LOOP('',(#11327,#11328,#11329));
#5736=AXIS2_PLACEMENT_3D('',#11330,#11331,#11332);
#5737=SURFACE_SIDE_STYLE('',(#11333));
#5738=EDGE_LOOP('',(#11334,#11335,#11336,#11337,#11338));
#5739=AXIS2_PLACEMENT_3D('',#11339,#11340,#11341);
#5740=SURFACE_SIDE_STYLE('',(#11342));
#5741=EDGE_LOOP('',(#11343,#11344,#11345,#11346,#11347,#11348));
#5742=AXIS2_PLACEMENT_3D('',#11349,#11350,#11351);
#5743=SURFACE_SIDE_STYLE('',(#11352));
#5744=EDGE_LOOP('',(#11353,#11354,#11355,#11356));
#5745=AXIS2_PLACEMENT_3D('',#11357,#11358,#11359);
#5746=SURFACE_SIDE_STYLE('',(#11360));
#5747=EDGE_LOOP('',(#11361,#11362,#11363,#11364,#11365,#11366));
#5748=AXIS2_PLACEMENT_3D('',#11367,#11368,#11369);
#5749=SURFACE_SIDE_STYLE('',(#11370));
#5750=EDGE_LOOP('',(#11371,#11372,#11373,#11374));
#5751=AXIS2_PLACEMENT_3D('',#11375,#11376,#11377);
#5752=SURFACE_SIDE_STYLE('',(#11378));
#5753=EDGE_LOOP('',(#11379,#11380,#11381,#11382));
#5754=AXIS2_PLACEMENT_3D('',#11383,#11384,#11385);
#5755=SURFACE_SIDE_STYLE('',(#11386));
#5756=EDGE_LOOP('',(#11387,#11388,#11389));
#5757=AXIS2_PLACEMENT_3D('',#11390,#11391,#11392);
#5758=SURFACE_SIDE_STYLE('',(#11393));
#5759=EDGE_LOOP('',(#11394,#11395,#11396,#11397,#11398,#11399));
#5760=AXIS2_PLACEMENT_3D('',#11400,#11401,#11402);
#5761=SURFACE_SIDE_STYLE('',(#11403));
#5762=EDGE_LOOP('',(#11404,#11405,#11406,#11407,#11408,#11409));
#5763=AXIS2_PLACEMENT_3D('',#11410,#11411,#11412);
#5764=SURFACE_SIDE_STYLE('',(#11413));
#5765=EDGE_LOOP('',(#11414,#11415,#11416,#11417,#11418,#11419));
#5766=AXIS2_PLACEMENT_3D('',#11420,#11421,#11422);
#5767=SURFACE_SIDE_STYLE('',(#11423));
#5768=EDGE_LOOP('',(#11424,#11425,#11426,#11427,#11428,#11429));
#5769=AXIS2_PLACEMENT_3D('',#11430,#11431,#11432);
#5770=SURFACE_SIDE_STYLE('',(#11433));
#5771=EDGE_LOOP('',(#11434,#11435,#11436,#11437));
#5772=AXIS2_PLACEMENT_3D('',#11438,#11439,#11440);
#5773=SURFACE_SIDE_STYLE('',(#11441));
#5774=EDGE_LOOP('',(#11442,#11443,#11444,#11445));
#5775=AXIS2_PLACEMENT_3D('',#11446,#11447,#11448);
#5776=SURFACE_SIDE_STYLE('',(#11449));
#5777=EDGE_LOOP('',(#11450,#11451,#11452,#11453,#11454,#11455));
#5778=AXIS2_PLACEMENT_3D('',#11456,#11457,#11458);
#5779=SURFACE_SIDE_STYLE('',(#11459));
#5780=EDGE_LOOP('',(#11460,#11461,#11462,#11463));
#5781=AXIS2_PLACEMENT_3D('',#11464,#11465,#11466);
#5782=SURFACE_SIDE_STYLE('',(#11467));
#5783=EDGE_LOOP('',(#11468,#11469,#11470,#11471,#11472,#11473));
#5784=AXIS2_PLACEMENT_3D('',#11474,#11475,#11476);
#5785=SURFACE_SIDE_STYLE('',(#11477));
#5786=EDGE_LOOP('',(#11478,#11479,#11480,#11481));
#5787=AXIS2_PLACEMENT_3D('',#11482,#11483,#11484);
#5788=SURFACE_SIDE_STYLE('',(#11485));
#5789=EDGE_LOOP('',(#11486,#11487,#11488,#11489));
#5790=AXIS2_PLACEMENT_3D('',#11490,#11491,#11492);
#5791=SURFACE_SIDE_STYLE('',(#11493));
#5792=EDGE_LOOP('',(#11494,#11495,#11496,#11497,#11498,#11499,#11500,#11501));
#5793=AXIS2_PLACEMENT_3D('',#11502,#11503,#11504);
#5794=SURFACE_SIDE_STYLE('',(#11505));
#5795=EDGE_LOOP('',(#11506,#11507,#11508,#11509,#11510,#11511));
#5796=AXIS2_PLACEMENT_3D('',#11512,#11513,#11514);
#5797=SURFACE_SIDE_STYLE('',(#11515));
#5798=EDGE_LOOP('',(#11516,#11517,#11518,#11519));
#5799=AXIS2_PLACEMENT_3D('',#11520,#11521,#11522);
#5800=SURFACE_SIDE_STYLE('',(#11523));
#5801=EDGE_LOOP('',(#11524,#11525,#11526,#11527,#11528));
#5802=AXIS2_PLACEMENT_3D('',#11529,#11530,#11531);
#5803=SURFACE_SIDE_STYLE('',(#11532));
#5804=EDGE_LOOP('',(#11533,#11534,#11535,#11536));
#5805=AXIS2_PLACEMENT_3D('',#11537,#11538,#11539);
#5806=SURFACE_SIDE_STYLE('',(#11540));
#5807=EDGE_LOOP('',(#11541,#11542,#11543,#11544,#11545));
#5808=AXIS2_PLACEMENT_3D('',#11546,#11547,#11548);
#5809=SURFACE_SIDE_STYLE('',(#11549));
#5810=EDGE_LOOP('',(#11550,#11551,#11552,#11553,#11554));
#5811=AXIS2_PLACEMENT_3D('',#11555,#11556,#11557);
#5812=SURFACE_SIDE_STYLE('',(#11558));
#5813=EDGE_LOOP('',(#11559,#11560,#11561,#11562));
#5814=AXIS2_PLACEMENT_3D('',#11563,#11564,#11565);
#5815=SURFACE_SIDE_STYLE('',(#11566));
#5816=EDGE_LOOP('',(#11567,#11568,#11569,#11570));
#5817=AXIS2_PLACEMENT_3D('',#11571,#11572,#11573);
#5818=SURFACE_SIDE_STYLE('',(#11574));
#5819=EDGE_LOOP('',(#11575,#11576,#11577,#11578,#11579));
#5820=AXIS2_PLACEMENT_3D('',#11580,#11581,#11582);
#5821=SURFACE_SIDE_STYLE('',(#11583));
#5822=EDGE_LOOP('',(#11584,#11585,#11586,#11587,#11588,#11589,#11590,#11591,#11592,#11593,#11594,#11595,#11596,#11597,#11598,#11599,#11600,#11601,#11602,#11603,#11604));
#5823=AXIS2_PLACEMENT_3D('',#11605,#11606,#11607);
#5824=SURFACE_SIDE_STYLE('',(#11608));
#5825=EDGE_LOOP('',(#11609,#11610,#11611,#11612,#11613,#11614,#11615,#11616,#11617,#11618,#11619,#11620,#11621,#11622,#11623,#11624,#11625,#11626));
#5826=AXIS2_PLACEMENT_3D('',#11627,#11628,#11629);
#5827=SURFACE_SIDE_STYLE('',(#11630));
#5828=EDGE_LOOP('',(#11631,#11632,#11633,#11634,#11635));
#5829=AXIS2_PLACEMENT_3D('',#11636,#11637,#11638);
#5830=SURFACE_SIDE_STYLE('',(#11639));
#5831=EDGE_LOOP('',(#11640,#11641,#11642));
#5832=AXIS2_PLACEMENT_3D('',#11643,#11644,#11645);
#5833=DRAUGHTING_PRE_DEFINED_CURVE_FONT('continuous');
#5834=COLOUR_RGB('',0.0299999993294477,0.0299999993294477,0.0299999993294477);
#5835=CARTESIAN_POINT('',(5.37890373233913,2.19999999999996,2.27500178479489));
#5836=CARTESIAN_POINT('',(4.97467201347982,2.19999999999996,2.02582909169305));
#5837=AXIS2_PLACEMENT_3D('',#11646,#11647,#11648);
#5838=DRAUGHTING_PRE_DEFINED_CURVE_FONT('continuous');
#5839=COLOUR_RGB('',0.0299999993294477,0.0299999993294477,0.0299999993294477);
#5840=CARTESIAN_POINT('',(4.94588999999999,2.19999999999997,3.02500000000006));
#5841=AXIS2_PLACEMENT_3D('',#11649,#11650,#11651);
#5842=DRAUGHTING_PRE_DEFINED_CURVE_FONT('continuous');
#5843=COLOUR_RGB('',0.0299999993294477,0.0299999993294477,0.0299999993294477);
#5844=CARTESIAN_POINT('',(4.94588999999999,2.29999999999997,3.02500000000006));
#5845=CARTESIAN_POINT('',(4.94588999999999,2.29999999999997,3.02500000000006));
#5846=VECTOR('',#11652,1.0);
#5847=DRAUGHTING_PRE_DEFINED_CURVE_FONT('continuous');
#5848=COLOUR_RGB('',0.310000002384186,0.310000002384186,0.310000002384186);
#5849=CARTESIAN_POINT('',(4.97467201347982,2.29999999999995,2.02582909169305));
#5850=AXIS2_PLACEMENT_3D('',#11653,#11654,#11655);
#5851=DRAUGHTING_PRE_DEFINED_CURVE_FONT('continuous');
#5852=COLOUR_RGB('',0.0299999993294477,0.0299999993294477,0.0299999993294477);
#5853=CARTESIAN_POINT('',(4.94588999999999,2.19999999999999,2.02500000000006));
#5854=AXIS2_PLACEMENT_3D('',#11656,#11657,#11658);
#5855=DRAUGHTING_PRE_DEFINED_CURVE_FONT('continuous');
#5856=COLOUR_RGB('',0.0299999993294477,0.0299999993294477,0.0299999993294477);
#5857=CARTESIAN_POINT('',(4.24589,1.83976747329766,2.02500000000007));
#5858=CARTESIAN_POINT('',(4.2458900000056,1.83976747330023,2.02500000000007));
#5859=CARTESIAN_POINT('',(4.27175530115143,1.86081493458537,2.02500000000007));
#5860=CARTESIAN_POINT('',(4.29781035170797,1.88162621284604,2.02500000000007));
#5861=CARTESIAN_POINT('',(4.32410774631885,1.90211957600596,2.02500000000007));
#5862=CARTESIAN_POINT('',(4.33725648562174,1.91236629031421,2.02500000000007));
#5863=CARTESIAN_POINT('',(4.3504662292956,1.9225332143943,2.02500000001062));
#5864=CARTESIAN_POINT('',(4.36374580154022,1.93260709689757,2.02500000001062));
#5865=CARTESIAN_POINT('',(4.37702563150007,1.94268117490359,2.02500000001062));
#5866=CARTESIAN_POINT('',(4.39037414447904,1.95266142743874,2.02500000000012));
#5867=CARTESIAN_POINT('',(4.40380523398866,1.96253414076221,2.02500000000012));
#5868=CARTESIAN_POINT('',(4.41723939096183,1.97240910886838,2.02500000000012));
#5869=CARTESIAN_POINT('',(4.43077593754757,1.98219100665308,2.02500000000006));
#5870=CARTESIAN_POINT('',(4.44441560756181,1.99184989848808,2.02500000000006));
#5871=CARTESIAN_POINT('',(4.45805530041343,2.0015088064953,2.02500000000006));
#5872=CARTESIAN_POINT('',(4.47179812959711,2.01104480535158,2.02500000000006));
#5873=CARTESIAN_POINT('',(4.48564822285126,2.02042476985023,2.02500000000006));
#5874=CARTESIAN_POINT('',(4.49949834530334,2.02980475412315,2.02500000000006));
#5875=CARTESIAN_POINT('',(4.5134558071869,2.03902886929113,2.02500000000006));
#5876=CARTESIAN_POINT('',(4.52752898763295,2.04805986726628,2.02500000000006));
#5877=CARTESIAN_POINT('',(4.54160218569124,2.0570908765435,2.02500000000006));
#5878=CARTESIAN_POINT('',(4.55579127819086,2.06592902335954,2.02500000000006));
#5879=CARTESIAN_POINT('',(4.57010942058786,2.07453134062257,2.02500000000006));
#5880=CARTESIAN_POINT('',(4.58442754375388,2.08313364633167,2.02500000000006));
#5881=CARTESIAN_POINT('',(4.59887505170352,2.09150048542886,2.02500000000006));
#5882=CARTESIAN_POINT('',(4.61346981326197,2.09958082929422,2.02500000000006));
#5883=CARTESIAN_POINT('',(4.62806448551915,2.10766112371822,2.02500000000006));
#5884=CARTESIAN_POINT('',(4.64280698267877,2.11545539315549,2.02500000000006));
#5885=CARTESIAN_POINT('',(4.65771883134409,2.12290154874183,2.02500000000006));
#5886=CARTESIAN_POINT('',(4.6726321749223,2.1303484508053,2.02500000000006));
#5887=CARTESIAN_POINT('',(4.68770829517564,2.13744438155513,2.02500000000024));
#5888=CARTESIAN_POINT('',(4.70299114187598,2.14412244578754,2.02500000000024));
#5889=CARTESIAN_POINT('',(4.71828391355499,2.15080484688508,2.02500000000024));
#5890=CARTESIAN_POINT('',(4.73382763520948,2.15708621783677,2.02500000000006));
#5891=CARTESIAN_POINT('',(4.7495827666103,2.16284403579484,2.02500000000006));
#5892=CARTESIAN_POINT('',(4.76533789745066,2.16860185354809,2.02500000000006));
#5893=CARTESIAN_POINT('',(4.78130409442321,2.17383524377641,2.02500000000006));
#5894=CARTESIAN_POINT('',(4.79743646362934,2.17842694427242,2.02500000000006));
#5895=CARTESIAN_POINT('',(4.81356901360288,2.18301869621963,2.02500000000006));
#5896=CARTESIAN_POINT('',(4.82986584278525,2.18696728473609,2.02500000000006));
#5897=CARTESIAN_POINT('',(4.84627680402665,2.19017376606134,2.02500000000006));
#5898=CARTESIAN_POINT('',(4.86268839540672,2.19338037050723,2.02500000000006));
#5899=CARTESIAN_POINT('',(4.87920945875006,2.1958433133103,2.02500000000006));
#5900=CARTESIAN_POINT('',(4.8957944989677,2.19749670725087,2.02500000000006));
#5901=CARTESIAN_POINT('',(4.90408921997013,2.19832362363238,2.02500000000006));
#5902=CARTESIAN_POINT('',(4.91241807715493,2.19895033206888,2.02500000000006));
#5903=CARTESIAN_POINT('',(4.92077125270112,2.19936944613227,2.02500000000006));
#5904=CARTESIAN_POINT('',(4.9291243410375,2.19978855581998,2.02500000000006));
#5905=CARTESIAN_POINT('',(4.93750145042916,2.20000000000001,2.02500000000008));
#5906=CARTESIAN_POINT('',(4.94589000000137,2.19999999999999,2.02500000000008));
#5907=DRAUGHTING_PRE_DEFINED_CURVE_FONT('continuous');
#5908=COLOUR_RGB('',0.0299999993294477,0.0299999993294477,0.0299999993294477);
#5909=CARTESIAN_POINT('',(4.24589,1.42426491778557,1.4584635496185));
#5910=CARTESIAN_POINT('',(4.24589,1.83976747329567,2.02500000000007));
#5911=CARTESIAN_POINT('',(4.24589,1.82502250162016,1.99963179151884));
#5912=CARTESIAN_POINT('',(4.24589,1.80971402090177,1.97456747444826));
#5913=CARTESIAN_POINT('',(4.24589,1.79397503554755,1.94977722905742));
#5914=CARTESIAN_POINT('',(4.24589,1.77823608563349,1.92498703948784));
#5915=CARTESIAN_POINT('',(4.24589,1.76206556753342,1.90047018135748));
#5916=CARTESIAN_POINT('',(4.24589,1.74557685154607,1.87621378998587));
#5917=CARTESIAN_POINT('',(4.24589,1.7290840659708,1.85195141188265));
#5918=CARTESIAN_POINT('',(4.24589000000168,1.71229538214435,1.82798121833366));
#5919=CARTESIAN_POINT('',(4.24589000000168,1.69522636335677,1.80418791567646));
#5920=CARTESIAN_POINT('',(4.24589000000168,1.6781586427021,1.78039642254736));
#5921=CARTESIAN_POINT('',(4.24589,1.66082047519555,1.75679746949374));
#5922=CARTESIAN_POINT('',(4.24589,1.64326238741136,1.73335968908899));
#5923=CARTESIAN_POINT('',(4.24589,1.62570426656924,1.70992186455616));
#5924=CARTESIAN_POINT('',(4.24589,1.60792578898276,1.68664504815882));
#5925=CARTESIAN_POINT('',(4.24589,1.58996661099123,1.66350471579118));
#5926=CARTESIAN_POINT('',(4.24589,1.57200742648934,1.64036437503496));
#5927=CARTESIAN_POINT('',(4.24589,1.55386725464416,1.61736044738699));
#5928=CARTESIAN_POINT('',(4.24589,1.53557819807502,1.59447427074909));
#5929=CARTESIAN_POINT('',(4.24589,1.51728914782799,1.57158810202242));
#5930=CARTESIAN_POINT('',(4.24589000000322,1.49885102767471,1.54881966612075));
#5931=CARTESIAN_POINT('',(4.24589000000322,1.48029060007747,1.52615515704615));
#5932=CARTESIAN_POINT('',(4.24589000000322,1.46173018174147,1.50349065928063));
#5933=CARTESIAN_POINT('',(4.24589000000001,1.44304734007995,1.48093010014409));
#5934=CARTESIAN_POINT('',(4.24589000000001,1.42426491778265,1.45846354961501));
#5935=DRAUGHTING_PRE_DEFINED_CURVE_FONT('continuous');
#5936=COLOUR_RGB('',0.0299999993294477,0.0299999993294477,0.0299999993294477);
#5937=CARTESIAN_POINT('',(4.46464000000001,1.64999999999996,1.59178060591314));
#5938=CARTESIAN_POINT('',(4.24589,1.42426491778264,1.45846354961501));
#5939=CARTESIAN_POINT('',(4.24589,1.43461200889695,1.47084019846621));
#5940=CARTESIAN_POINT('',(4.24742035587252,1.44548402025586,1.48290251089447));
#5941=CARTESIAN_POINT('',(4.25026091331139,1.45661150523635,1.49441030343602));
#5942=CARTESIAN_POINT('',(4.2531018291771,1.46774039430364,1.50591954805227));
#5943=CARTESIAN_POINT('',(4.25725397078461,1.47911984081704,1.51686764879225));
#5944=CARTESIAN_POINT('',(4.26248682110586,1.49047467231777,1.52704628695421));
#5945=CARTESIAN_POINT('',(4.26772616453256,1.50184359329436,1.53723755512979));
#5946=CARTESIAN_POINT('',(4.27412812740185,1.51336431807692,1.54681717455355));
#5947=CARTESIAN_POINT('',(4.28157586395815,1.52480568146509,1.555583466733));
#5948=CARTESIAN_POINT('',(4.28529968745353,1.53052629436299,1.55996656011157));
#5949=CARTESIAN_POINT('',(4.28928491403889,1.53622683163086,1.56414654396513));
#5950=CARTESIAN_POINT('',(4.2935178246471,1.54187698022037,1.56809902614297));
#5951=CARTESIAN_POINT('',(4.29775401925434,1.54753151233796,1.57205457475639));
#5952=CARTESIAN_POINT('',(4.30222046606341,1.55311504970745,1.57576951119255));
#5953=CARTESIAN_POINT('',(4.30696225528286,1.55866208648671,1.57926030544696));
#5954=CARTESIAN_POINT('',(4.31644500894952,1.56975519521071,1.58624128677776));
#5955=CARTESIAN_POINT('',(4.32700121694032,1.58066126600417,1.59229141688942));
#5956=CARTESIAN_POINT('',(4.33852558786943,1.59096355258242,1.59706125602073));
#5957=CARTESIAN_POINT('',(4.34140689440428,1.59353931535719,1.59825380429462));
#5958=CARTESIAN_POINT('',(4.34434910103131,1.59607734172968,1.59936636156436));
#5959=CARTESIAN_POINT('',(4.34735119720312,1.59857061034908,1.6003930554376));
#5960=CARTESIAN_POINT('',(4.35035059733792,1.60106163988482,1.60141882728686));
#5961=CARTESIAN_POINT('',(4.35341953760525,1.60351625897094,1.60236240112342));
#5962=CARTESIAN_POINT('',(4.3565643291928,1.60593003435105,1.60321675895969));
#5963=CARTESIAN_POINT('',(4.36285194130746,1.61075607222975,1.60492493914654));
#5964=CARTESIAN_POINT('',(4.36942471915073,1.61540361358602,1.60626976129837));
#5965=CARTESIAN_POINT('',(4.37622752820581,1.61975530279857,1.6071692563087));
#5966=CARTESIAN_POINT('',(4.38184834534639,1.62335088355328,1.60791246355308));
#5967=CARTESIAN_POINT('',(4.387625416915,1.62674421843989,1.60835192768696));
#5968=CARTESIAN_POINT('',(4.39352631227844,1.62986970470329,1.60844492505997));
#5969=CARTESIAN_POINT('',(4.39941983610545,1.63299128653619,1.60853780625849));
#5970=CARTESIAN_POINT('',(4.40545334745803,1.63585689356508,1.6082879078236));
#5971=CARTESIAN_POINT('',(4.41164752161369,1.63840866686424,1.60763358853911));
#5972=CARTESIAN_POINT('',(4.41473974220618,1.63968254869977,1.60730694296623));
#5973=CARTESIAN_POINT('',(4.41786087248222,1.64087276390738,1.60687982397796));
#5974=CARTESIAN_POINT('',(4.4209956021322,1.64196585160696,1.6063476553925));
#5975=CARTESIAN_POINT('',(4.42413034012447,1.64305894221552,1.60581548539081));
#5976=CARTESIAN_POINT('',(4.42727827012779,1.64405474196152,1.60517832076793));
#5977=CARTESIAN_POINT('',(4.4304237142275,1.64494221221684,1.60443417193902));
#5978=CARTESIAN_POINT('',(4.4335692050459,1.64582969565358,1.6036900120574));
#5979=CARTESIAN_POINT('',(4.43671173348551,1.64660872158039,1.60283899339332));
#5980=CARTESIAN_POINT('',(4.43983675000379,1.64727125055743,1.60188141169677));
#5981=CARTESIAN_POINT('',(4.44295778286192,1.64793293496604,1.60092505069139));
#5982=CARTESIAN_POINT('',(4.44608149110568,1.64848270722559,1.59985624450979));
#5983=CARTESIAN_POINT('',(4.44919289321367,1.64891057015919,1.59867339796758));
#5984=CARTESIAN_POINT('',(4.45180906833707,1.64927033219708,1.59767881944925));
#5985=CARTESIAN_POINT('',(4.45441417093414,1.649543477568,1.59660441654303));
#5986=CARTESIAN_POINT('',(4.45699368178633,1.64972590685307,1.59545384150518));
#5987=CARTESIAN_POINT('',(4.45957318255805,1.64990833542522,1.59430327096367));
#5988=CARTESIAN_POINT('',(4.46212661421711,1.64999999999996,1.59307672868521));
#5989=CARTESIAN_POINT('',(4.46464000000001,1.64999999999996,1.59178060591314));
#5990=DRAUGHTING_PRE_DEFINED_CURVE_FONT('continuous');
#5991=COLOUR_RGB('',0.0299999993294477,0.0299999993294477,0.0299999993294477);
#5992=CARTESIAN_POINT('',(5.85521883791213,1.64999999999996,2.00000374806922));
#5993=AXIS2_PLACEMENT_3D('',#11659,#11660,#11661);
#5994=DRAUGHTING_PRE_DEFINED_CURVE_FONT('continuous');
#5995=COLOUR_RGB('',0.0299999993294477,0.0299999993294477,0.0299999993294477);
#5996=CARTESIAN_POINT('',(5.99842750849254,0.20000000000001,5.82499195123233));
#5997=CARTESIAN_POINT('',(6.39588999999997,0.200000000000006,5.42499999999999));
#5998=AXIS2_PLACEMENT_3D('',#11662,#11663,#11664);
#5999=DRAUGHTING_PRE_DEFINED_CURVE_FONT('continuous');
#6000=COLOUR_RGB('',0.0299999993294477,0.0299999993294477,0.0299999993294477);
#6001=CARTESIAN_POINT('',(6.39588999999997,2.3,5.42499999999997));
#6002=CARTESIAN_POINT('',(6.39588999999997,0.200000000000006,5.42499999999999));
#6003=VECTOR('',#11665,1.0);
#6004=DRAUGHTING_PRE_DEFINED_CURVE_FONT('continuous');
#6005=COLOUR_RGB('',0.310000002384186,0.310000002384186,0.310000002384186);
#6006=CARTESIAN_POINT('',(5.99842750849254,2.3,5.8249919512323));
#6007=AXIS2_PLACEMENT_3D('',#11666,#11667,#11668);
#6008=DRAUGHTING_PRE_DEFINED_CURVE_FONT('continuous');
#6009=COLOUR_RGB('',0.0299999993294477,0.0299999993294477,0.0299999993294477);
#6010=CARTESIAN_POINT('',(6.3958819512323,0.199999999999958,1.57246249150742));
#6011=CARTESIAN_POINT('',(5.99588999999997,0.199999999999952,1.17499999999999));
#6012=AXIS2_PLACEMENT_3D('',#11669,#11670,#11671);
#6013=DRAUGHTING_PRE_DEFINED_CURVE_FONT('continuous');
#6014=COLOUR_RGB('',0.0299999993294477,0.0299999993294477,0.0299999993294477);
#6015=CARTESIAN_POINT('',(5.99588999999997,2.29999999999994,1.17499999999997));
#6016=CARTESIAN_POINT('',(5.99588999999997,0.199999999999952,1.17499999999999));
#6017=VECTOR('',#11672,1.0);
#6018=DRAUGHTING_PRE_DEFINED_CURVE_FONT('continuous');
#6019=COLOUR_RGB('',0.310000002384186,0.310000002384186,0.310000002384186);
#6020=CARTESIAN_POINT('',(6.3958819512323,2.29999999999995,1.57246249150739));
#6021=AXIS2_PLACEMENT_3D('',#11673,#11674,#11675);
#6022=DRAUGHTING_PRE_DEFINED_CURVE_FONT('continuous');
#6023=COLOUR_RGB('',0.0299999993294477,0.0299999993294477,0.0299999993294477);
#6024=CARTESIAN_POINT('',(4.97467201347982,2.19999999999998,3.97582909169287));
#6025=CARTESIAN_POINT('',(5.37890372982004,2.19999999999999,4.22500178043148));
#6026=AXIS2_PLACEMENT_3D('',#11676,#11677,#11678);
#6027=DRAUGHTING_PRE_DEFINED_CURVE_FONT('continuous');
#6028=COLOUR_RGB('',0.0299999993294477,0.0299999993294477,0.0299999993294477);
#6029=CARTESIAN_POINT('',(4.94589000000011,2.19999999999998,3.97499999999988));
#6030=AXIS2_PLACEMENT_3D('',#11679,#11680,#11681);
#6031=DRAUGHTING_PRE_DEFINED_CURVE_FONT('continuous');
#6032=COLOUR_RGB('',0.0299999993294477,0.0299999993294477,0.0299999993294477);
#6033=CARTESIAN_POINT('',(4.24589,1.83976747330003,3.97499999999989));
#6034=CARTESIAN_POINT('',(4.94589000000008,2.20000000000002,3.9749999999999));
#6035=CARTESIAN_POINT('',(4.93751100262374,2.20000000000002,3.9749999999999));
#6036=CARTESIAN_POINT('',(4.9291209213606,2.19978900777886,3.97500000000024));
#6037=CARTESIAN_POINT('',(4.9207338557311,2.19936756837622,3.97500000000024));
#6038=CARTESIAN_POINT('',(4.91234681485312,2.1989461302173,3.97500000000024));
#6039=CARTESIAN_POINT('',(4.90396311730354,2.19831426420045,3.97500000000185));
#6040=CARTESIAN_POINT('',(4.89559729529173,2.19747700934102,3.97500000000185));
#6041=CARTESIAN_POINT('',(4.88723147331607,2.1966397544852,3.97500000000185));
#6042=CARTESIAN_POINT('',(4.87888381989116,2.19559716964192,3.97500000000458));
#6043=CARTESIAN_POINT('',(4.87056833726633,2.19435847395514,3.97500000000458));
#6044=CARTESIAN_POINT('',(4.86225283410192,2.19311977520873,3.97500000000458));
#6045=CARTESIAN_POINT('',(4.85396973753236,2.19168504954236,3.97500000000504));
#6046=CARTESIAN_POINT('',(4.84573178445161,2.19006699643692,3.97500000000504));
#6047=CARTESIAN_POINT('',(4.829254955264,2.18683070893036,3.97500000000504));
#6048=CARTESIAN_POINT('',(4.81296298514911,2.18286017918279,3.97499999999989));
#6049=CARTESIAN_POINT('',(4.79693356763155,2.17828358398079,3.97499999999989));
#6050=CARTESIAN_POINT('',(4.78091517734979,2.17371013718979,3.97499999999989));
#6051=CARTESIAN_POINT('',(4.76510025085,2.16851803623907,3.97499999999988));
#6052=CARTESIAN_POINT('',(4.74946207706365,2.16279991724766,3.97499999999988));
#6053=CARTESIAN_POINT('',(4.73382503240002,2.15708221112147,3.97499999999988));
#6054=CARTESIAN_POINT('',(4.7183696926779,2.15084028719336,3.97499999999988));
#6055=CARTESIAN_POINT('',(4.7030826404238,2.1441624213276,3.97499999999988));
#6056=CARTESIAN_POINT('',(4.6877954817095,2.13748450895667,3.97499999999988));
#6057=CARTESIAN_POINT('',(4.67267573786195,2.13037035124974,3.97499999999989));
#6058=CARTESIAN_POINT('',(4.65771125095622,2.12289776347647,3.97499999999989));
#6059=CARTESIAN_POINT('',(4.64274673957465,2.11542516348106,3.97499999999989));
#6060=CARTESIAN_POINT('',(4.62793685546499,2.1075937594986,3.97499999999989));
#6061=CARTESIAN_POINT('',(4.61327372683306,2.09947224445868,3.97499999999989));
#6062=CARTESIAN_POINT('',(4.59861062642482,2.0913507450511,3.97499999999989));
#6063=CARTESIAN_POINT('',(4.58409389692766,2.08293881256171,3.97499999999988));
#6064=CARTESIAN_POINT('',(4.5697211993731,2.07429802096755,3.97499999999988));
#6065=CARTESIAN_POINT('',(4.55534854922865,2.0656572578761,3.97499999999988));
#6066=CARTESIAN_POINT('',(4.54111973093978,2.05678740328706,3.97499999999988));
#6067=CARTESIAN_POINT('',(4.52703789245507,2.04774461443781,3.97499999999988));
#6068=CARTESIAN_POINT('',(4.51295604562349,2.03870182022853,3.97499999999988));
#6069=CARTESIAN_POINT('',(4.49902130292399,2.02948608042124,3.97499999999988));
#6070=CARTESIAN_POINT('',(4.48524086355404,2.02014882002863,3.97499999999988));
#6071=CARTESIAN_POINT('',(4.47145800484214,2.01080992035405,3.97499999999988));
#6072=CARTESIAN_POINT('',(4.45778058558701,2.00131636911904,3.97499999999988));
#6073=CARTESIAN_POINT('',(4.44419405492635,1.99169298937297,3.97499999999988));
#6074=CARTESIAN_POINT('',(4.4306074946116,1.98206958862281,3.97499999999988));
#6075=CARTESIAN_POINT('',(4.41711173482747,1.9723161946578,3.97499999999988));
#6076=CARTESIAN_POINT('',(4.40369460523953,1.96245281771298,3.97499999999988));
#6077=CARTESIAN_POINT('',(4.39027746242424,1.9525894310443,3.97499999999988));
#6078=CARTESIAN_POINT('',(4.37693889925482,1.94261594229564,3.97499999999989));
#6079=CARTESIAN_POINT('',(4.36366894441465,1.93254879140952,3.97499999999989));
#6080=CARTESIAN_POINT('',(4.350398986502,1.92248163819249,3.97499999999989));
#6081=CARTESIAN_POINT('',(4.33719761006198,1.91232073779582,3.97499999999989));
#6082=CARTESIAN_POINT('',(4.32405681173311,1.90207988242542,3.97499999999989));
#6083=CARTESIAN_POINT('',(4.29777535899017,1.88159828383995,3.97499999999989));
#6084=CARTESIAN_POINT('',(4.27173438697498,1.86079791601987,3.97499999999989));
#6085=CARTESIAN_POINT('',(4.24589000001817,1.83976747331048,3.97499999999989));
#6086=DRAUGHTING_PRE_DEFINED_CURVE_FONT('continuous');
#6087=COLOUR_RGB('',0.0299999993294477,0.0299999993294477,0.0299999993294477);
#6088=CARTESIAN_POINT('',(4.24589,1.65000000000897,3.69237620788704));
#6089=CARTESIAN_POINT('',(4.24589,1.65000000001656,3.69237620789723));
#6090=CARTESIAN_POINT('',(4.24589,1.66694353742385,3.71510834875073));
#6091=CARTESIAN_POINT('',(4.24589,1.68369653821679,3.73802341277288));
#6092=CARTESIAN_POINT('',(4.24589,1.70019618466165,3.76113189652065));
#6093=CARTESIAN_POINT('',(4.24589,1.71669586268587,3.78424042449671));
#6094=CARTESIAN_POINT('',(4.24589,1.73294260964616,3.80754249269008));
#6095=CARTESIAN_POINT('',(4.24589,1.74886348598317,3.83105849000382));
#6096=CARTESIAN_POINT('',(4.24589,1.76478437348435,3.85457450380765));
#6097=CARTESIAN_POINT('',(4.24589,1.78038011729482,3.87830485013367));
#6098=CARTESIAN_POINT('',(4.24589,1.79556311693151,3.90228185339148));
#6099=CARTESIAN_POINT('',(4.24589,1.81074605652004,3.92625876182119));
#6100=CARTESIAN_POINT('',(4.24589,1.82551739037207,3.95048323032161));
#6101=CARTESIAN_POINT('',(4.24589,1.83976747329571,3.97499999999991));
#6102=DRAUGHTING_PRE_DEFINED_CURVE_FONT('continuous');
#6103=COLOUR_RGB('',0.0299999993294477,0.0299999993294477,0.0299999993294477);
#6104=CARTESIAN_POINT('',(4.5561785686387,1.6500000001341,3.49999999999998));
#6105=AXIS2_PLACEMENT_3D('',#11682,#11683,#11684);
#6106=DRAUGHTING_PRE_DEFINED_CURVE_FONT('continuous');
#6107=COLOUR_RGB('',0.0299999993294477,0.0299999993294477,0.0299999993294477);
#6108=CARTESIAN_POINT('',(5.49544342897486,1.58078868335892,3.49999999999643));
#6109=CARTESIAN_POINT('',(5.49544342898182,1.58078868335532,3.49999999999998));
#6110=CARTESIAN_POINT('',(5.45914776098733,1.59861052674354,3.49999999999998));
#6111=CARTESIAN_POINT('',(5.42234318747509,1.61534629914517,3.49999999999998));
#6112=CARTESIAN_POINT('',(5.3850058611163,1.63067884174877,3.49999999999998));
#6113=CARTESIAN_POINT('',(5.36633702537582,1.63834518391264,3.49999999999998));
#6114=CARTESIAN_POINT('',(5.34753434785447,1.64566023726982,3.49999999999998));
#6115=CARTESIAN_POINT('',(5.32859394376917,1.6525806434036,3.49999999999998));
#6116=CARTESIAN_POINT('',(5.30964892942079,1.65950273402588,3.49999999999998));
#6117=CARTESIAN_POINT('',(5.29059475489393,1.66602135451487,3.49999999999998));
#6118=CARTESIAN_POINT('',(5.2713127594458,1.67212599392521,3.49999999999998));
#6119=CARTESIAN_POINT('',(5.25203680309343,1.67822872137048,3.49999999999998));
#6120=CARTESIAN_POINT('',(5.23256885387443,1.68390384016126,3.49999999999998));
#6121=CARTESIAN_POINT('',(5.21294123341672,1.68908884601624,3.49999999999998));
#6122=CARTESIAN_POINT('',(5.19331372893191,1.69427382123478,3.49999999999998));
#6123=CARTESIAN_POINT('',(5.17352705172726,1.69896826429602,3.49999999999998));
#6124=CARTESIAN_POINT('',(5.15361977977792,1.70311652567714,3.49999999999998));
#6125=CARTESIAN_POINT('',(5.13371256265153,1.7072647756343,3.49999999999998));
#6126=CARTESIAN_POINT('',(5.11368563992496,1.71086638263996,3.49999999999998));
#6127=CARTESIAN_POINT('',(5.09358268133568,1.71387722462737,3.49999999999998));
#6128=CARTESIAN_POINT('',(5.07347968836506,1.71688807176411,3.49999999999998));
#6129=CARTESIAN_POINT('',(5.05330196265206,1.71930776096667,3.49999999999998));
#6130=CARTESIAN_POINT('',(5.03309546796714,1.72110787435896,3.49999999999998));
#6131=CARTESIAN_POINT('',(5.01288881721201,1.7229080016549,3.49999999999998));
#6132=CARTESIAN_POINT('',(4.99265501528295,1.72408836050247,3.49999999999998));
#6133=CARTESIAN_POINT('',(4.97243766240437,1.7246386421541,3.49999999999998));
#6134=CARTESIAN_POINT('',(4.95221994025824,1.72518893385656,3.49999999999998));
#6135=CARTESIAN_POINT('',(4.93202061136788,1.72510925409846,3.49999999999998));
#6136=CARTESIAN_POINT('',(4.9118739755003,1.72440680100637,3.49999999999998));
#6137=CARTESIAN_POINT('',(4.89172455834575,1.72370425093909,3.49999999999998));
#6138=CARTESIAN_POINT('',(4.87157550166853,1.7223770738989,3.49999999999998));
#6139=CARTESIAN_POINT('',(4.8514553277837,1.720437389793,3.49999999999998));
#6140=CARTESIAN_POINT('',(4.83133539916838,1.7184977293323,3.49999999999998));
#6141=CARTESIAN_POINT('',(4.81124570913102,1.7159456812716,3.49999999999998));
#6142=CARTESIAN_POINT('',(4.79122004860131,1.71280812713851,3.49999999999998));
#6143=CARTESIAN_POINT('',(4.7711945072468,1.70967059167738,3.49999999999998));
#6144=CARTESIAN_POINT('',(4.75123411876199,1.70594785202096,3.49999999999998));
#6145=CARTESIAN_POINT('',(4.73137330279131,1.70168020485357,3.49999999999998));
#6146=CARTESIAN_POINT('',(4.71151251683723,1.69741256413609,3.49999999999998));
#6147=CARTESIAN_POINT('',(4.69175209140845,1.69260038894555,3.49999999999998));
#6148=CARTESIAN_POINT('',(4.67212419856147,1.68729435963002,3.49999999999998));
#6149=CARTESIAN_POINT('',(4.65249627660035,1.68198832244404,3.49999999999998));
#6150=CARTESIAN_POINT('',(4.63300134377886,1.67618877834194,3.49999999999998));
#6151=CARTESIAN_POINT('',(4.61366805370384,1.66995319446119,3.49999999999998));
#6152=CARTESIAN_POINT('',(4.59433470366267,1.66371759123951,3.49999999999998));
#6153=CARTESIAN_POINT('',(4.5751631939892,1.65704621491901,3.49999999999998));
#6154=CARTESIAN_POINT('',(4.55617856839451,1.65000000004348,3.49999999999998));
#6155=DRAUGHTING_PRE_DEFINED_CURVE_FONT('continuous');
#6156=COLOUR_RGB('',0.0299999993294477,0.0299999993294477,0.0299999993294477);
#6157=CARTESIAN_POINT('',(5.5579992503591,1.64999999999998,3.62187499999997));
#6158=CARTESIAN_POINT('',(5.5579992503592,1.64999999999998,3.62187500000004));
#6159=CARTESIAN_POINT('',(5.55252605957084,1.64999999999999,3.61794803652982));
#6160=CARTESIAN_POINT('',(5.54735436078991,1.64948284822213,3.61368085601784));
#6161=CARTESIAN_POINT('',(5.54248658622199,1.64846137241909,3.60908661021832));
#6162=CARTESIAN_POINT('',(5.54005691480621,1.64795151919439,3.60679346628973));
#6163=CARTESIAN_POINT('',(5.53771368053663,1.64731739436564,3.60442792974204));
#6164=CARTESIAN_POINT('',(5.53546937178194,1.64656835599669,3.60200836604413));
#6165=CARTESIAN_POINT('',(5.53322505435598,1.64581931473372,3.59958879299784));
#6166=CARTESIAN_POINT('',(5.53108019365473,1.64495560015103,3.59711582462846));
#6167=CARTESIAN_POINT('',(5.52904293099081,1.64399096385015,3.59460932336425));
#6168=CARTESIAN_POINT('',(5.52700390175187,1.64302549108257,3.59210064863335));
#6169=CARTESIAN_POINT('',(5.52508041462647,1.64196400319394,3.589569460717));
#6170=CARTESIAN_POINT('',(5.52325146568,1.64080738515771,3.58700071324101));
#6171=CARTESIAN_POINT('',(5.52142231277832,1.63965063814125,3.58443167931117));
#6172=CARTESIAN_POINT('',(5.51969027666759,1.63839922487521,3.58182742602918));
#6173=CARTESIAN_POINT('',(5.5180558123168,1.63706344189821,3.57919845402806));
#6174=CARTESIAN_POINT('',(5.51478662626615,1.63439166562301,3.57394009608992));
#6175=CARTESIAN_POINT('',(5.5119099577426,1.63138250852036,3.56858443396841));
#6176=CARTESIAN_POINT('',(5.50941614098843,1.6281290928552,3.56321848559715));
#6177=CARTESIAN_POINT('',(5.50691919311229,1.6248715923505,3.55784579998717));
#6178=CARTESIAN_POINT('',(5.50481771100559,1.62139356146893,3.55249804772804));
#6179=CARTESIAN_POINT('',(5.50304935155724,1.61772630949971,3.54715852748343));
#6180=CARTESIAN_POINT('',(5.50127972607151,1.61405643200204,3.54181518446841));
#6181=CARTESIAN_POINT('',(5.49984457919045,1.61019165191733,3.53647460730035));
#6182=CARTESIAN_POINT('',(5.49871747231498,1.60618303086923,3.53116879273131));
#6183=CARTESIAN_POINT('',(5.49646223554823,1.59816215035789,3.52055234778359));
#6184=CARTESIAN_POINT('',(5.49544342898182,1.58958237870128,3.51009436240647));
#6185=CARTESIAN_POINT('',(5.49544342898182,1.58078868335532,3.49999999999998));
#6186=DRAUGHTING_PRE_DEFINED_CURVE_FONT('continuous');
#6187=COLOUR_RGB('',0.0299999993294477,0.0299999993294477,0.0299999993294477);
#6188=CARTESIAN_POINT('',(5.85521883262204,1.64999999999998,3.95000373890625));
#6189=AXIS2_PLACEMENT_3D('',#11685,#11686,#11687);
#6190=DRAUGHTING_PRE_DEFINED_CURVE_FONT('continuous');
#6191=COLOUR_RGB('',0.0299999993294477,0.0299999993294477,0.0299999993294477);
#6192=CARTESIAN_POINT('',(6.00233005692238,-0.700000000005407,3.09415235755268));
#6193=CARTESIAN_POINT('',(4.32584190527226,-0.700000000000054,1.49760506122316));
#6194=AXIS2_PLACEMENT_3D('',#11688,#11689,#11690);
#6195=DRAUGHTING_PRE_DEFINED_CURVE_FONT('continuous');
#6196=COLOUR_RGB('',0.0299999993294477,0.0299999993294477,0.0299999993294477);
#6197=CARTESIAN_POINT('',(5.75512874912316,-0.700000000000029,3.41107711115783));
#6198=CARTESIAN_POINT('',(5.75512874912316,-0.700000000000029,3.41107711115783));
#6199=CARTESIAN_POINT('',(5.75683535970047,-0.700000000000029,3.40261800886587));
#6200=CARTESIAN_POINT('',(5.75901339474224,-0.699743010846821,3.39423240811762));
#6201=CARTESIAN_POINT('',(5.76154073565121,-0.699345154986104,3.38599232645288));
#6202=CARTESIAN_POINT('',(5.76280481635309,-0.6991461624743,3.38187094805973));
#6203=CARTESIAN_POINT('',(5.7641547886093,-0.698911756922002,3.37779081253206));
#6204=CARTESIAN_POINT('',(5.76558089751056,-0.698652980470002,3.37374721585445));
#6205=CARTESIAN_POINT('',(5.76700785534457,-0.698394049973803,3.36970121210848));
#6206=CARTESIAN_POINT('',(5.76851414748332,-0.69811010394149,3.36568328785941));
#6207=CARTESIAN_POINT('',(5.77009164802921,-0.697810218199542,3.36169285555178));
#6208=CARTESIAN_POINT('',(5.77324659942622,-0.697210456162711,3.35371211664399));
#6209=CARTESIAN_POINT('',(5.77668599493003,-0.696547901250483,3.34584029744051));
#6210=CARTESIAN_POINT('',(5.78035609983439,-0.69588034158349,3.33807672852192));
#6211=CARTESIAN_POINT('',(5.78402623718717,-0.695212776014414,3.33031309096344));
#6212=CARTESIAN_POINT('',(5.78792778791327,-0.694539892102454,3.32265699311756));
#6213=CARTESIAN_POINT('',(5.79201572309182,-0.693904400951576,3.31511356482513));
#6214=CARTESIAN_POINT('',(5.7961029076156,-0.693269026493953,3.3075715217089));
#6215=CARTESIAN_POINT('',(5.80037687152097,-0.692670599332653,3.30014035017205));
#6216=CARTESIAN_POINT('',(5.80482011903551,-0.692137378101621,3.29279685276008));
#6217=CARTESIAN_POINT('',(5.8092624905514,-0.691604261996643,3.28545480313913));
#6218=CARTESIAN_POINT('',(5.81386994435133,-0.691136876085522,3.27820805571783));
#6219=CARTESIAN_POINT('',(5.8186209419023,-0.690755379335743,3.27105642058009));
#6220=CARTESIAN_POINT('',(5.82337254030748,-0.690373834338428,3.26390388098176));
#6221=CARTESIAN_POINT('',(5.82827075078464,-0.690077913708361,3.2568420122238));
#6222=CARTESIAN_POINT('',(5.83329984031695,-0.689879417942258,3.24987496327565));
#6223=CARTESIAN_POINT('',(5.83832904537234,-0.689680917616515,3.24290775428763));
#6224=CARTESIAN_POINT('',(5.84349142244537,-0.689579726534721,3.2360322035704));
#6225=CARTESIAN_POINT('',(5.84877741516384,-0.689579707737857,3.2292552415953));
#6226=CARTESIAN_POINT('',(5.85406400419047,-0.689579688938873,3.22247751511714));
#6227=CARTESIAN_POINT('',(5.85947481653553,-0.689680831509319,3.21579756975187));
#6228=CARTESIAN_POINT('',(5.86500815755058,-0.689879306615449,3.20922298315383));
#6229=CARTESIAN_POINT('',(5.870541901787,-0.690077796184704,3.20264791745757));
#6230=CARTESIAN_POINT('',(5.87619653842347,-0.690373572426382,3.19618009685173));
#6231=CARTESIAN_POINT('',(5.88197772661635,-0.690755135024998,3.18982909429845));
#6232=CARTESIAN_POINT('',(5.88775911193551,-0.691136710634091,3.18347787518945));
#6233=CARTESIAN_POINT('',(5.89366423343625,-0.691603958128646,3.17724656228919));
#6234=CARTESIAN_POINT('',(5.89970243335112,-0.692136927694365,3.17115146885378));
#6235=CARTESIAN_POINT('',(5.90574162424859,-0.692669984730451,3.16505537509846));
#6236=CARTESIAN_POINT('',(5.91191726920896,-0.693269229977143,3.15909227050837));
#6237=CARTESIAN_POINT('',(5.91823679520563,-0.693904562932486,3.1532922642683));
#6238=CARTESIAN_POINT('',(5.92455634492055,-0.694539898272341,3.14749223625983));
#6239=CARTESIAN_POINT('',(5.93101976284206,-0.695211472409107,3.14185506022414));
#6240=CARTESIAN_POINT('',(5.93764154329183,-0.695877624742983,3.13641627976707));
#6241=CARTESIAN_POINT('',(5.94426576349294,-0.696544022516295,3.1309754954272));
#6242=CARTESIAN_POINT('',(5.951082548024,-0.697208806880369,3.12570575393422));
#6243=CARTESIAN_POINT('',(5.95808343576766,-0.697810950960831,3.12068255224808));
#6244=CARTESIAN_POINT('',(5.96508425539659,-0.698413089182767,3.11565939943488));
#6245=CARTESIAN_POINT('',(5.97226995633706,-0.698953029213544,3.11088152165743));
#6246=CARTESIAN_POINT('',(5.97964135954458,-0.699349468814018,3.10643044873463));
#6247=CARTESIAN_POINT('',(5.98332719602869,-0.699547695868222,3.10420483082845));
#6248=CARTESIAN_POINT('',(5.98705993466843,-0.699709724679866,3.10206086095774));
#6249=CARTESIAN_POINT('',(5.99084083824315,-0.699822787902541,3.10001028921415));
#6250=CARTESIAN_POINT('',(5.99462170125144,-0.699935849912127,3.09795973947175));
#6251=CARTESIAN_POINT('',(5.99845093626037,-0.700000000000115,3.09600241728143));
#6252=CARTESIAN_POINT('',(6.00233005692779,-0.700000000000118,3.09415235756185));
#6253=DRAUGHTING_PRE_DEFINED_CURVE_FONT('continuous');
#6254=COLOUR_RGB('',0.0299999993294477,0.0299999993294477,0.0299999993294477);
#6255=CARTESIAN_POINT('',(5.64544342898183,-0.700000000000029,3.50000000000001));
#6256=AXIS2_PLACEMENT_3D('',#11691,#11692,#11693);
#6257=DRAUGHTING_PRE_DEFINED_CURVE_FONT('continuous');
#6258=COLOUR_RGB('',0.0299999993294477,0.0299999993294477,0.0299999993294477);
#6259=CARTESIAN_POINT('',(5.5579992503591,-0.55000000000003,3.37812500000002));
#6260=AXIS2_PLACEMENT_3D('',#11694,#11695,#11696);
#6261=DRAUGHTING_PRE_DEFINED_CURVE_FONT('continuous');
#6262=COLOUR_RGB('',0.0299999993294477,0.0299999993294477,0.0299999993294477);
#6263=CARTESIAN_POINT('',(4.46464,-0.550000000000052,1.59178060591317));
#6264=AXIS2_PLACEMENT_3D('',#11697,#11698,#11699);
#6265=DRAUGHTING_PRE_DEFINED_CURVE_FONT('continuous');
#6266=COLOUR_RGB('',0.0299999993294477,0.0299999993294477,0.0299999993294477);
#6267=CARTESIAN_POINT('',(4.39272651506112,-0.625790764643086,1.60843018940829));
#6268=CARTESIAN_POINT('',(4.46464,-0.550000000000052,1.59178060591317));
#6269=CARTESIAN_POINT('',(4.45760911419436,-0.55845690712553,1.59540634902954));
#6270=CARTESIAN_POINT('',(4.45024816502238,-0.566965974068697,1.59849836167179));
#6271=CARTESIAN_POINT('',(4.4426130527551,-0.575422046036306,1.60100111077424));
#6272=CARTESIAN_POINT('',(4.4349780051426,-0.583878046397178,1.60350383868319));
#6273=CARTESIAN_POINT('',(4.42706824542198,-0.592281828769416,1.60541811253568));
#6274=CARTESIAN_POINT('',(4.41893634522253,-0.600529025878299,1.6066825294111));
#6275=CARTESIAN_POINT('',(4.41080469530763,-0.60877596915401,1.60794690737016));
#6276=CARTESIAN_POINT('',(4.40244913216454,-0.616868470165905,1.60856262432355));
#6277=CARTESIAN_POINT('',(4.3939202461159,-0.624697723960117,1.60845061595622));
#6278=CARTESIAN_POINT('',(4.39352284858425,-0.625062522611983,1.60844539700401));
#6279=CARTESIAN_POINT('',(4.39312493432611,-0.625426875895896,1.60843859239979));
#6280=CARTESIAN_POINT('',(4.39272651506112,-0.625790764643089,1.60843018940829));
#6281=DRAUGHTING_PRE_DEFINED_CURVE_FONT('continuous');
#6282=COLOUR_RGB('',0.0299999993294477,0.0299999993294477,0.0299999993294477);
#6283=CARTESIAN_POINT('',(6.64311028581749,-0.700000000000028,3.54660232170129));
#6284=CARTESIAN_POINT('',(6.00233005692238,-0.700000000005397,3.90584764244734));
#6285=AXIS2_PLACEMENT_3D('',#11700,#11701,#11702);
#6286=DRAUGHTING_PRE_DEFINED_CURVE_FONT('continuous');
#6287=COLOUR_RGB('',0.0299999993294477,0.0299999993294477,0.0299999993294477);
#6288=CARTESIAN_POINT('',(5.75512874912316,-0.700000000000028,3.58892288884218));
#6289=CARTESIAN_POINT('',(6.00233005694425,-0.700000000035652,3.90584764252499));
#6290=CARTESIAN_POINT('',(5.99842994301959,-0.700000000035013,3.90398757054158));
#6291=CARTESIAN_POINT('',(5.99458371165799,-0.699935060053755,3.90202047615413));
#6292=CARTESIAN_POINT('',(5.99080182535348,-0.699821619475687,3.89996854791126));
#6293=CARTESIAN_POINT('',(5.98702198792768,-0.699708240355306,3.8979177313232));
#6294=CARTESIAN_POINT('',(5.98330077715167,-0.699546397606778,3.89577956376494));
#6295=CARTESIAN_POINT('',(5.97962385028654,-0.699348526860422,3.89355897782521));
#6296=CARTESIAN_POINT('',(5.97227199143211,-0.698952892720285,3.88911901069998));
#6297=CARTESIAN_POINT('',(5.96511147558951,-0.69841511632626,3.88435864416671));
#6298=CARTESIAN_POINT('',(5.95812456419402,-0.697814487481992,3.87934695341401));
#6299=CARTESIAN_POINT('',(5.95113740575228,-0.697213837400429,3.87433508545577));
#6300=CARTESIAN_POINT('',(5.94432226131912,-0.696549641825585,3.86906996764261));
#6301=CARTESIAN_POINT('',(5.93766971557886,-0.695880458744268,3.86360685747162));
#6302=CARTESIAN_POINT('',(5.93101715744417,-0.69521127441619,3.85814373712225));
#6303=CARTESIAN_POINT('',(5.92452684574605,-0.694536846813052,3.85248191495233));
#6304=CARTESIAN_POINT('',(5.91819749493059,-0.69390061212398,3.84667166240699));
#6305=CARTESIAN_POINT('',(5.91186711004405,-0.693264273488721,3.84086046059936));
#6306=CARTESIAN_POINT('',(5.90570746229545,-0.692666762583752,3.83491119575328));
#6307=CARTESIAN_POINT('',(5.89966715995046,-0.692133814847924,3.82881292230324));
#6308=CARTESIAN_POINT('',(5.89362926383196,-0.691601079418185,3.82271707817319));
#6309=CARTESIAN_POINT('',(5.88772333749771,-0.691134058509742,3.81648379751484));
#6310=CARTESIAN_POINT('',(5.88194475506019,-0.690752959710642,3.81013468156722));
#6311=CARTESIAN_POINT('',(5.87616562177551,-0.690371824583049,3.80378496038597));
#6312=CARTESIAN_POINT('',(5.87050995921036,-0.690076315741365,3.79731504231192));
#6313=CARTESIAN_POINT('',(5.86497797257315,-0.689878224827695,3.79074114926263));
#6314=CARTESIAN_POINT('',(5.85944597411141,-0.68968013349061,3.78416724216175));
#6315=CARTESIAN_POINT('',(5.85403608623119,-0.689579353565203,3.77748755320877));
#6316=CARTESIAN_POINT('',(5.84875088268381,-0.689579708676255,3.77071073999659));
#6317=CARTESIAN_POINT('',(5.84346565191326,-0.689580063789136,3.76393389187821));
#6318=CARTESIAN_POINT('',(5.83830452002791,-0.689681568788699,3.75705913082855));
#6319=CARTESIAN_POINT('',(5.83327633024345,-0.689880346616062,3.75009246502696));
#6320=CARTESIAN_POINT('',(5.82824753250095,-0.690079148477636,3.74312495688635));
#6321=CARTESIAN_POINT('',(5.8233515840593,-0.690375243636718,3.73606545680998));
#6322=CARTESIAN_POINT('',(5.81860074710668,-0.690757001524849,3.72891317849007));
#6323=CARTESIAN_POINT('',(5.81384966018613,-0.691138779499385,3.72176052384906));
#6324=CARTESIAN_POINT('',(5.80924316935365,-0.691606364683873,3.71451420451229));
#6325=CARTESIAN_POINT('',(5.8048031119166,-0.692139419489346,3.70717503721869));
#6326=CARTESIAN_POINT('',(5.80036373243101,-0.692672392902791,3.69983699054104));
#6327=CARTESIAN_POINT('',(5.79608415225627,-0.693271741024284,3.69239527923545));
#6328=CARTESIAN_POINT('',(5.79199680302503,-0.693907342638957,3.68485151886482));
#6329=CARTESIAN_POINT('',(5.787909501055,-0.694542936904297,3.67730784572118));
#6330=CARTESIAN_POINT('',(5.78401419511307,-0.695214930303548,3.66966204027166));
#6331=CARTESIAN_POINT('',(5.78035052849278,-0.695881354995386,3.66191148570565));
#6332=CARTESIAN_POINT('',(5.77668606978625,-0.69654792376852,3.65415925546651));
#6333=CARTESIAN_POINT('',(5.77325759657291,-0.697208363365157,3.64631551556149));
#6334=CARTESIAN_POINT('',(5.77009270468524,-0.697810017350066,3.63830981752799));
#6335=CARTESIAN_POINT('',(5.76692981094266,-0.698411291482518,3.63030917386816));
#6336=CARTESIAN_POINT('',(5.76404313793752,-0.698951742200947,3.62217398724911));
#6337=CARTESIAN_POINT('',(5.76151844038127,-0.699348662423715,3.61393494907065));
#6338=CARTESIAN_POINT('',(5.76025604478229,-0.699547129896037,3.60981527718734));
#6339=CARTESIAN_POINT('',(5.75908416386254,-0.699709391788279,3.60566920026626));
#6340=CARTESIAN_POINT('',(5.75801490525754,-0.699822597166019,3.60149964167995));
#6341=CARTESIAN_POINT('',(5.7569456545249,-0.699935801710291,3.59733011379179));
#6342=CARTESIAN_POINT('',(5.75597891703168,-0.700000000005216,3.59313688908964));
#6343=CARTESIAN_POINT('',(5.75512874911279,-0.7000000000054,3.58892288884526));
#6344=DRAUGHTING_PRE_DEFINED_CURVE_FONT('continuous');
#6345=COLOUR_RGB('',0.0299999993294477,0.0299999993294477,0.0299999993294477);
#6346=CARTESIAN_POINT('',(5.74624818651448,-0.700000000000029,3.50000000000001));
#6347=AXIS2_PLACEMENT_3D('',#11703,#11704,#11705);
#6348=DRAUGHTING_PRE_DEFINED_CURVE_FONT('continuous');
#6349=COLOUR_RGB('',0.310000002384186,0.310000002384186,0.310000002384186);
#6350=CARTESIAN_POINT('',(6.19589000000005,-0.497268472906464,3.50000000000001));
#6351=AXIS2_PLACEMENT_3D('',#11706,#11707,#11708);
#6352=DRAUGHTING_PRE_DEFINED_CURVE_FONT('continuous');
#6353=COLOUR_RGB('',0.0299999993294477,0.0299999993294477,0.0299999993294477);
#6354=CARTESIAN_POINT('',(4.94589000017048,2.2,4.97499999999988));
#6355=AXIS2_PLACEMENT_3D('',#11709,#11710,#11711);
#6356=DRAUGHTING_PRE_DEFINED_CURVE_FONT('continuous');
#6357=COLOUR_RGB('',0.0299999993294477,0.0299999993294477,0.0299999993294477);
#6358=CARTESIAN_POINT('',(4.94589000000003,2.29999999999999,4.97499999999988));
#6359=CARTESIAN_POINT('',(4.94589000000003,2.29999999999999,4.97499999999988));
#6360=VECTOR('',#11712,1.0);
#6361=DRAUGHTING_PRE_DEFINED_CURVE_FONT('continuous');
#6362=COLOUR_RGB('',0.310000002384186,0.310000002384186,0.310000002384186);
#6363=CARTESIAN_POINT('',(4.97467201347982,2.29999999999998,3.97582909169287));
#6364=AXIS2_PLACEMENT_3D('',#11713,#11714,#11715);
#6365=DRAUGHTING_PRE_DEFINED_CURVE_FONT('continuous');
#6366=COLOUR_RGB('',0.0299999993294477,0.0299999993294477,0.0299999993294477);
#6367=CARTESIAN_POINT('',(6.49589000000003,-0.550000000000073,8.77076189453874E-15));
#6368=CARTESIAN_POINT('',(6.49589000000003,0.199999999999938,-5.55111512312578E-16));
#6369=CARTESIAN_POINT('',(6.49589000000004,-0.550000000000073,8.66514123665851E-15));
#6370=VECTOR('',#11716,1.0);
#6371=DRAUGHTING_PRE_DEFINED_CURVE_FONT('continuous');
#6372=COLOUR_RGB('',0.0299999993294477,0.0299999993294477,0.0299999993294477);
#6373=CARTESIAN_POINT('',(5.19589000000002,-0.550000000000071,6.99440505513849E-15));
#6374=CARTESIAN_POINT('',(5.19589000000002,-0.550000000000073,8.77076189453874E-15));
#6375=VECTOR('',#11717,1.0);
#6376=DRAUGHTING_PRE_DEFINED_CURVE_FONT('continuous');
#6377=COLOUR_RGB('',0.0299999993294477,0.0299999993294477,0.0299999993294477);
#6378=CARTESIAN_POINT('',(5.19589000000002,0.199999999999938,-5.55111512312578E-16));
#6379=CARTESIAN_POINT('',(5.19589000000003,0.199999999999938,-7.92571154367167E-16));
#6380=VECTOR('',#11718,1.0);
#6381=DRAUGHTING_PRE_DEFINED_CURVE_FONT('continuous');
#6382=COLOUR_RGB('',0.0299999993294477,0.0299999993294477,0.0299999993294477);
#6383=CARTESIAN_POINT('',(6.49589000000003,0.199999999999938,-5.55111512312578E-16));
#6384=VECTOR('',#11719,1.0);
#6385=DRAUGHTING_PRE_DEFINED_CURVE_FONT('continuous');
#6386=COLOUR_RGB('',0.0299999993294477,0.0299999993294477,0.0299999993294477);
#6387=CARTESIAN_POINT('',(5.04589000000002,-0.699999999999988,6.85000000000001));
#6388=CARTESIAN_POINT('',(4.94589000000002,-0.69999999999999,6.75000000000001));
#6389=CARTESIAN_POINT('',(5.04589000000003,-0.699999999999987,6.85000000000001));
#6390=VECTOR('',#11720,1.0);
#6391=DRAUGHTING_PRE_DEFINED_CURVE_FONT('continuous');
#6392=COLOUR_RGB('',0.0299999993294477,0.0299999993294477,0.0299999993294477);
#6393=CARTESIAN_POINT('',(5.19589000000002,-0.549999999999986,7.00000000000001));
#6394=CARTESIAN_POINT('',(5.04589000000002,-0.699999999999975,6.85000000000001));
#6395=VECTOR('',#11721,1.0);
#6396=DRAUGHTING_PRE_DEFINED_CURVE_FONT('continuous');
#6397=COLOUR_RGB('',0.0299999993294477,0.0299999993294477,0.0299999993294477);
#6398=CARTESIAN_POINT('',(5.19589,0.200000000000019,7.0));
#6399=CARTESIAN_POINT('',(5.19588999999999,0.200000000000019,7.0));
#6400=VECTOR('',#11722,1.0);
#6401=DRAUGHTING_PRE_DEFINED_CURVE_FONT('continuous');
#6402=COLOUR_RGB('',0.0299999993294477,0.0299999993294477,0.0299999993294477);
#6403=CARTESIAN_POINT('',(4.94589000000002,0.200000000000021,6.75));
#6404=CARTESIAN_POINT('',(4.94589000000001,0.200000000000022,6.75));
#6405=VECTOR('',#11723,1.0);
#6406=DRAUGHTING_PRE_DEFINED_CURVE_FONT('continuous');
#6407=COLOUR_RGB('',0.0299999993294477,0.0299999993294477,0.0299999993294477);
#6408=CARTESIAN_POINT('',(4.94589000000002,0.200000000000022,6.74999999999998));
#6409=VECTOR('',#11724,1.0);
#6410=DRAUGHTING_PRE_DEFINED_CURVE_FONT('continuous');
#6411=COLOUR_RGB('',0.0299999993294477,0.0299999993294477,0.0299999993294477);
#6412=CARTESIAN_POINT('',(4.94589000000003,0.199999999999941,0.249999999999992));
#6413=CARTESIAN_POINT('',(5.19589000000002,0.199999999999937,0.0));
#6414=VECTOR('',#11725,1.0);
#6415=DRAUGHTING_PRE_DEFINED_CURVE_FONT('continuous');
#6416=COLOUR_RGB('',0.0299999993294477,0.0299999993294477,0.0299999993294477);
#6417=CARTESIAN_POINT('',(4.94589000000003,0.199999999999952,1.17499999999999));
#6418=CARTESIAN_POINT('',(4.94589000000003,0.199999999999952,1.17499999999999));
#6419=VECTOR('',#11726,1.0);
#6420=DRAUGHTING_PRE_DEFINED_CURVE_FONT('continuous');
#6421=COLOUR_RGB('',0.0299999993294477,0.0299999993294477,0.0299999993294477);
#6422=CARTESIAN_POINT('',(4.94589000000003,0.199999999999952,1.17499999999999));
#6423=VECTOR('',#11727,1.0);
#6424=DRAUGHTING_PRE_DEFINED_CURVE_FONT('continuous');
#6425=COLOUR_RGB('',0.0299999993294477,0.0299999993294477,0.0299999993294477);
#6426=CARTESIAN_POINT('',(6.39588999999997,0.199999999999958,1.57499999999999));
#6427=AXIS2_PLACEMENT_3D('',#11728,#11729,#11730);
#6428=DRAUGHTING_PRE_DEFINED_CURVE_FONT('continuous');
#6429=COLOUR_RGB('',0.0299999993294477,0.0299999993294477,0.0299999993294477);
#6430=CARTESIAN_POINT('',(6.39588999999997,0.199999999999958,1.57499999999999));
#6431=VECTOR('',#11731,1.0);
#6432=DRAUGHTING_PRE_DEFINED_CURVE_FONT('continuous');
#6433=COLOUR_RGB('',0.0299999993294477,0.0299999993294477,0.0299999993294477);
#6434=CARTESIAN_POINT('',(5.99588999999997,0.20000000000001,5.82499999999999));
#6435=AXIS2_PLACEMENT_3D('',#11732,#11733,#11734);
#6436=DRAUGHTING_PRE_DEFINED_CURVE_FONT('continuous');
#6437=COLOUR_RGB('',0.0299999993294477,0.0299999993294477,0.0299999993294477);
#6438=CARTESIAN_POINT('',(4.94589000000002,0.20000000000001,5.82499999999999));
#6439=CARTESIAN_POINT('',(5.99588999999996,0.20000000000001,5.82499999999999));
#6440=VECTOR('',#11735,1.0);
#6441=DRAUGHTING_PRE_DEFINED_CURVE_FONT('continuous');
#6442=COLOUR_RGB('',0.0299999993294477,0.0299999993294477,0.0299999993294477);
#6443=CARTESIAN_POINT('',(4.94589000000002,0.20000000000001,5.82499999999999));
#6444=VECTOR('',#11736,1.0);
#6445=DRAUGHTING_PRE_DEFINED_CURVE_FONT('continuous');
#6446=COLOUR_RGB('',0.0299999993294477,0.0299999993294477,0.0299999993294477);
#6447=CARTESIAN_POINT('',(6.49589000000003,0.200000000000019,7.0));
#6448=CARTESIAN_POINT('',(6.49589000000003,0.200000000000019,7.0));
#6449=VECTOR('',#11737,1.0);
#6450=DRAUGHTING_PRE_DEFINED_CURVE_FONT('continuous');
#6451=COLOUR_RGB('',0.0299999993294477,0.0299999993294477,0.0299999993294477);
#6452=CARTESIAN_POINT('',(6.74589000000003,0.200000000000021,6.75));
#6453=CARTESIAN_POINT('',(6.49589000000003,0.200000000000025,7.0));
#6454=VECTOR('',#11738,1.0);
#6455=DRAUGHTING_PRE_DEFINED_CURVE_FONT('continuous');
#6456=COLOUR_RGB('',0.0299999993294477,0.0299999993294477,0.0299999993294477);
#6457=CARTESIAN_POINT('',(6.74589000000003,0.199999999999941,0.249999999999998));
#6458=CARTESIAN_POINT('',(6.74589000000003,0.199999999999941,0.249999999999999));
#6459=VECTOR('',#11739,1.0);
#6460=DRAUGHTING_PRE_DEFINED_CURVE_FONT('continuous');
#6461=COLOUR_RGB('',0.0299999993294477,0.0299999993294477,0.0299999993294477);
#6462=CARTESIAN_POINT('',(6.49589000000003,0.199999999999938,-6.66133814775094E-16));
#6463=VECTOR('',#11740,1.0);
#6464=DRAUGHTING_PRE_DEFINED_CURVE_FONT('continuous');
#6465=COLOUR_RGB('',0.0299999993294477,0.0299999993294477,0.0299999993294477);
#6466=CARTESIAN_POINT('',(6.74589000000003,-0.700000000000069,0.250000000000011));
#6467=CARTESIAN_POINT('',(6.74589000000003,-0.700000000000069,0.250000000000011));
#6468=VECTOR('',#11741,1.0);
#6469=DRAUGHTING_PRE_DEFINED_CURVE_FONT('continuous');
#6470=COLOUR_RGB('',0.0299999993294477,0.0299999993294477,0.0299999993294477);
#6471=CARTESIAN_POINT('',(6.64589000000003,-0.700000000000069,0.15000000000001));
#6472=CARTESIAN_POINT('',(6.64589000000003,-0.700000000000071,0.150000000000011));
#6473=VECTOR('',#11742,1.0);
#6474=DRAUGHTING_PRE_DEFINED_CURVE_FONT('continuous');
#6475=COLOUR_RGB('',0.0299999993294477,0.0299999993294477,0.0299999993294477);
#6476=CARTESIAN_POINT('',(6.64589000000003,-0.700000000000074,0.150000000000013));
#6477=VECTOR('',#11743,1.0);
#6478=DRAUGHTING_PRE_DEFINED_CURVE_FONT('continuous');
#6479=COLOUR_RGB('',0.0299999993294477,0.0299999993294477,0.0299999993294477);
#6480=CARTESIAN_POINT('',(5.04589000000002,-0.700000000000069,0.15000000000001));
#6481=CARTESIAN_POINT('',(6.64589000000003,-0.700000000000069,0.15000000000001));
#6482=VECTOR('',#11744,1.0);
#6483=DRAUGHTING_PRE_DEFINED_CURVE_FONT('continuous');
#6484=COLOUR_RGB('',0.0299999993294477,0.0299999993294477,0.0299999993294477);
#6485=CARTESIAN_POINT('',(5.19589000000002,-0.550000000000071,7.105427357601E-15));
#6486=VECTOR('',#11745,1.0);
#6487=DRAUGHTING_PRE_DEFINED_CURVE_FONT('continuous');
#6488=COLOUR_RGB('',0.0299999993294477,0.0299999993294477,0.0299999993294477);
#6489=CARTESIAN_POINT('',(6.74589000000003,-0.69999999999999,6.75000000000002));
#6490=CARTESIAN_POINT('',(6.74589000000003,-0.699999999999987,6.75000000000001));
#6491=VECTOR('',#11746,1.0);
#6492=DRAUGHTING_PRE_DEFINED_CURVE_FONT('continuous');
#6493=COLOUR_RGB('',0.0299999993294477,0.0299999993294477,0.0299999993294477);
#6494=CARTESIAN_POINT('',(6.74589000000003,-0.699999999999988,6.75000000000001));
#6495=VECTOR('',#11747,1.0);
#6496=DRAUGHTING_PRE_DEFINED_CURVE_FONT('continuous');
#6497=COLOUR_RGB('',0.310000002384186,0.310000002384186,0.310000002384186);
#6498=CARTESIAN_POINT('',(4.94589000000003,2.29999999999998,3.97499999999988));
#6499=AXIS2_PLACEMENT_3D('',#11748,#11749,#11750);
#6500=DRAUGHTING_PRE_DEFINED_CURVE_FONT('continuous');
#6501=COLOUR_RGB('',0.0299999993294477,0.0299999993294477,0.0299999993294477);
#6502=CARTESIAN_POINT('',(4.94589000000003,2.29999999999998,3.97499999999988));
#6503=VECTOR('',#11751,1.0);
#6504=DRAUGHTING_PRE_DEFINED_CURVE_FONT('continuous');
#6505=COLOUR_RGB('',0.0299999993294477,0.0299999993294477,0.0299999993294477);
#6506=CARTESIAN_POINT('',(4.24589,1.65000000000369,3.30762379211998));
#6507=CARTESIAN_POINT('',(4.24589,1.64999999999997,3.30762379212497));
#6508=VECTOR('',#11752,1.0);
#6509=DRAUGHTING_PRE_DEFINED_CURVE_FONT('continuous');
#6510=COLOUR_RGB('',0.0299999993294477,0.0299999993294477,0.0299999993294477);
#6511=AXIS2_PLACEMENT_3D('',#11753,#11754,#11755);
#6512=DRAUGHTING_PRE_DEFINED_CURVE_FONT('continuous');
#6513=COLOUR_RGB('',0.310000002384186,0.310000002384186,0.310000002384186);
#6514=CARTESIAN_POINT('',(4.24589,2.29999999999999,4.97499999999988));
#6515=CARTESIAN_POINT('',(4.94589000000003,2.29999999999999,4.97499999999988));
#6516=VECTOR('',#11756,1.0);
#6517=DRAUGHTING_PRE_DEFINED_CURVE_FONT('continuous');
#6518=COLOUR_RGB('',0.0299999993294477,0.0299999993294477,0.0299999993294477);
#6519=CARTESIAN_POINT('',(4.24589,1.83976747329243,4.97499999999988));
#6520=CARTESIAN_POINT('',(4.24589000000074,1.83976747329631,4.97499999999988));
#6521=CARTESIAN_POINT('',(4.27175530114657,1.8608149345815,4.97499999999988));
#6522=CARTESIAN_POINT('',(4.29781035170311,1.88162621284222,4.97499999999988));
#6523=CARTESIAN_POINT('',(4.32410774631398,1.9021195760022,4.97499999999988));
#6524=CARTESIAN_POINT('',(4.33725648561686,1.91236629031048,4.97499999999988));
#6525=CARTESIAN_POINT('',(4.35046622929072,1.9225332143906,4.97499999998932));
#6526=CARTESIAN_POINT('',(4.36374580153533,1.93260709689389,4.97499999998932));
#6527=CARTESIAN_POINT('',(4.37702563149518,1.94268117489995,4.97499999998932));
#6528=CARTESIAN_POINT('',(4.39037414447413,1.95266142743513,4.97499999999983));
#6529=CARTESIAN_POINT('',(4.40380523398375,1.96253414075864,4.97499999999983));
#6530=CARTESIAN_POINT('',(4.41723939096283,1.97240910886919,4.97499999999983));
#6531=CARTESIAN_POINT('',(4.43077593754436,1.98219100665082,4.97499999999988));
#6532=CARTESIAN_POINT('',(4.44441560755991,1.99184989848677,4.97499999999988));
#6533=CARTESIAN_POINT('',(4.45805530041156,2.00150880649403,4.97499999999988));
#6534=CARTESIAN_POINT('',(4.47179812959526,2.01104480535034,4.97499999999988));
#6535=CARTESIAN_POINT('',(4.48564822284942,2.02042476984902,4.97499999999988));
#6536=CARTESIAN_POINT('',(4.49949834529545,2.02980475411787,4.97499999999988));
#6537=CARTESIAN_POINT('',(4.51345580718336,2.03902886928884,4.97499999999988));
#6538=CARTESIAN_POINT('',(4.52752898762807,2.04805986726319,4.97499999999988));
#6539=CARTESIAN_POINT('',(4.54160218569251,2.05709087654441,4.97499999999988));
#6540=CARTESIAN_POINT('',(4.55579127818772,2.06592902335766,4.97499999999988));
#6541=CARTESIAN_POINT('',(4.57010942058608,2.07453134062154,4.97499999999988));
#6542=CARTESIAN_POINT('',(4.58442754375211,2.08313364633067,4.97499999999988));
#6543=CARTESIAN_POINT('',(4.59887505170176,2.09150048542789,4.97499999999988));
#6544=CARTESIAN_POINT('',(4.61346981326022,2.09958082929329,4.97499999999988));
#6545=CARTESIAN_POINT('',(4.62806448551605,2.10766112371656,4.97499999999988));
#6546=CARTESIAN_POINT('',(4.64280698268032,2.1154553931562,4.97499999999988));
#6547=CARTESIAN_POINT('',(4.65771883133913,2.12290154873939,4.97499999999988));
#6548=CARTESIAN_POINT('',(4.67263217491871,2.13034845080364,4.97499999999988));
#6549=CARTESIAN_POINT('',(4.68770829516732,2.13744438155149,4.9749999999997));
#6550=CARTESIAN_POINT('',(4.70299114187431,2.14412244578684,4.9749999999997));
#6551=CARTESIAN_POINT('',(4.71828391355331,2.15080484688442,4.9749999999997));
#6552=CARTESIAN_POINT('',(4.73382763520777,2.15708621783613,4.97499999999988));
#6553=CARTESIAN_POINT('',(4.74958276660854,2.16284403579424,4.97499999999988));
#6554=CARTESIAN_POINT('',(4.76533789744886,2.16860185354752,4.97499999999988));
#6555=CARTESIAN_POINT('',(4.78130409442135,2.17383524377587,4.97499999999988));
#6556=CARTESIAN_POINT('',(4.79743646362743,2.17842694427191,4.97499999999988));
#6557=CARTESIAN_POINT('',(4.81356901360233,2.18301869621957,4.97499999999988));
#6558=CARTESIAN_POINT('',(4.82986584277967,2.18696728473508,4.97499999999988));
#6559=CARTESIAN_POINT('',(4.84627680402812,2.19017376606167,4.97499999999988));
#6560=CARTESIAN_POINT('',(4.86268839540671,2.19338037050722,4.97499999999988));
#6561=CARTESIAN_POINT('',(4.87920945875494,2.19584331331075,4.97499999999988));
#6562=CARTESIAN_POINT('',(4.89579449896544,2.19749670725068,4.97499999999988));
#6563=CARTESIAN_POINT('',(4.90408921996953,2.1983236236324,4.97499999999988));
#6564=CARTESIAN_POINT('',(4.91241807714924,2.19895033206867,4.97499999999988));
#6565=CARTESIAN_POINT('',(4.92077125270283,2.1993694461324,4.97499999999988));
#6566=CARTESIAN_POINT('',(4.92912434103776,2.19978855582,4.97499999999988));
#6567=CARTESIAN_POINT('',(4.93750145043476,2.20000000000002,4.97499999999986));
#6568=CARTESIAN_POINT('',(4.94588999999976,2.20000000000003,4.97499999999986));
#6569=DRAUGHTING_PRE_DEFINED_CURVE_FONT('continuous');
#6570=COLOUR_RGB('',0.0299999993294477,0.0299999993294477,0.0299999993294477);
#6571=CARTESIAN_POINT('',(4.24589,1.83976747328272,4.97499999999988));
#6572=VECTOR('',#11757,1.0);
#6573=DRAUGHTING_PRE_DEFINED_CURVE_FONT('continuous');
#6574=COLOUR_RGB('',0.310000002384186,0.310000002384186,0.310000002384186);
#6575=CARTESIAN_POINT('',(6.64553181348561,-0.700000000000029,3.50000000000001));
#6576=AXIS2_PLACEMENT_3D('',#11758,#11759,#11760);
#6577=DRAUGHTING_PRE_DEFINED_CURVE_FONT('continuous');
#6578=COLOUR_RGB('',0.0299999993294477,0.0299999993294477,0.0299999993294477);
#6579=AXIS2_PLACEMENT_3D('',#11761,#11762,#11763);
#6580=DRAUGHTING_PRE_DEFINED_CURVE_FONT('continuous');
#6581=COLOUR_RGB('',0.0299999993294477,0.0299999993294477,0.0299999993294477);
#6582=CARTESIAN_POINT('',(4.26713045835534,-0.700000000000053,1.53541145690438));
#6583=CARTESIAN_POINT('',(4.39272651506112,-0.625790764643089,1.60843018940829));
#6584=CARTESIAN_POINT('',(4.38457026320504,-0.63324012397525,1.60825816731744));
#6585=CARTESIAN_POINT('',(4.37620237130004,-0.640494803618243,1.60741628744122));
#6586=CARTESIAN_POINT('',(4.36772338561531,-0.647390349342439,1.60579529037073));
#6587=CARTESIAN_POINT('',(4.35885141358087,-0.654605491707577,1.60409916288426));
#6588=CARTESIAN_POINT('',(4.34973742031656,-0.66152280359242,1.60152364591003));
#6589=CARTESIAN_POINT('',(4.34061697868278,-0.667834610379129,1.59790849615115));
#6590=CARTESIAN_POINT('',(4.33605895071968,-0.67098899620678,1.59610179047248));
#6591=CARTESIAN_POINT('',(4.33150433939917,-0.673989048657833,1.59403760616918));
#6592=CARTESIAN_POINT('',(4.3269892016588,-0.676796148097831,1.5917027329957));
#6593=CARTESIAN_POINT('',(4.32247138244135,-0.679604914634885,1.58936647317374));
#6594=CARTESIAN_POINT('',(4.31800997861185,-0.682211885083476,1.58677126839862));
#6595=CARTESIAN_POINT('',(4.31357316944739,-0.684616471443809,1.58385868272543));
#6596=CARTESIAN_POINT('',(4.30913926550067,-0.687019483283646,1.58094800421012));
#6597=CARTESIAN_POINT('',(4.30475596072776,-0.689203277514394,1.57773219776079));
#6598=CARTESIAN_POINT('',(4.30049923374448,-0.691111296969438,1.57422451761887));
#6599=CARTESIAN_POINT('',(4.29624235700964,-0.693019383548562,1.57071671407685));
#6600=CARTESIAN_POINT('',(4.29211648131153,-0.694649702634321,1.56692054705004));
#6601=CARTESIAN_POINT('',(4.288187569646,-0.695966536624765,1.56286750785342));
#6602=CARTESIAN_POINT('',(4.28426585493084,-0.697280958448771,1.55882189298302));
#6603=CARTESIAN_POINT('',(4.28049598453164,-0.698297485310468,1.55447370865936));
#6604=CARTESIAN_POINT('',(4.27695695046376,-0.698977948985368,1.54986885431892));
#6605=CARTESIAN_POINT('',(4.27518821426344,-0.699318030688938,1.54756744313922));
#6606=CARTESIAN_POINT('',(4.27347861363847,-0.699574194868299,1.54520437161623));
#6607=CARTESIAN_POINT('',(4.27183788121889,-0.69974469102428,1.54279072095332));
#6608=CARTESIAN_POINT('',(4.27019714184881,-0.699915187902519,1.54037706006567));
#6609=CARTESIAN_POINT('',(4.26862551485515,-0.700000000000053,1.53791318561999));
#6610=CARTESIAN_POINT('',(4.26713045835742,-0.700000000000053,1.53541145690297));
#6611=DRAUGHTING_PRE_DEFINED_CURVE_FONT('continuous');
#6612=COLOUR_RGB('',0.0299999993294477,0.0299999993294477,0.0299999993294477);
#6613=AXIS2_PLACEMENT_3D('',#11764,#11765,#11766);
#6614=DRAUGHTING_PRE_DEFINED_CURVE_FONT('continuous');
#6615=COLOUR_RGB('',0.0299999993294477,0.0299999993294477,0.0299999993294477);
#6616=CARTESIAN_POINT('',(5.5579992503591,-0.550000000000027,3.62187499999999));
#6617=CARTESIAN_POINT('',(5.5579992503591,1.64999999999998,3.62187499999997));
#6618=VECTOR('',#11767,1.0);
#6619=DRAUGHTING_PRE_DEFINED_CURVE_FONT('continuous');
#6620=COLOUR_RGB('',0.0299999993294477,0.0299999993294477,0.0299999993294477);
#6621=CARTESIAN_POINT('',(4.46464,-0.550000000000004,5.40821939408684));
#6622=AXIS2_PLACEMENT_3D('',#11768,#11769,#11770);
#6623=DRAUGHTING_PRE_DEFINED_CURVE_FONT('continuous');
#6624=COLOUR_RGB('',0.0299999993294477,0.0299999993294477,0.0299999993294477);
#6625=CARTESIAN_POINT('',(4.46464,1.65,5.40821939408681));
#6626=CARTESIAN_POINT('',(4.46464,1.65,5.40821939408682));
#6627=VECTOR('',#11771,1.0);
#6628=DRAUGHTING_PRE_DEFINED_CURVE_FONT('continuous');
#6629=COLOUR_RGB('',0.0299999993294477,0.0299999993294477,0.0299999993294477);
#6630=AXIS2_PLACEMENT_3D('',#11772,#11773,#11774);
#6631=DRAUGHTING_PRE_DEFINED_CURVE_FONT('continuous');
#6632=COLOUR_RGB('',0.0299999993294477,0.0299999993294477,0.0299999993294477);
#6633=CARTESIAN_POINT('',(4.24589,2.29999999999994,1.17499999999997));
#6634=CARTESIAN_POINT('',(4.24589,-0.700000000000058,1.17500000000001));
#6635=CARTESIAN_POINT('',(4.24589,2.29999999999994,1.17499999999997));
#6636=VECTOR('',#11775,1.0);
#6637=DRAUGHTING_PRE_DEFINED_CURVE_FONT('continuous');
#6638=COLOUR_RGB('',0.0299999993294477,0.0299999993294477,0.0299999993294477);
#6639=CARTESIAN_POINT('',(4.24589,-0.700000000000054,1.45846354961504));
#6640=CARTESIAN_POINT('',(4.24589,-0.700000000000058,1.17500000000001));
#6641=VECTOR('',#11776,1.0);
#6642=DRAUGHTING_PRE_DEFINED_CURVE_FONT('continuous');
#6643=COLOUR_RGB('',0.0299999993294477,0.0299999993294477,0.0299999993294477);
#6644=CARTESIAN_POINT('',(4.24589,1.42426491778266,1.45846354961501));
#6645=VECTOR('',#11777,1.0);
#6646=DRAUGHTING_PRE_DEFINED_CURVE_FONT('continuous');
#6647=COLOUR_RGB('',0.0299999993294477,0.0299999993294477,0.0299999993294477);
#6648=CARTESIAN_POINT('',(4.24589,2.29999999999995,2.02500000000006));
#6649=CARTESIAN_POINT('',(4.24589,1.83976747329766,2.02500000000007));
#6650=VECTOR('',#11778,1.0);
#6651=DRAUGHTING_PRE_DEFINED_CURVE_FONT('continuous');
#6652=COLOUR_RGB('',0.310000002384186,0.310000002384186,0.310000002384186);
#6653=CARTESIAN_POINT('',(4.24589,2.29999999999995,2.02500000000006));
#6654=VECTOR('',#11779,1.0);
#6655=DRAUGHTING_PRE_DEFINED_CURVE_FONT('continuous');
#6656=COLOUR_RGB('',0.0299999993294477,0.0299999993294477,0.0299999993294477);
#6657=CARTESIAN_POINT('',(6.49589000000003,-0.549999999999986,7.00000000000001));
#6658=CARTESIAN_POINT('',(6.49589000000003,-0.549999999999971,7.00000000000001));
#6659=VECTOR('',#11780,1.0);
#6660=DRAUGHTING_PRE_DEFINED_CURVE_FONT('continuous');
#6661=COLOUR_RGB('',0.0299999993294477,0.0299999993294477,0.0299999993294477);
#6662=CARTESIAN_POINT('',(6.49589000000003,-0.549999999999986,7.00000000000001));
#6663=VECTOR('',#11781,1.0);
#6664=DRAUGHTING_PRE_DEFINED_CURVE_FONT('continuous');
#6665=COLOUR_RGB('',0.0299999993294477,0.0299999993294477,0.0299999993294477);
#6666=CARTESIAN_POINT('',(4.24589,1.42426491778271,5.54153645038495));
#6667=CARTESIAN_POINT('',(4.24589,1.42426491778269,5.54153645038495));
#6668=CARTESIAN_POINT('',(4.24589,1.434612008897,5.52915980153375));
#6669=CARTESIAN_POINT('',(4.24742035587252,1.44548402025591,5.51709748910549));
#6670=CARTESIAN_POINT('',(4.25026091331139,1.4566115052364,5.50558969656394));
#6671=CARTESIAN_POINT('',(4.2531018291771,1.46774039430369,5.49408045194769));
#6672=CARTESIAN_POINT('',(4.25725397078461,1.47911984081709,5.48313235120771));
#6673=CARTESIAN_POINT('',(4.26248682110586,1.49047467231782,5.47295371304575));
#6674=CARTESIAN_POINT('',(4.26772616453256,1.5018435932944,5.46276244487017));
#6675=CARTESIAN_POINT('',(4.27412812740185,1.51336431807697,5.45318282544641));
#6676=CARTESIAN_POINT('',(4.28157586395815,1.52480568146514,5.44441653326696));
#6677=CARTESIAN_POINT('',(4.28529968745353,1.53052629436303,5.44003343988839));
#6678=CARTESIAN_POINT('',(4.28928491403889,1.53622683163091,5.43585345603483));
#6679=CARTESIAN_POINT('',(4.2935178246471,1.54187698022042,5.43190097385699));
#6680=CARTESIAN_POINT('',(4.29775401925434,1.54753151233801,5.42794542524357));
#6681=CARTESIAN_POINT('',(4.30222046606341,1.5531150497075,5.42423048880741));
#6682=CARTESIAN_POINT('',(4.30696225528286,1.55866208648676,5.420739694553));
#6683=CARTESIAN_POINT('',(4.31644500894952,1.56975519521076,5.4137587132222));
#6684=CARTESIAN_POINT('',(4.32700121694032,1.58066126600422,5.40770858311054));
#6685=CARTESIAN_POINT('',(4.33852558786943,1.59096355258247,5.40293874397923));
#6686=CARTESIAN_POINT('',(4.34140689440428,1.59353931535724,5.40174619570533));
#6687=CARTESIAN_POINT('',(4.34434910103131,1.59607734172973,5.4006336384356));
#6688=CARTESIAN_POINT('',(4.34735119720312,1.59857061034912,5.39960694456235));
#6689=CARTESIAN_POINT('',(4.35035059733792,1.60106163988486,5.3985811727131));
#6690=CARTESIAN_POINT('',(4.35341953760525,1.60351625897098,5.39763759887654));
#6691=CARTESIAN_POINT('',(4.3565643291928,1.6059300343511,5.39678324104027));
#6692=CARTESIAN_POINT('',(4.36285194130746,1.61075607222979,5.39507506085342));
#6693=CARTESIAN_POINT('',(4.36942471915072,1.61540361358607,5.39373023870159));
#6694=CARTESIAN_POINT('',(4.3762275282058,1.61975530279862,5.39283074369126));
#6695=CARTESIAN_POINT('',(4.38184834534639,1.62335088355332,5.39208753644687));
#6696=CARTESIAN_POINT('',(4.387625416915,1.62674421843993,5.39164807231299));
#6697=CARTESIAN_POINT('',(4.39352631227844,1.62986970470333,5.39155507493998));
#6698=CARTESIAN_POINT('',(4.39941983610513,1.63299128653606,5.39146219374147));
#6699=CARTESIAN_POINT('',(4.40545334746363,1.63585689356743,5.39171209217695));
#6700=CARTESIAN_POINT('',(4.41164752161368,1.63840866686428,5.39236641146085));
#6701=CARTESIAN_POINT('',(4.41473974220617,1.63968254869981,5.39269305703372));
#6702=CARTESIAN_POINT('',(4.41786087248221,1.64087276390743,5.39312017602199));
#6703=CARTESIAN_POINT('',(4.4209956021322,1.64196585160701,5.39365234460745));
#6704=CARTESIAN_POINT('',(4.42413034012447,1.64305894221556,5.39418451460915));
#6705=CARTESIAN_POINT('',(4.42727827012779,1.64405474196157,5.39482167923203));
#6706=CARTESIAN_POINT('',(4.4304237142275,1.64494221221689,5.39556582806094));
#6707=CARTESIAN_POINT('',(4.4335692050459,1.64582969565363,5.39630998794255));
#6708=CARTESIAN_POINT('',(4.43671173348551,1.64660872158043,5.39716100660664));
#6709=CARTESIAN_POINT('',(4.43983675000379,1.64727125055748,5.39811858830318));
#6710=CARTESIAN_POINT('',(4.44295778286192,1.64793293496609,5.39907494930856));
#6711=CARTESIAN_POINT('',(4.44608149110568,1.64848270722564,5.40014375549017));
#6712=CARTESIAN_POINT('',(4.44919289321367,1.64891057015923,5.40132660203237));
#6713=CARTESIAN_POINT('',(4.45180906833706,1.64927033219713,5.40232118055071));
#6714=CARTESIAN_POINT('',(4.45441417093414,1.64954347756805,5.40339558345692));
#6715=CARTESIAN_POINT('',(4.45699368178633,1.64972590685311,5.40454615849477));
#6716=CARTESIAN_POINT('',(4.45957318255622,1.64990833542513,5.40569672903547));
#6717=CARTESIAN_POINT('',(4.46212661421533,1.65,5.40692327131382));
#6718=CARTESIAN_POINT('',(4.46464,1.65,5.40821939408681));
#6719=DRAUGHTING_PRE_DEFINED_CURVE_FONT('continuous');
#6720=COLOUR_RGB('',0.0299999993294477,0.0299999993294477,0.0299999993294477);
#6721=CARTESIAN_POINT('',(4.24589,1.83976747329571,4.97499999999988));
#6722=CARTESIAN_POINT('',(4.24589,1.8250225016202,5.0003682084811));
#6723=CARTESIAN_POINT('',(4.24589,1.8097140209018,5.02543252555169));
#6724=CARTESIAN_POINT('',(4.24589,1.79397503554759,5.05022277094253));
#6725=CARTESIAN_POINT('',(4.24589,1.77823608563353,5.07501296051211));
#6726=CARTESIAN_POINT('',(4.24589,1.76206556753346,5.09952981864247));
#6727=CARTESIAN_POINT('',(4.24589,1.74557685154612,5.12378621001408));
#6728=CARTESIAN_POINT('',(4.24589,1.72908406597085,5.1480485881173));
#6729=CARTESIAN_POINT('',(4.24589000000168,1.71229538214439,5.17201878166629));
#6730=CARTESIAN_POINT('',(4.24589000000168,1.69522636335681,5.1958120843235));
#6731=CARTESIAN_POINT('',(4.24589000000168,1.67815864270214,5.21960357745259));
#6732=CARTESIAN_POINT('',(4.24589,1.6608204751956,5.24320253050621));
#6733=CARTESIAN_POINT('',(4.24589,1.64326238741141,5.26664031091097));
#6734=CARTESIAN_POINT('',(4.24589,1.62570426656929,5.29007813544379));
#6735=CARTESIAN_POINT('',(4.24589,1.60792578898281,5.31335495184113));
#6736=CARTESIAN_POINT('',(4.24589,1.58996661099128,5.33649528420878));
#6737=CARTESIAN_POINT('',(4.24589,1.57200742648938,5.359635624965));
#6738=CARTESIAN_POINT('',(4.24589,1.55386725464421,5.38263955261297));
#6739=CARTESIAN_POINT('',(4.24589,1.53557819807507,5.40552572925086));
#6740=CARTESIAN_POINT('',(4.24589,1.51728914782804,5.42841189797754));
#6741=CARTESIAN_POINT('',(4.24589000000322,1.49885102767476,5.45118033387921));
#6742=CARTESIAN_POINT('',(4.24589000000322,1.48029060007752,5.47384484295381));
#6743=CARTESIAN_POINT('',(4.24589000000322,1.46173018174152,5.49650934071932));
#6744=CARTESIAN_POINT('',(4.24589000000001,1.44304734008,5.51906989985587));
#6745=CARTESIAN_POINT('',(4.24589000000001,1.42426491778271,5.54153645038495));
#6746=DRAUGHTING_PRE_DEFINED_CURVE_FONT('continuous');
#6747=COLOUR_RGB('',0.0299999993294477,0.0299999993294477,0.0299999993294477);
#6748=CARTESIAN_POINT('',(4.94588999999999,2.29999999999995,2.02500000000006));
#6749=CARTESIAN_POINT('',(4.94588999999999,2.29999999999995,2.02500000000006));
#6750=VECTOR('',#11782,1.0);
#6751=DRAUGHTING_PRE_DEFINED_CURVE_FONT('continuous');
#6752=COLOUR_RGB('',0.310000002384186,0.310000002384186,0.310000002384186);
#6753=CARTESIAN_POINT('',(4.24589,2.29999999999995,2.02500000000006));
#6754=VECTOR('',#11783,1.0);
#6755=DRAUGHTING_PRE_DEFINED_CURVE_FONT('continuous');
#6756=COLOUR_RGB('',0.0299999993294477,0.0299999993294477,0.0299999993294477);
#6757=CARTESIAN_POINT('',(4.94589000000002,-0.7,5.82500000000001));
#6758=CARTESIAN_POINT('',(4.94589000000002,-0.699999999999988,6.75));
#6759=VECTOR('',#11784,1.0);
#6760=DRAUGHTING_PRE_DEFINED_CURVE_FONT('continuous');
#6761=COLOUR_RGB('',0.0299999993294477,0.0299999993294477,0.0299999993294477);
#6762=CARTESIAN_POINT('',(4.94589000000002,-0.7,5.82500000000001));
#6763=VECTOR('',#11785,1.0);
#6764=DRAUGHTING_PRE_DEFINED_CURVE_FONT('continuous');
#6765=COLOUR_RGB('',0.0299999993294477,0.0299999993294477,0.0299999993294477);
#6766=CARTESIAN_POINT('',(5.49544342898182,-0.550000000000028,3.50000000000001));
#6767=AXIS2_PLACEMENT_3D('',#11786,#11787,#11788);
#6768=DRAUGHTING_PRE_DEFINED_CURVE_FONT('continuous');
#6769=COLOUR_RGB('',0.310000002384186,0.310000002384186,0.310000002384186);
#6770=AXIS2_PLACEMENT_3D('',#11789,#11790,#11791);
#6771=DRAUGHTING_PRE_DEFINED_CURVE_FONT('continuous');
#6772=COLOUR_RGB('',0.0299999993294477,0.0299999993294477,0.0299999993294477);
#6773=AXIS2_PLACEMENT_3D('',#11792,#11793,#11794);
#6774=DRAUGHTING_PRE_DEFINED_CURVE_FONT('continuous');
#6775=COLOUR_RGB('',0.0299999993294477,0.0299999993294477,0.0299999993294477);
#6776=CARTESIAN_POINT('',(4.24589,-0.700000000000004,5.54153645038498));
#6777=CARTESIAN_POINT('',(4.24589,1.42426491778271,5.54153645038495));
#6778=VECTOR('',#11795,1.0);
#6779=DRAUGHTING_PRE_DEFINED_CURVE_FONT('continuous');
#6780=COLOUR_RGB('',0.0299999993294477,0.0299999993294477,0.0299999993294477);
#6781=CARTESIAN_POINT('',(4.24589,-0.7,5.82500000000001));
#6782=CARTESIAN_POINT('',(4.24589,-0.700000000000003,5.54153645038498));
#6783=VECTOR('',#11796,1.0);
#6784=DRAUGHTING_PRE_DEFINED_CURVE_FONT('continuous');
#6785=COLOUR_RGB('',0.0299999993294477,0.0299999993294477,0.0299999993294477);
#6786=CARTESIAN_POINT('',(4.24589,2.3,5.82499999999997));
#6787=CARTESIAN_POINT('',(4.24589,2.3,5.82499999999997));
#6788=VECTOR('',#11797,1.0);
#6789=DRAUGHTING_PRE_DEFINED_CURVE_FONT('continuous');
#6790=COLOUR_RGB('',0.310000002384186,0.310000002384186,0.310000002384186);
#6791=CARTESIAN_POINT('',(4.24589,2.3,5.82499999999997));
#6792=VECTOR('',#11798,1.0);
#6793=DRAUGHTING_PRE_DEFINED_CURVE_FONT('continuous');
#6794=COLOUR_RGB('',0.0299999993294477,0.0299999993294477,0.0299999993294477);
#6795=CARTESIAN_POINT('',(5.5579992503591,1.64999999999998,3.37812499999998));
#6796=CARTESIAN_POINT('',(5.5579992503592,1.64999999999998,3.37812499999992));
#6797=CARTESIAN_POINT('',(5.55252605956973,1.64999999999998,3.38205196347093));
#6798=CARTESIAN_POINT('',(5.54735436078893,1.64948284822192,3.38631914398304));
#6799=CARTESIAN_POINT('',(5.54248658622199,1.64846137241909,3.39091338978164));
#6800=CARTESIAN_POINT('',(5.54005691480621,1.64795151919439,3.39320653371023));
#6801=CARTESIAN_POINT('',(5.53771368053663,1.64731739436563,3.39557207025792));
#6802=CARTESIAN_POINT('',(5.53546937178193,1.64656835599669,3.39799163395583));
#6803=CARTESIAN_POINT('',(5.53322505435598,1.64581931473372,3.40041120700212));
#6804=CARTESIAN_POINT('',(5.53108019365473,1.64495560015103,3.4028841753715));
#6805=CARTESIAN_POINT('',(5.52904293099081,1.64399096385015,3.40539067663571));
#6806=CARTESIAN_POINT('',(5.52700390175186,1.64302549108256,3.40789935136661));
#6807=CARTESIAN_POINT('',(5.52508041462647,1.64196400319394,3.41043053928295));
#6808=CARTESIAN_POINT('',(5.52325146568,1.64080738515771,3.41299928675895));
#6809=CARTESIAN_POINT('',(5.52142231277832,1.63965063814124,3.41556832068878));
#6810=CARTESIAN_POINT('',(5.51969027666759,1.63839922487521,3.41817257397078));
#6811=CARTESIAN_POINT('',(5.5180558123168,1.63706344189821,3.4208015459719));
#6812=CARTESIAN_POINT('',(5.51478662626615,1.63439166562301,3.42605990391004));
#6813=CARTESIAN_POINT('',(5.5119099577426,1.63138250852036,3.43141556603155));
#6814=CARTESIAN_POINT('',(5.50941614098843,1.62812909285519,3.43678151440281));
#6815=CARTESIAN_POINT('',(5.50691919311229,1.6248715923505,3.44215420001279));
#6816=CARTESIAN_POINT('',(5.50481771100559,1.62139356146893,3.44750195227192));
#6817=CARTESIAN_POINT('',(5.50304935155724,1.61772630949971,3.45284147251653));
#6818=CARTESIAN_POINT('',(5.50127972607151,1.61405643200203,3.45818481553155));
#6819=CARTESIAN_POINT('',(5.49984457919045,1.61019165191733,3.46352539269961));
#6820=CARTESIAN_POINT('',(5.49871747231498,1.60618303086923,3.46883120726864));
#6821=CARTESIAN_POINT('',(5.49646223554823,1.59816215035789,3.47944765221637));
#6822=CARTESIAN_POINT('',(5.49544342898182,1.58958237870128,3.48990563759349));
#6823=CARTESIAN_POINT('',(5.49544342898182,1.58078868335532,3.49999999999998));
#6824=DRAUGHTING_PRE_DEFINED_CURVE_FONT('continuous');
#6825=COLOUR_RGB('',0.0299999993294477,0.0299999993294477,0.0299999993294477);
#6826=CARTESIAN_POINT('',(5.5579992503591,1.64999999999998,3.37812499999999));
#6827=VECTOR('',#11799,1.0);
#6828=DRAUGHTING_PRE_DEFINED_CURVE_FONT('continuous');
#6829=COLOUR_RGB('',0.0299999993294477,0.0299999993294477,0.0299999993294477);
#6830=AXIS2_PLACEMENT_3D('',#11800,#11801,#11802);
#6831=DRAUGHTING_PRE_DEFINED_CURVE_FONT('continuous');
#6832=COLOUR_RGB('',0.0299999993294477,0.0299999993294477,0.0299999993294477);
#6833=CARTESIAN_POINT('',(4.24589,-0.7,5.82500000000001));
#6834=VECTOR('',#11803,1.0);
#6835=DRAUGHTING_PRE_DEFINED_CURVE_FONT('continuous');
#6836=COLOUR_RGB('',0.0299999993294477,0.0299999993294477,0.0299999993294477);
#6837=CARTESIAN_POINT('',(5.99588999999997,2.3,5.82499999999997));
#6838=CARTESIAN_POINT('',(5.99588999999997,0.20000000000001,5.82499999999999));
#6839=VECTOR('',#11804,1.0);
#6840=DRAUGHTING_PRE_DEFINED_CURVE_FONT('continuous');
#6841=COLOUR_RGB('',0.310000002384186,0.310000002384186,0.310000002384186);
#6842=CARTESIAN_POINT('',(4.24589,2.3,5.82499999999997));
#6843=VECTOR('',#11805,1.0);
#6844=DRAUGHTING_PRE_DEFINED_CURVE_FONT('continuous');
#6845=COLOUR_RGB('',0.0299999993294477,0.0299999993294477,0.0299999993294477);
#6846=AXIS2_PLACEMENT_3D('',#11806,#11807,#11808);
#6847=DRAUGHTING_PRE_DEFINED_CURVE_FONT('continuous');
#6848=COLOUR_RGB('',0.0299999993294477,0.0299999993294477,0.0299999993294477);
#6849=CARTESIAN_POINT('',(4.26713045834968,-0.700000000000005,5.46458854309175));
#6850=AXIS2_PLACEMENT_3D('',#11809,#11810,#11811);
#6851=DRAUGHTING_PRE_DEFINED_CURVE_FONT('continuous');
#6852=COLOUR_RGB('',0.0299999993294477,0.0299999993294477,0.0299999993294477);
#6853=CARTESIAN_POINT('',(4.26713045835743,-0.700000000000004,5.46458854309703));
#6854=CARTESIAN_POINT('',(4.26862551485516,-0.700000000000004,5.46208681438));
#6855=CARTESIAN_POINT('',(4.27019714184882,-0.699915187902469,5.45962293993433));
#6856=CARTESIAN_POINT('',(4.2718378812189,-0.69974469102423,5.45720927904668));
#6857=CARTESIAN_POINT('',(4.2734786136401,-0.69957419486808,5.45479562838139));
#6858=CARTESIAN_POINT('',(4.27518821426519,-0.699318030688554,5.45243255685852));
#6859=CARTESIAN_POINT('',(4.27695695046377,-0.698977948985317,5.45013114568108));
#6860=CARTESIAN_POINT('',(4.28049598453164,-0.698297485310417,5.44552629134064));
#6861=CARTESIAN_POINT('',(4.28426585493086,-0.697280958448718,5.44117810701698));
#6862=CARTESIAN_POINT('',(4.28818756964602,-0.695966536624713,5.43713249214658));
#6863=CARTESIAN_POINT('',(4.29211648131154,-0.69464970263427,5.43307945294996));
#6864=CARTESIAN_POINT('',(4.29624235700966,-0.693019383548506,5.42928328592315));
#6865=CARTESIAN_POINT('',(4.30049923374449,-0.691111296969383,5.42577548238113));
#6866=CARTESIAN_POINT('',(4.30475596072777,-0.68920327751434,5.42226780223922));
#6867=CARTESIAN_POINT('',(4.30913926550069,-0.68701948328359,5.41905199578988));
#6868=CARTESIAN_POINT('',(4.3135731694474,-0.684616471443754,5.41614131727458));
#6869=CARTESIAN_POINT('',(4.31800997861187,-0.68221188508342,5.41322873160138));
#6870=CARTESIAN_POINT('',(4.32247138244137,-0.679604914634829,5.41063352682627));
#6871=CARTESIAN_POINT('',(4.32698920165882,-0.676796148097775,5.4082972670043));
#6872=CARTESIAN_POINT('',(4.33150433939918,-0.673989048657777,5.40596239383082));
#6873=CARTESIAN_POINT('',(4.3360589507197,-0.670988996206723,5.40389820952753));
#6874=CARTESIAN_POINT('',(4.3406169786828,-0.667834610379072,5.40209150384886));
#6875=CARTESIAN_POINT('',(4.34973742031657,-0.661522803592364,5.39847635408998));
#6876=CARTESIAN_POINT('',(4.35885141358088,-0.654605491707521,5.39590083711575));
#6877=CARTESIAN_POINT('',(4.36772338561532,-0.647390349342384,5.39420470962928));
#6878=CARTESIAN_POINT('',(4.37661655557291,-0.640157967739703,5.39250452956239));
#6879=CARTESIAN_POINT('',(4.38538751317257,-0.632530509084704,5.39166144293171));
#6880=CARTESIAN_POINT('',(4.3939202461159,-0.624697723960064,5.39154938404379));
#6881=CARTESIAN_POINT('',(4.40244913216454,-0.616868470165851,5.39143737567646));
#6882=CARTESIAN_POINT('',(4.41080469530775,-0.608775969153843,5.39205309262986));
#6883=CARTESIAN_POINT('',(4.41893634522267,-0.600529025878111,5.39331747058893));
#6884=CARTESIAN_POINT('',(4.42706824542214,-0.592281828769198,5.39458188746437));
#6885=CARTESIAN_POINT('',(4.43497800514272,-0.583878046397005,5.39649616131686));
#6886=CARTESIAN_POINT('',(4.44261305275517,-0.575422046036183,5.3989988892258));
#6887=CARTESIAN_POINT('',(4.45024816502245,-0.566965974068567,5.40150163832825));
#6888=CARTESIAN_POINT('',(4.45760911419408,-0.558456907125365,5.40459365097048));
#6889=CARTESIAN_POINT('',(4.46464,-0.550000000000004,5.40821939408684));
#6890=DRAUGHTING_PRE_DEFINED_CURVE_FONT('continuous');
#6891=COLOUR_RGB('',0.310000002384186,0.310000002384186,0.310000002384186);
#6892=CARTESIAN_POINT('',(6.39588999999997,2.29999999999995,1.57499999999997));
#6893=AXIS2_PLACEMENT_3D('',#11812,#11813,#11814);
#6894=DRAUGHTING_PRE_DEFINED_CURVE_FONT('continuous');
#6895=COLOUR_RGB('',0.0299999993294477,0.0299999993294477,0.0299999993294477);
#6896=CARTESIAN_POINT('',(6.39588999999997,0.199999999999958,1.57499999999999));
#6897=VECTOR('',#11815,1.0);
#6898=DRAUGHTING_PRE_DEFINED_CURVE_FONT('continuous');
#6899=COLOUR_RGB('',0.310000002384186,0.310000002384186,0.310000002384186);
#6900=CARTESIAN_POINT('',(6.39588999999997,2.29999999999995,1.57499999999997));
#6901=VECTOR('',#11816,1.0);
#6902=DRAUGHTING_PRE_DEFINED_CURVE_FONT('continuous');
#6903=COLOUR_RGB('',0.310000002384186,0.310000002384186,0.310000002384186);
#6904=CARTESIAN_POINT('',(4.24589,2.29999999999994,1.17499999999997));
#6905=VECTOR('',#11817,1.0);
#6906=DRAUGHTING_PRE_DEFINED_CURVE_FONT('continuous');
#6907=COLOUR_RGB('',0.0299999993294477,0.0299999993294477,0.0299999993294477);
#6908=CARTESIAN_POINT('',(4.94589000000003,-0.700000000000058,1.17500000000001));
#6909=CARTESIAN_POINT('',(4.94589000000003,0.199999999999952,1.17499999999999));
#6910=VECTOR('',#11818,1.0);
#6911=DRAUGHTING_PRE_DEFINED_CURVE_FONT('continuous');
#6912=COLOUR_RGB('',0.0299999993294477,0.0299999993294477,0.0299999993294477);
#6913=CARTESIAN_POINT('',(4.24589,-0.700000000000058,1.17500000000001));
#6914=VECTOR('',#11819,1.0);
#6915=DRAUGHTING_PRE_DEFINED_CURVE_FONT('continuous');
#6916=COLOUR_RGB('',0.0299999993294477,0.0299999993294477,0.0299999993294477);
#6917=CARTESIAN_POINT('',(6.64589000000004,-0.699999999999988,6.85000000000001));
#6918=CARTESIAN_POINT('',(5.04589000000003,-0.699999999999989,6.85));
#6919=VECTOR('',#11820,1.0);
#6920=DRAUGHTING_PRE_DEFINED_CURVE_FONT('continuous');
#6921=COLOUR_RGB('',0.0299999993294477,0.0299999993294477,0.0299999993294477);
#6922=CARTESIAN_POINT('',(6.64589000000005,-0.699999999999985,6.85));
#6923=VECTOR('',#11821,1.0);
#6924=DRAUGHTING_PRE_DEFINED_CURVE_FONT('continuous');
#6925=COLOUR_RGB('',0.310000002384186,0.310000002384186,0.310000002384186);
#6926=CARTESIAN_POINT('',(4.24589,2.29999999999998,3.97499999999988));
#6927=CARTESIAN_POINT('',(4.24589,2.29999999999997,3.02500000000006));
#6928=CARTESIAN_POINT('',(4.24589,2.29999999999998,3.97499999999988));
#6929=VECTOR('',#11822,1.0);
#6930=DRAUGHTING_PRE_DEFINED_CURVE_FONT('continuous');
#6931=COLOUR_RGB('',0.0299999993294477,0.0299999993294477,0.0299999993294477);
#6932=CARTESIAN_POINT('',(4.24589,1.8397674732961,3.02500000000007));
#6933=CARTESIAN_POINT('',(4.24589,1.83976747329574,3.02500000000007));
#6934=VECTOR('',#11823,1.0);
#6935=DRAUGHTING_PRE_DEFINED_CURVE_FONT('continuous');
#6936=COLOUR_RGB('',0.0299999993294477,0.0299999993294477,0.0299999993294477);
#6937=CARTESIAN_POINT('',(4.24589,1.64999999999997,3.30762379212497));
#6938=CARTESIAN_POINT('',(4.24589,1.66694353740877,3.28489165126974));
#6939=CARTESIAN_POINT('',(4.24589,1.68369653820321,3.26197658724583));
#6940=CARTESIAN_POINT('',(4.24589,1.70019618464953,3.23886810349627));
#6941=CARTESIAN_POINT('',(4.24589,1.71669586267522,3.21575957551841));
#6942=CARTESIAN_POINT('',(4.24589,1.73294260963696,3.19245750732323));
#6943=CARTESIAN_POINT('',(4.24589,1.74886348597537,3.16894151000764));
#6944=CARTESIAN_POINT('',(4.24589,1.76478437347796,3.14542549620196));
#6945=CARTESIAN_POINT('',(4.24589,1.78038011728979,3.12169514987406));
#6946=CARTESIAN_POINT('',(4.24589,1.79556311692779,3.09771814661434));
#6947=CARTESIAN_POINT('',(4.24589,1.81074605651762,3.07374123818271));
#6948=CARTESIAN_POINT('',(4.24589,1.8255173903709,3.04951676968034));
#6949=CARTESIAN_POINT('',(4.24589,1.8397674732957,3.02500000000004));
#6950=DRAUGHTING_PRE_DEFINED_CURVE_FONT('continuous');
#6951=COLOUR_RGB('',0.0299999993294477,0.0299999993294477,0.0299999993294477);
#6952=CARTESIAN_POINT('',(4.24589,1.83976747330003,3.97499999999989));
#6953=VECTOR('',#11824,1.0);
#6954=DRAUGHTING_PRE_DEFINED_CURVE_FONT('continuous');
#6955=COLOUR_RGB('',0.310000002384186,0.310000002384186,0.310000002384186);
#6956=AXIS2_PLACEMENT_3D('',#11825,#11826,#11827);
#6957=DRAUGHTING_PRE_DEFINED_CURVE_FONT('continuous');
#6958=COLOUR_RGB('',0.310000002384186,0.310000002384186,0.310000002384186);
#6959=CARTESIAN_POINT('',(4.94588999999999,2.29999999999997,3.02500000000006));
#6960=VECTOR('',#11828,1.0);
#6961=DRAUGHTING_PRE_DEFINED_CURVE_FONT('continuous');
#6962=COLOUR_RGB('',0.0299999993294477,0.0299999993294477,0.0299999993294477);
#6963=CARTESIAN_POINT('',(4.94589000023066,2.20000000000001,3.02500000000004));
#6964=CARTESIAN_POINT('',(4.9375110028399,2.20000000000388,3.02500000000004));
#6965=CARTESIAN_POINT('',(4.92912092158726,2.19978900778651,3.0249999999997));
#6966=CARTESIAN_POINT('',(4.92073385595457,2.19936756838743,3.0249999999997));
#6967=CARTESIAN_POINT('',(4.91234681508629,2.19894613023274,3.0249999999997));
#6968=CARTESIAN_POINT('',(4.90396311752119,2.19831426421867,3.0249999999981));
#6969=CARTESIAN_POINT('',(4.89559729550732,2.19747700936258,3.0249999999981));
#6970=CARTESIAN_POINT('',(4.88723147354109,2.19663975451126,3.0249999999981));
#6971=CARTESIAN_POINT('',(4.87888382010045,2.19559716966976,3.02499999999536));
#6972=CARTESIAN_POINT('',(4.87056833747336,2.19435847398597,3.02499999999536));
#6973=CARTESIAN_POINT('',(4.86225283431809,2.19311977524425,3.02499999999536));
#6974=CARTESIAN_POINT('',(4.85396973773268,2.19168504957862,3.0249999999949));
#6975=CARTESIAN_POINT('',(4.84573178464951,2.19006699647577,3.0249999999949));
#6976=CARTESIAN_POINT('',(4.82925495545566,2.18683070897413,3.0249999999949));
#6977=CARTESIAN_POINT('',(4.81296298533425,2.1828601792306,3.02500000000005));
#6978=CARTESIAN_POINT('',(4.79693356781008,2.17828358403175,3.02500000000005));
#6979=CARTESIAN_POINT('',(4.78091517752183,2.17371013724393,3.02500000000005));
#6980=CARTESIAN_POINT('',(4.76510025101637,2.16851803629584,3.02500000000006));
#6981=CARTESIAN_POINT('',(4.74946207722413,2.16279991730633,3.02500000000006));
#6982=CARTESIAN_POINT('',(4.7338250325547,2.15708221118207,3.02500000000006));
#6983=CARTESIAN_POINT('',(4.71836969282694,2.15084028725526,3.02500000000006));
#6984=CARTESIAN_POINT('',(4.70308264056734,2.14416242139029,3.02500000000006));
#6985=CARTESIAN_POINT('',(4.68779548184086,2.13748450901724,3.02500000000006));
#6986=CARTESIAN_POINT('',(4.67267573799272,2.13037035131261,3.02500000000005));
#6987=CARTESIAN_POINT('',(4.65771125108037,2.12289776353845,3.02500000000005));
#6988=CARTESIAN_POINT('',(4.64274673968705,2.11542516353959,3.02500000000005));
#6989=CARTESIAN_POINT('',(4.62793685557698,2.10759375955883,3.02500000000006));
#6990=CARTESIAN_POINT('',(4.61327372693869,2.09947224451717,3.02500000000006));
#6991=CARTESIAN_POINT('',(4.59861062652548,2.09135074510863,3.02500000000006));
#6992=CARTESIAN_POINT('',(4.58409389702343,2.08293881261794,3.02500000000006));
#6993=CARTESIAN_POINT('',(4.56972119946408,2.07429802102223,3.02500000000006));
#6994=CARTESIAN_POINT('',(4.55534854931483,2.06565725792924,3.02500000000006));
#6995=CARTESIAN_POINT('',(4.54111973102124,2.05678740333839,3.02500000000006));
#6996=CARTESIAN_POINT('',(4.52703789253189,2.04774461448713,3.02500000000006));
#6997=CARTESIAN_POINT('',(4.51295604569435,2.038701820275,3.02500000000006));
#6998=CARTESIAN_POINT('',(4.49902130299461,2.02948608046842,3.02500000000006));
#6999=CARTESIAN_POINT('',(4.48524086361417,2.02014882006937,3.02500000000006));
#7000=CARTESIAN_POINT('',(4.47145800489663,2.01080992039163,3.02500000000006));
#7001=CARTESIAN_POINT('',(4.45778058564155,2.00131636915724,3.02500000000006));
#7002=CARTESIAN_POINT('',(4.44419405497078,1.99169298940443,3.02500000000006));
#7003=CARTESIAN_POINT('',(4.43060749465187,1.98206958865175,3.02500000000006));
#7004=CARTESIAN_POINT('',(4.41711173486365,1.97231619468412,3.02500000000006));
#7005=CARTESIAN_POINT('',(4.40369460527167,1.9624528177366,3.02500000000006));
#7006=CARTESIAN_POINT('',(4.39027746245235,1.95258943106522,3.02500000000006));
#7007=CARTESIAN_POINT('',(4.37693889927895,1.94261594231379,3.02500000000007));
#7008=CARTESIAN_POINT('',(4.36366894443484,1.93254879142483,3.02500000000007));
#7009=CARTESIAN_POINT('',(4.35039898651826,1.92248163820496,3.02500000000007));
#7010=CARTESIAN_POINT('',(4.33719761007435,1.91232073780539,3.02500000000007));
#7011=CARTESIAN_POINT('',(4.32405681174162,1.90207988243204,3.02500000000007));
#7012=CARTESIAN_POINT('',(4.29777535898971,1.88159828383969,3.02500000000007));
#7013=CARTESIAN_POINT('',(4.27173438697103,1.86079791601682,3.02500000000007));
#7014=CARTESIAN_POINT('',(4.24589000000111,1.83976747329659,3.02500000000007));
#7015=DRAUGHTING_PRE_DEFINED_CURVE_FONT('continuous');
#7016=COLOUR_RGB('',0.0299999993294477,0.0299999993294477,0.0299999993294477);
#7017=AXIS2_PLACEMENT_3D('',#11829,#11830,#11831);
#7018=DRAUGHTING_PRE_DEFINED_CURVE_FONT('continuous');
#7019=COLOUR_RGB('',0.0299999993294477,0.0299999993294477,0.0299999993294477);
#7020=CARTESIAN_POINT('',(4.46464,1.64999999999996,1.59178060591314));
#7021=VECTOR('',#11832,1.0);
#7022=DRAUGHTING_PRE_DEFINED_CURVE_FONT('continuous');
#7023=COLOUR_RGB('',0.0299999993294477,0.0299999993294477,0.0299999993294477);
#7024=AXIS2_PLACEMENT_3D('',#11833,#11834,#11835);
#7025=DRAUGHTING_PRE_DEFINED_CURVE_FONT('continuous');
#7026=COLOUR_RGB('',0.310000002384186,0.310000002384186,0.310000002384186);
#7027=CARTESIAN_POINT('',(4.24589,2.29999999999998,3.97499999999988));
#7028=VECTOR('',#11836,1.0);
#7029=DRAUGHTING_PRE_DEFINED_CURVE_FONT('continuous');
#7030=COLOUR_RGB('',0.0299999993294477,0.0299999993294477,0.0299999993294477);
#7031=CARTESIAN_POINT('',(4.94589000000003,-0.700000000000069,0.250000000000007));
#7032=CARTESIAN_POINT('',(4.94589000000003,-0.700000000000069,0.250000000000006));
#7033=VECTOR('',#11837,1.0);
#7034=DRAUGHTING_PRE_DEFINED_CURVE_FONT('continuous');
#7035=COLOUR_RGB('',0.0299999993294477,0.0299999993294477,0.0299999993294477);
#7036=CARTESIAN_POINT('',(4.94589000000003,-0.700000000000069,0.250000000000004));
#7037=VECTOR('',#11838,1.0);
#7038=DRAUGHTING_PRE_DEFINED_CURVE_FONT('continuous');
#7039=COLOUR_RGB('',0.0299999993294477,0.0299999993294477,0.0299999993294477);
#7040=AXIS2_PLACEMENT_3D('',#11839,#11840,#11841);
#7041=DRAUGHTING_PRE_DEFINED_CURVE_FONT('continuous');
#7042=COLOUR_RGB('',0.0299999993294477,0.0299999993294477,0.0299999993294477);
#7043=CARTESIAN_POINT('',(6.64589000000004,-0.699999999999988,6.85000000000001));
#7044=VECTOR('',#11842,1.0);
#7045=DRAUGHTING_PRE_DEFINED_CURVE_FONT('continuous');
#7046=COLOUR_RGB('',0.310000002384186,0.310000002384186,0.310000002384186);
#7047=AXIS2_PLACEMENT_3D('',#11843,#11844,#11845);
#7048=DRAUGHTING_PRE_DEFINED_CURVE_FONT('continuous');
#7049=COLOUR_RGB('',0.0299999993294477,0.0299999993294477,0.0299999993294477);
#7050=AXIS2_PLACEMENT_3D('',#11846,#11847,#11848);
#7051=DRAUGHTING_PRE_DEFINED_CURVE_FONT('continuous');
#7052=COLOUR_RGB('',0.0299999993294477,0.0299999993294477,0.0299999993294477);
#7053=CARTESIAN_POINT('',(5.04589000000003,-0.70000000000007,0.150000000000013));
#7054=VECTOR('',#11849,1.0);
#7055=DRAUGHTING_PRE_DEFINED_CURVE_FONT('continuous');
#7056=COLOUR_RGB('',0.0299999993294477,0.0299999993294477,0.0299999993294477);
#7057=AXIS2_PLACEMENT_3D('',#11850,#11851,#11852);
#7058=SURFACE_SIDE_STYLE('',(#11853));
#7059=SURFACE_SIDE_STYLE('',(#11854));
#7060=EDGE_LOOP('',(#11855,#11856,#11857,#11858));
#7061=AXIS2_PLACEMENT_3D('',#11859,#11860,#11861);
#7062=SURFACE_SIDE_STYLE('',(#11862));
#7063=EDGE_LOOP('',(#11863,#11864,#11865,#11866));
#7064=AXIS2_PLACEMENT_3D('',#11867,#11868,#11869);
#7065=SURFACE_SIDE_STYLE('',(#11870));
#7066=EDGE_LOOP('',(#11871,#11872,#11873,#11874,#11875));
#7067=AXIS2_PLACEMENT_3D('',#11876,#11877,#11878);
#7068=SURFACE_SIDE_STYLE('',(#11879));
#7069=EDGE_LOOP('',(#11880,#11881));
#7070=AXIS2_PLACEMENT_3D('',#11882,#11883,#11884);
#7071=SURFACE_SIDE_STYLE('',(#11885));
#7072=EDGE_LOOP('',(#11886,#11887,#11888,#11889,#11890));
#7073=B_SPLINE_CURVE_WITH_KNOTS('',3,(#11891,#11892,#11893,#11894,#11895,#11896,#11897),.UNSPECIFIED.,.F.,.F.,(4,1,1,1,4),(0.0,0.442847732937212,0.784028611994512,0.975587140650889,1.0),.UNSPECIFIED.);
#7074=AXIS1_PLACEMENT('',#11898,#11899);
#7075=SURFACE_SIDE_STYLE('',(#11900));
#7076=EDGE_LOOP('',(#11901,#11902,#11903,#11904));
#7077=AXIS2_PLACEMENT_3D('',#11905,#11906,#11907);
#7078=SURFACE_SIDE_STYLE('',(#11908));
#7079=EDGE_LOOP('',(#11909,#11910,#11911));
#7080=AXIS2_PLACEMENT_3D('',#11912,#11913,#11914);
#7081=SURFACE_SIDE_STYLE('',(#11915));
#7082=EDGE_LOOP('',(#11916,#11917,#11918,#11919,#11920));
#7083=AXIS2_PLACEMENT_3D('',#11921,#11922,#11923);
#7084=SURFACE_SIDE_STYLE('',(#11924));
#7085=EDGE_LOOP('',(#11925,#11926,#11927,#11928));
#7086=AXIS2_PLACEMENT_3D('',#11929,#11930,#11931);
#7087=SURFACE_SIDE_STYLE('',(#11932));
#7088=EDGE_LOOP('',(#11933,#11934,#11935,#11936,#11937));
#7089=B_SPLINE_CURVE_WITH_KNOTS('',3,(#11938,#11939,#11940,#11941,#11942,#11943,#11944),.UNSPECIFIED.,.F.,.F.,(4,1,1,1,4),(0.0,0.442847732937212,0.784028611994512,0.975587140650889,1.0),.UNSPECIFIED.);
#7090=AXIS1_PLACEMENT('',#11945,#11946);
#7091=SURFACE_SIDE_STYLE('',(#11947));
#7092=EDGE_LOOP('',(#11948,#11949,#11950,#11951,#11952));
#7093=AXIS2_PLACEMENT_3D('',#11953,#11954,#11955);
#7094=DRAUGHTING_PRE_DEFINED_CURVE_FONT('continuous');
#7095=COLOUR_RGB('',0.310000002384186,0.310000002384186,0.310000002384186);
#7096=CARTESIAN_POINT('',(2.2217879865202,6.85082909169299,7.00000000000001));
#7097=CARTESIAN_POINT('',(2.25056999999999,7.85,7.00000000000001));
#7098=AXIS2_PLACEMENT_3D('',#11956,#11957,#11958);
#7099=DRAUGHTING_PRE_DEFINED_CURVE_FONT('continuous');
#7100=COLOUR_RGB('',0.310000002384186,0.310000002384186,0.310000002384186);
#7101=CARTESIAN_POINT('',(2.25056999999994,7.85,-2.83));
#7102=CARTESIAN_POINT('',(2.25056999999999,7.85,7.00000000000001));
#7103=VECTOR('',#11959,1.0);
#7104=DRAUGHTING_PRE_DEFINED_CURVE_FONT('continuous');
#7105=COLOUR_RGB('',0.310000002384186,0.310000002384186,0.310000002384186);
#7106=CARTESIAN_POINT('',(2.2217879865202,6.85082909169299,-2.83));
#7107=AXIS2_PLACEMENT_3D('',#11960,#11961,#11962);
#7108=DRAUGHTING_PRE_DEFINED_CURVE_FONT('continuous');
#7109=COLOUR_RGB('',0.310000002384186,0.310000002384186,0.310000002384186);
#7110=CARTESIAN_POINT('',(2.30239160589115,6.85269272963,7.00000000000001));
#7111=AXIS2_PLACEMENT_3D('',#11963,#11964,#11965);
#7112=DRAUGHTING_PRE_DEFINED_CURVE_FONT('continuous');
#7113=COLOUR_RGB('',0.310000002384186,0.310000002384186,0.310000002384186);
#7114=CARTESIAN_POINT('',(2.25056999999999,7.45,7.40000000000001));
#7115=AXIS2_PLACEMENT_3D('',#11966,#11967,#11968);
#7116=DRAUGHTING_PRE_DEFINED_CURVE_FONT('continuous');
#7117=COLOUR_RGB('',0.310000002384186,0.310000002384186,0.310000002384186);
#7118=CARTESIAN_POINT('',(2.26093432117822,7.250538545926,7.40000000000001));
#7119=AXIS2_PLACEMENT_3D('',#11969,#11970,#11971);
#7120=DRAUGHTING_PRE_DEFINED_CURVE_FONT('continuous');
#7121=COLOUR_RGB('',0.310000002384186,0.310000002384186,0.310000002384186);
#7122=CARTESIAN_POINT('',(2.2736786670465,6.85053429596484,-2.83));
#7123=AXIS2_PLACEMENT_3D('',#11972,#11973,#11974);
#7124=DRAUGHTING_PRE_DEFINED_CURVE_FONT('continuous');
#7125=COLOUR_RGB('',0.310000002384186,0.310000002384186,0.310000002384186);
#7126=CARTESIAN_POINT('',(2.2736786670465,6.85053429596485,7.00000000000001));
#7127=AXIS2_PLACEMENT_3D('',#11975,#11976,#11977);
#7128=DRAUGHTING_PRE_DEFINED_CURVE_FONT('continuous');
#7129=COLOUR_RGB('',0.310000002384186,0.310000002384186,0.310000002384186);
#7130=CARTESIAN_POINT('',(2.25057000000003,7.25,-4.0));
#7131=CARTESIAN_POINT('',(2.25056999999994,7.45,-4.0));
#7132=AXIS2_PLACEMENT_3D('',#11978,#11979,#11980);
#7133=DRAUGHTING_PRE_DEFINED_CURVE_FONT('continuous');
#7134=COLOUR_RGB('',0.310000002384186,0.310000002384186,0.310000002384186);
#7135=AXIS2_PLACEMENT_3D('',#11981,#11982,#11983);
#7136=DRAUGHTING_PRE_DEFINED_CURVE_FONT('continuous');
#7137=COLOUR_RGB('',0.310000002384186,0.310000002384186,0.310000002384186);
#7138=CARTESIAN_POINT('',(2.25057000000003,6.85,-2.83));
#7139=CARTESIAN_POINT('',(2.25057000000003,6.85,-2.83));
#7140=CARTESIAN_POINT('',(2.25057000000003,6.85,-3.02752943661651));
#7141=CARTESIAN_POINT('',(2.25057000000003,6.89032557765318,-3.37724045126104));
#7142=CARTESIAN_POINT('',(2.25057000000003,6.97184258393272,-3.78279885936949));
#7143=CARTESIAN_POINT('',(2.25057000000003,7.17643438192887,-4.0));
#7144=CARTESIAN_POINT('',(2.25057000000003,7.25,-4.0));
#7145=DRAUGHTING_PRE_DEFINED_CURVE_FONT('continuous');
#7146=COLOUR_RGB('',0.310000002384186,0.310000002384186,0.310000002384186);
#7147=AXIS2_PLACEMENT_3D('',#11984,#11985,#11986);
#7148=DRAUGHTING_PRE_DEFINED_CURVE_FONT('continuous');
#7149=COLOUR_RGB('',0.310000002384186,0.310000002384186,0.310000002384186);
#7150=CARTESIAN_POINT('',(2.25056999999994,7.85,-2.83));
#7151=CARTESIAN_POINT('',(2.25056999999994,7.85,-3.02752943661651));
#7152=CARTESIAN_POINT('',(2.25056999999994,7.80967442234683,-3.37724045126104));
#7153=CARTESIAN_POINT('',(2.25056999999994,7.72815741606728,-3.78279885936949));
#7154=CARTESIAN_POINT('',(2.25056999999994,7.52356561807113,-4.0));
#7155=CARTESIAN_POINT('',(2.25056999999994,7.45,-4.0));
#7156=DRAUGHTING_PRE_DEFINED_CURVE_FONT('continuous');
#7157=COLOUR_RGB('',0.310000002384186,0.310000002384186,0.310000002384186);
#7158=CARTESIAN_POINT('',(2.25056999999999,6.85,7.00000000000001));
#7159=AXIS2_PLACEMENT_3D('',#11987,#11988,#11989);
#7160=DRAUGHTING_PRE_DEFINED_CURVE_FONT('continuous');
#7161=COLOUR_RGB('',0.310000002384186,0.310000002384186,0.310000002384186);
#7162=CARTESIAN_POINT('',(2.25056999999999,6.85,7.00000000000001));
#7163=VECTOR('',#11990,1.0);
#7164=DRAUGHTING_PRE_DEFINED_CURVE_FONT('continuous');
#7165=COLOUR_RGB('',0.310000002384186,0.310000002384186,0.310000002384186);
#7166=AXIS2_PLACEMENT_3D('',#11991,#11992,#11993);
#7167=DRAUGHTING_PRE_DEFINED_CURVE_FONT('continuous');
#7168=COLOUR_RGB('',0.310000002384186,0.310000002384186,0.310000002384186);
#7169=CARTESIAN_POINT('',(2.25056999999999,7.25,7.40000000000001));
#7170=AXIS2_PLACEMENT_3D('',#11994,#11995,#11996);
#7171=DRAUGHTING_PRE_DEFINED_CURVE_FONT('continuous');
#7172=COLOUR_RGB('',0.310000002384186,0.310000002384186,0.310000002384186);
#7173=AXIS2_PLACEMENT_3D('',#11997,#11998,#11999);
#7174=DRAUGHTING_PRE_DEFINED_CURVE_FONT('continuous');
#7175=COLOUR_RGB('',0.310000002384186,0.310000002384186,0.310000002384186);
#7176=AXIS2_PLACEMENT_3D('',#12000,#12001,#12002);
#7177=DRAUGHTING_PRE_DEFINED_CURVE_FONT('continuous');
#7178=COLOUR_RGB('',0.310000002384186,0.310000002384186,0.310000002384186);
#7179=AXIS2_PLACEMENT_3D('',#12003,#12004,#12005);
#7180=SURFACE_SIDE_STYLE('',(#12006));
#7181=SURFACE_SIDE_STYLE('',(#12007));
#7182=EDGE_LOOP('',(#12008,#12009,#12010,#12011,#12012));
#7183=AXIS2_PLACEMENT_3D('',#12013,#12014,#12015);
#7184=SURFACE_SIDE_STYLE('',(#12016));
#7185=EDGE_LOOP('',(#12017,#12018,#12019,#12020,#12021,#12022,#12023));
#7186=AXIS2_PLACEMENT_3D('',#12024,#12025,#12026);
#7187=SURFACE_SIDE_STYLE('',(#12027));
#7188=EDGE_LOOP('',(#12028,#12029,#12030,#12031));
#7189=AXIS2_PLACEMENT_3D('',#12032,#12033,#12034);
#7190=SURFACE_SIDE_STYLE('',(#12035));
#7191=EDGE_LOOP('',(#12036,#12037,#12038,#12039));
#7192=AXIS2_PLACEMENT_3D('',#12040,#12041,#12042);
#7193=SURFACE_SIDE_STYLE('',(#12043));
#7194=EDGE_LOOP('',(#12044,#12045,#12046,#12047,#12048,#12049,#12050,#12051,#12052));
#7195=AXIS2_PLACEMENT_3D('',#12053,#12054,#12055);
#7196=SURFACE_SIDE_STYLE('',(#12056));
#7197=EDGE_LOOP('',(#12057,#12058,#12059,#12060,#12061,#12062,#12063));
#7198=AXIS2_PLACEMENT_3D('',#12064,#12065,#12066);
#7199=SURFACE_SIDE_STYLE('',(#12067));
#7200=EDGE_LOOP('',(#12068,#12069,#12070,#12071,#12072));
#7201=AXIS2_PLACEMENT_3D('',#12073,#12074,#12075);
#7202=SURFACE_SIDE_STYLE('',(#12076));
#7203=EDGE_LOOP('',(#12077,#12078,#12079,#12080,#12081));
#7204=AXIS2_PLACEMENT_3D('',#12082,#12083,#12084);
#7205=SURFACE_SIDE_STYLE('',(#12085));
#7206=EDGE_LOOP('',(#12086,#12087,#12088,#12089));
#7207=AXIS2_PLACEMENT_3D('',#12090,#12091,#12092);
#7208=SURFACE_SIDE_STYLE('',(#12093));
#7209=EDGE_LOOP('',(#12094,#12095,#12096,#12097,#12098));
#7210=AXIS2_PLACEMENT_3D('',#12099,#12100,#12101);
#7211=SURFACE_SIDE_STYLE('',(#12102));
#7212=EDGE_LOOP('',(#12103,#12104,#12105,#12106,#12107,#12108,#12109,#12110,#12111,#12112,#12113,#12114,#12115,#12116,#12117,#12118));
#7213=AXIS2_PLACEMENT_3D('',#12119,#12120,#12121);
#7214=SURFACE_SIDE_STYLE('',(#12122));
#7215=EDGE_LOOP('',(#12123,#12124,#12125,#12126,#12127));
#7216=AXIS2_PLACEMENT_3D('',#12128,#12129,#12130);
#7217=SURFACE_SIDE_STYLE('',(#12131));
#7218=EDGE_LOOP('',(#12132,#12133,#12134,#12135));
#7219=AXIS2_PLACEMENT_3D('',#12136,#12137,#12138);
#7220=SURFACE_SIDE_STYLE('',(#12139));
#7221=EDGE_LOOP('',(#12140,#12141,#12142,#12143));
#7222=AXIS2_PLACEMENT_3D('',#12144,#12145,#12146);
#7223=SURFACE_SIDE_STYLE('',(#12147));
#7224=EDGE_LOOP('',(#12148,#12149,#12150,#12151));
#7225=AXIS2_PLACEMENT_3D('',#12152,#12153,#12154);
#7226=SURFACE_SIDE_STYLE('',(#12155));
#7227=EDGE_LOOP('',(#12156,#12157,#12158));
#7228=AXIS2_PLACEMENT_3D('',#12159,#12160,#12161);
#7229=SURFACE_SIDE_STYLE('',(#12162));
#7230=EDGE_LOOP('',(#12163,#12164,#12165,#12166));
#7231=AXIS2_PLACEMENT_3D('',#12167,#12168,#12169);
#7232=SURFACE_SIDE_STYLE('',(#12170));
#7233=EDGE_LOOP('',(#12171,#12172,#12173));
#7234=AXIS2_PLACEMENT_3D('',#12174,#12175,#12176);
#7235=SURFACE_SIDE_STYLE('',(#12177));
#7236=EDGE_LOOP('',(#12178,#12179,#12180));
#7237=AXIS2_PLACEMENT_3D('',#12181,#12182,#12183);
#7238=SURFACE_SIDE_STYLE('',(#12184));
#7239=EDGE_LOOP('',(#12185,#12186,#12187,#12188,#12189));
#7240=AXIS2_PLACEMENT_3D('',#12190,#12191,#12192);
#7241=SURFACE_SIDE_STYLE('',(#12193));
#7242=EDGE_LOOP('',(#12194,#12195,#12196,#12197,#12198,#12199));
#7243=AXIS2_PLACEMENT_3D('',#12200,#12201,#12202);
#7244=SURFACE_SIDE_STYLE('',(#12203));
#7245=EDGE_LOOP('',(#12204,#12205,#12206,#12207));
#7246=AXIS2_PLACEMENT_3D('',#12208,#12209,#12210);
#7247=SURFACE_SIDE_STYLE('',(#12211));
#7248=EDGE_LOOP('',(#12212,#12213,#12214,#12215,#12216,#12217));
#7249=AXIS2_PLACEMENT_3D('',#12218,#12219,#12220);
#7250=SURFACE_SIDE_STYLE('',(#12221));
#7251=EDGE_LOOP('',(#12222,#12223,#12224,#12225));
#7252=AXIS2_PLACEMENT_3D('',#12226,#12227,#12228);
#7253=SURFACE_SIDE_STYLE('',(#12229));
#7254=EDGE_LOOP('',(#12230,#12231,#12232,#12233));
#7255=AXIS2_PLACEMENT_3D('',#12234,#12235,#12236);
#7256=SURFACE_SIDE_STYLE('',(#12237));
#7257=EDGE_LOOP('',(#12238,#12239,#12240));
#7258=AXIS2_PLACEMENT_3D('',#12241,#12242,#12243);
#7259=SURFACE_SIDE_STYLE('',(#12244));
#7260=EDGE_LOOP('',(#12245,#12246,#12247,#12248,#12249,#12250));
#7261=AXIS2_PLACEMENT_3D('',#12251,#12252,#12253);
#7262=SURFACE_SIDE_STYLE('',(#12254));
#7263=EDGE_LOOP('',(#12255,#12256,#12257,#12258,#12259,#12260));
#7264=AXIS2_PLACEMENT_3D('',#12261,#12262,#12263);
#7265=SURFACE_SIDE_STYLE('',(#12264));
#7266=EDGE_LOOP('',(#12265,#12266,#12267,#12268,#12269,#12270));
#7267=AXIS2_PLACEMENT_3D('',#12271,#12272,#12273);
#7268=SURFACE_SIDE_STYLE('',(#12274));
#7269=EDGE_LOOP('',(#12275,#12276,#12277,#12278,#12279,#12280));
#7270=AXIS2_PLACEMENT_3D('',#12281,#12282,#12283);
#7271=SURFACE_SIDE_STYLE('',(#12284));
#7272=EDGE_LOOP('',(#12285,#12286,#12287,#12288));
#7273=AXIS2_PLACEMENT_3D('',#12289,#12290,#12291);
#7274=SURFACE_SIDE_STYLE('',(#12292));
#7275=EDGE_LOOP('',(#12293,#12294,#12295,#12296));
#7276=AXIS2_PLACEMENT_3D('',#12297,#12298,#12299);
#7277=SURFACE_SIDE_STYLE('',(#12300));
#7278=EDGE_LOOP('',(#12301,#12302,#12303,#12304,#12305,#12306));
#7279=AXIS2_PLACEMENT_3D('',#12307,#12308,#12309);
#7280=SURFACE_SIDE_STYLE('',(#12310));
#7281=EDGE_LOOP('',(#12311,#12312,#12313,#12314));
#7282=AXIS2_PLACEMENT_3D('',#12315,#12316,#12317);
#7283=SURFACE_SIDE_STYLE('',(#12318));
#7284=EDGE_LOOP('',(#12319,#12320,#12321,#12322,#12323,#12324));
#7285=AXIS2_PLACEMENT_3D('',#12325,#12326,#12327);
#7286=SURFACE_SIDE_STYLE('',(#12328));
#7287=EDGE_LOOP('',(#12329,#12330,#12331,#12332));
#7288=AXIS2_PLACEMENT_3D('',#12333,#12334,#12335);
#7289=SURFACE_SIDE_STYLE('',(#12336));
#7290=EDGE_LOOP('',(#12337,#12338,#12339,#12340));
#7291=AXIS2_PLACEMENT_3D('',#12341,#12342,#12343);
#7292=SURFACE_SIDE_STYLE('',(#12344));
#7293=EDGE_LOOP('',(#12345,#12346,#12347,#12348,#12349,#12350,#12351,#12352));
#7294=AXIS2_PLACEMENT_3D('',#12353,#12354,#12355);
#7295=SURFACE_SIDE_STYLE('',(#12356));
#7296=EDGE_LOOP('',(#12357,#12358,#12359,#12360,#12361,#12362));
#7297=AXIS2_PLACEMENT_3D('',#12363,#12364,#12365);
#7298=SURFACE_SIDE_STYLE('',(#12366));
#7299=EDGE_LOOP('',(#12367,#12368,#12369,#12370));
#7300=AXIS2_PLACEMENT_3D('',#12371,#12372,#12373);
#7301=SURFACE_SIDE_STYLE('',(#12374));
#7302=EDGE_LOOP('',(#12375,#12376,#12377,#12378,#12379));
#7303=AXIS2_PLACEMENT_3D('',#12380,#12381,#12382);
#7304=SURFACE_SIDE_STYLE('',(#12383));
#7305=EDGE_LOOP('',(#12384,#12385,#12386,#12387));
#7306=AXIS2_PLACEMENT_3D('',#12388,#12389,#12390);
#7307=SURFACE_SIDE_STYLE('',(#12391));
#7308=EDGE_LOOP('',(#12392,#12393,#12394,#12395,#12396));
#7309=AXIS2_PLACEMENT_3D('',#12397,#12398,#12399);
#7310=SURFACE_SIDE_STYLE('',(#12400));
#7311=EDGE_LOOP('',(#12401,#12402,#12403,#12404,#12405));
#7312=AXIS2_PLACEMENT_3D('',#12406,#12407,#12408);
#7313=SURFACE_SIDE_STYLE('',(#12409));
#7314=EDGE_LOOP('',(#12410,#12411,#12412,#12413));
#7315=AXIS2_PLACEMENT_3D('',#12414,#12415,#12416);
#7316=SURFACE_SIDE_STYLE('',(#12417));
#7317=EDGE_LOOP('',(#12418,#12419,#12420,#12421));
#7318=AXIS2_PLACEMENT_3D('',#12422,#12423,#12424);
#7319=SURFACE_SIDE_STYLE('',(#12425));
#7320=EDGE_LOOP('',(#12426,#12427,#12428,#12429,#12430));
#7321=AXIS2_PLACEMENT_3D('',#12431,#12432,#12433);
#7322=SURFACE_SIDE_STYLE('',(#12434));
#7323=EDGE_LOOP('',(#12435,#12436,#12437,#12438,#12439,#12440,#12441,#12442,#12443,#12444,#12445,#12446,#12447,#12448,#12449,#12450,#12451,#12452,#12453,#12454,#12455));
#7324=AXIS2_PLACEMENT_3D('',#12456,#12457,#12458);
#7325=SURFACE_SIDE_STYLE('',(#12459));
#7326=EDGE_LOOP('',(#12460,#12461,#12462,#12463,#12464,#12465,#12466,#12467,#12468,#12469,#12470,#12471,#12472,#12473,#12474,#12475,#12476,#12477));
#7327=AXIS2_PLACEMENT_3D('',#12478,#12479,#12480);
#7328=SURFACE_SIDE_STYLE('',(#12481));
#7329=EDGE_LOOP('',(#12482,#12483,#12484,#12485,#12486));
#7330=AXIS2_PLACEMENT_3D('',#12487,#12488,#12489);
#7331=SURFACE_SIDE_STYLE('',(#12490));
#7332=EDGE_LOOP('',(#12491,#12492,#12493));
#7333=AXIS2_PLACEMENT_3D('',#12494,#12495,#12496);
#7334=DRAUGHTING_PRE_DEFINED_CURVE_FONT('continuous');
#7335=COLOUR_RGB('',0.0299999993294477,0.0299999993294477,0.0299999993294477);
#7336=CARTESIAN_POINT('',(1.87890573233913,2.19999999999996,2.27500178479489));
#7337=CARTESIAN_POINT('',(1.47467401347982,2.19999999999996,2.02582909169305));
#7338=AXIS2_PLACEMENT_3D('',#12497,#12498,#12499);
#7339=DRAUGHTING_PRE_DEFINED_CURVE_FONT('continuous');
#7340=COLOUR_RGB('',0.0299999993294477,0.0299999993294477,0.0299999993294477);
#7341=CARTESIAN_POINT('',(1.44589199999999,2.19999999999997,3.02500000000006));
#7342=AXIS2_PLACEMENT_3D('',#12500,#12501,#12502);
#7343=DRAUGHTING_PRE_DEFINED_CURVE_FONT('continuous');
#7344=COLOUR_RGB('',0.0299999993294477,0.0299999993294477,0.0299999993294477);
#7345=CARTESIAN_POINT('',(1.44589199999999,2.29999999999997,3.02500000000006));
#7346=CARTESIAN_POINT('',(1.44589199999999,2.29999999999997,3.02500000000006));
#7347=VECTOR('',#12503,1.0);
#7348=DRAUGHTING_PRE_DEFINED_CURVE_FONT('continuous');
#7349=COLOUR_RGB('',0.310000002384186,0.310000002384186,0.310000002384186);
#7350=CARTESIAN_POINT('',(1.47467401347982,2.29999999999995,2.02582909169305));
#7351=AXIS2_PLACEMENT_3D('',#12504,#12505,#12506);
#7352=DRAUGHTING_PRE_DEFINED_CURVE_FONT('continuous');
#7353=COLOUR_RGB('',0.0299999993294477,0.0299999993294477,0.0299999993294477);
#7354=CARTESIAN_POINT('',(1.44589199999999,2.19999999999999,2.02500000000006));
#7355=AXIS2_PLACEMENT_3D('',#12507,#12508,#12509);
#7356=DRAUGHTING_PRE_DEFINED_CURVE_FONT('continuous');
#7357=COLOUR_RGB('',0.0299999993294477,0.0299999993294477,0.0299999993294477);
#7358=CARTESIAN_POINT('',(0.745892,1.83976747329766,2.02500000000007));
#7359=CARTESIAN_POINT('',(0.745892000005603,1.83976747330023,2.02500000000007));
#7360=CARTESIAN_POINT('',(0.771757301151428,1.86081493458537,2.02500000000007));
#7361=CARTESIAN_POINT('',(0.797812351707974,1.88162621284604,2.02500000000007));
#7362=CARTESIAN_POINT('',(0.824109746318854,1.90211957600596,2.02500000000007));
#7363=CARTESIAN_POINT('',(0.837258485621737,1.91236629031421,2.02500000000007));
#7364=CARTESIAN_POINT('',(0.850468229295599,1.9225332143943,2.02500000001062));
#7365=CARTESIAN_POINT('',(0.863747801540217,1.93260709689757,2.02500000001062));
#7366=CARTESIAN_POINT('',(0.877027631500068,1.94268117490359,2.02500000001062));
#7367=CARTESIAN_POINT('',(0.890376144479037,1.95266142743874,2.02500000000012));
#7368=CARTESIAN_POINT('',(0.903807233988657,1.96253414076221,2.02500000000012));
#7369=CARTESIAN_POINT('',(0.917241390961832,1.97240910886838,2.02500000000012));
#7370=CARTESIAN_POINT('',(0.93077793754757,1.98219100665308,2.02500000000006));
#7371=CARTESIAN_POINT('',(0.944417607561807,1.99184989848808,2.02500000000006));
#7372=CARTESIAN_POINT('',(0.95805730041343,2.0015088064953,2.02500000000006));
#7373=CARTESIAN_POINT('',(0.971800129597111,2.01104480535158,2.02500000000006));
#7374=CARTESIAN_POINT('',(0.98565022285126,2.02042476985023,2.02500000000006));
#7375=CARTESIAN_POINT('',(0.999500345303337,2.02980475412315,2.02500000000006));
#7376=CARTESIAN_POINT('',(1.0134578071869,2.03902886929113,2.02500000000006));
#7377=CARTESIAN_POINT('',(1.02753098763295,2.04805986726628,2.02500000000006));
#7378=CARTESIAN_POINT('',(1.04160418569124,2.0570908765435,2.02500000000006));
#7379=CARTESIAN_POINT('',(1.05579327819086,2.06592902335954,2.02500000000006));
#7380=CARTESIAN_POINT('',(1.07011142058786,2.07453134062257,2.02500000000006));
#7381=CARTESIAN_POINT('',(1.08442954375388,2.08313364633167,2.02500000000006));
#7382=CARTESIAN_POINT('',(1.09887705170352,2.09150048542886,2.02500000000006));
#7383=CARTESIAN_POINT('',(1.11347181326197,2.09958082929422,2.02500000000006));
#7384=CARTESIAN_POINT('',(1.12806648551915,2.10766112371822,2.02500000000006));
#7385=CARTESIAN_POINT('',(1.14280898267877,2.11545539315549,2.02500000000006));
#7386=CARTESIAN_POINT('',(1.15772083134409,2.12290154874183,2.02500000000006));
#7387=CARTESIAN_POINT('',(1.1726341749223,2.1303484508053,2.02500000000006));
#7388=CARTESIAN_POINT('',(1.18771029517564,2.13744438155513,2.02500000000024));
#7389=CARTESIAN_POINT('',(1.20299314187598,2.14412244578754,2.02500000000024));
#7390=CARTESIAN_POINT('',(1.21828591355499,2.15080484688508,2.02500000000024));
#7391=CARTESIAN_POINT('',(1.23382963520948,2.15708621783677,2.02500000000006));
#7392=CARTESIAN_POINT('',(1.2495847666103,2.16284403579484,2.02500000000006));
#7393=CARTESIAN_POINT('',(1.26533989745066,2.16860185354809,2.02500000000006));
#7394=CARTESIAN_POINT('',(1.28130609442321,2.17383524377641,2.02500000000006));
#7395=CARTESIAN_POINT('',(1.29743846362934,2.17842694427242,2.02500000000006));
#7396=CARTESIAN_POINT('',(1.31357101360288,2.18301869621963,2.02500000000006));
#7397=CARTESIAN_POINT('',(1.32986784278525,2.18696728473609,2.02500000000006));
#7398=CARTESIAN_POINT('',(1.34627880402665,2.19017376606134,2.02500000000006));
#7399=CARTESIAN_POINT('',(1.36269039540672,2.19338037050723,2.02500000000006));
#7400=CARTESIAN_POINT('',(1.37921145875006,2.1958433133103,2.02500000000006));
#7401=CARTESIAN_POINT('',(1.3957964989677,2.19749670725087,2.02500000000006));
#7402=CARTESIAN_POINT('',(1.40409121997013,2.19832362363238,2.02500000000006));
#7403=CARTESIAN_POINT('',(1.41242007715493,2.19895033206888,2.02500000000006));
#7404=CARTESIAN_POINT('',(1.42077325270112,2.19936944613227,2.02500000000006));
#7405=CARTESIAN_POINT('',(1.4291263410375,2.19978855581998,2.02500000000006));
#7406=CARTESIAN_POINT('',(1.43750345042916,2.20000000000001,2.02500000000008));
#7407=CARTESIAN_POINT('',(1.44589200000137,2.19999999999999,2.02500000000008));
#7408=DRAUGHTING_PRE_DEFINED_CURVE_FONT('continuous');
#7409=COLOUR_RGB('',0.0299999993294477,0.0299999993294477,0.0299999993294477);
#7410=CARTESIAN_POINT('',(0.745892000000004,1.42426491778557,1.4584635496185));
#7411=CARTESIAN_POINT('',(0.745892000000004,1.83976747329567,2.02500000000007));
#7412=CARTESIAN_POINT('',(0.745892000000004,1.82502250162016,1.99963179151884));
#7413=CARTESIAN_POINT('',(0.745892000000004,1.80971402090177,1.97456747444826));
#7414=CARTESIAN_POINT('',(0.745892000000004,1.79397503554755,1.94977722905742));
#7415=CARTESIAN_POINT('',(0.745892000000004,1.77823608563349,1.92498703948784));
#7416=CARTESIAN_POINT('',(0.745892000000004,1.76206556753342,1.90047018135748));
#7417=CARTESIAN_POINT('',(0.745892000000004,1.74557685154607,1.87621378998587));
#7418=CARTESIAN_POINT('',(0.745892000000004,1.7290840659708,1.85195141188265));
#7419=CARTESIAN_POINT('',(0.745892000001679,1.71229538214435,1.82798121833366));
#7420=CARTESIAN_POINT('',(0.745892000001679,1.69522636335677,1.80418791567646));
#7421=CARTESIAN_POINT('',(0.745892000001679,1.6781586427021,1.78039642254736));
#7422=CARTESIAN_POINT('',(0.745892000000004,1.66082047519555,1.75679746949374));
#7423=CARTESIAN_POINT('',(0.745892000000004,1.64326238741136,1.73335968908899));
#7424=CARTESIAN_POINT('',(0.745892000000004,1.62570426656924,1.70992186455616));
#7425=CARTESIAN_POINT('',(0.745892000000004,1.60792578898276,1.68664504815882));
#7426=CARTESIAN_POINT('',(0.745892000000004,1.58996661099123,1.66350471579118));
#7427=CARTESIAN_POINT('',(0.745892000000004,1.57200742648934,1.64036437503496));
#7428=CARTESIAN_POINT('',(0.745892000000004,1.55386725464416,1.61736044738699));
#7429=CARTESIAN_POINT('',(0.745892000000004,1.53557819807502,1.59447427074909));
#7430=CARTESIAN_POINT('',(0.745892000000004,1.51728914782799,1.57158810202242));
#7431=CARTESIAN_POINT('',(0.745892000003223,1.49885102767471,1.54881966612075));
#7432=CARTESIAN_POINT('',(0.745892000003223,1.48029060007747,1.52615515704615));
#7433=CARTESIAN_POINT('',(0.745892000003223,1.46173018174147,1.50349065928063));
#7434=CARTESIAN_POINT('',(0.745892000000006,1.44304734007995,1.48093010014409));
#7435=CARTESIAN_POINT('',(0.745892000000006,1.42426491778265,1.45846354961501));
#7436=DRAUGHTING_PRE_DEFINED_CURVE_FONT('continuous');
#7437=COLOUR_RGB('',0.0299999993294477,0.0299999993294477,0.0299999993294477);
#7438=CARTESIAN_POINT('',(0.964642000000011,1.64999999999996,1.59178060591314));
#7439=CARTESIAN_POINT('',(0.745892000000002,1.42426491778264,1.45846354961501));
#7440=CARTESIAN_POINT('',(0.745892000000002,1.43461200889695,1.47084019846621));
#7441=CARTESIAN_POINT('',(0.747422355872519,1.44548402025586,1.48290251089447));
#7442=CARTESIAN_POINT('',(0.750262913311394,1.45661150523635,1.49441030343602));
#7443=CARTESIAN_POINT('',(0.7531038291771,1.46774039430364,1.50591954805227));
#7444=CARTESIAN_POINT('',(0.757255970784608,1.47911984081704,1.51686764879225));
#7445=CARTESIAN_POINT('',(0.762488821105858,1.49047467231777,1.52704628695421));
#7446=CARTESIAN_POINT('',(0.767728164532556,1.50184359329436,1.53723755512979));
#7447=CARTESIAN_POINT('',(0.774130127401854,1.51336431807692,1.54681717455355));
#7448=CARTESIAN_POINT('',(0.781577863958149,1.52480568146509,1.555583466733));
#7449=CARTESIAN_POINT('',(0.785301687453532,1.53052629436299,1.55996656011157));
#7450=CARTESIAN_POINT('',(0.789286914038889,1.53622683163086,1.56414654396513));
#7451=CARTESIAN_POINT('',(0.793519824647096,1.54187698022037,1.56809902614297));
#7452=CARTESIAN_POINT('',(0.797756019254338,1.54753151233796,1.57205457475639));
#7453=CARTESIAN_POINT('',(0.802222466063412,1.55311504970745,1.57576951119255));
#7454=CARTESIAN_POINT('',(0.806964255282861,1.55866208648671,1.57926030544696));
#7455=CARTESIAN_POINT('',(0.816447008949524,1.56975519521071,1.58624128677776));
#7456=CARTESIAN_POINT('',(0.827003216940319,1.58066126600417,1.59229141688942));
#7457=CARTESIAN_POINT('',(0.838527587869428,1.59096355258242,1.59706125602073));
#7458=CARTESIAN_POINT('',(0.841408894404277,1.59353931535719,1.59825380429462));
#7459=CARTESIAN_POINT('',(0.844351101031313,1.59607734172968,1.59936636156436));
#7460=CARTESIAN_POINT('',(0.847353197203123,1.59857061034908,1.6003930554376));
#7461=CARTESIAN_POINT('',(0.850352597337921,1.60106163988482,1.60141882728686));
#7462=CARTESIAN_POINT('',(0.853421537605253,1.60351625897094,1.60236240112342));
#7463=CARTESIAN_POINT('',(0.856566329192799,1.60593003435105,1.60321675895969));
#7464=CARTESIAN_POINT('',(0.862853941307463,1.61075607222975,1.60492493914654));
#7465=CARTESIAN_POINT('',(0.869426719150728,1.61540361358602,1.60626976129837));
#7466=CARTESIAN_POINT('',(0.876229528205808,1.61975530279857,1.6071692563087));
#7467=CARTESIAN_POINT('',(0.881850345346392,1.62335088355328,1.60791246355308));
#7468=CARTESIAN_POINT('',(0.887627416915003,1.62674421843989,1.60835192768696));
#7469=CARTESIAN_POINT('',(0.893528312278441,1.62986970470329,1.60844492505997));
#7470=CARTESIAN_POINT('',(0.899421836105453,1.63299128653619,1.60853780625849));
#7471=CARTESIAN_POINT('',(0.90545534745803,1.63585689356508,1.6082879078236));
#7472=CARTESIAN_POINT('',(0.911649521613686,1.63840866686424,1.60763358853911));
#7473=CARTESIAN_POINT('',(0.914741742206178,1.63968254869977,1.60730694296623));
#7474=CARTESIAN_POINT('',(0.917862872482217,1.64087276390738,1.60687982397796));
#7475=CARTESIAN_POINT('',(0.920997602132202,1.64196585160696,1.6063476553925));
#7476=CARTESIAN_POINT('',(0.924132340124473,1.64305894221552,1.60581548539081));
#7477=CARTESIAN_POINT('',(0.927280270127788,1.64405474196152,1.60517832076793));
#7478=CARTESIAN_POINT('',(0.930425714227505,1.64494221221684,1.60443417193902));
#7479=CARTESIAN_POINT('',(0.933571205045901,1.64582969565358,1.6036900120574));
#7480=CARTESIAN_POINT('',(0.936713733485509,1.64660872158039,1.60283899339332));
#7481=CARTESIAN_POINT('',(0.939838750003794,1.64727125055743,1.60188141169677));
#7482=CARTESIAN_POINT('',(0.942959782861922,1.64793293496604,1.60092505069139));
#7483=CARTESIAN_POINT('',(0.94608349110568,1.64848270722559,1.59985624450979));
#7484=CARTESIAN_POINT('',(0.94919489321367,1.64891057015919,1.59867339796758));
#7485=CARTESIAN_POINT('',(0.951811068337066,1.64927033219708,1.59767881944925));
#7486=CARTESIAN_POINT('',(0.954416170934143,1.649543477568,1.59660441654303));
#7487=CARTESIAN_POINT('',(0.956995681786331,1.64972590685307,1.59545384150518));
#7488=CARTESIAN_POINT('',(0.959575182558048,1.64990833542522,1.59430327096367));
#7489=CARTESIAN_POINT('',(0.962128614217114,1.64999999999996,1.59307672868521));
#7490=CARTESIAN_POINT('',(0.964642000000008,1.64999999999996,1.59178060591314));
#7491=DRAUGHTING_PRE_DEFINED_CURVE_FONT('continuous');
#7492=COLOUR_RGB('',0.0299999993294477,0.0299999993294477,0.0299999993294477);
#7493=CARTESIAN_POINT('',(2.35522083791213,1.64999999999996,2.00000374806922));
#7494=AXIS2_PLACEMENT_3D('',#12510,#12511,#12512);
#7495=DRAUGHTING_PRE_DEFINED_CURVE_FONT('continuous');
#7496=COLOUR_RGB('',0.0299999993294477,0.0299999993294477,0.0299999993294477);
#7497=CARTESIAN_POINT('',(2.49842950849254,0.20000000000001,5.82499195123233));
#7498=CARTESIAN_POINT('',(2.89589199999997,0.200000000000006,5.42499999999999));
#7499=AXIS2_PLACEMENT_3D('',#12513,#12514,#12515);
#7500=DRAUGHTING_PRE_DEFINED_CURVE_FONT('continuous');
#7501=COLOUR_RGB('',0.0299999993294477,0.0299999993294477,0.0299999993294477);
#7502=CARTESIAN_POINT('',(2.89589199999997,2.3,5.42499999999997));
#7503=CARTESIAN_POINT('',(2.89589199999997,0.200000000000006,5.42499999999999));
#7504=VECTOR('',#12516,1.0);
#7505=DRAUGHTING_PRE_DEFINED_CURVE_FONT('continuous');
#7506=COLOUR_RGB('',0.310000002384186,0.310000002384186,0.310000002384186);
#7507=CARTESIAN_POINT('',(2.49842950849254,2.3,5.8249919512323));
#7508=AXIS2_PLACEMENT_3D('',#12517,#12518,#12519);
#7509=DRAUGHTING_PRE_DEFINED_CURVE_FONT('continuous');
#7510=COLOUR_RGB('',0.0299999993294477,0.0299999993294477,0.0299999993294477);
#7511=CARTESIAN_POINT('',(2.8958839512323,0.199999999999958,1.57246249150742));
#7512=CARTESIAN_POINT('',(2.49589199999997,0.199999999999952,1.17499999999999));
#7513=AXIS2_PLACEMENT_3D('',#12520,#12521,#12522);
#7514=DRAUGHTING_PRE_DEFINED_CURVE_FONT('continuous');
#7515=COLOUR_RGB('',0.0299999993294477,0.0299999993294477,0.0299999993294477);
#7516=CARTESIAN_POINT('',(2.49589199999997,2.29999999999994,1.17499999999997));
#7517=CARTESIAN_POINT('',(2.49589199999997,0.199999999999952,1.17499999999999));
#7518=VECTOR('',#12523,1.0);
#7519=DRAUGHTING_PRE_DEFINED_CURVE_FONT('continuous');
#7520=COLOUR_RGB('',0.310000002384186,0.310000002384186,0.310000002384186);
#7521=CARTESIAN_POINT('',(2.8958839512323,2.29999999999995,1.57246249150739));
#7522=AXIS2_PLACEMENT_3D('',#12524,#12525,#12526);
#7523=DRAUGHTING_PRE_DEFINED_CURVE_FONT('continuous');
#7524=COLOUR_RGB('',0.0299999993294477,0.0299999993294477,0.0299999993294477);
#7525=CARTESIAN_POINT('',(1.47467401347982,2.19999999999998,3.97582909169287));
#7526=CARTESIAN_POINT('',(1.87890572982004,2.19999999999999,4.22500178043148));
#7527=AXIS2_PLACEMENT_3D('',#12527,#12528,#12529);
#7528=DRAUGHTING_PRE_DEFINED_CURVE_FONT('continuous');
#7529=COLOUR_RGB('',0.0299999993294477,0.0299999993294477,0.0299999993294477);
#7530=CARTESIAN_POINT('',(1.44589200000011,2.19999999999998,3.97499999999988));
#7531=AXIS2_PLACEMENT_3D('',#12530,#12531,#12532);
#7532=DRAUGHTING_PRE_DEFINED_CURVE_FONT('continuous');
#7533=COLOUR_RGB('',0.0299999993294477,0.0299999993294477,0.0299999993294477);
#7534=CARTESIAN_POINT('',(0.745892000000004,1.83976747330003,3.97499999999989));
#7535=CARTESIAN_POINT('',(1.44589200000008,2.20000000000002,3.9749999999999));
#7536=CARTESIAN_POINT('',(1.43751300262374,2.20000000000002,3.9749999999999));
#7537=CARTESIAN_POINT('',(1.42912292136061,2.19978900777886,3.97500000000024));
#7538=CARTESIAN_POINT('',(1.4207358557311,2.19936756837622,3.97500000000024));
#7539=CARTESIAN_POINT('',(1.41234881485312,2.1989461302173,3.97500000000024));
#7540=CARTESIAN_POINT('',(1.40396511730354,2.19831426420045,3.97500000000185));
#7541=CARTESIAN_POINT('',(1.39559929529173,2.19747700934102,3.97500000000185));
#7542=CARTESIAN_POINT('',(1.38723347331607,2.1966397544852,3.97500000000185));
#7543=CARTESIAN_POINT('',(1.37888581989116,2.19559716964192,3.97500000000458));
#7544=CARTESIAN_POINT('',(1.37057033726633,2.19435847395514,3.97500000000458));
#7545=CARTESIAN_POINT('',(1.36225483410192,2.19311977520873,3.97500000000458));
#7546=CARTESIAN_POINT('',(1.35397173753236,2.19168504954236,3.97500000000504));
#7547=CARTESIAN_POINT('',(1.34573378445161,2.19006699643692,3.97500000000504));
#7548=CARTESIAN_POINT('',(1.329256955264,2.18683070893036,3.97500000000504));
#7549=CARTESIAN_POINT('',(1.31296498514911,2.18286017918279,3.97499999999989));
#7550=CARTESIAN_POINT('',(1.29693556763155,2.17828358398079,3.97499999999989));
#7551=CARTESIAN_POINT('',(1.28091717734979,2.17371013718979,3.97499999999989));
#7552=CARTESIAN_POINT('',(1.26510225085,2.16851803623907,3.97499999999988));
#7553=CARTESIAN_POINT('',(1.24946407706365,2.16279991724766,3.97499999999988));
#7554=CARTESIAN_POINT('',(1.23382703240002,2.15708221112147,3.97499999999988));
#7555=CARTESIAN_POINT('',(1.2183716926779,2.15084028719336,3.97499999999988));
#7556=CARTESIAN_POINT('',(1.2030846404238,2.1441624213276,3.97499999999988));
#7557=CARTESIAN_POINT('',(1.1877974817095,2.13748450895667,3.97499999999988));
#7558=CARTESIAN_POINT('',(1.17267773786195,2.13037035124974,3.97499999999989));
#7559=CARTESIAN_POINT('',(1.15771325095622,2.12289776347647,3.97499999999989));
#7560=CARTESIAN_POINT('',(1.14274873957465,2.11542516348106,3.97499999999989));
#7561=CARTESIAN_POINT('',(1.12793885546499,2.1075937594986,3.97499999999989));
#7562=CARTESIAN_POINT('',(1.11327572683306,2.09947224445868,3.97499999999989));
#7563=CARTESIAN_POINT('',(1.09861262642482,2.0913507450511,3.97499999999989));
#7564=CARTESIAN_POINT('',(1.08409589692766,2.08293881256171,3.97499999999988));
#7565=CARTESIAN_POINT('',(1.0697231993731,2.07429802096755,3.97499999999988));
#7566=CARTESIAN_POINT('',(1.05535054922865,2.0656572578761,3.97499999999988));
#7567=CARTESIAN_POINT('',(1.04112173093978,2.05678740328706,3.97499999999988));
#7568=CARTESIAN_POINT('',(1.02703989245507,2.04774461443781,3.97499999999988));
#7569=CARTESIAN_POINT('',(1.01295804562349,2.03870182022853,3.97499999999988));
#7570=CARTESIAN_POINT('',(0.999023302923988,2.02948608042124,3.97499999999988));
#7571=CARTESIAN_POINT('',(0.985242863554039,2.02014882002863,3.97499999999988));
#7572=CARTESIAN_POINT('',(0.971460004842136,2.01080992035405,3.97499999999988));
#7573=CARTESIAN_POINT('',(0.957782585587005,2.00131636911904,3.97499999999988));
#7574=CARTESIAN_POINT('',(0.944196054926351,1.99169298937297,3.97499999999988));
#7575=CARTESIAN_POINT('',(0.930609494611596,1.98206958862281,3.97499999999988));
#7576=CARTESIAN_POINT('',(0.917113734827467,1.9723161946578,3.97499999999988));
#7577=CARTESIAN_POINT('',(0.903696605239527,1.96245281771298,3.97499999999988));
#7578=CARTESIAN_POINT('',(0.890279462424242,1.9525894310443,3.97499999999988));
#7579=CARTESIAN_POINT('',(0.876940899254819,1.94261594229564,3.97499999999989));
#7580=CARTESIAN_POINT('',(0.863670944414648,1.93254879140952,3.97499999999989));
#7581=CARTESIAN_POINT('',(0.850400986501999,1.92248163819249,3.97499999999989));
#7582=CARTESIAN_POINT('',(0.837199610061984,1.91232073779582,3.97499999999989));
#7583=CARTESIAN_POINT('',(0.824058811733107,1.90207988242542,3.97499999999989));
#7584=CARTESIAN_POINT('',(0.797777358990165,1.88159828383995,3.97499999999989));
#7585=CARTESIAN_POINT('',(0.771736386974978,1.86079791601987,3.97499999999989));
#7586=CARTESIAN_POINT('',(0.745892000018165,1.83976747331048,3.97499999999989));
#7587=DRAUGHTING_PRE_DEFINED_CURVE_FONT('continuous');
#7588=COLOUR_RGB('',0.0299999993294477,0.0299999993294477,0.0299999993294477);
#7589=CARTESIAN_POINT('',(0.745892000000004,1.65000000000897,3.69237620788704));
#7590=CARTESIAN_POINT('',(0.745892000000004,1.65000000001656,3.69237620789723));
#7591=CARTESIAN_POINT('',(0.745892000000004,1.66694353742385,3.71510834875073));
#7592=CARTESIAN_POINT('',(0.745892000000004,1.68369653821679,3.73802341277288));
#7593=CARTESIAN_POINT('',(0.745892000000004,1.70019618466165,3.76113189652065));
#7594=CARTESIAN_POINT('',(0.745892000000004,1.71669586268587,3.78424042449671));
#7595=CARTESIAN_POINT('',(0.745892000000004,1.73294260964616,3.80754249269008));
#7596=CARTESIAN_POINT('',(0.745892000000004,1.74886348598317,3.83105849000382));
#7597=CARTESIAN_POINT('',(0.745892000000004,1.76478437348435,3.85457450380765));
#7598=CARTESIAN_POINT('',(0.745892000000003,1.78038011729482,3.87830485013367));
#7599=CARTESIAN_POINT('',(0.745892000000003,1.79556311693151,3.90228185339148));
#7600=CARTESIAN_POINT('',(0.745892000000003,1.81074605652004,3.92625876182119));
#7601=CARTESIAN_POINT('',(0.745892000000004,1.82551739037207,3.95048323032161));
#7602=CARTESIAN_POINT('',(0.745892000000004,1.83976747329571,3.97499999999991));
#7603=DRAUGHTING_PRE_DEFINED_CURVE_FONT('continuous');
#7604=COLOUR_RGB('',0.0299999993294477,0.0299999993294477,0.0299999993294477);
#7605=CARTESIAN_POINT('',(1.0561805686387,1.6500000001341,3.49999999999998));
#7606=AXIS2_PLACEMENT_3D('',#12533,#12534,#12535);
#7607=DRAUGHTING_PRE_DEFINED_CURVE_FONT('continuous');
#7608=COLOUR_RGB('',0.0299999993294477,0.0299999993294477,0.0299999993294477);
#7609=CARTESIAN_POINT('',(1.99544542897486,1.58078868335892,3.49999999999643));
#7610=CARTESIAN_POINT('',(1.99544542898182,1.58078868335532,3.49999999999998));
#7611=CARTESIAN_POINT('',(1.95914976098733,1.59861052674354,3.49999999999998));
#7612=CARTESIAN_POINT('',(1.92234518747509,1.61534629914517,3.49999999999998));
#7613=CARTESIAN_POINT('',(1.8850078611163,1.63067884174877,3.49999999999998));
#7614=CARTESIAN_POINT('',(1.86633902537582,1.63834518391264,3.49999999999998));
#7615=CARTESIAN_POINT('',(1.84753634785447,1.64566023726982,3.49999999999998));
#7616=CARTESIAN_POINT('',(1.82859594376917,1.6525806434036,3.49999999999998));
#7617=CARTESIAN_POINT('',(1.80965092942079,1.65950273402588,3.49999999999998));
#7618=CARTESIAN_POINT('',(1.79059675489393,1.66602135451487,3.49999999999998));
#7619=CARTESIAN_POINT('',(1.7713147594458,1.67212599392521,3.49999999999998));
#7620=CARTESIAN_POINT('',(1.75203880309343,1.67822872137048,3.49999999999998));
#7621=CARTESIAN_POINT('',(1.73257085387443,1.68390384016126,3.49999999999998));
#7622=CARTESIAN_POINT('',(1.71294323341672,1.68908884601624,3.49999999999998));
#7623=CARTESIAN_POINT('',(1.69331572893191,1.69427382123478,3.49999999999998));
#7624=CARTESIAN_POINT('',(1.67352905172726,1.69896826429602,3.49999999999998));
#7625=CARTESIAN_POINT('',(1.65362177977792,1.70311652567714,3.49999999999998));
#7626=CARTESIAN_POINT('',(1.63371456265153,1.7072647756343,3.49999999999998));
#7627=CARTESIAN_POINT('',(1.61368763992496,1.71086638263996,3.49999999999998));
#7628=CARTESIAN_POINT('',(1.59358468133568,1.71387722462737,3.49999999999998));
#7629=CARTESIAN_POINT('',(1.57348168836506,1.71688807176411,3.49999999999998));
#7630=CARTESIAN_POINT('',(1.55330396265206,1.71930776096667,3.49999999999998));
#7631=CARTESIAN_POINT('',(1.53309746796714,1.72110787435896,3.49999999999998));
#7632=CARTESIAN_POINT('',(1.51289081721201,1.7229080016549,3.49999999999998));
#7633=CARTESIAN_POINT('',(1.49265701528295,1.72408836050247,3.49999999999998));
#7634=CARTESIAN_POINT('',(1.47243966240437,1.7246386421541,3.49999999999998));
#7635=CARTESIAN_POINT('',(1.45222194025824,1.72518893385656,3.49999999999998));
#7636=CARTESIAN_POINT('',(1.43202261136788,1.72510925409846,3.49999999999998));
#7637=CARTESIAN_POINT('',(1.4118759755003,1.72440680100637,3.49999999999998));
#7638=CARTESIAN_POINT('',(1.39172655834575,1.72370425093909,3.49999999999998));
#7639=CARTESIAN_POINT('',(1.37157750166853,1.7223770738989,3.49999999999998));
#7640=CARTESIAN_POINT('',(1.3514573277837,1.720437389793,3.49999999999998));
#7641=CARTESIAN_POINT('',(1.33133739916838,1.7184977293323,3.49999999999998));
#7642=CARTESIAN_POINT('',(1.31124770913102,1.7159456812716,3.49999999999998));
#7643=CARTESIAN_POINT('',(1.29122204860131,1.71280812713851,3.49999999999998));
#7644=CARTESIAN_POINT('',(1.2711965072468,1.70967059167738,3.49999999999998));
#7645=CARTESIAN_POINT('',(1.25123611876199,1.70594785202096,3.49999999999998));
#7646=CARTESIAN_POINT('',(1.23137530279131,1.70168020485357,3.49999999999998));
#7647=CARTESIAN_POINT('',(1.21151451683723,1.69741256413609,3.49999999999998));
#7648=CARTESIAN_POINT('',(1.19175409140845,1.69260038894555,3.49999999999998));
#7649=CARTESIAN_POINT('',(1.17212619856147,1.68729435963002,3.49999999999998));
#7650=CARTESIAN_POINT('',(1.15249827660035,1.68198832244404,3.49999999999998));
#7651=CARTESIAN_POINT('',(1.13300334377886,1.67618877834194,3.49999999999998));
#7652=CARTESIAN_POINT('',(1.11367005370384,1.66995319446119,3.49999999999998));
#7653=CARTESIAN_POINT('',(1.09433670366267,1.66371759123951,3.49999999999998));
#7654=CARTESIAN_POINT('',(1.0751651939892,1.65704621491901,3.49999999999998));
#7655=CARTESIAN_POINT('',(1.05618056839451,1.65000000004348,3.49999999999998));
#7656=DRAUGHTING_PRE_DEFINED_CURVE_FONT('continuous');
#7657=COLOUR_RGB('',0.0299999993294477,0.0299999993294477,0.0299999993294477);
#7658=CARTESIAN_POINT('',(2.0580012503591,1.64999999999998,3.62187499999997));
#7659=CARTESIAN_POINT('',(2.0580012503592,1.64999999999998,3.62187500000004));
#7660=CARTESIAN_POINT('',(2.05252805957084,1.64999999999999,3.61794803652982));
#7661=CARTESIAN_POINT('',(2.04735636078991,1.64948284822213,3.61368085601784));
#7662=CARTESIAN_POINT('',(2.04248858622199,1.64846137241909,3.60908661021832));
#7663=CARTESIAN_POINT('',(2.04005891480621,1.64795151919439,3.60679346628973));
#7664=CARTESIAN_POINT('',(2.03771568053663,1.64731739436564,3.60442792974204));
#7665=CARTESIAN_POINT('',(2.03547137178194,1.64656835599669,3.60200836604413));
#7666=CARTESIAN_POINT('',(2.03322705435598,1.64581931473372,3.59958879299784));
#7667=CARTESIAN_POINT('',(2.03108219365473,1.64495560015103,3.59711582462846));
#7668=CARTESIAN_POINT('',(2.02904493099081,1.64399096385015,3.59460932336425));
#7669=CARTESIAN_POINT('',(2.02700590175187,1.64302549108257,3.59210064863335));
#7670=CARTESIAN_POINT('',(2.02508241462647,1.64196400319394,3.589569460717));
#7671=CARTESIAN_POINT('',(2.02325346568,1.64080738515771,3.58700071324101));
#7672=CARTESIAN_POINT('',(2.02142431277832,1.63965063814125,3.58443167931117));
#7673=CARTESIAN_POINT('',(2.01969227666759,1.63839922487521,3.58182742602918));
#7674=CARTESIAN_POINT('',(2.0180578123168,1.63706344189821,3.57919845402806));
#7675=CARTESIAN_POINT('',(2.01478862626615,1.63439166562301,3.57394009608992));
#7676=CARTESIAN_POINT('',(2.0119119577426,1.63138250852036,3.56858443396841));
#7677=CARTESIAN_POINT('',(2.00941814098843,1.6281290928552,3.56321848559715));
#7678=CARTESIAN_POINT('',(2.00692119311229,1.6248715923505,3.55784579998717));
#7679=CARTESIAN_POINT('',(2.00481971100559,1.62139356146893,3.55249804772804));
#7680=CARTESIAN_POINT('',(2.00305135155724,1.61772630949971,3.54715852748343));
#7681=CARTESIAN_POINT('',(2.00128172607151,1.61405643200204,3.54181518446841));
#7682=CARTESIAN_POINT('',(1.99984657919045,1.61019165191733,3.53647460730035));
#7683=CARTESIAN_POINT('',(1.99871947231498,1.60618303086923,3.53116879273131));
#7684=CARTESIAN_POINT('',(1.99646423554823,1.59816215035789,3.52055234778359));
#7685=CARTESIAN_POINT('',(1.99544542898182,1.58958237870128,3.51009436240647));
#7686=CARTESIAN_POINT('',(1.99544542898182,1.58078868335532,3.49999999999998));
#7687=DRAUGHTING_PRE_DEFINED_CURVE_FONT('continuous');
#7688=COLOUR_RGB('',0.0299999993294477,0.0299999993294477,0.0299999993294477);
#7689=CARTESIAN_POINT('',(2.35522083262204,1.64999999999998,3.95000373890625));
#7690=AXIS2_PLACEMENT_3D('',#12536,#12537,#12538);
#7691=DRAUGHTING_PRE_DEFINED_CURVE_FONT('continuous');
#7692=COLOUR_RGB('',0.0299999993294477,0.0299999993294477,0.0299999993294477);
#7693=CARTESIAN_POINT('',(2.50233205692238,-0.700000000005407,3.09415235755268));
#7694=CARTESIAN_POINT('',(0.825843905272256,-0.700000000000054,1.49760506122316));
#7695=AXIS2_PLACEMENT_3D('',#12539,#12540,#12541);
#7696=DRAUGHTING_PRE_DEFINED_CURVE_FONT('continuous');
#7697=COLOUR_RGB('',0.0299999993294477,0.0299999993294477,0.0299999993294477);
#7698=CARTESIAN_POINT('',(2.25513074912316,-0.700000000000029,3.41107711115783));
#7699=CARTESIAN_POINT('',(2.25513074912316,-0.700000000000029,3.41107711115783));
#7700=CARTESIAN_POINT('',(2.25683735970047,-0.700000000000029,3.40261800886587));
#7701=CARTESIAN_POINT('',(2.25901539474224,-0.699743010846821,3.39423240811762));
#7702=CARTESIAN_POINT('',(2.26154273565121,-0.699345154986104,3.38599232645288));
#7703=CARTESIAN_POINT('',(2.26280681635309,-0.6991461624743,3.38187094805973));
#7704=CARTESIAN_POINT('',(2.2641567886093,-0.698911756922002,3.37779081253206));
#7705=CARTESIAN_POINT('',(2.26558289751056,-0.698652980470002,3.37374721585445));
#7706=CARTESIAN_POINT('',(2.26700985534457,-0.698394049973803,3.36970121210848));
#7707=CARTESIAN_POINT('',(2.26851614748332,-0.69811010394149,3.36568328785941));
#7708=CARTESIAN_POINT('',(2.27009364802921,-0.697810218199542,3.36169285555178));
#7709=CARTESIAN_POINT('',(2.27324859942622,-0.697210456162711,3.35371211664399));
#7710=CARTESIAN_POINT('',(2.27668799493003,-0.696547901250483,3.34584029744051));
#7711=CARTESIAN_POINT('',(2.28035809983439,-0.69588034158349,3.33807672852192));
#7712=CARTESIAN_POINT('',(2.28402823718717,-0.695212776014414,3.33031309096344));
#7713=CARTESIAN_POINT('',(2.28792978791327,-0.694539892102454,3.32265699311756));
#7714=CARTESIAN_POINT('',(2.29201772309182,-0.693904400951576,3.31511356482513));
#7715=CARTESIAN_POINT('',(2.2961049076156,-0.693269026493953,3.3075715217089));
#7716=CARTESIAN_POINT('',(2.30037887152097,-0.692670599332653,3.30014035017205));
#7717=CARTESIAN_POINT('',(2.30482211903551,-0.692137378101621,3.29279685276008));
#7718=CARTESIAN_POINT('',(2.3092644905514,-0.691604261996643,3.28545480313913));
#7719=CARTESIAN_POINT('',(2.31387194435133,-0.691136876085522,3.27820805571783));
#7720=CARTESIAN_POINT('',(2.3186229419023,-0.690755379335743,3.27105642058009));
#7721=CARTESIAN_POINT('',(2.32337454030748,-0.690373834338428,3.26390388098176));
#7722=CARTESIAN_POINT('',(2.32827275078464,-0.690077913708361,3.2568420122238));
#7723=CARTESIAN_POINT('',(2.33330184031695,-0.689879417942258,3.24987496327565));
#7724=CARTESIAN_POINT('',(2.33833104537234,-0.689680917616515,3.24290775428763));
#7725=CARTESIAN_POINT('',(2.34349342244537,-0.689579726534721,3.2360322035704));
#7726=CARTESIAN_POINT('',(2.34877941516384,-0.689579707737857,3.2292552415953));
#7727=CARTESIAN_POINT('',(2.35406600419047,-0.689579688938873,3.22247751511714));
#7728=CARTESIAN_POINT('',(2.35947681653554,-0.689680831509319,3.21579756975187));
#7729=CARTESIAN_POINT('',(2.36501015755058,-0.689879306615449,3.20922298315383));
#7730=CARTESIAN_POINT('',(2.370543901787,-0.690077796184704,3.20264791745757));
#7731=CARTESIAN_POINT('',(2.37619853842347,-0.690373572426382,3.19618009685173));
#7732=CARTESIAN_POINT('',(2.38197972661635,-0.690755135024998,3.18982909429845));
#7733=CARTESIAN_POINT('',(2.38776111193551,-0.691136710634091,3.18347787518945));
#7734=CARTESIAN_POINT('',(2.39366623343625,-0.691603958128646,3.17724656228919));
#7735=CARTESIAN_POINT('',(2.39970443335112,-0.692136927694365,3.17115146885378));
#7736=CARTESIAN_POINT('',(2.40574362424859,-0.692669984730451,3.16505537509846));
#7737=CARTESIAN_POINT('',(2.41191926920896,-0.693269229977143,3.15909227050837));
#7738=CARTESIAN_POINT('',(2.41823879520563,-0.693904562932486,3.1532922642683));
#7739=CARTESIAN_POINT('',(2.42455834492055,-0.694539898272341,3.14749223625983));
#7740=CARTESIAN_POINT('',(2.43102176284206,-0.695211472409107,3.14185506022414));
#7741=CARTESIAN_POINT('',(2.43764354329182,-0.695877624742983,3.13641627976707));
#7742=CARTESIAN_POINT('',(2.44426776349294,-0.696544022516295,3.1309754954272));
#7743=CARTESIAN_POINT('',(2.451084548024,-0.697208806880369,3.12570575393422));
#7744=CARTESIAN_POINT('',(2.45808543576766,-0.697810950960831,3.12068255224808));
#7745=CARTESIAN_POINT('',(2.46508625539659,-0.698413089182767,3.11565939943488));
#7746=CARTESIAN_POINT('',(2.47227195633706,-0.698953029213544,3.11088152165743));
#7747=CARTESIAN_POINT('',(2.47964335954458,-0.699349468814018,3.10643044873463));
#7748=CARTESIAN_POINT('',(2.48332919602869,-0.699547695868222,3.10420483082845));
#7749=CARTESIAN_POINT('',(2.48706193466843,-0.699709724679866,3.10206086095774));
#7750=CARTESIAN_POINT('',(2.49084283824315,-0.699822787902541,3.10001028921415));
#7751=CARTESIAN_POINT('',(2.49462370125144,-0.699935849912127,3.09795973947175));
#7752=CARTESIAN_POINT('',(2.49845293626036,-0.700000000000115,3.09600241728143));
#7753=CARTESIAN_POINT('',(2.50233205692779,-0.700000000000118,3.09415235756185));
#7754=DRAUGHTING_PRE_DEFINED_CURVE_FONT('continuous');
#7755=COLOUR_RGB('',0.0299999993294477,0.0299999993294477,0.0299999993294477);
#7756=CARTESIAN_POINT('',(2.14544542898183,-0.700000000000029,3.50000000000001));
#7757=AXIS2_PLACEMENT_3D('',#12542,#12543,#12544);
#7758=DRAUGHTING_PRE_DEFINED_CURVE_FONT('continuous');
#7759=COLOUR_RGB('',0.0299999993294477,0.0299999993294477,0.0299999993294477);
#7760=CARTESIAN_POINT('',(2.0580012503591,-0.55000000000003,3.37812500000002));
#7761=AXIS2_PLACEMENT_3D('',#12545,#12546,#12547);
#7762=DRAUGHTING_PRE_DEFINED_CURVE_FONT('continuous');
#7763=COLOUR_RGB('',0.0299999993294477,0.0299999993294477,0.0299999993294477);
#7764=CARTESIAN_POINT('',(0.964642000000004,-0.550000000000052,1.59178060591317));
#7765=AXIS2_PLACEMENT_3D('',#12548,#12549,#12550);
#7766=DRAUGHTING_PRE_DEFINED_CURVE_FONT('continuous');
#7767=COLOUR_RGB('',0.0299999993294477,0.0299999993294477,0.0299999993294477);
#7768=CARTESIAN_POINT('',(0.892728515061123,-0.625790764643087,1.60843018940829));
#7769=CARTESIAN_POINT('',(0.964642000000004,-0.550000000000052,1.59178060591317));
#7770=CARTESIAN_POINT('',(0.957611114194362,-0.55845690712553,1.59540634902954));
#7771=CARTESIAN_POINT('',(0.950250165022383,-0.566965974068697,1.59849836167179));
#7772=CARTESIAN_POINT('',(0.942615052755102,-0.575422046036306,1.60100111077424));
#7773=CARTESIAN_POINT('',(0.934980005142602,-0.583878046397178,1.60350383868319));
#7774=CARTESIAN_POINT('',(0.927070245421977,-0.592281828769416,1.60541811253568));
#7775=CARTESIAN_POINT('',(0.91893834522253,-0.600529025878299,1.6066825294111));
#7776=CARTESIAN_POINT('',(0.910806695307633,-0.60877596915401,1.60794690737016));
#7777=CARTESIAN_POINT('',(0.902451132164538,-0.616868470165905,1.60856262432355));
#7778=CARTESIAN_POINT('',(0.893922246115896,-0.624697723960117,1.60845061595622));
#7779=CARTESIAN_POINT('',(0.89352484858425,-0.625062522611982,1.60844539700401));
#7780=CARTESIAN_POINT('',(0.893126934326105,-0.625426875895894,1.60843859239979));
#7781=CARTESIAN_POINT('',(0.892728515061124,-0.625790764643086,1.60843018940829));
#7782=DRAUGHTING_PRE_DEFINED_CURVE_FONT('continuous');
#7783=COLOUR_RGB('',0.0299999993294477,0.0299999993294477,0.0299999993294477);
#7784=CARTESIAN_POINT('',(3.14311228581749,-0.700000000000028,3.54660232170129));
#7785=CARTESIAN_POINT('',(2.50233205692238,-0.700000000005397,3.90584764244734));
#7786=AXIS2_PLACEMENT_3D('',#12551,#12552,#12553);
#7787=DRAUGHTING_PRE_DEFINED_CURVE_FONT('continuous');
#7788=COLOUR_RGB('',0.0299999993294477,0.0299999993294477,0.0299999993294477);
#7789=CARTESIAN_POINT('',(2.25513074912316,-0.700000000000028,3.58892288884218));
#7790=CARTESIAN_POINT('',(2.50233205694425,-0.700000000035652,3.90584764252499));
#7791=CARTESIAN_POINT('',(2.49843194301959,-0.700000000035013,3.90398757054158));
#7792=CARTESIAN_POINT('',(2.49458571165799,-0.699935060053755,3.90202047615413));
#7793=CARTESIAN_POINT('',(2.49080382535348,-0.699821619475687,3.89996854791126));
#7794=CARTESIAN_POINT('',(2.48702398792768,-0.699708240355306,3.8979177313232));
#7795=CARTESIAN_POINT('',(2.48330277715167,-0.699546397606778,3.89577956376494));
#7796=CARTESIAN_POINT('',(2.47962585028654,-0.699348526860422,3.89355897782521));
#7797=CARTESIAN_POINT('',(2.47227399143211,-0.698952892720285,3.88911901069998));
#7798=CARTESIAN_POINT('',(2.46511347558951,-0.69841511632626,3.88435864416671));
#7799=CARTESIAN_POINT('',(2.45812656419402,-0.697814487481992,3.87934695341401));
#7800=CARTESIAN_POINT('',(2.45113940575228,-0.697213837400429,3.87433508545577));
#7801=CARTESIAN_POINT('',(2.44432426131912,-0.696549641825585,3.86906996764261));
#7802=CARTESIAN_POINT('',(2.43767171557886,-0.695880458744268,3.86360685747162));
#7803=CARTESIAN_POINT('',(2.43101915744417,-0.69521127441619,3.85814373712225));
#7804=CARTESIAN_POINT('',(2.42452884574605,-0.694536846813052,3.85248191495233));
#7805=CARTESIAN_POINT('',(2.41819949493059,-0.69390061212398,3.84667166240699));
#7806=CARTESIAN_POINT('',(2.41186911004405,-0.693264273488721,3.84086046059936));
#7807=CARTESIAN_POINT('',(2.40570946229546,-0.692666762583752,3.83491119575328));
#7808=CARTESIAN_POINT('',(2.39966915995046,-0.692133814847924,3.82881292230324));
#7809=CARTESIAN_POINT('',(2.39363126383196,-0.691601079418185,3.82271707817319));
#7810=CARTESIAN_POINT('',(2.38772533749771,-0.691134058509742,3.81648379751484));
#7811=CARTESIAN_POINT('',(2.38194675506019,-0.690752959710642,3.81013468156722));
#7812=CARTESIAN_POINT('',(2.37616762177551,-0.690371824583049,3.80378496038597));
#7813=CARTESIAN_POINT('',(2.37051195921036,-0.690076315741365,3.79731504231192));
#7814=CARTESIAN_POINT('',(2.36497997257315,-0.689878224827695,3.79074114926263));
#7815=CARTESIAN_POINT('',(2.35944797411141,-0.68968013349061,3.78416724216175));
#7816=CARTESIAN_POINT('',(2.35403808623119,-0.689579353565203,3.77748755320877));
#7817=CARTESIAN_POINT('',(2.34875288268381,-0.689579708676255,3.77071073999659));
#7818=CARTESIAN_POINT('',(2.34346765191326,-0.689580063789136,3.76393389187821));
#7819=CARTESIAN_POINT('',(2.33830652002791,-0.689681568788699,3.75705913082855));
#7820=CARTESIAN_POINT('',(2.33327833024345,-0.689880346616062,3.75009246502696));
#7821=CARTESIAN_POINT('',(2.32824953250095,-0.690079148477636,3.74312495688635));
#7822=CARTESIAN_POINT('',(2.3233535840593,-0.690375243636718,3.73606545680998));
#7823=CARTESIAN_POINT('',(2.31860274710668,-0.690757001524849,3.72891317849007));
#7824=CARTESIAN_POINT('',(2.31385166018613,-0.691138779499385,3.72176052384906));
#7825=CARTESIAN_POINT('',(2.30924516935365,-0.691606364683873,3.71451420451229));
#7826=CARTESIAN_POINT('',(2.3048051119166,-0.692139419489346,3.70717503721869));
#7827=CARTESIAN_POINT('',(2.30036573243101,-0.692672392902791,3.69983699054104));
#7828=CARTESIAN_POINT('',(2.29608615225627,-0.693271741024284,3.69239527923545));
#7829=CARTESIAN_POINT('',(2.29199880302503,-0.693907342638957,3.68485151886482));
#7830=CARTESIAN_POINT('',(2.287911501055,-0.694542936904297,3.67730784572118));
#7831=CARTESIAN_POINT('',(2.28401619511307,-0.695214930303548,3.66966204027166));
#7832=CARTESIAN_POINT('',(2.28035252849278,-0.695881354995386,3.66191148570565));
#7833=CARTESIAN_POINT('',(2.27668806978625,-0.69654792376852,3.65415925546651));
#7834=CARTESIAN_POINT('',(2.27325959657291,-0.697208363365157,3.64631551556149));
#7835=CARTESIAN_POINT('',(2.27009470468524,-0.697810017350066,3.63830981752799));
#7836=CARTESIAN_POINT('',(2.26693181094266,-0.698411291482518,3.63030917386816));
#7837=CARTESIAN_POINT('',(2.26404513793752,-0.698951742200947,3.62217398724911));
#7838=CARTESIAN_POINT('',(2.26152044038127,-0.699348662423715,3.61393494907065));
#7839=CARTESIAN_POINT('',(2.26025804478229,-0.699547129896037,3.60981527718734));
#7840=CARTESIAN_POINT('',(2.25908616386254,-0.699709391788279,3.60566920026626));
#7841=CARTESIAN_POINT('',(2.25801690525754,-0.699822597166019,3.60149964167995));
#7842=CARTESIAN_POINT('',(2.2569476545249,-0.699935801710291,3.59733011379179));
#7843=CARTESIAN_POINT('',(2.25598091703168,-0.700000000005216,3.59313688908964));
#7844=CARTESIAN_POINT('',(2.25513074911279,-0.7000000000054,3.58892288884526));
#7845=DRAUGHTING_PRE_DEFINED_CURVE_FONT('continuous');
#7846=COLOUR_RGB('',0.0299999993294477,0.0299999993294477,0.0299999993294477);
#7847=CARTESIAN_POINT('',(2.24625018651448,-0.700000000000029,3.50000000000001));
#7848=AXIS2_PLACEMENT_3D('',#12554,#12555,#12556);
#7849=DRAUGHTING_PRE_DEFINED_CURVE_FONT('continuous');
#7850=COLOUR_RGB('',0.310000002384186,0.310000002384186,0.310000002384186);
#7851=CARTESIAN_POINT('',(2.69589200000005,-0.497268472906464,3.50000000000001));
#7852=AXIS2_PLACEMENT_3D('',#12557,#12558,#12559);
#7853=DRAUGHTING_PRE_DEFINED_CURVE_FONT('continuous');
#7854=COLOUR_RGB('',0.0299999993294477,0.0299999993294477,0.0299999993294477);
#7855=CARTESIAN_POINT('',(1.44589200017048,2.2,4.97499999999988));
#7856=AXIS2_PLACEMENT_3D('',#12560,#12561,#12562);
#7857=DRAUGHTING_PRE_DEFINED_CURVE_FONT('continuous');
#7858=COLOUR_RGB('',0.0299999993294477,0.0299999993294477,0.0299999993294477);
#7859=CARTESIAN_POINT('',(1.44589200000003,2.29999999999999,4.97499999999988));
#7860=CARTESIAN_POINT('',(1.44589200000003,2.29999999999999,4.97499999999988));
#7861=VECTOR('',#12563,1.0);
#7862=DRAUGHTING_PRE_DEFINED_CURVE_FONT('continuous');
#7863=COLOUR_RGB('',0.310000002384186,0.310000002384186,0.310000002384186);
#7864=CARTESIAN_POINT('',(1.47467401347982,2.29999999999998,3.97582909169287));
#7865=AXIS2_PLACEMENT_3D('',#12564,#12565,#12566);
#7866=DRAUGHTING_PRE_DEFINED_CURVE_FONT('continuous');
#7867=COLOUR_RGB('',0.0299999993294477,0.0299999993294477,0.0299999993294477);
#7868=CARTESIAN_POINT('',(2.99589200000003,-0.550000000000073,8.77076189453874E-15));
#7869=CARTESIAN_POINT('',(2.99589200000002,0.199999999999938,-5.55111512312578E-16));
#7870=CARTESIAN_POINT('',(2.99589200000004,-0.550000000000073,8.66514123665851E-15));
#7871=VECTOR('',#12567,1.0);
#7872=DRAUGHTING_PRE_DEFINED_CURVE_FONT('continuous');
#7873=COLOUR_RGB('',0.0299999993294477,0.0299999993294477,0.0299999993294477);
#7874=CARTESIAN_POINT('',(1.69589200000002,-0.550000000000071,6.99440505513849E-15));
#7875=CARTESIAN_POINT('',(1.69589200000002,-0.550000000000073,8.77076189453874E-15));
#7876=VECTOR('',#12568,1.0);
#7877=DRAUGHTING_PRE_DEFINED_CURVE_FONT('continuous');
#7878=COLOUR_RGB('',0.0299999993294477,0.0299999993294477,0.0299999993294477);
#7879=CARTESIAN_POINT('',(1.69589200000002,0.199999999999938,-5.55111512312578E-16));
#7880=CARTESIAN_POINT('',(1.69589200000003,0.199999999999938,-7.92571154367167E-16));
#7881=VECTOR('',#12569,1.0);
#7882=DRAUGHTING_PRE_DEFINED_CURVE_FONT('continuous');
#7883=COLOUR_RGB('',0.0299999993294477,0.0299999993294477,0.0299999993294477);
#7884=CARTESIAN_POINT('',(2.99589200000002,0.199999999999938,-5.55111512312578E-16));
#7885=VECTOR('',#12570,1.0);
#7886=DRAUGHTING_PRE_DEFINED_CURVE_FONT('continuous');
#7887=COLOUR_RGB('',0.0299999993294477,0.0299999993294477,0.0299999993294477);
#7888=CARTESIAN_POINT('',(1.54589200000001,-0.699999999999988,6.85000000000001));
#7889=CARTESIAN_POINT('',(1.44589200000002,-0.69999999999999,6.75000000000001));
#7890=CARTESIAN_POINT('',(1.54589200000003,-0.699999999999987,6.85000000000001));
#7891=VECTOR('',#12571,1.0);
#7892=DRAUGHTING_PRE_DEFINED_CURVE_FONT('continuous');
#7893=COLOUR_RGB('',0.0299999993294477,0.0299999993294477,0.0299999993294477);
#7894=CARTESIAN_POINT('',(1.69589200000002,-0.549999999999986,7.00000000000001));
#7895=CARTESIAN_POINT('',(1.54589200000001,-0.699999999999975,6.85000000000001));
#7896=VECTOR('',#12572,1.0);
#7897=DRAUGHTING_PRE_DEFINED_CURVE_FONT('continuous');
#7898=COLOUR_RGB('',0.0299999993294477,0.0299999993294477,0.0299999993294477);
#7899=CARTESIAN_POINT('',(1.695892,0.200000000000019,7.0));
#7900=CARTESIAN_POINT('',(1.69589199999999,0.200000000000019,7.0));
#7901=VECTOR('',#12573,1.0);
#7902=DRAUGHTING_PRE_DEFINED_CURVE_FONT('continuous');
#7903=COLOUR_RGB('',0.0299999993294477,0.0299999993294477,0.0299999993294477);
#7904=CARTESIAN_POINT('',(1.44589200000002,0.200000000000021,6.75));
#7905=CARTESIAN_POINT('',(1.44589200000001,0.200000000000022,6.75));
#7906=VECTOR('',#12574,1.0);
#7907=DRAUGHTING_PRE_DEFINED_CURVE_FONT('continuous');
#7908=COLOUR_RGB('',0.0299999993294477,0.0299999993294477,0.0299999993294477);
#7909=CARTESIAN_POINT('',(1.44589200000002,0.200000000000022,6.74999999999998));
#7910=VECTOR('',#12575,1.0);
#7911=DRAUGHTING_PRE_DEFINED_CURVE_FONT('continuous');
#7912=COLOUR_RGB('',0.0299999993294477,0.0299999993294477,0.0299999993294477);
#7913=CARTESIAN_POINT('',(1.44589200000003,0.199999999999941,0.249999999999992));
#7914=CARTESIAN_POINT('',(1.69589200000002,0.199999999999937,0.0));
#7915=VECTOR('',#12576,1.0);
#7916=DRAUGHTING_PRE_DEFINED_CURVE_FONT('continuous');
#7917=COLOUR_RGB('',0.0299999993294477,0.0299999993294477,0.0299999993294477);
#7918=CARTESIAN_POINT('',(1.44589200000003,0.199999999999952,1.17499999999999));
#7919=CARTESIAN_POINT('',(1.44589200000003,0.199999999999952,1.17499999999999));
#7920=VECTOR('',#12577,1.0);
#7921=DRAUGHTING_PRE_DEFINED_CURVE_FONT('continuous');
#7922=COLOUR_RGB('',0.0299999993294477,0.0299999993294477,0.0299999993294477);
#7923=CARTESIAN_POINT('',(1.44589200000003,0.199999999999952,1.17499999999999));
#7924=VECTOR('',#12578,1.0);
#7925=DRAUGHTING_PRE_DEFINED_CURVE_FONT('continuous');
#7926=COLOUR_RGB('',0.0299999993294477,0.0299999993294477,0.0299999993294477);
#7927=CARTESIAN_POINT('',(2.89589199999997,0.199999999999958,1.57499999999999));
#7928=AXIS2_PLACEMENT_3D('',#12579,#12580,#12581);
#7929=DRAUGHTING_PRE_DEFINED_CURVE_FONT('continuous');
#7930=COLOUR_RGB('',0.0299999993294477,0.0299999993294477,0.0299999993294477);
#7931=CARTESIAN_POINT('',(2.89589199999997,0.199999999999958,1.57499999999999));
#7932=VECTOR('',#12582,1.0);
#7933=DRAUGHTING_PRE_DEFINED_CURVE_FONT('continuous');
#7934=COLOUR_RGB('',0.0299999993294477,0.0299999993294477,0.0299999993294477);
#7935=CARTESIAN_POINT('',(2.49589199999997,0.20000000000001,5.82499999999999));
#7936=AXIS2_PLACEMENT_3D('',#12583,#12584,#12585);
#7937=DRAUGHTING_PRE_DEFINED_CURVE_FONT('continuous');
#7938=COLOUR_RGB('',0.0299999993294477,0.0299999993294477,0.0299999993294477);
#7939=CARTESIAN_POINT('',(1.44589200000002,0.20000000000001,5.82499999999999));
#7940=CARTESIAN_POINT('',(2.49589199999996,0.20000000000001,5.82499999999999));
#7941=VECTOR('',#12586,1.0);
#7942=DRAUGHTING_PRE_DEFINED_CURVE_FONT('continuous');
#7943=COLOUR_RGB('',0.0299999993294477,0.0299999993294477,0.0299999993294477);
#7944=CARTESIAN_POINT('',(1.44589200000002,0.20000000000001,5.82499999999999));
#7945=VECTOR('',#12587,1.0);
#7946=DRAUGHTING_PRE_DEFINED_CURVE_FONT('continuous');
#7947=COLOUR_RGB('',0.0299999993294477,0.0299999993294477,0.0299999993294477);
#7948=CARTESIAN_POINT('',(2.99589200000003,0.200000000000019,7.0));
#7949=CARTESIAN_POINT('',(2.99589200000003,0.200000000000019,7.0));
#7950=VECTOR('',#12588,1.0);
#7951=DRAUGHTING_PRE_DEFINED_CURVE_FONT('continuous');
#7952=COLOUR_RGB('',0.0299999993294477,0.0299999993294477,0.0299999993294477);
#7953=CARTESIAN_POINT('',(3.24589200000003,0.200000000000021,6.75));
#7954=CARTESIAN_POINT('',(2.99589200000003,0.200000000000025,7.0));
#7955=VECTOR('',#12589,1.0);
#7956=DRAUGHTING_PRE_DEFINED_CURVE_FONT('continuous');
#7957=COLOUR_RGB('',0.0299999993294477,0.0299999993294477,0.0299999993294477);
#7958=CARTESIAN_POINT('',(3.24589200000003,0.199999999999941,0.249999999999998));
#7959=CARTESIAN_POINT('',(3.24589200000003,0.199999999999941,0.249999999999999));
#7960=VECTOR('',#12590,1.0);
#7961=DRAUGHTING_PRE_DEFINED_CURVE_FONT('continuous');
#7962=COLOUR_RGB('',0.0299999993294477,0.0299999993294477,0.0299999993294477);
#7963=CARTESIAN_POINT('',(2.99589200000003,0.199999999999938,-6.66133814775094E-16));
#7964=VECTOR('',#12591,1.0);
#7965=DRAUGHTING_PRE_DEFINED_CURVE_FONT('continuous');
#7966=COLOUR_RGB('',0.0299999993294477,0.0299999993294477,0.0299999993294477);
#7967=CARTESIAN_POINT('',(3.24589200000003,-0.700000000000069,0.250000000000011));
#7968=CARTESIAN_POINT('',(3.24589200000003,-0.700000000000069,0.250000000000011));
#7969=VECTOR('',#12592,1.0);
#7970=DRAUGHTING_PRE_DEFINED_CURVE_FONT('continuous');
#7971=COLOUR_RGB('',0.0299999993294477,0.0299999993294477,0.0299999993294477);
#7972=CARTESIAN_POINT('',(3.14589200000003,-0.700000000000069,0.15000000000001));
#7973=CARTESIAN_POINT('',(3.14589200000003,-0.700000000000071,0.150000000000011));
#7974=VECTOR('',#12593,1.0);
#7975=DRAUGHTING_PRE_DEFINED_CURVE_FONT('continuous');
#7976=COLOUR_RGB('',0.0299999993294477,0.0299999993294477,0.0299999993294477);
#7977=CARTESIAN_POINT('',(3.14589200000003,-0.700000000000074,0.150000000000013));
#7978=VECTOR('',#12594,1.0);
#7979=DRAUGHTING_PRE_DEFINED_CURVE_FONT('continuous');
#7980=COLOUR_RGB('',0.0299999993294477,0.0299999993294477,0.0299999993294477);
#7981=CARTESIAN_POINT('',(1.54589200000002,-0.700000000000069,0.15000000000001));
#7982=CARTESIAN_POINT('',(3.14589200000003,-0.700000000000069,0.15000000000001));
#7983=VECTOR('',#12595,1.0);
#7984=DRAUGHTING_PRE_DEFINED_CURVE_FONT('continuous');
#7985=COLOUR_RGB('',0.0299999993294477,0.0299999993294477,0.0299999993294477);
#7986=CARTESIAN_POINT('',(1.69589200000002,-0.550000000000071,7.105427357601E-15));
#7987=VECTOR('',#12596,1.0);
#7988=DRAUGHTING_PRE_DEFINED_CURVE_FONT('continuous');
#7989=COLOUR_RGB('',0.0299999993294477,0.0299999993294477,0.0299999993294477);
#7990=CARTESIAN_POINT('',(3.24589200000002,-0.69999999999999,6.75000000000002));
#7991=CARTESIAN_POINT('',(3.24589200000003,-0.699999999999987,6.75000000000001));
#7992=VECTOR('',#12597,1.0);
#7993=DRAUGHTING_PRE_DEFINED_CURVE_FONT('continuous');
#7994=COLOUR_RGB('',0.0299999993294477,0.0299999993294477,0.0299999993294477);
#7995=CARTESIAN_POINT('',(3.24589200000003,-0.699999999999988,6.75000000000001));
#7996=VECTOR('',#12598,1.0);
#7997=DRAUGHTING_PRE_DEFINED_CURVE_FONT('continuous');
#7998=COLOUR_RGB('',0.310000002384186,0.310000002384186,0.310000002384186);
#7999=CARTESIAN_POINT('',(1.44589200000003,2.29999999999998,3.97499999999988));
#8000=AXIS2_PLACEMENT_3D('',#12599,#12600,#12601);
#8001=DRAUGHTING_PRE_DEFINED_CURVE_FONT('continuous');
#8002=COLOUR_RGB('',0.0299999993294477,0.0299999993294477,0.0299999993294477);
#8003=CARTESIAN_POINT('',(1.44589200000003,2.29999999999998,3.97499999999988));
#8004=VECTOR('',#12602,1.0);
#8005=DRAUGHTING_PRE_DEFINED_CURVE_FONT('continuous');
#8006=COLOUR_RGB('',0.0299999993294477,0.0299999993294477,0.0299999993294477);
#8007=CARTESIAN_POINT('',(0.745892000000004,1.65000000000369,3.30762379211998));
#8008=CARTESIAN_POINT('',(0.745892000000004,1.64999999999997,3.30762379212497));
#8009=VECTOR('',#12603,1.0);
#8010=DRAUGHTING_PRE_DEFINED_CURVE_FONT('continuous');
#8011=COLOUR_RGB('',0.0299999993294477,0.0299999993294477,0.0299999993294477);
#8012=AXIS2_PLACEMENT_3D('',#12604,#12605,#12606);
#8013=DRAUGHTING_PRE_DEFINED_CURVE_FONT('continuous');
#8014=COLOUR_RGB('',0.310000002384186,0.310000002384186,0.310000002384186);
#8015=CARTESIAN_POINT('',(0.745892,2.29999999999999,4.97499999999988));
#8016=CARTESIAN_POINT('',(1.44589200000003,2.29999999999999,4.97499999999988));
#8017=VECTOR('',#12607,1.0);
#8018=DRAUGHTING_PRE_DEFINED_CURVE_FONT('continuous');
#8019=COLOUR_RGB('',0.0299999993294477,0.0299999993294477,0.0299999993294477);
#8020=CARTESIAN_POINT('',(0.745892000000004,1.83976747329243,4.97499999999988));
#8021=CARTESIAN_POINT('',(0.745892000000744,1.83976747329631,4.97499999999988));
#8022=CARTESIAN_POINT('',(0.771757301146567,1.8608149345815,4.97499999999988));
#8023=CARTESIAN_POINT('',(0.797812351703108,1.88162621284222,4.97499999999988));
#8024=CARTESIAN_POINT('',(0.824109746313979,1.9021195760022,4.97499999999988));
#8025=CARTESIAN_POINT('',(0.837258485616857,1.91236629031048,4.97499999999988));
#8026=CARTESIAN_POINT('',(0.850468229290715,1.9225332143906,4.97499999998932));
#8027=CARTESIAN_POINT('',(0.863747801535327,1.93260709689389,4.97499999998932));
#8028=CARTESIAN_POINT('',(0.877027631495175,1.94268117489995,4.97499999998932));
#8029=CARTESIAN_POINT('',(0.890376144474126,1.95266142743513,4.97499999999983));
#8030=CARTESIAN_POINT('',(0.903807233983753,1.96253414075864,4.97499999999983));
#8031=CARTESIAN_POINT('',(0.917241390962828,1.97240910886919,4.97499999999983));
#8032=CARTESIAN_POINT('',(0.930777937544359,1.98219100665082,4.97499999999988));
#8033=CARTESIAN_POINT('',(0.944417607559914,1.99184989848677,4.97499999999988));
#8034=CARTESIAN_POINT('',(0.958057300411558,2.00150880649403,4.97499999999988));
#8035=CARTESIAN_POINT('',(0.971800129595257,2.01104480535034,4.97499999999988));
#8036=CARTESIAN_POINT('',(0.985650222849419,2.02042476984902,4.97499999999988));
#8037=CARTESIAN_POINT('',(0.999500345295451,2.02980475411787,4.97499999999988));
#8038=CARTESIAN_POINT('',(1.01345780718336,2.03902886928884,4.97499999999988));
#8039=CARTESIAN_POINT('',(1.02753098762807,2.04805986726319,4.97499999999988));
#8040=CARTESIAN_POINT('',(1.04160418569251,2.05709087654441,4.97499999999988));
#8041=CARTESIAN_POINT('',(1.05579327818772,2.06592902335766,4.97499999999988));
#8042=CARTESIAN_POINT('',(1.07011142058608,2.07453134062154,4.97499999999988));
#8043=CARTESIAN_POINT('',(1.08442954375211,2.08313364633067,4.97499999999988));
#8044=CARTESIAN_POINT('',(1.09887705170176,2.09150048542789,4.97499999999988));
#8045=CARTESIAN_POINT('',(1.11347181326022,2.09958082929329,4.97499999999988));
#8046=CARTESIAN_POINT('',(1.12806648551605,2.10766112371656,4.97499999999988));
#8047=CARTESIAN_POINT('',(1.14280898268032,2.1154553931562,4.97499999999988));
#8048=CARTESIAN_POINT('',(1.15772083133913,2.12290154873939,4.97499999999988));
#8049=CARTESIAN_POINT('',(1.1726341749187,2.13034845080364,4.97499999999988));
#8050=CARTESIAN_POINT('',(1.18771029516732,2.13744438155149,4.9749999999997));
#8051=CARTESIAN_POINT('',(1.20299314187431,2.14412244578684,4.9749999999997));
#8052=CARTESIAN_POINT('',(1.21828591355331,2.15080484688442,4.9749999999997));
#8053=CARTESIAN_POINT('',(1.23382963520777,2.15708621783613,4.97499999999988));
#8054=CARTESIAN_POINT('',(1.24958476660854,2.16284403579424,4.97499999999988));
#8055=CARTESIAN_POINT('',(1.26533989744886,2.16860185354752,4.97499999999988));
#8056=CARTESIAN_POINT('',(1.28130609442136,2.17383524377587,4.97499999999988));
#8057=CARTESIAN_POINT('',(1.29743846362743,2.17842694427191,4.97499999999988));
#8058=CARTESIAN_POINT('',(1.31357101360233,2.18301869621957,4.97499999999988));
#8059=CARTESIAN_POINT('',(1.32986784277967,2.18696728473508,4.97499999999988));
#8060=CARTESIAN_POINT('',(1.34627880402812,2.19017376606167,4.97499999999988));
#8061=CARTESIAN_POINT('',(1.36269039540671,2.19338037050722,4.97499999999988));
#8062=CARTESIAN_POINT('',(1.37921145875494,2.19584331331075,4.97499999999988));
#8063=CARTESIAN_POINT('',(1.39579649896544,2.19749670725068,4.97499999999988));
#8064=CARTESIAN_POINT('',(1.40409121996953,2.1983236236324,4.97499999999988));
#8065=CARTESIAN_POINT('',(1.41242007714924,2.19895033206867,4.97499999999988));
#8066=CARTESIAN_POINT('',(1.42077325270283,2.1993694461324,4.97499999999988));
#8067=CARTESIAN_POINT('',(1.42912634103776,2.19978855582,4.97499999999988));
#8068=CARTESIAN_POINT('',(1.43750345043475,2.20000000000002,4.97499999999986));
#8069=CARTESIAN_POINT('',(1.44589199999976,2.20000000000003,4.97499999999986));
#8070=DRAUGHTING_PRE_DEFINED_CURVE_FONT('continuous');
#8071=COLOUR_RGB('',0.0299999993294477,0.0299999993294477,0.0299999993294477);
#8072=CARTESIAN_POINT('',(0.745892000000004,1.83976747328272,4.97499999999988));
#8073=VECTOR('',#12608,1.0);
#8074=DRAUGHTING_PRE_DEFINED_CURVE_FONT('continuous');
#8075=COLOUR_RGB('',0.310000002384186,0.310000002384186,0.310000002384186);
#8076=CARTESIAN_POINT('',(3.14553381348561,-0.700000000000029,3.50000000000001));
#8077=AXIS2_PLACEMENT_3D('',#12609,#12610,#12611);
#8078=DRAUGHTING_PRE_DEFINED_CURVE_FONT('continuous');
#8079=COLOUR_RGB('',0.0299999993294477,0.0299999993294477,0.0299999993294477);
#8080=AXIS2_PLACEMENT_3D('',#12612,#12613,#12614);
#8081=DRAUGHTING_PRE_DEFINED_CURVE_FONT('continuous');
#8082=COLOUR_RGB('',0.0299999993294477,0.0299999993294477,0.0299999993294477);
#8083=CARTESIAN_POINT('',(0.767132458355344,-0.700000000000053,1.53541145690438));
#8084=CARTESIAN_POINT('',(0.892728515061124,-0.625790764643086,1.60843018940829));
#8085=CARTESIAN_POINT('',(0.884572263205036,-0.633240123975248,1.60825816731744));
#8086=CARTESIAN_POINT('',(0.87620437130004,-0.640494803618242,1.60741628744122));
#8087=CARTESIAN_POINT('',(0.867725385615308,-0.647390349342439,1.60579529037073));
#8088=CARTESIAN_POINT('',(0.858853413580866,-0.654605491707577,1.60409916288426));
#8089=CARTESIAN_POINT('',(0.849739420316561,-0.66152280359242,1.60152364591003));
#8090=CARTESIAN_POINT('',(0.840618978682783,-0.667834610379129,1.59790849615115));
#8091=CARTESIAN_POINT('',(0.836060950719682,-0.67098899620678,1.59610179047248));
#8092=CARTESIAN_POINT('',(0.831506339399167,-0.673989048657833,1.59403760616918));
#8093=CARTESIAN_POINT('',(0.826991201658803,-0.676796148097831,1.5917027329957));
#8094=CARTESIAN_POINT('',(0.822473382441352,-0.679604914634885,1.58936647317374));
#8095=CARTESIAN_POINT('',(0.818011978611852,-0.682211885083476,1.58677126839862));
#8096=CARTESIAN_POINT('',(0.813575169447386,-0.684616471443809,1.58385868272543));
#8097=CARTESIAN_POINT('',(0.809141265500668,-0.687019483283646,1.58094800421012));
#8098=CARTESIAN_POINT('',(0.804757960727758,-0.689203277514394,1.57773219776079));
#8099=CARTESIAN_POINT('',(0.800501233744478,-0.691111296969438,1.57422451761887));
#8100=CARTESIAN_POINT('',(0.796244357009642,-0.693019383548562,1.57071671407685));
#8101=CARTESIAN_POINT('',(0.792118481311526,-0.694649702634321,1.56692054705004));
#8102=CARTESIAN_POINT('',(0.788189569646004,-0.695966536624765,1.56286750785342));
#8103=CARTESIAN_POINT('',(0.784267854930839,-0.697280958448771,1.55882189298302));
#8104=CARTESIAN_POINT('',(0.780497984531635,-0.698297485310468,1.55447370865936));
#8105=CARTESIAN_POINT('',(0.776958950463757,-0.698977948985368,1.54986885431892));
#8106=CARTESIAN_POINT('',(0.775190214263437,-0.699318030688938,1.54756744313922));
#8107=CARTESIAN_POINT('',(0.773480613638471,-0.699574194868299,1.54520437161623));
#8108=CARTESIAN_POINT('',(0.771839881218885,-0.69974469102428,1.54279072095332));
#8109=CARTESIAN_POINT('',(0.770199141848811,-0.699915187902519,1.54037706006567));
#8110=CARTESIAN_POINT('',(0.768627514855145,-0.700000000000053,1.53791318561999));
#8111=CARTESIAN_POINT('',(0.767132458357418,-0.700000000000053,1.53541145690297));
#8112=DRAUGHTING_PRE_DEFINED_CURVE_FONT('continuous');
#8113=COLOUR_RGB('',0.0299999993294477,0.0299999993294477,0.0299999993294477);
#8114=AXIS2_PLACEMENT_3D('',#12615,#12616,#12617);
#8115=DRAUGHTING_PRE_DEFINED_CURVE_FONT('continuous');
#8116=COLOUR_RGB('',0.0299999993294477,0.0299999993294477,0.0299999993294477);
#8117=CARTESIAN_POINT('',(2.0580012503591,-0.550000000000027,3.62187499999999));
#8118=CARTESIAN_POINT('',(2.0580012503591,1.64999999999998,3.62187499999997));
#8119=VECTOR('',#12618,1.0);
#8120=DRAUGHTING_PRE_DEFINED_CURVE_FONT('continuous');
#8121=COLOUR_RGB('',0.0299999993294477,0.0299999993294477,0.0299999993294477);
#8122=CARTESIAN_POINT('',(0.964642000000004,-0.550000000000004,5.40821939408684));
#8123=AXIS2_PLACEMENT_3D('',#12619,#12620,#12621);
#8124=DRAUGHTING_PRE_DEFINED_CURVE_FONT('continuous');
#8125=COLOUR_RGB('',0.0299999993294477,0.0299999993294477,0.0299999993294477);
#8126=CARTESIAN_POINT('',(0.964642000000004,1.65,5.40821939408681));
#8127=CARTESIAN_POINT('',(0.964642000000004,1.65,5.40821939408682));
#8128=VECTOR('',#12622,1.0);
#8129=DRAUGHTING_PRE_DEFINED_CURVE_FONT('continuous');
#8130=COLOUR_RGB('',0.0299999993294477,0.0299999993294477,0.0299999993294477);
#8131=AXIS2_PLACEMENT_3D('',#12623,#12624,#12625);
#8132=DRAUGHTING_PRE_DEFINED_CURVE_FONT('continuous');
#8133=COLOUR_RGB('',0.0299999993294477,0.0299999993294477,0.0299999993294477);
#8134=CARTESIAN_POINT('',(0.745892,2.29999999999994,1.17499999999997));
#8135=CARTESIAN_POINT('',(0.745892,-0.700000000000058,1.17500000000001));
#8136=CARTESIAN_POINT('',(0.745892000000004,2.29999999999994,1.17499999999997));
#8137=VECTOR('',#12626,1.0);
#8138=DRAUGHTING_PRE_DEFINED_CURVE_FONT('continuous');
#8139=COLOUR_RGB('',0.0299999993294477,0.0299999993294477,0.0299999993294477);
#8140=CARTESIAN_POINT('',(0.745892,-0.700000000000054,1.45846354961504));
#8141=CARTESIAN_POINT('',(0.745892000000004,-0.700000000000058,1.17500000000001));
#8142=VECTOR('',#12627,1.0);
#8143=DRAUGHTING_PRE_DEFINED_CURVE_FONT('continuous');
#8144=COLOUR_RGB('',0.0299999993294477,0.0299999993294477,0.0299999993294477);
#8145=CARTESIAN_POINT('',(0.745892000000004,1.42426491778266,1.45846354961501));
#8146=VECTOR('',#12628,1.0);
#8147=DRAUGHTING_PRE_DEFINED_CURVE_FONT('continuous');
#8148=COLOUR_RGB('',0.0299999993294477,0.0299999993294477,0.0299999993294477);
#8149=CARTESIAN_POINT('',(0.745892,2.29999999999995,2.02500000000006));
#8150=CARTESIAN_POINT('',(0.745892,1.83976747329766,2.02500000000007));
#8151=VECTOR('',#12629,1.0);
#8152=DRAUGHTING_PRE_DEFINED_CURVE_FONT('continuous');
#8153=COLOUR_RGB('',0.310000002384186,0.310000002384186,0.310000002384186);
#8154=CARTESIAN_POINT('',(0.745892,2.29999999999995,2.02500000000006));
#8155=VECTOR('',#12630,1.0);
#8156=DRAUGHTING_PRE_DEFINED_CURVE_FONT('continuous');
#8157=COLOUR_RGB('',0.0299999993294477,0.0299999993294477,0.0299999993294477);
#8158=CARTESIAN_POINT('',(2.99589200000002,-0.549999999999986,7.00000000000001));
#8159=CARTESIAN_POINT('',(2.99589200000003,-0.549999999999971,7.00000000000001));
#8160=VECTOR('',#12631,1.0);
#8161=DRAUGHTING_PRE_DEFINED_CURVE_FONT('continuous');
#8162=COLOUR_RGB('',0.0299999993294477,0.0299999993294477,0.0299999993294477);
#8163=CARTESIAN_POINT('',(2.99589200000003,-0.549999999999986,7.00000000000001));
#8164=VECTOR('',#12632,1.0);
#8165=DRAUGHTING_PRE_DEFINED_CURVE_FONT('continuous');
#8166=COLOUR_RGB('',0.0299999993294477,0.0299999993294477,0.0299999993294477);
#8167=CARTESIAN_POINT('',(0.745892000000004,1.42426491778271,5.54153645038495));
#8168=CARTESIAN_POINT('',(0.745892000000002,1.42426491778269,5.54153645038495));
#8169=CARTESIAN_POINT('',(0.745892000000002,1.434612008897,5.52915980153375));
#8170=CARTESIAN_POINT('',(0.747422355872519,1.44548402025591,5.51709748910549));
#8171=CARTESIAN_POINT('',(0.750262913311394,1.4566115052364,5.50558969656394));
#8172=CARTESIAN_POINT('',(0.7531038291771,1.46774039430369,5.49408045194769));
#8173=CARTESIAN_POINT('',(0.757255970784608,1.47911984081709,5.48313235120771));
#8174=CARTESIAN_POINT('',(0.762488821105858,1.49047467231782,5.47295371304575));
#8175=CARTESIAN_POINT('',(0.767728164532556,1.5018435932944,5.46276244487017));
#8176=CARTESIAN_POINT('',(0.774130127401854,1.51336431807697,5.45318282544641));
#8177=CARTESIAN_POINT('',(0.781577863958147,1.52480568146514,5.44441653326696));
#8178=CARTESIAN_POINT('',(0.785301687453531,1.53052629436303,5.44003343988839));
#8179=CARTESIAN_POINT('',(0.789286914038888,1.53622683163091,5.43585345603483));
#8180=CARTESIAN_POINT('',(0.793519824647095,1.54187698022042,5.43190097385699));
#8181=CARTESIAN_POINT('',(0.797756019254337,1.54753151233801,5.42794542524357));
#8182=CARTESIAN_POINT('',(0.802222466063409,1.5531150497075,5.42423048880741));
#8183=CARTESIAN_POINT('',(0.80696425528286,1.55866208648676,5.420739694553));
#8184=CARTESIAN_POINT('',(0.816447008949521,1.56975519521076,5.4137587132222));
#8185=CARTESIAN_POINT('',(0.827003216940319,1.58066126600422,5.40770858311054));
#8186=CARTESIAN_POINT('',(0.838527587869426,1.59096355258247,5.40293874397923));
#8187=CARTESIAN_POINT('',(0.841408894404276,1.59353931535724,5.40174619570533));
#8188=CARTESIAN_POINT('',(0.844351101031309,1.59607734172973,5.4006336384356));
#8189=CARTESIAN_POINT('',(0.84735319720312,1.59857061034912,5.39960694456235));
#8190=CARTESIAN_POINT('',(0.850352597337917,1.60106163988486,5.3985811727131));
#8191=CARTESIAN_POINT('',(0.853421537605249,1.60351625897098,5.39763759887654));
#8192=CARTESIAN_POINT('',(0.856566329192795,1.6059300343511,5.39678324104027));
#8193=CARTESIAN_POINT('',(0.862853941307457,1.61075607222979,5.39507506085342));
#8194=CARTESIAN_POINT('',(0.869426719150723,1.61540361358607,5.39373023870159));
#8195=CARTESIAN_POINT('',(0.876229528205802,1.61975530279862,5.39283074369126));
#8196=CARTESIAN_POINT('',(0.881850345346385,1.62335088355332,5.39208753644687));
#8197=CARTESIAN_POINT('',(0.887627416914998,1.62674421843993,5.39164807231299));
#8198=CARTESIAN_POINT('',(0.893528312278436,1.62986970470333,5.39155507493998));
#8199=CARTESIAN_POINT('',(0.899421836105128,1.63299128653606,5.39146219374147));
#8200=CARTESIAN_POINT('',(0.905455347463626,1.63585689356743,5.39171209217695));
#8201=CARTESIAN_POINT('',(0.911649521613681,1.63840866686428,5.39236641146085));
#8202=CARTESIAN_POINT('',(0.914741742206174,1.63968254869981,5.39269305703372));
#8203=CARTESIAN_POINT('',(0.917862872482212,1.64087276390743,5.39312017602199));
#8204=CARTESIAN_POINT('',(0.920997602132198,1.64196585160701,5.39365234460745));
#8205=CARTESIAN_POINT('',(0.92413234012447,1.64305894221556,5.39418451460915));
#8206=CARTESIAN_POINT('',(0.927280270127785,1.64405474196157,5.39482167923203));
#8207=CARTESIAN_POINT('',(0.930425714227502,1.64494221221689,5.39556582806094));
#8208=CARTESIAN_POINT('',(0.933571205045898,1.64582969565363,5.39630998794255));
#8209=CARTESIAN_POINT('',(0.936713733485507,1.64660872158043,5.39716100660664));
#8210=CARTESIAN_POINT('',(0.939838750003791,1.64727125055748,5.39811858830318));
#8211=CARTESIAN_POINT('',(0.942959782861917,1.64793293496609,5.39907494930856));
#8212=CARTESIAN_POINT('',(0.946083491105677,1.64848270722564,5.40014375549017));
#8213=CARTESIAN_POINT('',(0.949194893213666,1.64891057015923,5.40132660203237));
#8214=CARTESIAN_POINT('',(0.951811068337061,1.64927033219713,5.40232118055071));
#8215=CARTESIAN_POINT('',(0.954416170934137,1.64954347756805,5.40339558345692));
#8216=CARTESIAN_POINT('',(0.956995681786325,1.64972590685311,5.40454615849477));
#8217=CARTESIAN_POINT('',(0.959575182556218,1.64990833542513,5.40569672903547));
#8218=CARTESIAN_POINT('',(0.962128614215328,1.65,5.40692327131382));
#8219=CARTESIAN_POINT('',(0.964642000000001,1.65,5.40821939408681));
#8220=DRAUGHTING_PRE_DEFINED_CURVE_FONT('continuous');
#8221=COLOUR_RGB('',0.0299999993294477,0.0299999993294477,0.0299999993294477);
#8222=CARTESIAN_POINT('',(0.745892000000004,1.83976747329571,4.97499999999988));
#8223=CARTESIAN_POINT('',(0.745892000000004,1.8250225016202,5.0003682084811));
#8224=CARTESIAN_POINT('',(0.745892000000003,1.8097140209018,5.02543252555169));
#8225=CARTESIAN_POINT('',(0.745892000000003,1.79397503554759,5.05022277094253));
#8226=CARTESIAN_POINT('',(0.745892000000003,1.77823608563353,5.07501296051211));
#8227=CARTESIAN_POINT('',(0.745892000000004,1.76206556753346,5.09952981864247));
#8228=CARTESIAN_POINT('',(0.745892000000004,1.74557685154612,5.12378621001408));
#8229=CARTESIAN_POINT('',(0.745892000000004,1.72908406597085,5.1480485881173));
#8230=CARTESIAN_POINT('',(0.745892000001679,1.71229538214439,5.17201878166629));
#8231=CARTESIAN_POINT('',(0.745892000001679,1.69522636335681,5.1958120843235));
#8232=CARTESIAN_POINT('',(0.745892000001679,1.67815864270214,5.21960357745259));
#8233=CARTESIAN_POINT('',(0.745892000000003,1.6608204751956,5.24320253050621));
#8234=CARTESIAN_POINT('',(0.745892000000003,1.64326238741141,5.26664031091097));
#8235=CARTESIAN_POINT('',(0.745892000000003,1.62570426656929,5.29007813544379));
#8236=CARTESIAN_POINT('',(0.745892000000004,1.60792578898281,5.31335495184113));
#8237=CARTESIAN_POINT('',(0.745892000000004,1.58996661099128,5.33649528420878));
#8238=CARTESIAN_POINT('',(0.745892000000004,1.57200742648938,5.359635624965));
#8239=CARTESIAN_POINT('',(0.745892000000004,1.55386725464421,5.38263955261297));
#8240=CARTESIAN_POINT('',(0.745892000000004,1.53557819807507,5.40552572925086));
#8241=CARTESIAN_POINT('',(0.745892000000004,1.51728914782804,5.42841189797754));
#8242=CARTESIAN_POINT('',(0.745892000003223,1.49885102767476,5.45118033387921));
#8243=CARTESIAN_POINT('',(0.745892000003223,1.48029060007752,5.47384484295381));
#8244=CARTESIAN_POINT('',(0.745892000003223,1.46173018174152,5.49650934071932));
#8245=CARTESIAN_POINT('',(0.745892000000006,1.44304734008,5.51906989985587));
#8246=CARTESIAN_POINT('',(0.745892000000006,1.42426491778271,5.54153645038495));
#8247=DRAUGHTING_PRE_DEFINED_CURVE_FONT('continuous');
#8248=COLOUR_RGB('',0.0299999993294477,0.0299999993294477,0.0299999993294477);
#8249=CARTESIAN_POINT('',(1.44589199999999,2.29999999999995,2.02500000000006));
#8250=CARTESIAN_POINT('',(1.44589199999999,2.29999999999995,2.02500000000006));
#8251=VECTOR('',#12633,1.0);
#8252=DRAUGHTING_PRE_DEFINED_CURVE_FONT('continuous');
#8253=COLOUR_RGB('',0.310000002384186,0.310000002384186,0.310000002384186);
#8254=CARTESIAN_POINT('',(0.745892,2.29999999999995,2.02500000000006));
#8255=VECTOR('',#12634,1.0);
#8256=DRAUGHTING_PRE_DEFINED_CURVE_FONT('continuous');
#8257=COLOUR_RGB('',0.0299999993294477,0.0299999993294477,0.0299999993294477);
#8258=CARTESIAN_POINT('',(1.44589200000002,-0.7,5.82500000000001));
#8259=CARTESIAN_POINT('',(1.44589200000002,-0.699999999999988,6.75));
#8260=VECTOR('',#12635,1.0);
#8261=DRAUGHTING_PRE_DEFINED_CURVE_FONT('continuous');
#8262=COLOUR_RGB('',0.0299999993294477,0.0299999993294477,0.0299999993294477);
#8263=CARTESIAN_POINT('',(1.44589200000002,-0.7,5.82500000000001));
#8264=VECTOR('',#12636,1.0);
#8265=DRAUGHTING_PRE_DEFINED_CURVE_FONT('continuous');
#8266=COLOUR_RGB('',0.0299999993294477,0.0299999993294477,0.0299999993294477);
#8267=CARTESIAN_POINT('',(1.99544542898182,-0.550000000000028,3.50000000000001));
#8268=AXIS2_PLACEMENT_3D('',#12637,#12638,#12639);
#8269=DRAUGHTING_PRE_DEFINED_CURVE_FONT('continuous');
#8270=COLOUR_RGB('',0.310000002384186,0.310000002384186,0.310000002384186);
#8271=AXIS2_PLACEMENT_3D('',#12640,#12641,#12642);
#8272=DRAUGHTING_PRE_DEFINED_CURVE_FONT('continuous');
#8273=COLOUR_RGB('',0.0299999993294477,0.0299999993294477,0.0299999993294477);
#8274=AXIS2_PLACEMENT_3D('',#12643,#12644,#12645);
#8275=DRAUGHTING_PRE_DEFINED_CURVE_FONT('continuous');
#8276=COLOUR_RGB('',0.0299999993294477,0.0299999993294477,0.0299999993294477);
#8277=CARTESIAN_POINT('',(0.745892000000004,-0.700000000000004,5.54153645038498));
#8278=CARTESIAN_POINT('',(0.745892000000004,1.42426491778271,5.54153645038495));
#8279=VECTOR('',#12646,1.0);
#8280=DRAUGHTING_PRE_DEFINED_CURVE_FONT('continuous');
#8281=COLOUR_RGB('',0.0299999993294477,0.0299999993294477,0.0299999993294477);
#8282=CARTESIAN_POINT('',(0.745892000000004,-0.7,5.82500000000001));
#8283=CARTESIAN_POINT('',(0.745892000000004,-0.700000000000003,5.54153645038498));
#8284=VECTOR('',#12647,1.0);
#8285=DRAUGHTING_PRE_DEFINED_CURVE_FONT('continuous');
#8286=COLOUR_RGB('',0.0299999993294477,0.0299999993294477,0.0299999993294477);
#8287=CARTESIAN_POINT('',(0.745892,2.3,5.82499999999997));
#8288=CARTESIAN_POINT('',(0.745892000000004,2.3,5.82499999999997));
#8289=VECTOR('',#12648,1.0);
#8290=DRAUGHTING_PRE_DEFINED_CURVE_FONT('continuous');
#8291=COLOUR_RGB('',0.310000002384186,0.310000002384186,0.310000002384186);
#8292=CARTESIAN_POINT('',(0.745892000000004,2.3,5.82499999999997));
#8293=VECTOR('',#12649,1.0);
#8294=DRAUGHTING_PRE_DEFINED_CURVE_FONT('continuous');
#8295=COLOUR_RGB('',0.0299999993294477,0.0299999993294477,0.0299999993294477);
#8296=CARTESIAN_POINT('',(2.0580012503591,1.64999999999998,3.37812499999998));
#8297=CARTESIAN_POINT('',(2.0580012503592,1.64999999999998,3.37812499999992));
#8298=CARTESIAN_POINT('',(2.05252805956973,1.64999999999998,3.38205196347093));
#8299=CARTESIAN_POINT('',(2.04735636078893,1.64948284822192,3.38631914398304));
#8300=CARTESIAN_POINT('',(2.04248858622199,1.64846137241909,3.39091338978164));
#8301=CARTESIAN_POINT('',(2.04005891480621,1.64795151919439,3.39320653371023));
#8302=CARTESIAN_POINT('',(2.03771568053663,1.64731739436563,3.39557207025792));
#8303=CARTESIAN_POINT('',(2.03547137178193,1.64656835599669,3.39799163395583));
#8304=CARTESIAN_POINT('',(2.03322705435598,1.64581931473372,3.40041120700212));
#8305=CARTESIAN_POINT('',(2.03108219365473,1.64495560015103,3.4028841753715));
#8306=CARTESIAN_POINT('',(2.02904493099081,1.64399096385015,3.40539067663571));
#8307=CARTESIAN_POINT('',(2.02700590175186,1.64302549108256,3.40789935136661));
#8308=CARTESIAN_POINT('',(2.02508241462647,1.64196400319394,3.41043053928295));
#8309=CARTESIAN_POINT('',(2.02325346568,1.64080738515771,3.41299928675895));
#8310=CARTESIAN_POINT('',(2.02142431277832,1.63965063814124,3.41556832068878));
#8311=CARTESIAN_POINT('',(2.01969227666759,1.63839922487521,3.41817257397078));
#8312=CARTESIAN_POINT('',(2.01805781231679,1.63706344189821,3.4208015459719));
#8313=CARTESIAN_POINT('',(2.01478862626615,1.63439166562301,3.42605990391004));
#8314=CARTESIAN_POINT('',(2.0119119577426,1.63138250852036,3.43141556603155));
#8315=CARTESIAN_POINT('',(2.00941814098843,1.62812909285519,3.43678151440281));
#8316=CARTESIAN_POINT('',(2.00692119311229,1.6248715923505,3.44215420001279));
#8317=CARTESIAN_POINT('',(2.00481971100559,1.62139356146893,3.44750195227192));
#8318=CARTESIAN_POINT('',(2.00305135155724,1.61772630949971,3.45284147251653));
#8319=CARTESIAN_POINT('',(2.00128172607151,1.61405643200203,3.45818481553155));
#8320=CARTESIAN_POINT('',(1.99984657919045,1.61019165191733,3.46352539269961));
#8321=CARTESIAN_POINT('',(1.99871947231498,1.60618303086923,3.46883120726864));
#8322=CARTESIAN_POINT('',(1.99646423554823,1.59816215035789,3.47944765221637));
#8323=CARTESIAN_POINT('',(1.99544542898182,1.58958237870128,3.48990563759349));
#8324=CARTESIAN_POINT('',(1.99544542898182,1.58078868335532,3.49999999999998));
#8325=DRAUGHTING_PRE_DEFINED_CURVE_FONT('continuous');
#8326=COLOUR_RGB('',0.0299999993294477,0.0299999993294477,0.0299999993294477);
#8327=CARTESIAN_POINT('',(2.0580012503591,1.64999999999998,3.37812499999999));
#8328=VECTOR('',#12650,1.0);
#8329=DRAUGHTING_PRE_DEFINED_CURVE_FONT('continuous');
#8330=COLOUR_RGB('',0.0299999993294477,0.0299999993294477,0.0299999993294477);
#8331=AXIS2_PLACEMENT_3D('',#12651,#12652,#12653);
#8332=DRAUGHTING_PRE_DEFINED_CURVE_FONT('continuous');
#8333=COLOUR_RGB('',0.0299999993294477,0.0299999993294477,0.0299999993294477);
#8334=CARTESIAN_POINT('',(0.745892000000004,-0.7,5.82500000000001));
#8335=VECTOR('',#12654,1.0);
#8336=DRAUGHTING_PRE_DEFINED_CURVE_FONT('continuous');
#8337=COLOUR_RGB('',0.0299999993294477,0.0299999993294477,0.0299999993294477);
#8338=CARTESIAN_POINT('',(2.49589199999997,2.3,5.82499999999997));
#8339=CARTESIAN_POINT('',(2.49589199999997,0.20000000000001,5.82499999999999));
#8340=VECTOR('',#12655,1.0);
#8341=DRAUGHTING_PRE_DEFINED_CURVE_FONT('continuous');
#8342=COLOUR_RGB('',0.310000002384186,0.310000002384186,0.310000002384186);
#8343=CARTESIAN_POINT('',(0.745892,2.3,5.82499999999997));
#8344=VECTOR('',#12656,1.0);
#8345=DRAUGHTING_PRE_DEFINED_CURVE_FONT('continuous');
#8346=COLOUR_RGB('',0.0299999993294477,0.0299999993294477,0.0299999993294477);
#8347=AXIS2_PLACEMENT_3D('',#12657,#12658,#12659);
#8348=DRAUGHTING_PRE_DEFINED_CURVE_FONT('continuous');
#8349=COLOUR_RGB('',0.0299999993294477,0.0299999993294477,0.0299999993294477);
#8350=CARTESIAN_POINT('',(0.767132458349684,-0.700000000000005,5.46458854309175));
#8351=AXIS2_PLACEMENT_3D('',#12660,#12661,#12662);
#8352=DRAUGHTING_PRE_DEFINED_CURVE_FONT('continuous');
#8353=COLOUR_RGB('',0.0299999993294477,0.0299999993294477,0.0299999993294477);
#8354=CARTESIAN_POINT('',(0.767132458357431,-0.700000000000004,5.46458854309703));
#8355=CARTESIAN_POINT('',(0.768627514855159,-0.700000000000004,5.46208681438));
#8356=CARTESIAN_POINT('',(0.770199141848824,-0.699915187902469,5.45962293993433));
#8357=CARTESIAN_POINT('',(0.771839881218899,-0.69974469102423,5.45720927904668));
#8358=CARTESIAN_POINT('',(0.773480613640097,-0.69957419486808,5.45479562838139));
#8359=CARTESIAN_POINT('',(0.775190214265187,-0.699318030688554,5.45243255685852));
#8360=CARTESIAN_POINT('',(0.776958950463772,-0.698977948985317,5.45013114568108));
#8361=CARTESIAN_POINT('',(0.780497984531645,-0.698297485310417,5.44552629134064));
#8362=CARTESIAN_POINT('',(0.784267854930857,-0.697280958448718,5.44117810701698));
#8363=CARTESIAN_POINT('',(0.788189569646019,-0.695966536624713,5.43713249214658));
#8364=CARTESIAN_POINT('',(0.792118481311538,-0.69464970263427,5.43307945294996));
#8365=CARTESIAN_POINT('',(0.796244357009658,-0.693019383548506,5.42928328592315));
#8366=CARTESIAN_POINT('',(0.800501233744493,-0.691111296969383,5.42577548238113));
#8367=CARTESIAN_POINT('',(0.80475796072777,-0.68920327751434,5.42226780223922));
#8368=CARTESIAN_POINT('',(0.809141265500686,-0.68701948328359,5.41905199578988));
#8369=CARTESIAN_POINT('',(0.813575169447401,-0.684616471443754,5.41614131727458));
#8370=CARTESIAN_POINT('',(0.818011978611867,-0.68221188508342,5.41322873160138));
#8371=CARTESIAN_POINT('',(0.822473382441366,-0.679604914634829,5.41063352682627));
#8372=CARTESIAN_POINT('',(0.826991201658817,-0.676796148097775,5.4082972670043));
#8373=CARTESIAN_POINT('',(0.83150633939918,-0.673989048657777,5.40596239383082));
#8374=CARTESIAN_POINT('',(0.836060950719696,-0.670988996206723,5.40389820952753));
#8375=CARTESIAN_POINT('',(0.840618978682796,-0.667834610379072,5.40209150384886));
#8376=CARTESIAN_POINT('',(0.849739420316573,-0.661522803592364,5.39847635408998));
#8377=CARTESIAN_POINT('',(0.858853413580876,-0.654605491707521,5.39590083711575));
#8378=CARTESIAN_POINT('',(0.867725385615319,-0.647390349342384,5.39420470962928));
#8379=CARTESIAN_POINT('',(0.876618555572912,-0.640157967739703,5.39250452956239));
#8380=CARTESIAN_POINT('',(0.885389513172574,-0.632530509084704,5.39166144293171));
#8381=CARTESIAN_POINT('',(0.893922246115902,-0.624697723960064,5.39154938404379));
#8382=CARTESIAN_POINT('',(0.902451132164545,-0.616868470165851,5.39143737567646));
#8383=CARTESIAN_POINT('',(0.910806695307754,-0.608775969153843,5.39205309262986));
#8384=CARTESIAN_POINT('',(0.918938345222666,-0.600529025878111,5.39331747058893));
#8385=CARTESIAN_POINT('',(0.927070245422138,-0.592281828769198,5.39458188746437));
#8386=CARTESIAN_POINT('',(0.934980005142717,-0.583878046397005,5.39649616131686));
#8387=CARTESIAN_POINT('',(0.94261505275517,-0.575422046036183,5.3989988892258));
#8388=CARTESIAN_POINT('',(0.950250165022454,-0.566965974068567,5.40150163832825));
#8389=CARTESIAN_POINT('',(0.957611114194084,-0.558456907125365,5.40459365097048));
#8390=CARTESIAN_POINT('',(0.964642000000004,-0.550000000000004,5.40821939408684));
#8391=DRAUGHTING_PRE_DEFINED_CURVE_FONT('continuous');
#8392=COLOUR_RGB('',0.310000002384186,0.310000002384186,0.310000002384186);
#8393=CARTESIAN_POINT('',(2.89589199999997,2.29999999999995,1.57499999999997));
#8394=AXIS2_PLACEMENT_3D('',#12663,#12664,#12665);
#8395=DRAUGHTING_PRE_DEFINED_CURVE_FONT('continuous');
#8396=COLOUR_RGB('',0.0299999993294477,0.0299999993294477,0.0299999993294477);
#8397=CARTESIAN_POINT('',(2.89589199999997,0.199999999999958,1.57499999999999));
#8398=VECTOR('',#12666,1.0);
#8399=DRAUGHTING_PRE_DEFINED_CURVE_FONT('continuous');
#8400=COLOUR_RGB('',0.310000002384186,0.310000002384186,0.310000002384186);
#8401=CARTESIAN_POINT('',(2.89589199999997,2.29999999999995,1.57499999999997));
#8402=VECTOR('',#12667,1.0);
#8403=DRAUGHTING_PRE_DEFINED_CURVE_FONT('continuous');
#8404=COLOUR_RGB('',0.310000002384186,0.310000002384186,0.310000002384186);
#8405=CARTESIAN_POINT('',(0.745892,2.29999999999994,1.17499999999997));
#8406=VECTOR('',#12668,1.0);
#8407=DRAUGHTING_PRE_DEFINED_CURVE_FONT('continuous');
#8408=COLOUR_RGB('',0.0299999993294477,0.0299999993294477,0.0299999993294477);
#8409=CARTESIAN_POINT('',(1.44589200000003,-0.700000000000058,1.17500000000001));
#8410=CARTESIAN_POINT('',(1.44589200000003,0.199999999999952,1.17499999999999));
#8411=VECTOR('',#12669,1.0);
#8412=DRAUGHTING_PRE_DEFINED_CURVE_FONT('continuous');
#8413=COLOUR_RGB('',0.0299999993294477,0.0299999993294477,0.0299999993294477);
#8414=CARTESIAN_POINT('',(0.745892000000004,-0.700000000000058,1.17500000000001));
#8415=VECTOR('',#12670,1.0);
#8416=DRAUGHTING_PRE_DEFINED_CURVE_FONT('continuous');
#8417=COLOUR_RGB('',0.0299999993294477,0.0299999993294477,0.0299999993294477);
#8418=CARTESIAN_POINT('',(3.14589200000004,-0.699999999999988,6.85000000000001));
#8419=CARTESIAN_POINT('',(1.54589200000003,-0.699999999999989,6.85));
#8420=VECTOR('',#12671,1.0);
#8421=DRAUGHTING_PRE_DEFINED_CURVE_FONT('continuous');
#8422=COLOUR_RGB('',0.0299999993294477,0.0299999993294477,0.0299999993294477);
#8423=CARTESIAN_POINT('',(3.14589200000005,-0.699999999999985,6.85));
#8424=VECTOR('',#12672,1.0);
#8425=DRAUGHTING_PRE_DEFINED_CURVE_FONT('continuous');
#8426=COLOUR_RGB('',0.310000002384186,0.310000002384186,0.310000002384186);
#8427=CARTESIAN_POINT('',(0.745892,2.29999999999998,3.97499999999988));
#8428=CARTESIAN_POINT('',(0.745892,2.29999999999997,3.02500000000006));
#8429=CARTESIAN_POINT('',(0.745892000000004,2.29999999999998,3.97499999999988));
#8430=VECTOR('',#12673,1.0);
#8431=DRAUGHTING_PRE_DEFINED_CURVE_FONT('continuous');
#8432=COLOUR_RGB('',0.0299999993294477,0.0299999993294477,0.0299999993294477);
#8433=CARTESIAN_POINT('',(0.745892000000004,1.8397674732961,3.02500000000007));
#8434=CARTESIAN_POINT('',(0.745892000000004,1.83976747329574,3.02500000000007));
#8435=VECTOR('',#12674,1.0);
#8436=DRAUGHTING_PRE_DEFINED_CURVE_FONT('continuous');
#8437=COLOUR_RGB('',0.0299999993294477,0.0299999993294477,0.0299999993294477);
#8438=CARTESIAN_POINT('',(0.745892000000004,1.64999999999997,3.30762379212497));
#8439=CARTESIAN_POINT('',(0.745892000000004,1.66694353740877,3.28489165126974));
#8440=CARTESIAN_POINT('',(0.745892000000004,1.68369653820321,3.26197658724583));
#8441=CARTESIAN_POINT('',(0.745892000000004,1.70019618464953,3.23886810349627));
#8442=CARTESIAN_POINT('',(0.745892000000004,1.71669586267522,3.21575957551841));
#8443=CARTESIAN_POINT('',(0.745892000000004,1.73294260963696,3.19245750732323));
#8444=CARTESIAN_POINT('',(0.745892000000004,1.74886348597537,3.16894151000764));
#8445=CARTESIAN_POINT('',(0.745892000000004,1.76478437347796,3.14542549620196));
#8446=CARTESIAN_POINT('',(0.745892000000004,1.78038011728979,3.12169514987406));
#8447=CARTESIAN_POINT('',(0.745892000000004,1.79556311692779,3.09771814661434));
#8448=CARTESIAN_POINT('',(0.745892000000004,1.81074605651762,3.07374123818271));
#8449=CARTESIAN_POINT('',(0.745892000000004,1.8255173903709,3.04951676968034));
#8450=CARTESIAN_POINT('',(0.745892000000004,1.8397674732957,3.02500000000004));
#8451=DRAUGHTING_PRE_DEFINED_CURVE_FONT('continuous');
#8452=COLOUR_RGB('',0.0299999993294477,0.0299999993294477,0.0299999993294477);
#8453=CARTESIAN_POINT('',(0.745892000000004,1.83976747330003,3.97499999999989));
#8454=VECTOR('',#12675,1.0);
#8455=DRAUGHTING_PRE_DEFINED_CURVE_FONT('continuous');
#8456=COLOUR_RGB('',0.310000002384186,0.310000002384186,0.310000002384186);
#8457=AXIS2_PLACEMENT_3D('',#12676,#12677,#12678);
#8458=DRAUGHTING_PRE_DEFINED_CURVE_FONT('continuous');
#8459=COLOUR_RGB('',0.310000002384186,0.310000002384186,0.310000002384186);
#8460=CARTESIAN_POINT('',(1.44589199999999,2.29999999999997,3.02500000000006));
#8461=VECTOR('',#12679,1.0);
#8462=DRAUGHTING_PRE_DEFINED_CURVE_FONT('continuous');
#8463=COLOUR_RGB('',0.0299999993294477,0.0299999993294477,0.0299999993294477);
#8464=CARTESIAN_POINT('',(1.44589200023066,2.20000000000001,3.02500000000004));
#8465=CARTESIAN_POINT('',(1.4375130028399,2.20000000000388,3.02500000000004));
#8466=CARTESIAN_POINT('',(1.42912292158726,2.19978900778651,3.0249999999997));
#8467=CARTESIAN_POINT('',(1.42073585595457,2.19936756838743,3.0249999999997));
#8468=CARTESIAN_POINT('',(1.41234881508629,2.19894613023274,3.0249999999997));
#8469=CARTESIAN_POINT('',(1.40396511752119,2.19831426421867,3.0249999999981));
#8470=CARTESIAN_POINT('',(1.39559929550732,2.19747700936258,3.0249999999981));
#8471=CARTESIAN_POINT('',(1.38723347354109,2.19663975451126,3.0249999999981));
#8472=CARTESIAN_POINT('',(1.37888582010045,2.19559716966976,3.02499999999536));
#8473=CARTESIAN_POINT('',(1.37057033747336,2.19435847398597,3.02499999999536));
#8474=CARTESIAN_POINT('',(1.36225483431809,2.19311977524425,3.02499999999536));
#8475=CARTESIAN_POINT('',(1.35397173773269,2.19168504957862,3.0249999999949));
#8476=CARTESIAN_POINT('',(1.34573378464951,2.19006699647577,3.0249999999949));
#8477=CARTESIAN_POINT('',(1.32925695545566,2.18683070897413,3.0249999999949));
#8478=CARTESIAN_POINT('',(1.31296498533425,2.1828601792306,3.02500000000005));
#8479=CARTESIAN_POINT('',(1.29693556781008,2.17828358403175,3.02500000000005));
#8480=CARTESIAN_POINT('',(1.28091717752183,2.17371013724393,3.02500000000005));
#8481=CARTESIAN_POINT('',(1.26510225101637,2.16851803629584,3.02500000000006));
#8482=CARTESIAN_POINT('',(1.24946407722413,2.16279991730633,3.02500000000006));
#8483=CARTESIAN_POINT('',(1.2338270325547,2.15708221118207,3.02500000000006));
#8484=CARTESIAN_POINT('',(1.21837169282694,2.15084028725526,3.02500000000006));
#8485=CARTESIAN_POINT('',(1.20308464056734,2.14416242139029,3.02500000000006));
#8486=CARTESIAN_POINT('',(1.18779748184086,2.13748450901724,3.02500000000006));
#8487=CARTESIAN_POINT('',(1.17267773799272,2.13037035131261,3.02500000000005));
#8488=CARTESIAN_POINT('',(1.15771325108037,2.12289776353845,3.02500000000005));
#8489=CARTESIAN_POINT('',(1.14274873968705,2.11542516353959,3.02500000000005));
#8490=CARTESIAN_POINT('',(1.12793885557698,2.10759375955883,3.02500000000006));
#8491=CARTESIAN_POINT('',(1.11327572693869,2.09947224451717,3.02500000000006));
#8492=CARTESIAN_POINT('',(1.09861262652548,2.09135074510863,3.02500000000006));
#8493=CARTESIAN_POINT('',(1.08409589702343,2.08293881261794,3.02500000000006));
#8494=CARTESIAN_POINT('',(1.06972319946408,2.07429802102223,3.02500000000006));
#8495=CARTESIAN_POINT('',(1.05535054931483,2.06565725792924,3.02500000000006));
#8496=CARTESIAN_POINT('',(1.04112173102124,2.05678740333839,3.02500000000006));
#8497=CARTESIAN_POINT('',(1.02703989253189,2.04774461448713,3.02500000000006));
#8498=CARTESIAN_POINT('',(1.01295804569435,2.038701820275,3.02500000000006));
#8499=CARTESIAN_POINT('',(0.999023302994609,2.02948608046842,3.02500000000006));
#8500=CARTESIAN_POINT('',(0.985242863614175,2.02014882006937,3.02500000000006));
#8501=CARTESIAN_POINT('',(0.971460004896633,2.01080992039163,3.02500000000006));
#8502=CARTESIAN_POINT('',(0.957782585641547,2.00131636915724,3.02500000000006));
#8503=CARTESIAN_POINT('',(0.944196054970783,1.99169298940443,3.02500000000006));
#8504=CARTESIAN_POINT('',(0.93060949465187,1.98206958865175,3.02500000000006));
#8505=CARTESIAN_POINT('',(0.91711373486365,1.97231619468412,3.02500000000006));
#8506=CARTESIAN_POINT('',(0.903696605271674,1.9624528177366,3.02500000000006));
#8507=CARTESIAN_POINT('',(0.890279462452354,1.95258943106522,3.02500000000006));
#8508=CARTESIAN_POINT('',(0.876940899278949,1.94261594231379,3.02500000000007));
#8509=CARTESIAN_POINT('',(0.863670944434841,1.93254879142483,3.02500000000007));
#8510=CARTESIAN_POINT('',(0.850400986518256,1.92248163820496,3.02500000000007));
#8511=CARTESIAN_POINT('',(0.837199610074348,1.91232073780539,3.02500000000007));
#8512=CARTESIAN_POINT('',(0.824058811741616,1.90207988243204,3.02500000000007));
#8513=CARTESIAN_POINT('',(0.797777358989709,1.88159828383969,3.02500000000007));
#8514=CARTESIAN_POINT('',(0.771736386971034,1.86079791601682,3.02500000000007));
#8515=CARTESIAN_POINT('',(0.745892000001114,1.83976747329659,3.02500000000007));
#8516=DRAUGHTING_PRE_DEFINED_CURVE_FONT('continuous');
#8517=COLOUR_RGB('',0.0299999993294477,0.0299999993294477,0.0299999993294477);
#8518=AXIS2_PLACEMENT_3D('',#12680,#12681,#12682);
#8519=DRAUGHTING_PRE_DEFINED_CURVE_FONT('continuous');
#8520=COLOUR_RGB('',0.0299999993294477,0.0299999993294477,0.0299999993294477);
#8521=CARTESIAN_POINT('',(0.964642000000004,1.64999999999996,1.59178060591314));
#8522=VECTOR('',#12683,1.0);
#8523=DRAUGHTING_PRE_DEFINED_CURVE_FONT('continuous');
#8524=COLOUR_RGB('',0.0299999993294477,0.0299999993294477,0.0299999993294477);
#8525=AXIS2_PLACEMENT_3D('',#12684,#12685,#12686);
#8526=DRAUGHTING_PRE_DEFINED_CURVE_FONT('continuous');
#8527=COLOUR_RGB('',0.310000002384186,0.310000002384186,0.310000002384186);
#8528=CARTESIAN_POINT('',(0.745892,2.29999999999998,3.97499999999988));
#8529=VECTOR('',#12687,1.0);
#8530=DRAUGHTING_PRE_DEFINED_CURVE_FONT('continuous');
#8531=COLOUR_RGB('',0.0299999993294477,0.0299999993294477,0.0299999993294477);
#8532=CARTESIAN_POINT('',(1.44589200000003,-0.700000000000069,0.250000000000007));
#8533=CARTESIAN_POINT('',(1.44589200000003,-0.700000000000069,0.250000000000006));
#8534=VECTOR('',#12688,1.0);
#8535=DRAUGHTING_PRE_DEFINED_CURVE_FONT('continuous');
#8536=COLOUR_RGB('',0.0299999993294477,0.0299999993294477,0.0299999993294477);
#8537=CARTESIAN_POINT('',(1.44589200000003,-0.700000000000069,0.250000000000004));
#8538=VECTOR('',#12689,1.0);
#8539=DRAUGHTING_PRE_DEFINED_CURVE_FONT('continuous');
#8540=COLOUR_RGB('',0.0299999993294477,0.0299999993294477,0.0299999993294477);
#8541=AXIS2_PLACEMENT_3D('',#12690,#12691,#12692);
#8542=DRAUGHTING_PRE_DEFINED_CURVE_FONT('continuous');
#8543=COLOUR_RGB('',0.0299999993294477,0.0299999993294477,0.0299999993294477);
#8544=CARTESIAN_POINT('',(3.14589200000004,-0.699999999999988,6.85000000000001));
#8545=VECTOR('',#12693,1.0);
#8546=DRAUGHTING_PRE_DEFINED_CURVE_FONT('continuous');
#8547=COLOUR_RGB('',0.310000002384186,0.310000002384186,0.310000002384186);
#8548=AXIS2_PLACEMENT_3D('',#12694,#12695,#12696);
#8549=DRAUGHTING_PRE_DEFINED_CURVE_FONT('continuous');
#8550=COLOUR_RGB('',0.0299999993294477,0.0299999993294477,0.0299999993294477);
#8551=AXIS2_PLACEMENT_3D('',#12697,#12698,#12699);
#8552=DRAUGHTING_PRE_DEFINED_CURVE_FONT('continuous');
#8553=COLOUR_RGB('',0.0299999993294477,0.0299999993294477,0.0299999993294477);
#8554=CARTESIAN_POINT('',(1.54589200000003,-0.70000000000007,0.150000000000013));
#8555=VECTOR('',#12700,1.0);
#8556=DRAUGHTING_PRE_DEFINED_CURVE_FONT('continuous');
#8557=COLOUR_RGB('',0.0299999993294477,0.0299999993294477,0.0299999993294477);
#8558=AXIS2_PLACEMENT_3D('',#12701,#12702,#12703);
#8559=SURFACE_SIDE_STYLE('',(#12704));
#8560=SURFACE_SIDE_STYLE('',(#12705));
#8561=EDGE_LOOP('',(#12706,#12707,#12708,#12709));
#8562=AXIS2_PLACEMENT_3D('',#12710,#12711,#12712);
#8563=SURFACE_SIDE_STYLE('',(#12713));
#8564=EDGE_LOOP('',(#12714,#12715,#12716,#12717));
#8565=AXIS2_PLACEMENT_3D('',#12718,#12719,#12720);
#8566=SURFACE_SIDE_STYLE('',(#12721));
#8567=EDGE_LOOP('',(#12722,#12723,#12724,#12725));
#8568=AXIS2_PLACEMENT_3D('',#12726,#12727,#12728);
#8569=SURFACE_SIDE_STYLE('',(#12729));
#8570=EDGE_LOOP('',(#12730,#12731,#12732,#12733));
#8571=AXIS2_PLACEMENT_3D('',#12734,#12735,#12736);
#8572=SURFACE_SIDE_STYLE('',(#12737));
#8573=EDGE_LOOP('',(#12738,#12739,#12740,#12741));
#8574=AXIS2_PLACEMENT_3D('',#12742,#12743,#12744);
#8575=SURFACE_SIDE_STYLE('',(#12745));
#8576=EDGE_LOOP('',(#12746,#12747,#12748,#12749));
#8577=AXIS2_PLACEMENT_3D('',#12750,#12751,#12752);
#8578=SURFACE_SIDE_STYLE('',(#12753));
#8579=EDGE_LOOP('',(#12754,#12755,#12756,#12757));
#8580=AXIS2_PLACEMENT_3D('',#12758,#12759,#12760);
#8581=SURFACE_SIDE_STYLE('',(#12761));
#8582=EDGE_LOOP('',(#12762,#12763,#12764,#12765));
#8583=AXIS2_PLACEMENT_3D('',#12766,#12767,#12768);
#8584=SURFACE_SIDE_STYLE('',(#12769));
#8585=EDGE_LOOP('',(#12770,#12771,#12772,#12773));
#8586=AXIS2_PLACEMENT_3D('',#12774,#12775,#12776);
#8587=SURFACE_SIDE_STYLE('',(#12777));
#8588=EDGE_LOOP('',(#12778,#12779,#12780,#12781));
#8589=AXIS2_PLACEMENT_3D('',#12782,#12783,#12784);
#8590=SURFACE_SIDE_STYLE('',(#12785));
#8591=EDGE_LOOP('',(#12786,#12787,#12788,#12789));
#8592=AXIS2_PLACEMENT_3D('',#12790,#12791,#12792);
#8593=SURFACE_SIDE_STYLE('',(#12793));
#8594=EDGE_LOOP('',(#12794,#12795,#12796,#12797));
#8595=AXIS2_PLACEMENT_3D('',#12798,#12799,#12800);
#8596=SURFACE_SIDE_STYLE('',(#12801));
#8597=EDGE_LOOP('',(#12802,#12803,#12804,#12805));
#8598=AXIS2_PLACEMENT_3D('',#12806,#12807,#12808);
#8599=SURFACE_SIDE_STYLE('',(#12809));
#8600=EDGE_LOOP('',(#12810,#12811,#12812,#12813));
#8601=AXIS2_PLACEMENT_3D('',#12814,#12815,#12816);
#8602=SURFACE_SIDE_STYLE('',(#12817));
#8603=EDGE_LOOP('',(#12818,#12819,#12820,#12821));
#8604=AXIS2_PLACEMENT_3D('',#12822,#12823,#12824);
#8605=SURFACE_SIDE_STYLE('',(#12825));
#8606=EDGE_LOOP('',(#12826,#12827,#12828,#12829,#12830));
#8607=AXIS2_PLACEMENT_3D('',#12831,#12832,#12833);
#8608=SURFACE_SIDE_STYLE('',(#12834));
#8609=EDGE_LOOP('',(#12835,#12836,#12837,#12838,#12839));
#8610=AXIS2_PLACEMENT_3D('',#12840,#12841,#12842);
#8611=SURFACE_SIDE_STYLE('',(#12843));
#8612=EDGE_LOOP('',(#12844,#12845,#12846,#12847,#12848));
#8613=AXIS2_PLACEMENT_3D('',#12849,#12850,#12851);
#8614=SURFACE_SIDE_STYLE('',(#12852));
#8615=EDGE_LOOP('',(#12853,#12854,#12855,#12856,#12857));
#8616=AXIS2_PLACEMENT_3D('',#12858,#12859,#12860);
#8617=SURFACE_SIDE_STYLE('',(#12861));
#8618=EDGE_LOOP('',(#12862,#12863,#12864,#12865,#12866));
#8619=AXIS2_PLACEMENT_3D('',#12867,#12868,#12869);
#8620=SURFACE_SIDE_STYLE('',(#12870));
#8621=EDGE_LOOP('',(#12871,#12872,#12873,#12874,#12875));
#8622=AXIS2_PLACEMENT_3D('',#12876,#12877,#12878);
#8623=SURFACE_SIDE_STYLE('',(#12879));
#8624=EDGE_LOOP('',(#12880,#12881,#12882,#12883));
#8625=AXIS2_PLACEMENT_3D('',#12884,#12885,#12886);
#8626=SURFACE_SIDE_STYLE('',(#12887));
#8627=EDGE_LOOP('',(#12888,#12889,#12890,#12891));
#8628=AXIS2_PLACEMENT_3D('',#12892,#12893,#12894);
#8629=SURFACE_SIDE_STYLE('',(#12895));
#8630=EDGE_LOOP('',(#12896,#12897,#12898,#12899,#12900));
#8631=AXIS2_PLACEMENT_3D('',#12901,#12902,#12903);
#8632=SURFACE_SIDE_STYLE('',(#12904));
#8633=EDGE_LOOP('',(#12905,#12906,#12907,#12908,#12909));
#8634=AXIS2_PLACEMENT_3D('',#12910,#12911,#12912);
#8635=SURFACE_SIDE_STYLE('',(#12913));
#8636=EDGE_LOOP('',(#12914,#12915,#12916,#12917,#12918));
#8637=AXIS2_PLACEMENT_3D('',#12919,#12920,#12921);
#8638=SURFACE_SIDE_STYLE('',(#12922));
#8639=EDGE_LOOP('',(#12923,#12924,#12925,#12926));
#8640=AXIS2_PLACEMENT_3D('',#12927,#12928,#12929);
#8641=SURFACE_SIDE_STYLE('',(#12930));
#8642=EDGE_LOOP('',(#12931,#12932,#12933,#12934,#12935));
#8643=AXIS2_PLACEMENT_3D('',#12936,#12937,#12938);
#8644=SURFACE_SIDE_STYLE('',(#12939));
#8645=EDGE_LOOP('',(#12940,#12941,#12942,#12943,#12944));
#8646=AXIS2_PLACEMENT_3D('',#12945,#12946,#12947);
#8647=SURFACE_SIDE_STYLE('',(#12948));
#8648=EDGE_LOOP('',(#12949,#12950,#12951,#12952,#12953));
#8649=AXIS2_PLACEMENT_3D('',#12954,#12955,#12956);
#8650=SURFACE_SIDE_STYLE('',(#12957));
#8651=EDGE_LOOP('',(#12958,#12959,#12960,#12961));
#8652=AXIS2_PLACEMENT_3D('',#12962,#12963,#12964);
#8653=SURFACE_SIDE_STYLE('',(#12965));
#8654=EDGE_LOOP('',(#12966,#12967,#12968,#12969));
#8655=AXIS2_PLACEMENT_3D('',#12970,#12971,#12972);
#8656=SURFACE_SIDE_STYLE('',(#12973));
#8657=EDGE_LOOP('',(#12974,#12975,#12976,#12977));
#8658=AXIS2_PLACEMENT_3D('',#12978,#12979,#12980);
#8659=SURFACE_SIDE_STYLE('',(#12981));
#8660=EDGE_LOOP('',(#12982,#12983,#12984,#12985,#12986,#12987));
#8661=AXIS2_PLACEMENT_3D('',#12988,#12989,#12990);
#8662=SURFACE_SIDE_STYLE('',(#12991));
#8663=EDGE_LOOP('',(#12992,#12993,#12994,#12995));
#8664=AXIS2_PLACEMENT_3D('',#12996,#12997,#12998);
#8665=SURFACE_SIDE_STYLE('',(#12999));
#8666=EDGE_LOOP('',(#13000,#13001,#13002,#13003));
#8667=AXIS2_PLACEMENT_3D('',#13004,#13005,#13006);
#8668=SURFACE_SIDE_STYLE('',(#13007));
#8669=EDGE_LOOP('',(#13008,#13009,#13010,#13011));
#8670=AXIS2_PLACEMENT_3D('',#13012,#13013,#13014);
#8671=SURFACE_SIDE_STYLE('',(#13015));
#8672=EDGE_LOOP('',(#13016,#13017,#13018,#13019));
#8673=AXIS2_PLACEMENT_3D('',#13020,#13021,#13022);
#8674=SURFACE_SIDE_STYLE('',(#13023));
#8675=EDGE_LOOP('',(#13024,#13025,#13026,#13027));
#8676=AXIS2_PLACEMENT_3D('',#13028,#13029,#13030);
#8677=SURFACE_SIDE_STYLE('',(#13031));
#8678=EDGE_LOOP('',(#13032,#13033,#13034,#13035,#13036,#13037));
#8679=AXIS2_PLACEMENT_3D('',#13038,#13039,#13040);
#8680=SURFACE_SIDE_STYLE('',(#13041));
#8681=EDGE_LOOP('',(#13042,#13043,#13044,#13045,#13046,#13047,#13048,#13049,#13050,#13051,#13052,#13053));
#8682=AXIS2_PLACEMENT_3D('',#13054,#13055,#13056);
#8683=SURFACE_SIDE_STYLE('',(#13057));
#8684=EDGE_LOOP('',(#13058,#13059,#13060,#13061));
#8685=AXIS2_PLACEMENT_3D('',#13062,#13063,#13064);
#8686=SURFACE_SIDE_STYLE('',(#13065));
#8687=EDGE_LOOP('',(#13066,#13067,#13068,#13069));
#8688=AXIS2_PLACEMENT_3D('',#13070,#13071,#13072);
#8689=SURFACE_SIDE_STYLE('',(#13073));
#8690=EDGE_LOOP('',(#13074,#13075,#13076,#13077));
#8691=AXIS2_PLACEMENT_3D('',#13078,#13079,#13080);
#8692=SURFACE_SIDE_STYLE('',(#13081));
#8693=EDGE_LOOP('',(#13082,#13083,#13084,#13085,#13086,#13087,#13088,#13089,#13090,#13091,#13092,#13093));
#8694=AXIS2_PLACEMENT_3D('',#13094,#13095,#13096);
#8695=SURFACE_SIDE_STYLE('',(#13097));
#8696=EDGE_LOOP('',(#13098,#13099,#13100,#13101));
#8697=AXIS2_PLACEMENT_3D('',#13102,#13103,#13104);
#8698=SURFACE_SIDE_STYLE('',(#13105));
#8699=EDGE_LOOP('',(#13106,#13107,#13108,#13109,#13110,#13111,#13112,#13113));
#8700=AXIS2_PLACEMENT_3D('',#13114,#13115,#13116);
#8701=SURFACE_SIDE_STYLE('',(#13117));
#8702=EDGE_LOOP('',(#13118,#13119,#13120,#13121));
#8703=AXIS2_PLACEMENT_3D('',#13122,#13123,#13124);
#8704=SURFACE_SIDE_STYLE('',(#13125));
#8705=EDGE_LOOP('',(#13126,#13127,#13128,#13129));
#8706=AXIS2_PLACEMENT_3D('',#13130,#13131,#13132);
#8707=SURFACE_SIDE_STYLE('',(#13133));
#8708=EDGE_LOOP('',(#13134,#13135,#13136,#13137));
#8709=AXIS2_PLACEMENT_3D('',#13138,#13139,#13140);
#8710=SURFACE_SIDE_STYLE('',(#13141));
#8711=EDGE_LOOP('',(#13142,#13143,#13144,#13145));
#8712=AXIS2_PLACEMENT_3D('',#13146,#13147,#13148);
#8713=SURFACE_SIDE_STYLE('',(#13149));
#8714=EDGE_LOOP('',(#13150,#13151));
#8715=EDGE_LOOP('',(#13152,#13153));
#8716=AXIS2_PLACEMENT_3D('',#13154,#13155,#13156);
#8717=SURFACE_SIDE_STYLE('',(#13157));
#8718=EDGE_LOOP('',(#13158,#13159,#13160,#13161,#13162,#13163));
#8719=AXIS2_PLACEMENT_3D('',#13164,#13165,#13166);
#8720=SURFACE_SIDE_STYLE('',(#13167));
#8721=EDGE_LOOP('',(#13168,#13169,#13170));
#8722=AXIS2_PLACEMENT_3D('',#13171,#13172,#13173);
#8723=SURFACE_SIDE_STYLE('',(#13174));
#8724=EDGE_LOOP('',(#13175,#13176));
#8725=EDGE_LOOP('',(#13177,#13178));
#8726=AXIS2_PLACEMENT_3D('',#13179,#13180,#13181);
#8727=SURFACE_SIDE_STYLE('',(#13182));
#8728=EDGE_LOOP('',(#13183,#13184,#13185,#13186,#13187,#13188));
#8729=AXIS2_PLACEMENT_3D('',#13189,#13190,#13191);
#8730=SURFACE_SIDE_STYLE('',(#13192));
#8731=EDGE_LOOP('',(#13193,#13194,#13195,#13196));
#8732=AXIS2_PLACEMENT_3D('',#13197,#13198,#13199);
#8733=SURFACE_SIDE_STYLE('',(#13200));
#8734=EDGE_LOOP('',(#13201,#13202,#13203,#13204));
#8735=AXIS2_PLACEMENT_3D('',#13205,#13206,#13207);
#8736=SURFACE_SIDE_STYLE('',(#13208));
#8737=EDGE_LOOP('',(#13209,#13210,#13211,#13212));
#8738=AXIS2_PLACEMENT_3D('',#13213,#13214,#13215);
#8739=SURFACE_SIDE_STYLE('',(#13216));
#8740=EDGE_LOOP('',(#13217,#13218,#13219));
#8741=AXIS2_PLACEMENT_3D('',#13220,#13221,#13222);
#8742=SURFACE_SIDE_STYLE('',(#13223));
#8743=EDGE_LOOP('',(#13224,#13225,#13226,#13227,#13228,#13229,#13230,#13231,#13232,#13233,#13234,#13235));
#8744=AXIS2_PLACEMENT_3D('',#13236,#13237,#13238);
#8745=SURFACE_SIDE_STYLE('',(#13239));
#8746=EDGE_LOOP('',(#13240,#13241,#13242,#13243));
#8747=AXIS2_PLACEMENT_3D('',#13244,#13245,#13246);
#8748=SURFACE_SIDE_STYLE('',(#13247));
#8749=EDGE_LOOP('',(#13248,#13249,#13250,#13251));
#8750=AXIS2_PLACEMENT_3D('',#13252,#13253,#13254);
#8751=SURFACE_SIDE_STYLE('',(#13255));
#8752=EDGE_LOOP('',(#13256,#13257,#13258,#13259,#13260,#13261,#13262,#13263,#13264,#13265));
#8753=AXIS2_PLACEMENT_3D('',#13266,#13267,#13268);
#8754=SURFACE_SIDE_STYLE('',(#13269));
#8755=EDGE_LOOP('',(#13270,#13271,#13272,#13273));
#8756=AXIS2_PLACEMENT_3D('',#13274,#13275,#13276);
#8757=SURFACE_SIDE_STYLE('',(#13277));
#8758=EDGE_LOOP('',(#13278,#13279,#13280,#13281));
#8759=AXIS2_PLACEMENT_3D('',#13282,#13283,#13284);
#8760=SURFACE_SIDE_STYLE('',(#13285));
#8761=EDGE_LOOP('',(#13286,#13287,#13288,#13289,#13290));
#8762=EDGE_LOOP('',(#13291,#13292));
#8763=AXIS2_PLACEMENT_3D('',#13293,#13294,#13295);
#8764=SURFACE_SIDE_STYLE('',(#13296));
#8765=EDGE_LOOP('',(#13297,#13298,#13299,#13300,#13301));
#8766=AXIS2_PLACEMENT_3D('',#13302,#13303,#13304);
#8767=SURFACE_SIDE_STYLE('',(#13305));
#8768=EDGE_LOOP('',(#13306,#13307,#13308,#13309,#13310,#13311,#13312,#13313));
#8769=AXIS2_PLACEMENT_3D('',#13314,#13315,#13316);
#8770=SURFACE_SIDE_STYLE('',(#13317));
#8771=EDGE_LOOP('',(#13318,#13319,#13320,#13321));
#8772=AXIS2_PLACEMENT_3D('',#13322,#13323,#13324);
#8773=SURFACE_SIDE_STYLE('',(#13325));
#8774=EDGE_LOOP('',(#13326,#13327,#13328,#13329));
#8775=AXIS2_PLACEMENT_3D('',#13330,#13331,#13332);
#8776=SURFACE_SIDE_STYLE('',(#13333));
#8777=EDGE_LOOP('',(#13334,#13335,#13336,#13337,#13338));
#8778=AXIS2_PLACEMENT_3D('',#13339,#13340,#13341);
#8779=SURFACE_SIDE_STYLE('',(#13342));
#8780=EDGE_LOOP('',(#13343,#13344,#13345,#13346));
#8781=AXIS2_PLACEMENT_3D('',#13347,#13348,#13349);
#8782=SURFACE_SIDE_STYLE('',(#13350));
#8783=EDGE_LOOP('',(#13351,#13352,#13353,#13354));
#8784=AXIS2_PLACEMENT_3D('',#13355,#13356,#13357);
#8785=SURFACE_SIDE_STYLE('',(#13358));
#8786=EDGE_LOOP('',(#13359,#13360,#13361,#13362));
#8787=AXIS2_PLACEMENT_3D('',#13363,#13364,#13365);
#8788=SURFACE_SIDE_STYLE('',(#13366));
#8789=EDGE_LOOP('',(#13367,#13368,#13369,#13370,#13371));
#8790=AXIS2_PLACEMENT_3D('',#13372,#13373,#13374);
#8791=SURFACE_SIDE_STYLE('',(#13375));
#8792=EDGE_LOOP('',(#13376,#13377,#13378,#13379));
#8793=AXIS2_PLACEMENT_3D('',#13380,#13381,#13382);
#8794=SURFACE_SIDE_STYLE('',(#13383));
#8795=EDGE_LOOP('',(#13384,#13385,#13386,#13387));
#8796=AXIS2_PLACEMENT_3D('',#13388,#13389,#13390);
#8797=SURFACE_SIDE_STYLE('',(#13391));
#8798=EDGE_LOOP('',(#13392,#13393,#13394,#13395));
#8799=AXIS2_PLACEMENT_3D('',#13396,#13397,#13398);
#8800=SURFACE_SIDE_STYLE('',(#13399));
#8801=EDGE_LOOP('',(#13400,#13401,#13402,#13403,#13404));
#8802=AXIS2_PLACEMENT_3D('',#13405,#13406,#13407);
#8803=SURFACE_SIDE_STYLE('',(#13408));
#8804=EDGE_LOOP('',(#13409,#13410,#13411,#13412));
#8805=AXIS2_PLACEMENT_3D('',#13413,#13414,#13415);
#8806=SURFACE_SIDE_STYLE('',(#13416));
#8807=EDGE_LOOP('',(#13417,#13418,#13419,#13420));
#8808=AXIS2_PLACEMENT_3D('',#13421,#13422,#13423);
#8809=SURFACE_SIDE_STYLE('',(#13424));
#8810=EDGE_LOOP('',(#13425,#13426,#13427,#13428,#13429));
#8811=AXIS2_PLACEMENT_3D('',#13430,#13431,#13432);
#8812=SURFACE_SIDE_STYLE('',(#13433));
#8813=EDGE_LOOP('',(#13434,#13435,#13436,#13437));
#8814=AXIS2_PLACEMENT_3D('',#13438,#13439,#13440);
#8815=SURFACE_SIDE_STYLE('',(#13441));
#8816=EDGE_LOOP('',(#13442,#13443,#13444,#13445,#13446));
#8817=EDGE_LOOP('',(#13447,#13448));
#8818=AXIS2_PLACEMENT_3D('',#13449,#13450,#13451);
#8819=SURFACE_SIDE_STYLE('',(#13452));
#8820=EDGE_LOOP('',(#13453,#13454,#13455,#13456));
#8821=AXIS2_PLACEMENT_3D('',#13457,#13458,#13459);
#8822=SURFACE_SIDE_STYLE('',(#13460));
#8823=EDGE_LOOP('',(#13461,#13462,#13463,#13464));
#8824=AXIS2_PLACEMENT_3D('',#13465,#13466,#13467);
#8825=SURFACE_SIDE_STYLE('',(#13468));
#8826=EDGE_LOOP('',(#13469,#13470,#13471,#13472,#13473,#13474,#13475,#13476,#13477,#13478,#13479,#13480,#13481,#13482,#13483,#13484));
#8827=EDGE_LOOP('',(#13485,#13486,#13487,#13488));
#8828=EDGE_LOOP('',(#13489,#13490,#13491,#13492));
#8829=AXIS2_PLACEMENT_3D('',#13493,#13494,#13495);
#8830=SURFACE_SIDE_STYLE('',(#13496));
#8831=EDGE_LOOP('',(#13497,#13498,#13499,#13500));
#8832=AXIS2_PLACEMENT_3D('',#13501,#13502,#13503);
#8833=SURFACE_SIDE_STYLE('',(#13504));
#8834=EDGE_LOOP('',(#13505,#13506,#13507,#13508,#13509));
#8835=AXIS2_PLACEMENT_3D('',#13510,#13511,#13512);
#8836=SURFACE_SIDE_STYLE('',(#13513));
#8837=EDGE_LOOP('',(#13514,#13515,#13516,#13517,#13518));
#8838=AXIS2_PLACEMENT_3D('',#13519,#13520,#13521);
#8839=SURFACE_SIDE_STYLE('',(#13522));
#8840=EDGE_LOOP('',(#13523,#13524,#13525));
#8841=AXIS2_PLACEMENT_3D('',#13526,#13527,#13528);
#8842=SURFACE_SIDE_STYLE('',(#13529));
#8843=EDGE_LOOP('',(#13530,#13531));
#8844=EDGE_LOOP('',(#13532,#13533));
#8845=AXIS2_PLACEMENT_3D('',#13534,#13535,#13536);
#8846=SURFACE_SIDE_STYLE('',(#13537));
#8847=EDGE_LOOP('',(#13538,#13539,#13540,#13541,#13542,#13543,#13544,#13545,#13546,#13547,#13548,#13549));
#8848=AXIS2_PLACEMENT_3D('',#13550,#13551,#13552);
#8849=SURFACE_SIDE_STYLE('',(#13553));
#8850=EDGE_LOOP('',(#13554,#13555));
#8851=EDGE_LOOP('',(#13556,#13557));
#8852=AXIS2_PLACEMENT_3D('',#13558,#13559,#13560);
#8853=SURFACE_SIDE_STYLE('',(#13561));
#8854=EDGE_LOOP('',(#13562,#13563,#13564,#13565,#13566,#13567,#13568,#13569,#13570,#13571,#13572,#13573));
#8855=EDGE_LOOP('',(#13574,#13575));
#8856=EDGE_LOOP('',(#13576,#13577));
#8857=AXIS2_PLACEMENT_3D('',#13578,#13579,#13580);
#8858=SURFACE_SIDE_STYLE('',(#13581));
#8859=EDGE_LOOP('',(#13582,#13583,#13584,#13585));
#8860=AXIS2_PLACEMENT_3D('',#13586,#13587,#13588);
#8861=SURFACE_SIDE_STYLE('',(#13589));
#8862=EDGE_LOOP('',(#13590,#13591,#13592,#13593,#13594));
#8863=AXIS2_PLACEMENT_3D('',#13595,#13596,#13597);
#8864=SURFACE_SIDE_STYLE('',(#13598));
#8865=EDGE_LOOP('',(#13599,#13600,#13601,#13602));
#8866=AXIS2_PLACEMENT_3D('',#13603,#13604,#13605);
#8867=SURFACE_SIDE_STYLE('',(#13606));
#8868=EDGE_LOOP('',(#13607,#13608,#13609,#13610,#13611,#13612,#13613,#13614,#13615,#13616,#13617,#13618,#13619,#13620,#13621,#13622,#13623,#13624,#13625,#13626,#13627,#13628));
#8869=AXIS2_PLACEMENT_3D('',#13629,#13630,#13631);
#8870=SURFACE_SIDE_STYLE('',(#13632));
#8871=EDGE_LOOP('',(#13633,#13634,#13635,#13636));
#8872=AXIS2_PLACEMENT_3D('',#13637,#13638,#13639);
#8873=SURFACE_SIDE_STYLE('',(#13640));
#8874=EDGE_LOOP('',(#13641,#13642,#13643,#13644));
#8875=AXIS2_PLACEMENT_3D('',#13645,#13646,#13647);
#8876=SURFACE_SIDE_STYLE('',(#13648));
#8877=EDGE_LOOP('',(#13649,#13650,#13651,#13652));
#8878=AXIS2_PLACEMENT_3D('',#13653,#13654,#13655);
#8879=SURFACE_SIDE_STYLE('',(#13656));
#8880=EDGE_LOOP('',(#13657,#13658,#13659,#13660));
#8881=EDGE_LOOP('',(#13661,#13662,#13663,#13664,#13665,#13666,#13667,#13668,#13669,#13670,#13671,#13672));
#8882=AXIS2_PLACEMENT_3D('',#13673,#13674,#13675);
#8883=SURFACE_SIDE_STYLE('',(#13676));
#8884=EDGE_LOOP('',(#13677,#13678,#13679,#13680));
#8885=AXIS2_PLACEMENT_3D('',#13681,#13682,#13683);
#8886=SURFACE_SIDE_STYLE('',(#13684));
#8887=EDGE_LOOP('',(#13685,#13686,#13687));
#8888=AXIS2_PLACEMENT_3D('',#13688,#13689,#13690);
#8889=SURFACE_SIDE_STYLE('',(#13691));
#8890=EDGE_LOOP('',(#13692,#13693,#13694,#13695,#13696,#13697));
#8891=AXIS2_PLACEMENT_3D('',#13698,#13699,#13700);
#8892=SURFACE_SIDE_STYLE('',(#13701));
#8893=EDGE_LOOP('',(#13702,#13703,#13704,#13705,#13706,#13707,#13708,#13709,#13710,#13711));
#8894=AXIS2_PLACEMENT_3D('',#13712,#13713,#13714);
#8895=SURFACE_SIDE_STYLE('',(#13715));
#8896=EDGE_LOOP('',(#13716,#13717,#13718,#13719,#13720,#13721));
#8897=AXIS2_PLACEMENT_3D('',#13722,#13723,#13724);
#8898=SURFACE_SIDE_STYLE('',(#13725));
#8899=EDGE_LOOP('',(#13726,#13727,#13728,#13729));
#8900=AXIS2_PLACEMENT_3D('',#13730,#13731,#13732);
#8901=SURFACE_SIDE_STYLE('',(#13733));
#8902=EDGE_LOOP('',(#13734,#13735,#13736,#13737,#13738,#13739,#13740,#13741,#13742,#13743,#13744,#13745,#13746,#13747));
#8903=AXIS2_PLACEMENT_3D('',#13748,#13749,#13750);
#8904=SURFACE_SIDE_STYLE('',(#13751));
#8905=EDGE_LOOP('',(#13752,#13753,#13754,#13755,#13756,#13757,#13758,#13759,#13760,#13761,#13762,#13763,#13764,#13765,#13766,#13767,#13768,#13769));
#8906=AXIS2_PLACEMENT_3D('',#13770,#13771,#13772);
#8907=SURFACE_SIDE_STYLE('',(#13773));
#8908=EDGE_LOOP('',(#13774,#13775));
#8909=AXIS2_PLACEMENT_3D('',#13776,#13777,#13778);
#8910=SURFACE_SIDE_STYLE('',(#13779));
#8911=EDGE_LOOP('',(#13780,#13781,#13782,#13783,#13784,#13785,#13786,#13787,#13788,#13789,#13790,#13791));
#8912=EDGE_LOOP('',(#13792,#13793,#13794,#13795,#13796,#13797,#13798,#13799,#13800,#13801,#13802,#13803,#13804,#13805,#13806,#13807,#13808,#13809));
#8913=EDGE_LOOP('',(#13810,#13811));
#8914=EDGE_LOOP('',(#13812,#13813,#13814,#13815,#13816,#13817,#13818,#13819,#13820,#13821,#13822,#13823,#13824,#13825));
#8915=AXIS2_PLACEMENT_3D('',#13826,#13827,#13828);
#8916=SURFACE_SIDE_STYLE('',(#13829));
#8917=EDGE_LOOP('',(#13830,#13831,#13832,#13833));
#8918=AXIS2_PLACEMENT_3D('',#13834,#13835,#13836);
#8919=SURFACE_SIDE_STYLE('',(#13837));
#8920=EDGE_LOOP('',(#13838,#13839,#13840,#13841));
#8921=AXIS2_PLACEMENT_3D('',#13842,#13843,#13844);
#8922=SURFACE_SIDE_STYLE('',(#13845));
#8923=EDGE_LOOP('',(#13846,#13847,#13848,#13849));
#8924=CARTESIAN_POINT('',(0.000569999999684901,7.05000000001325,3.10235762716491));
#8925=CARTESIAN_POINT('',(0.0305701383029389,7.05000000001325,3.10235762716491));
#8926=CARTESIAN_POINT('',(0.000569999999684901,7.05000000001325,2.8833138782224));
#8927=CARTESIAN_POINT('',(0.0305701383029389,7.05000000001325,2.8833138782224));
#8928=CARTESIAN_POINT('',(0.000569999999684901,7.00602799186399,2.6664134218114));
#8929=CARTESIAN_POINT('',(0.0305701383029389,7.00602799186399,2.6664134218114));
#8930=CARTESIAN_POINT('',(0.000569999999684901,6.83516241870016,2.2616733490664));
#8931=CARTESIAN_POINT('',(0.0305701383029389,6.83516241870016,2.2616733490664));
#8932=CARTESIAN_POINT('',(0.000569999999684901,6.70994073388587,2.0777940209364));
#8933=CARTESIAN_POINT('',(0.0305701383029389,6.70994073388587,2.0777940209364));
#8934=CARTESIAN_POINT('',(0.000569999999684901,6.39422232217213,1.7680193804289));
#8935=CARTESIAN_POINT('',(0.0305701383029389,6.39422232217213,1.7680193804289));
#8936=CARTESIAN_POINT('',(0.000569999999684901,6.20681482706836,1.64515514141751));
#8937=CARTESIAN_POINT('',(0.0305701383029389,6.20681482706836,1.64515514141751));
#8938=CARTESIAN_POINT('',(0.000569999999684901,5.79430884299361,1.4775063140506));
#8939=CARTESIAN_POINT('',(0.0305701383029389,5.79430884299361,1.4775063140506));
#8940=CARTESIAN_POINT('',(0.000569999999684901,5.57324662987678,1.4343621307802));
#8941=CARTESIAN_POINT('',(0.0305701383029389,5.57324662987678,1.4343621307802));
#8942=CARTESIAN_POINT('',(0.000569999999684901,5.12675337014029,1.4343621307802));
#8943=CARTESIAN_POINT('',(0.0305701383029389,5.12675337014029,1.4343621307802));
#8944=CARTESIAN_POINT('',(0.000569999999684901,4.90569115702346,1.4775063140506));
#8945=CARTESIAN_POINT('',(0.0305701383029389,4.90569115702346,1.4775063140506));
#8946=CARTESIAN_POINT('',(0.000569999999684901,4.49318517294871,1.64515514141751));
#8947=CARTESIAN_POINT('',(0.0305701383029389,4.49318517294871,1.64515514141751));
#8948=CARTESIAN_POINT('',(0.000569999999684901,4.30577767784494,1.7680193804289));
#8949=CARTESIAN_POINT('',(0.0305701383029389,4.30577767784494,1.7680193804289));
#8950=CARTESIAN_POINT('',(0.000569999999684901,3.9900592661312,2.0777940209364));
#8951=CARTESIAN_POINT('',(0.0305701383029389,3.9900592661312,2.0777940209364));
#8952=CARTESIAN_POINT('',(0.000569999999684901,3.86483758131688,2.2616733490664));
#8953=CARTESIAN_POINT('',(0.0305701383029389,3.86483758131688,2.2616733490664));
#8954=CARTESIAN_POINT('',(0.000569999999684901,3.69397200815308,2.6664134218114));
#8955=CARTESIAN_POINT('',(0.0305701383029389,3.69397200815308,2.6664134218114));
#8956=CARTESIAN_POINT('',(0.000569999999684901,3.65000000000384,2.8833138782224));
#8957=CARTESIAN_POINT('',(0.0305701383029389,3.65000000000384,2.8833138782224));
#8958=CARTESIAN_POINT('',(0.000569999999684901,3.65000000000384,3.10235762716491));
#8959=CARTESIAN_POINT('',(0.0305701383029389,3.65000000000384,3.10235762716491));
#8960=SURFACE_SIDE_STYLE('',(#13850));
#8961=EDGE_LOOP('',(#13851,#13852,#13853,#13854));
#8962=AXIS2_PLACEMENT_3D('',#13855,#13856,#13857);
#8963=SURFACE_SIDE_STYLE('',(#13858));
#8964=EDGE_LOOP('',(#13859,#13860,#13861,#13862));
#8965=AXIS2_PLACEMENT_3D('',#13863,#13864,#13865);
#8966=SURFACE_SIDE_STYLE('',(#13866));
#8967=EDGE_LOOP('',(#13867,#13868,#13869,#13870));
#8968=AXIS2_PLACEMENT_3D('',#13871,#13872,#13873);
#8969=SURFACE_SIDE_STYLE('',(#13874));
#8970=EDGE_LOOP('',(#13875,#13876,#13877,#13878));
#8971=AXIS2_PLACEMENT_3D('',#13879,#13880,#13881);
#8972=SURFACE_SIDE_STYLE('',(#13882));
#8973=EDGE_LOOP('',(#13883,#13884,#13885,#13886));
#8974=CARTESIAN_POINT('',(0.000569999999683016,6.08438397683285,3.2455762742196));
#8975=CARTESIAN_POINT('',(0.030570138302939,6.08438397683285,3.24557627421961));
#8976=CARTESIAN_POINT('',(0.000569999999683016,6.03994713167285,3.15572490401681));
#8977=CARTESIAN_POINT('',(0.030570138302939,6.03994713167285,3.15572490401681));
#8978=CARTESIAN_POINT('',(0.000569999999683016,5.97877441095988,3.07482026671561));
#8979=CARTESIAN_POINT('',(0.030570138302939,5.97877441095988,3.07482026671561));
#8980=CARTESIAN_POINT('',(0.000569999999683016,5.82926882811693,2.9392519449448));
#8981=CARTESIAN_POINT('',(0.030570138302939,5.82926882811693,2.9392519449448));
#8982=CARTESIAN_POINT('',(0.000569999999683016,5.74225388388989,2.8857833189804));
#8983=CARTESIAN_POINT('',(0.030570138302939,5.74225388388989,2.8857833189804));
#8984=CARTESIAN_POINT('',(0.000569999999683016,5.55267761918044,2.8129938622206));
#8985=CARTESIAN_POINT('',(0.030570138302939,5.55267761918044,2.8129938622206));
#8986=CARTESIAN_POINT('',(0.000569999999683016,5.45178744668112,2.7943146832378));
#8987=CARTESIAN_POINT('',(0.030570138302939,5.45178744668112,2.7943146832378));
#8988=CARTESIAN_POINT('',(0.000569999999683016,5.24821255333571,2.7943146832378));
#8989=CARTESIAN_POINT('',(0.030570138302939,5.24821255333571,2.7943146832378));
#8990=CARTESIAN_POINT('',(0.000569999999683016,5.14732238083642,2.81299386222071));
#8991=CARTESIAN_POINT('',(0.030570138302939,5.14732238083642,2.81299386222071));
#8992=CARTESIAN_POINT('',(0.000569999999683016,4.95774611612698,2.8857833189805));
#8993=CARTESIAN_POINT('',(0.030570138302939,4.95774611612698,2.8857833189805));
#8994=CARTESIAN_POINT('',(0.000569999999683016,4.87073117189994,2.9392519449449));
#8995=CARTESIAN_POINT('',(0.030570138302939,4.87073117189994,2.9392519449449));
#8996=CARTESIAN_POINT('',(0.000569999999683016,4.72122558905703,3.07482026671581));
#8997=CARTESIAN_POINT('',(0.030570138302939,4.72122558905703,3.07482026671581));
#8998=CARTESIAN_POINT('',(0.000569999999683016,4.6600528683441,3.15572490401701));
#8999=CARTESIAN_POINT('',(0.030570138302939,4.6600528683441,3.15572490401701));
#9000=CARTESIAN_POINT('',(0.000569999999683016,4.61561602318412,3.2455762742198));
#9001=CARTESIAN_POINT('',(0.030570138302939,4.61561602318412,3.2455762742198));
#9002=SURFACE_SIDE_STYLE('',(#13887));
#9003=EDGE_LOOP('',(#13888,#13889,#13890,#13891));
#9004=AXIS2_PLACEMENT_3D('',#13892,#13893,#13894);
#9005=SURFACE_SIDE_STYLE('',(#13895));
#9006=EDGE_LOOP('',(#13896,#13897,#13898,#13899));
#9007=AXIS2_PLACEMENT_3D('',#13900,#13901,#13902);
#9008=SURFACE_SIDE_STYLE('',(#13903));
#9009=EDGE_LOOP('',(#13904,#13905,#13906,#13907));
#9010=CARTESIAN_POINT('',(0.000569999999682847,5.35000000000854,3.99568213657532));
#9011=CARTESIAN_POINT('',(0.0305701383029392,5.35000000000854,3.99568213657532));
#9012=CARTESIAN_POINT('',(0.000569999999682847,5.37844193942217,3.99568213657532));
#9013=CARTESIAN_POINT('',(0.0305701383029392,5.37844193942217,3.99568213657532));
#9014=CARTESIAN_POINT('',(0.000569999999682847,5.40688387883582,3.99276517236053));
#9015=CARTESIAN_POINT('',(0.0305701383029392,5.40688387883582,3.99276517236053));
#9016=CARTESIAN_POINT('',(0.000569999999682847,5.490803184715,3.97526338707181));
#9017=CARTESIAN_POINT('',(0.0305701383029392,5.490803184715,3.97526338707181));
#9018=CARTESIAN_POINT('',(0.000569999999682847,5.54362580248354,3.95218799919991));
#9019=CARTESIAN_POINT('',(0.0305701383029392,5.54362580248354,3.95218799919991));
#9020=CARTESIAN_POINT('',(0.000569999999682847,5.6361709964965,3.8862158149455));
#9021=CARTESIAN_POINT('',(0.0305701383029392,5.6361709964965,3.8862158149455));
#9022=CARTESIAN_POINT('',(0.000569999999682847,5.67486116780788,3.8440549833981));
#9023=CARTESIAN_POINT('',(0.0305701383029392,5.67486116780788,3.8440549833981));
#9024=CARTESIAN_POINT('',(0.000569999999682847,5.73205724320335,3.74685351860341));
#9025=CARTESIAN_POINT('',(0.0305701383029392,5.73205724320335,3.74685351860341));
#9026=CARTESIAN_POINT('',(0.000569999999682847,5.74992508594864,3.6928972341742));
#9027=CARTESIAN_POINT('',(0.0305701383029392,5.74992508594864,3.6928972341742));
#9028=CARTESIAN_POINT('',(0.000569999999682847,5.76188232168071,3.5812735051499));
#9029=CARTESIAN_POINT('',(0.0305701383029392,5.76188232168071,3.5812735051499));
#9030=CARTESIAN_POINT('',(0.000569999999682847,5.755838323525,3.52485129959411));
#9031=CARTESIAN_POINT('',(0.0305701383029392,5.755838323525,3.52485129959411));
#9032=CARTESIAN_POINT('',(0.000569999999682847,5.72048920490754,3.41810606315821));
#9033=CARTESIAN_POINT('',(0.0305701383029392,5.72048920490754,3.41810606315821));
#9034=CARTESIAN_POINT('',(0.000569999999682847,5.69157842803997,3.3689738483962));
#9035=CARTESIAN_POINT('',(0.0305701383029392,5.69157842803997,3.3689738483962));
#9036=CARTESIAN_POINT('',(0.000569999999682847,5.61503513881855,3.28556432567851));
#9037=CARTESIAN_POINT('',(0.0305701383029392,5.61503513881855,3.28556432567851));
#9038=CARTESIAN_POINT('',(0.000569999999682847,5.5682565192057,3.2522175079946));
#9039=CARTESIAN_POINT('',(0.0305701383029392,5.5682565192057,3.2522175079946));
#9040=CARTESIAN_POINT('',(0.000569999999682847,5.46375408946069,3.20656596322481));
#9041=CARTESIAN_POINT('',(0.0305701383029392,5.46375408946069,3.20656596322481));
#9042=CARTESIAN_POINT('',(0.000569999999682847,5.40719607540398,3.19477051034301));
#9043=CARTESIAN_POINT('',(0.0305701383029392,5.40719607540398,3.19477051034301));
#9044=CARTESIAN_POINT('',(0.000569999999682847,5.35000000000854,3.19477051034301));
#9045=CARTESIAN_POINT('',(0.0305701383029392,5.35000000000854,3.19477051034301));
#9046=SURFACE_SIDE_STYLE('',(#13908));
#9047=EDGE_LOOP('',(#13909,#13910,#13911,#13912));
#9048=AXIS2_PLACEMENT_3D('',#13913,#13914,#13915);
#9049=SURFACE_SIDE_STYLE('',(#13916));
#9050=EDGE_LOOP('',(#13917,#13918,#13919,#13920));
#9051=AXIS2_PLACEMENT_3D('',#13921,#13922,#13923);
#9052=SURFACE_SIDE_STYLE('',(#13924));
#9053=EDGE_LOOP('',(#13925,#13926,#13927,#13928));
#9054=AXIS2_PLACEMENT_3D('',#13929,#13930,#13931);
#9055=SURFACE_SIDE_STYLE('',(#13932));
#9056=EDGE_LOOP('',(#13933,#13934,#13935,#13936));
#9057=AXIS2_PLACEMENT_3D('',#13937,#13938,#13939);
#9058=SURFACE_SIDE_STYLE('',(#13940));
#9059=EDGE_LOOP('',(#13941,#13942,#13943,#13944));
#9060=CARTESIAN_POINT('',(0.000569999999684788,4.61561602318412,3.94487640067651));
#9061=CARTESIAN_POINT('',(0.0305701383029408,4.61561602318412,3.94487640067651));
#9062=CARTESIAN_POINT('',(0.000569999999684788,4.6600528683441,4.0347277708793));
#9063=CARTESIAN_POINT('',(0.0305701383029408,4.6600528683441,4.0347277708793));
#9064=CARTESIAN_POINT('',(0.000569999999684788,4.72122558905703,4.11563240818051));
#9065=CARTESIAN_POINT('',(0.0305701383029408,4.72122558905703,4.11563240818051));
#9066=CARTESIAN_POINT('',(0.000569999999684788,4.87073117189994,4.25120072995131));
#9067=CARTESIAN_POINT('',(0.0305701383029408,4.87073117189994,4.25120072995131));
#9068=CARTESIAN_POINT('',(0.000569999999684788,4.95774611612698,4.30466935591581));
#9069=CARTESIAN_POINT('',(0.0305701383029408,4.95774611612698,4.30466935591581));
#9070=CARTESIAN_POINT('',(0.000569999999684788,5.14732238083642,4.3774588126756));
#9071=CARTESIAN_POINT('',(0.0305701383029408,5.14732238083642,4.3774588126756));
#9072=CARTESIAN_POINT('',(0.000569999999684788,5.24821255333571,4.39613799165841));
#9073=CARTESIAN_POINT('',(0.0305701383029408,5.24821255333571,4.39613799165841));
#9074=CARTESIAN_POINT('',(0.000569999999684788,5.45178744668112,4.39613799165851));
#9075=CARTESIAN_POINT('',(0.0305701383029408,5.45178744668112,4.39613799165851));
#9076=CARTESIAN_POINT('',(0.000569999999684788,5.55267761918044,4.3774588126757));
#9077=CARTESIAN_POINT('',(0.0305701383029408,5.55267761918044,4.3774588126757));
#9078=CARTESIAN_POINT('',(0.000569999999684788,5.74225388388989,4.30466935591591));
#9079=CARTESIAN_POINT('',(0.0305701383029408,5.74225388388989,4.30466935591591));
#9080=CARTESIAN_POINT('',(0.000569999999684788,5.82926882811693,4.25120072995151));
#9081=CARTESIAN_POINT('',(0.0305701383029408,5.82926882811693,4.25120072995151));
#9082=CARTESIAN_POINT('',(0.000569999999684788,5.97877441095988,4.1156324081807));
#9083=CARTESIAN_POINT('',(0.0305701383029408,5.97877441095988,4.1156324081807));
#9084=CARTESIAN_POINT('',(0.000569999999684788,6.03994713167285,4.0347277708795));
#9085=CARTESIAN_POINT('',(0.0305701383029408,6.03994713167285,4.0347277708795));
#9086=CARTESIAN_POINT('',(0.000569999999684788,6.08438397683285,3.94487640067671));
#9087=CARTESIAN_POINT('',(0.0305701383029408,6.08438397683285,3.94487640067671));
#9088=SURFACE_SIDE_STYLE('',(#13945));
#9089=EDGE_LOOP('',(#13946,#13947,#13948,#13949));
#9090=AXIS2_PLACEMENT_3D('',#13950,#13951,#13952);
#9091=SURFACE_SIDE_STYLE('',(#13953));
#9092=EDGE_LOOP('',(#13954,#13955,#13956,#13957));
#9093=AXIS2_PLACEMENT_3D('',#13958,#13959,#13960);
#9094=SURFACE_SIDE_STYLE('',(#13961));
#9095=EDGE_LOOP('',(#13962,#13963,#13964,#13965));
#9096=AXIS2_PLACEMENT_3D('',#13966,#13967,#13968);
#9097=SURFACE_SIDE_STYLE('',(#13969));
#9098=EDGE_LOOP('',(#13970,#13971,#13972,#13973));
#9099=AXIS2_PLACEMENT_3D('',#13974,#13975,#13976);
#9100=SURFACE_SIDE_STYLE('',(#13977));
#9101=EDGE_LOOP('',(#13978,#13979,#13980,#13981));
#9102=AXIS2_PLACEMENT_3D('',#13982,#13983,#13984);
#9103=SURFACE_SIDE_STYLE('',(#13985));
#9104=EDGE_LOOP('',(#13986,#13987,#13988,#13989));
#9105=AXIS2_PLACEMENT_3D('',#13990,#13991,#13992);
#9106=SURFACE_SIDE_STYLE('',(#13993));
#9107=EDGE_LOOP('',(#13994,#13995,#13996,#13997));
#9108=AXIS2_PLACEMENT_3D('',#13998,#13999,#14000);
#9109=SURFACE_SIDE_STYLE('',(#14001));
#9110=EDGE_LOOP('',(#14002,#14003,#14004,#14005));
#9111=AXIS2_PLACEMENT_3D('',#14006,#14007,#14008);
#9112=SURFACE_SIDE_STYLE('',(#14009));
#9113=EDGE_LOOP('',(#14010,#14011,#14012,#14013));
#9114=AXIS2_PLACEMENT_3D('',#14014,#14015,#14016);
#9115=SURFACE_SIDE_STYLE('',(#14017));
#9116=EDGE_LOOP('',(#14018,#14019,#14020,#14021));
#9117=AXIS2_PLACEMENT_3D('',#14022,#14023,#14024);
#9118=SURFACE_SIDE_STYLE('',(#14025));
#9119=EDGE_LOOP('',(#14026,#14027,#14028,#14029));
#9120=AXIS2_PLACEMENT_3D('',#14030,#14031,#14032);
#9121=SURFACE_SIDE_STYLE('',(#14033));
#9122=EDGE_LOOP('',(#14034,#14035,#14036,#14037));
#9123=AXIS2_PLACEMENT_3D('',#14038,#14039,#14040);
#9124=SURFACE_SIDE_STYLE('',(#14041));
#9125=EDGE_LOOP('',(#14042,#14043,#14044,#14045));
#9126=AXIS2_PLACEMENT_3D('',#14046,#14047,#14048);
#9127=SURFACE_SIDE_STYLE('',(#14049));
#9128=EDGE_LOOP('',(#14050,#14051,#14052,#14053));
#9129=AXIS2_PLACEMENT_3D('',#14054,#14055,#14056);
#9130=SURFACE_SIDE_STYLE('',(#14057));
#9131=EDGE_LOOP('',(#14058,#14059,#14060,#14061));
#9132=AXIS2_PLACEMENT_3D('',#14062,#14063,#14064);
#9133=SURFACE_SIDE_STYLE('',(#14065));
#9134=EDGE_LOOP('',(#14066,#14067,#14068,#14069));
#9135=CARTESIAN_POINT('',(0.000569999999682846,5.35000000000854,3.19477051034301));
#9136=CARTESIAN_POINT('',(0.0305701383029392,5.35000000000854,3.19477051034301));
#9137=CARTESIAN_POINT('',(0.000569999999682846,5.29280392461309,3.19477051034301));
#9138=CARTESIAN_POINT('',(0.0305701383029392,5.29280392461309,3.19477051034301));
#9139=CARTESIAN_POINT('',(0.000569999999682846,5.23624591055638,3.20656596322481));
#9140=CARTESIAN_POINT('',(0.0305701383029392,5.23624591055638,3.20656596322481));
#9141=CARTESIAN_POINT('',(0.000569999999682846,5.13174348081137,3.2522175079946));
#9142=CARTESIAN_POINT('',(0.0305701383029392,5.13174348081137,3.2522175079946));
#9143=CARTESIAN_POINT('',(0.000569999999682846,5.08496486119852,3.28556432567851));
#9144=CARTESIAN_POINT('',(0.0305701383029392,5.08496486119852,3.28556432567851));
#9145=CARTESIAN_POINT('',(0.000569999999682846,5.0084215719771,3.3689738483962));
#9146=CARTESIAN_POINT('',(0.0305701383029392,5.0084215719771,3.3689738483962));
#9147=CARTESIAN_POINT('',(0.000569999999682846,4.97951079510953,3.41810606315821));
#9148=CARTESIAN_POINT('',(0.0305701383029392,4.97951079510953,3.41810606315821));
#9149=CARTESIAN_POINT('',(0.000569999999682846,4.94416167649204,3.52485129959411));
#9150=CARTESIAN_POINT('',(0.0305701383029392,4.94416167649204,3.52485129959411));
#9151=CARTESIAN_POINT('',(0.000569999999682846,4.93811767833636,3.5812735051499));
#9152=CARTESIAN_POINT('',(0.0305701383029392,4.93811767833636,3.5812735051499));
#9153=CARTESIAN_POINT('',(0.000569999999682846,4.95007491406842,3.6928972341742));
#9154=CARTESIAN_POINT('',(0.0305701383029392,4.95007491406842,3.6928972341742));
#9155=CARTESIAN_POINT('',(0.000569999999682846,4.96794275681372,3.74685351860341));
#9156=CARTESIAN_POINT('',(0.0305701383029392,4.96794275681372,3.74685351860341));
#9157=CARTESIAN_POINT('',(0.000569999999682846,5.02513883220919,3.8440549833981));
#9158=CARTESIAN_POINT('',(0.0305701383029392,5.02513883220919,3.8440549833981));
#9159=CARTESIAN_POINT('',(0.000569999999682846,5.06382900352057,3.88621581494551));
#9160=CARTESIAN_POINT('',(0.0305701383029392,5.06382900352057,3.8862158149455));
#9161=CARTESIAN_POINT('',(0.000569999999682846,5.15637419753353,3.95218799919991));
#9162=CARTESIAN_POINT('',(0.0305701383029392,5.15637419753353,3.95218799919991));
#9163=CARTESIAN_POINT('',(0.000569999999682846,5.20919681530207,3.97526338707181));
#9164=CARTESIAN_POINT('',(0.0305701383029392,5.20919681530207,3.97526338707181));
#9165=CARTESIAN_POINT('',(0.000569999999682846,5.29311612118125,3.99276517236053));
#9166=CARTESIAN_POINT('',(0.0305701383029392,5.29311612118125,3.99276517236053));
#9167=CARTESIAN_POINT('',(0.000569999999682846,5.3215580605949,3.99568213657532));
#9168=CARTESIAN_POINT('',(0.0305701383029392,5.3215580605949,3.99568213657532));
#9169=CARTESIAN_POINT('',(0.000569999999682846,5.35000000000854,3.99568213657532));
#9170=CARTESIAN_POINT('',(0.0305701383029392,5.35000000000854,3.99568213657532));
#9171=DRAUGHTING_PRE_DEFINED_CURVE_FONT('continuous');
#9172=COLOUR_RGB('',0.310000002384186,0.310000002384186,0.310000002384186);
#9173=CARTESIAN_POINT('',(0.0305701383026238,3.65000563233023,3.12364789456509));
#9174=CARTESIAN_POINT('',(0.0305701383026238,3.92991000000383,3.4017822095597));
#9175=AXIS2_PLACEMENT_3D('',#14070,#14071,#14072);
#9176=DRAUGHTING_PRE_DEFINED_CURVE_FONT('continuous');
#9177=COLOUR_RGB('',0.310000002384186,0.310000002384186,0.310000002384186);
#9178=CARTESIAN_POINT('',(0.00057,3.92991000000383,3.4017822095597));
#9179=CARTESIAN_POINT('',(0.0305701383026238,3.92991000000383,3.4017822095597));
#9180=VECTOR('',#14073,1.0);
#9181=DRAUGHTING_PRE_DEFINED_CURVE_FONT('continuous');
#9182=COLOUR_RGB('',0.310000002384186,0.310000002384186,0.310000002384186);
#9183=CARTESIAN_POINT('',(0.00057,3.65000563233023,3.12364789456509));
#9184=AXIS2_PLACEMENT_3D('',#14074,#14075,#14076);
#9185=DRAUGHTING_PRE_DEFINED_CURVE_FONT('continuous');
#9186=COLOUR_RGB('',0.310000002384186,0.310000002384186,0.310000002384186);
#9187=CARTESIAN_POINT('',(0.000569999999999997,4.61338733262086,3.24993002397849));
#9188=CARTESIAN_POINT('',(0.00057,4.36274934913111,3.4017822095597));
#9189=AXIS2_PLACEMENT_3D('',#14077,#14078,#14079);
#9190=DRAUGHTING_PRE_DEFINED_CURVE_FONT('continuous');
#9191=COLOUR_RGB('',0.310000002384186,0.310000002384186,0.310000002384186);
#9192=CARTESIAN_POINT('',(0.0305701383026238,4.36274934913111,3.4017822095597));
#9193=CARTESIAN_POINT('',(0.00057,4.36274934913111,3.4017822095597));
#9194=VECTOR('',#14080,1.0);
#9195=DRAUGHTING_PRE_DEFINED_CURVE_FONT('continuous');
#9196=COLOUR_RGB('',0.310000002384186,0.310000002384186,0.310000002384186);
#9197=CARTESIAN_POINT('',(0.0305701383026238,4.61338733262086,3.24993002397849));
#9198=AXIS2_PLACEMENT_3D('',#14081,#14082,#14083);
#9199=DRAUGHTING_PRE_DEFINED_CURVE_FONT('continuous');
#9200=COLOUR_RGB('',0.310000002384186,0.310000002384186,0.310000002384186);
#9201=CARTESIAN_POINT('',(0.00057,6.33137394073873,3.40172113615679));
#9202=CARTESIAN_POINT('',(0.00057,6.08394598163048,3.24469282633641));
#9203=AXIS2_PLACEMENT_3D('',#14084,#14085,#14086);
#9204=DRAUGHTING_PRE_DEFINED_CURVE_FONT('continuous');
#9205=COLOUR_RGB('',0.310000002384186,0.310000002384186,0.310000002384186);
#9206=CARTESIAN_POINT('',(0.0305701383026238,6.08394598163048,3.24469282633641));
#9207=CARTESIAN_POINT('',(0.000569999999998224,6.08394598163048,3.24469282633641));
#9208=VECTOR('',#14087,1.0);
#9209=DRAUGHTING_PRE_DEFINED_CURVE_FONT('continuous');
#9210=COLOUR_RGB('',0.310000002384186,0.310000002384186,0.310000002384186);
#9211=CARTESIAN_POINT('',(0.0305701383026238,6.33137394073873,3.40172113615679));
#9212=AXIS2_PLACEMENT_3D('',#14088,#14089,#14090);
#9213=DRAUGHTING_PRE_DEFINED_CURVE_FONT('continuous');
#9214=COLOUR_RGB('',0.310000002384186,0.310000002384186,0.310000002384186);
#9215=CARTESIAN_POINT('',(0.0305701383026238,6.77186568501851,3.40177657723321));
#9216=CARTESIAN_POINT('',(0.0305701383026238,7.05000000001325,3.1218722095596));
#9217=AXIS2_PLACEMENT_3D('',#14091,#14092,#14093);
#9218=DRAUGHTING_PRE_DEFINED_CURVE_FONT('continuous');
#9219=COLOUR_RGB('',0.310000002384186,0.310000002384186,0.310000002384186);
#9220=CARTESIAN_POINT('',(0.00057,7.05000000001325,3.1218722095596));
#9221=CARTESIAN_POINT('',(0.0305701383026238,7.05000000001325,3.1218722095596));
#9222=VECTOR('',#14094,1.0);
#9223=DRAUGHTING_PRE_DEFINED_CURVE_FONT('continuous');
#9224=COLOUR_RGB('',0.310000002384186,0.310000002384186,0.310000002384186);
#9225=CARTESIAN_POINT('',(0.00057,6.77186568501851,3.40177657723321));
#9226=AXIS2_PLACEMENT_3D('',#14095,#14096,#14097);
#9227=DRAUGHTING_PRE_DEFINED_CURVE_FONT('continuous');
#9228=COLOUR_RGB('',0.310000002384186,0.310000002384186,0.310000002384186);
#9229=CARTESIAN_POINT('',(0.0305701383026238,3.42084244115388,6.10999249029855));
#9230=CARTESIAN_POINT('',(0.0305701383026238,3.05000000001517,5.73679));
#9231=AXIS2_PLACEMENT_3D('',#14098,#14099,#14100);
#9232=DRAUGHTING_PRE_DEFINED_CURVE_FONT('continuous');
#9233=COLOUR_RGB('',0.310000002384186,0.310000002384186,0.310000002384186);
#9234=CARTESIAN_POINT('',(0.00057,3.05000000001517,5.73679));
#9235=CARTESIAN_POINT('',(0.00057,3.05000000001517,5.73679));
#9236=VECTOR('',#14101,1.0);
#9237=DRAUGHTING_PRE_DEFINED_CURVE_FONT('continuous');
#9238=COLOUR_RGB('',0.310000002384186,0.310000002384186,0.310000002384186);
#9239=CARTESIAN_POINT('',(0.00057,3.42084244115388,6.10999249029855));
#9240=AXIS2_PLACEMENT_3D('',#14102,#14103,#14104);
#9241=DRAUGHTING_PRE_DEFINED_CURVE_FONT('continuous');
#9242=COLOUR_RGB('',0.310000002384186,0.310000002384186,0.310000002384186);
#9243=CARTESIAN_POINT('',(0.0305701383026238,3.05000750971662,1.25785098814723));
#9244=CARTESIAN_POINT('',(0.0305701383026238,3.42321000001517,0.887008547008509));
#9245=AXIS2_PLACEMENT_3D('',#14105,#14106,#14107);
#9246=DRAUGHTING_PRE_DEFINED_CURVE_FONT('continuous');
#9247=COLOUR_RGB('',0.310000002384186,0.310000002384186,0.310000002384186);
#9248=CARTESIAN_POINT('',(0.00057,3.42321000001517,0.887008547008509));
#9249=CARTESIAN_POINT('',(0.00057,3.42321000001517,0.887008547008509));
#9250=VECTOR('',#14108,1.0);
#9251=DRAUGHTING_PRE_DEFINED_CURVE_FONT('continuous');
#9252=COLOUR_RGB('',0.310000002384186,0.310000002384186,0.310000002384186);
#9253=CARTESIAN_POINT('',(0.00057,3.05000750971662,1.25785098814723));
#9254=AXIS2_PLACEMENT_3D('',#14109,#14110,#14111);
#9255=DRAUGHTING_PRE_DEFINED_CURVE_FONT('continuous');
#9256=COLOUR_RGB('',0.310000002384186,0.310000002384186,0.310000002384186);
#9257=CARTESIAN_POINT('',(0.0305701383026238,8.07915755886126,0.887016056709961));
#9258=CARTESIAN_POINT('',(0.0305701383026238,8.44999999999997,1.26021854700851));
#9259=AXIS2_PLACEMENT_3D('',#14112,#14113,#14114);
#9260=DRAUGHTING_PRE_DEFINED_CURVE_FONT('continuous');
#9261=COLOUR_RGB('',0.310000002384186,0.310000002384186,0.310000002384186);
#9262=CARTESIAN_POINT('',(0.00057,8.44999999999997,1.26021854700851));
#9263=CARTESIAN_POINT('',(0.00057,8.44999999999997,1.26021854700851));
#9264=VECTOR('',#14115,1.0);
#9265=DRAUGHTING_PRE_DEFINED_CURVE_FONT('continuous');
#9266=COLOUR_RGB('',0.310000002384186,0.310000002384186,0.310000002384186);
#9267=CARTESIAN_POINT('',(0.00057,8.07915755886126,0.887016056709961));
#9268=AXIS2_PLACEMENT_3D('',#14116,#14117,#14118);
#9269=DRAUGHTING_PRE_DEFINED_CURVE_FONT('continuous');
#9270=COLOUR_RGB('',0.310000002384186,0.310000002384186,0.310000002384186);
#9271=CARTESIAN_POINT('',(0.0305701383026238,8.44999249029852,5.73915755886129));
#9272=CARTESIAN_POINT('',(0.0305701383026238,8.07678999999997,6.11));
#9273=AXIS2_PLACEMENT_3D('',#14119,#14120,#14121);
#9274=DRAUGHTING_PRE_DEFINED_CURVE_FONT('continuous');
#9275=COLOUR_RGB('',0.310000002384186,0.310000002384186,0.310000002384186);
#9276=CARTESIAN_POINT('',(0.00057,8.07678999999997,6.11));
#9277=CARTESIAN_POINT('',(0.00057,8.07678999999997,6.11));
#9278=VECTOR('',#14122,1.0);
#9279=DRAUGHTING_PRE_DEFINED_CURVE_FONT('continuous');
#9280=COLOUR_RGB('',0.310000002384186,0.310000002384186,0.310000002384186);
#9281=CARTESIAN_POINT('',(0.00057,8.44999249029852,5.73915755886129));
#9282=AXIS2_PLACEMENT_3D('',#14123,#14124,#14125);
#9283=DRAUGHTING_PRE_DEFINED_CURVE_FONT('continuous');
#9284=COLOUR_RGB('',0.310000002384186,0.310000002384186,0.310000002384186);
#9285=CARTESIAN_POINT('',(0.000569999999999997,6.08661266739623,3.9405226509178));
#9286=CARTESIAN_POINT('',(0.00057,6.33725065088586,3.78867046533681));
#9287=AXIS2_PLACEMENT_3D('',#14126,#14127,#14128);
#9288=DRAUGHTING_PRE_DEFINED_CURVE_FONT('continuous');
#9289=COLOUR_RGB('',0.310000002384186,0.310000002384186,0.310000002384186);
#9290=CARTESIAN_POINT('',(0.0305701383026238,6.33725065088586,3.78867046533681));
#9291=CARTESIAN_POINT('',(0.00057,6.33725065088586,3.78867046533681));
#9292=VECTOR('',#14129,1.0);
#9293=DRAUGHTING_PRE_DEFINED_CURVE_FONT('continuous');
#9294=COLOUR_RGB('',0.310000002384186,0.310000002384186,0.310000002384186);
#9295=CARTESIAN_POINT('',(0.0305701383026238,6.08661266739623,3.9405226509178));
#9296=AXIS2_PLACEMENT_3D('',#14130,#14131,#14132);
#9297=DRAUGHTING_PRE_DEFINED_CURVE_FONT('continuous');
#9298=COLOUR_RGB('',0.310000002384186,0.310000002384186,0.310000002384186);
#9299=CARTESIAN_POINT('',(0.0305701383026238,7.84999436767095,4.06680478033142));
#9300=CARTESIAN_POINT('',(0.0305701383026238,7.57008999999734,3.78867046533681));
#9301=AXIS2_PLACEMENT_3D('',#14133,#14134,#14135);
#9302=DRAUGHTING_PRE_DEFINED_CURVE_FONT('continuous');
#9303=COLOUR_RGB('',0.310000002384186,0.310000002384186,0.310000002384186);
#9304=CARTESIAN_POINT('',(0.00057,7.57008999999734,3.78867046533681));
#9305=CARTESIAN_POINT('',(0.0305701383026238,7.57008999999734,3.78867046533681));
#9306=VECTOR('',#14136,1.0);
#9307=DRAUGHTING_PRE_DEFINED_CURVE_FONT('continuous');
#9308=COLOUR_RGB('',0.310000002384186,0.310000002384186,0.310000002384186);
#9309=CARTESIAN_POINT('',(0.00057,7.84999436767095,4.06680478033142));
#9310=AXIS2_PLACEMENT_3D('',#14137,#14138,#14139);
#9311=DRAUGHTING_PRE_DEFINED_CURVE_FONT('continuous');
#9312=COLOUR_RGB('',0.310000002384186,0.310000002384186,0.310000002384186);
#9313=CARTESIAN_POINT('',(0.0305701383026238,7.57186568500273,5.52966198400741));
#9314=CARTESIAN_POINT('',(0.0305701383026238,7.84999999999734,5.2497576163338));
#9315=AXIS2_PLACEMENT_3D('',#14140,#14141,#14142);
#9316=DRAUGHTING_PRE_DEFINED_CURVE_FONT('continuous');
#9317=COLOUR_RGB('',0.310000002384186,0.310000002384186,0.310000002384186);
#9318=CARTESIAN_POINT('',(0.00057,7.84999999999734,5.2497576163338));
#9319=CARTESIAN_POINT('',(0.0305701383026238,7.84999999999734,5.2497576163338));
#9320=VECTOR('',#14143,1.0);
#9321=DRAUGHTING_PRE_DEFINED_CURVE_FONT('continuous');
#9322=COLOUR_RGB('',0.310000002384186,0.310000002384186,0.310000002384186);
#9323=CARTESIAN_POINT('',(0.00057,7.57186568500273,5.52966198400741));
#9324=AXIS2_PLACEMENT_3D('',#14144,#14145,#14146);
#9325=DRAUGHTING_PRE_DEFINED_CURVE_FONT('continuous');
#9326=COLOUR_RGB('',0.310000002384186,0.310000002384186,0.310000002384186);
#9327=CARTESIAN_POINT('',(0.0305701383026238,3.6500056323302,5.25153330133918));
#9328=CARTESIAN_POINT('',(0.0305701383026238,3.92991000000381,5.5296676163338));
#9329=AXIS2_PLACEMENT_3D('',#14147,#14148,#14149);
#9330=DRAUGHTING_PRE_DEFINED_CURVE_FONT('continuous');
#9331=COLOUR_RGB('',0.310000002384186,0.310000002384186,0.310000002384186);
#9332=CARTESIAN_POINT('',(0.00057,3.92991000000381,5.5296676163338));
#9333=CARTESIAN_POINT('',(0.0305701383026238,3.92991000000381,5.5296676163338));
#9334=VECTOR('',#14150,1.0);
#9335=DRAUGHTING_PRE_DEFINED_CURVE_FONT('continuous');
#9336=COLOUR_RGB('',0.310000002384186,0.310000002384186,0.310000002384186);
#9337=CARTESIAN_POINT('',(0.00057,3.6500056323302,5.25153330133918));
#9338=AXIS2_PLACEMENT_3D('',#14151,#14152,#14153);
#9339=DRAUGHTING_PRE_DEFINED_CURVE_FONT('continuous');
#9340=COLOUR_RGB('',0.310000002384186,0.310000002384186,0.310000002384186);
#9341=CARTESIAN_POINT('',(0.0305701383026238,3.92813431499844,3.788676097663));
#9342=CARTESIAN_POINT('',(0.0305701383026238,3.65000000000384,4.06858046533661));
#9343=AXIS2_PLACEMENT_3D('',#14154,#14155,#14156);
#9344=DRAUGHTING_PRE_DEFINED_CURVE_FONT('continuous');
#9345=COLOUR_RGB('',0.310000002384186,0.310000002384186,0.310000002384186);
#9346=CARTESIAN_POINT('',(0.00057,3.65000000000384,4.06858046533661));
#9347=CARTESIAN_POINT('',(0.0305701383026238,3.65000000000384,4.06858046533661));
#9348=VECTOR('',#14157,1.0);
#9349=DRAUGHTING_PRE_DEFINED_CURVE_FONT('continuous');
#9350=COLOUR_RGB('',0.310000002384186,0.310000002384186,0.310000002384186);
#9351=CARTESIAN_POINT('',(0.00057,3.92813431499844,3.788676097663));
#9352=AXIS2_PLACEMENT_3D('',#14158,#14159,#14160);
#9353=DRAUGHTING_PRE_DEFINED_CURVE_FONT('continuous');
#9354=COLOUR_RGB('',0.310000002384186,0.310000002384186,0.310000002384186);
#9355=CARTESIAN_POINT('',(0.00057,4.36862605927805,3.78873153873922));
#9356=CARTESIAN_POINT('',(0.00057,4.61605401838656,3.94575984855985));
#9357=AXIS2_PLACEMENT_3D('',#14161,#14162,#14163);
#9358=DRAUGHTING_PRE_DEFINED_CURVE_FONT('continuous');
#9359=COLOUR_RGB('',0.310000002384186,0.310000002384186,0.310000002384186);
#9360=CARTESIAN_POINT('',(0.0305701383026238,4.61605401838656,3.94575984855985));
#9361=CARTESIAN_POINT('',(0.00057,4.61605401838656,3.94575984855985));
#9362=VECTOR('',#14164,1.0);
#9363=DRAUGHTING_PRE_DEFINED_CURVE_FONT('continuous');
#9364=COLOUR_RGB('',0.310000002384186,0.310000002384186,0.310000002384186);
#9365=CARTESIAN_POINT('',(0.0305701383026238,4.36862605927805,3.78873153873922));
#9366=AXIS2_PLACEMENT_3D('',#14165,#14166,#14167);
#9367=DRAUGHTING_PRE_DEFINED_CURVE_FONT('continuous');
#9368=COLOUR_RGB('',0.310000002384186,0.310000002384186,0.310000002384186);
#9369=CARTESIAN_POINT('',(2.27367865756944,7.84946572117576,6.25));
#9370=CARTESIAN_POINT('',(2.22746206443061,6.85053427882417,6.25));
#9371=AXIS2_PLACEMENT_3D('',#14168,#14169,#14170);
#9372=DRAUGHTING_PRE_DEFINED_CURVE_FONT('continuous');
#9373=COLOUR_RGB('',0.310000002384186,0.310000002384186,0.310000002384186);
#9374=CARTESIAN_POINT('',(2.27367865756953,7.84946572117777,0.75));
#9375=CARTESIAN_POINT('',(2.2274620644307,6.85053427882617,0.75));
#9376=AXIS2_PLACEMENT_3D('',#14171,#14172,#14173);
#9377=DRAUGHTING_PRE_DEFINED_CURVE_FONT('continuous');
#9378=COLOUR_RGB('',0.310000002384186,0.310000002384186,0.310000002384186);
#9379=CARTESIAN_POINT('',(0.575199833142627,1.9095133475471,5.2403817237673));
#9380=CARTESIAN_POINT('',(0.5588668368608,-1.77635683940025E-15,5.22470774697909));
#9381=CARTESIAN_POINT('',(0.575199833142544,1.90951334753739,5.24038172376723));
#9382=CARTESIAN_POINT('',(0.574673754016801,1.84800870413342,5.23988765388773));
#9383=CARTESIAN_POINT('',(0.57414767496346,1.78650406918493,5.23939256326578));
#9384=CARTESIAN_POINT('',(0.573621595983397,1.72499944277801,5.23889644601168));
#9385=CARTESIAN_POINT('',(0.571982176105441,1.53333258107275,5.23735039585763));
#9386=CARTESIAN_POINT('',(0.570342756935865,1.34166580231683,5.23579437575857));
#9387=CARTESIAN_POINT('',(0.568703338499804,1.14999910918563,5.23422820071373));
#9388=CARTESIAN_POINT('',(0.567063920063749,0.958332416055126,5.23266202566889));
#9389=CARTESIAN_POINT('',(0.565424502359718,0.766665808548568,5.23108569569862));
#9390=CARTESIAN_POINT('',(0.563785085411974,0.574999289418567,5.22949901868563));
#9391=CARTESIAN_POINT('',(0.562145668464251,0.383332770291004,5.22791234167265));
#9392=CARTESIAN_POINT('',(0.560506252272357,0.191666339532205,5.22631531764224));
#9393=CARTESIAN_POINT('',(0.558866836860795,-6.94555524205498E-13,5.22470774697908));
#9394=DRAUGHTING_PRE_DEFINED_CURVE_FONT('continuous');
#9395=COLOUR_RGB('',0.310000002384186,0.310000002384186,0.310000002384186);
#9396=CARTESIAN_POINT('',(0.558866836896782,-1.77635683940025E-15,3.72529225298546));
#9397=AXIS2_PLACEMENT_3D('',#14174,#14175,#14176);
#9398=DRAUGHTING_PRE_DEFINED_CURVE_FONT('continuous');
#9399=COLOUR_RGB('',0.310000002384186,0.310000002384186,0.310000002384186);
#9400=CARTESIAN_POINT('',(0.578539857722085,2.30000027414825,3.70649513517015));
#9401=CARTESIAN_POINT('',(0.558866836861382,3.88578058618805E-14,3.725292253019));
#9402=CARTESIAN_POINT('',(0.560506252394336,0.191666353724911,3.72368468223682));
#9403=CARTESIAN_POINT('',(0.562145668672397,0.383332794527802,3.72208765812294));
#9404=CARTESIAN_POINT('',(0.563785085674297,0.574999319989236,3.72050098105864));
#9405=CARTESIAN_POINT('',(0.565424502676216,0.766665845452966,3.71891430399432));
#9406=CARTESIAN_POINT('',(0.567063920402655,0.958332455576107,3.71733797400406));
#9407=CARTESIAN_POINT('',(0.568703338833225,1.14999914806532,3.71577179896584));
#9408=CARTESIAN_POINT('',(0.570342757263814,1.34166584055679,3.71420562392761));
#9409=CARTESIAN_POINT('',(0.571982176399433,1.53333261541507,3.7126496038635));
#9410=CARTESIAN_POINT('',(0.57362159622047,1.72499947046574,3.71110355376409));
#9411=CARTESIAN_POINT('',(0.575261016041525,1.91666632551852,3.70955750366466));
#9412=CARTESIAN_POINT('',(0.576900436549161,2.10833326076429,3.70802142354962));
#9413=CARTESIAN_POINT('',(0.578539857724432,2.30000027414035,3.70649513516312));
#9414=DRAUGHTING_PRE_DEFINED_CURVE_FONT('continuous');
#9415=COLOUR_RGB('',0.310000002384186,0.310000002384186,0.310000002384186);
#9416=CARTESIAN_POINT('',(0.575199833183719,2.3000002741403,5.24038172372355));
#9417=AXIS2_PLACEMENT_3D('',#14177,#14178,#14179);
#9418=DRAUGHTING_PRE_DEFINED_CURVE_FONT('continuous');
#9419=COLOUR_RGB('',0.310000002384186,0.310000002384186,0.310000002384186);
#9420=CARTESIAN_POINT('',(1.25064839179273,7.33747891670445,0.0));
#9421=CARTESIAN_POINT('',(1.25056999995663,7.34999999999996,0.0));
#9422=AXIS2_PLACEMENT_3D('',#14180,#14181,#14182);
#9423=DRAUGHTING_PRE_DEFINED_CURVE_FONT('continuous');
#9424=COLOUR_RGB('',0.310000002384186,0.310000002384186,0.310000002384186);
#9425=CARTESIAN_POINT('',(1.65056999995663,7.34999999999997,0.399999999999989));
#9426=CARTESIAN_POINT('',(1.65056999995662,7.34999999999997,0.4));
#9427=VECTOR('',#14183,1.0);
#9428=DRAUGHTING_PRE_DEFINED_CURVE_FONT('continuous');
#9429=COLOUR_RGB('',0.310000002384186,0.310000002384186,0.310000002384186);
#9430=CARTESIAN_POINT('',(1.65058207310823,7.34619373724788,0.400000000000006));
#9431=AXIS2_PLACEMENT_3D('',#14184,#14185,#14186);
#9432=DRAUGHTING_PRE_DEFINED_CURVE_FONT('continuous');
#9433=COLOUR_RGB('',0.310000002384186,0.310000002384186,0.310000002384186);
#9434=CARTESIAN_POINT('',(1.6506170350583,7.34248735002266,0.400000000000006));
#9435=AXIS2_PLACEMENT_3D('',#14187,#14188,#14189);
#9436=DRAUGHTING_PRE_DEFINED_CURVE_FONT('continuous');
#9437=COLOUR_RGB('',0.310000002384186,0.310000002384186,0.310000002384186);
#9438=CARTESIAN_POINT('',(1.65058207315162,7.34619373724816,0.75));
#9439=CARTESIAN_POINT('',(2.85057000000002,7.34999999999996,0.75));
#9440=AXIS2_PLACEMENT_3D('',#14190,#14191,#14192);
#9441=DRAUGHTING_PRE_DEFINED_CURVE_FONT('continuous');
#9442=COLOUR_RGB('',0.310000002384186,0.310000002384186,0.310000002384186);
#9443=CARTESIAN_POINT('',(2.85057000000002,7.34999999999996,0.400000000000006));
#9444=CARTESIAN_POINT('',(2.85057000000002,7.34999999999996,0.400000000000003));
#9445=VECTOR('',#14193,1.0);
#9446=DRAUGHTING_PRE_DEFINED_CURVE_FONT('continuous');
#9447=COLOUR_RGB('',0.310000002384186,0.310000002384186,0.310000002384186);
#9448=AXIS2_PLACEMENT_3D('',#14194,#14195,#14196);
#9449=DRAUGHTING_PRE_DEFINED_CURVE_FONT('continuous');
#9450=COLOUR_RGB('',0.310000002384186,0.310000002384186,0.310000002384186);
#9451=CARTESIAN_POINT('',(2.25056999995662,8.64999999999998,8.0));
#9452=CARTESIAN_POINT('',(2.17573676490918,8.64784436159821,8.0));
#9453=AXIS2_PLACEMENT_3D('',#14197,#14198,#14199);
#9454=DRAUGHTING_PRE_DEFINED_CURVE_FONT('continuous');
#9455=COLOUR_RGB('',0.310000002384186,0.310000002384186,0.310000002384186);
#9456=CARTESIAN_POINT('',(2.25056999995662,6.04999999999995,8.0));
#9457=AXIS2_PLACEMENT_3D('',#14200,#14201,#14202);
#9458=DRAUGHTING_PRE_DEFINED_CURVE_FONT('continuous');
#9459=COLOUR_RGB('',0.310000002384186,0.310000002384186,0.310000002384186);
#9460=CARTESIAN_POINT('',(2.25056999995662,8.14999999999998,8.5));
#9461=CARTESIAN_POINT('',(2.25056999995662,6.54999999999995,8.5));
#9462=AXIS2_PLACEMENT_3D('',#14203,#14204,#14205);
#9463=DRAUGHTING_PRE_DEFINED_CURVE_FONT('continuous');
#9464=COLOUR_RGB('',0.310000002384186,0.310000002384186,0.310000002384186);
#9465=CARTESIAN_POINT('',(0.5588668368608,0.0,3.27470774703289));
#9466=CARTESIAN_POINT('',(0.571027613763345,1.42173336792051,3.28644185087411));
#9467=CARTESIAN_POINT('',(0.558866836861382,2.58681964737661E-14,3.274707746981));
#9468=CARTESIAN_POINT('',(0.560506252394336,0.191666353724902,3.27631531776318));
#9469=CARTESIAN_POINT('',(0.562145668672397,0.383332794527805,3.27791234187706));
#9470=CARTESIAN_POINT('',(0.563785085674296,0.574999319989211,3.27949901894136));
#9471=CARTESIAN_POINT('',(0.565424502676216,0.766665845452944,3.28108569600568));
#9472=CARTESIAN_POINT('',(0.567063920402655,0.958332455576083,3.28266202599594));
#9473=CARTESIAN_POINT('',(0.568703338833224,1.1499991480653,3.28422820103416));
#9474=CARTESIAN_POINT('',(0.569478096986491,1.24057720303082,3.28496834574504));
#9475=CARTESIAN_POINT('',(0.570252855297214,1.33115527639158,3.2857062225162));
#9476=CARTESIAN_POINT('',(0.571027613763324,1.42173336791807,3.28644185087409));
#9477=DRAUGHTING_PRE_DEFINED_CURVE_FONT('continuous');
#9478=COLOUR_RGB('',0.310000002384186,0.310000002384186,0.310000002384186);
#9479=CARTESIAN_POINT('',(0.5588668368608,0.0,1.77529225296728));
#9480=AXIS2_PLACEMENT_3D('',#14206,#14207,#14208);
#9481=DRAUGHTING_PRE_DEFINED_CURVE_FONT('continuous');
#9482=COLOUR_RGB('',0.310000002384186,0.310000002384186,0.310000002384186);
#9483=CARTESIAN_POINT('',(0.578539857722017,2.30000027414026,1.75649513517031));
#9484=CARTESIAN_POINT('',(0.578539857725644,2.30000027414015,1.75649513515973));
#9485=CARTESIAN_POINT('',(0.576900436450944,2.10833324913964,1.75802142363878));
#9486=CARTESIAN_POINT('',(0.575261015861359,1.91666630448381,1.75955750383427));
#9487=CARTESIAN_POINT('',(0.573621595983397,1.72499944277798,1.76110355398833));
#9488=CARTESIAN_POINT('',(0.571982176105441,1.53333258107273,1.76264960414238));
#9489=CARTESIAN_POINT('',(0.570342756935864,1.34166580231681,1.76420562424143));
#9490=CARTESIAN_POINT('',(0.568703338499803,1.14999910918561,1.76577179928627));
#9491=CARTESIAN_POINT('',(0.567063920063749,0.958332416055111,1.76733797433111));
#9492=CARTESIAN_POINT('',(0.565424502359718,0.766665808548551,1.76891430430138));
#9493=CARTESIAN_POINT('',(0.563785085411974,0.574999289418557,1.77050098131437));
#9494=CARTESIAN_POINT('',(0.562145668464251,0.383332770290997,1.77208765832735));
#9495=CARTESIAN_POINT('',(0.560506252272357,0.191666339532195,1.77368468235776));
#9496=CARTESIAN_POINT('',(0.558866836860795,-6.94444501903035E-13,1.77529225302092));
#9497=DRAUGHTING_PRE_DEFINED_CURVE_FONT('continuous');
#9498=COLOUR_RGB('',0.310000002384186,0.310000002384186,0.310000002384186);
#9499=CARTESIAN_POINT('',(0.571027613818583,2.30000027414027,3.28644185081593));
#9500=AXIS2_PLACEMENT_3D('',#14209,#14210,#14211);
#9501=DRAUGHTING_PRE_DEFINED_CURVE_FONT('continuous');
#9502=COLOUR_RGB('',0.310000002384186,0.310000002384186,0.310000002384186);
#9503=CARTESIAN_POINT('',(2.17573676490932,8.64784436159571,7.0));
#9504=CARTESIAN_POINT('',(2.3254032350042,6.05215563839924,7.0));
#9505=AXIS2_PLACEMENT_3D('',#14212,#14213,#14214);
#9506=DRAUGHTING_PRE_DEFINED_CURVE_FONT('continuous');
#9507=COLOUR_RGB('',0.310000002384186,0.310000002384186,0.310000002384186);
#9508=CARTESIAN_POINT('',(2.32540323500406,6.05215563840172,8.0));
#9509=AXIS2_PLACEMENT_3D('',#14215,#14216,#14217);
#9510=DRAUGHTING_PRE_DEFINED_CURVE_FONT('continuous');
#9511=COLOUR_RGB('',0.310000002384186,0.310000002384186,0.310000002384186);
#9512=CARTESIAN_POINT('',(2.21603158378091,7.94900508996838,8.5));
#9513=CARTESIAN_POINT('',(2.28510841613239,6.75099491003155,8.5));
#9514=AXIS2_PLACEMENT_3D('',#14218,#14219,#14220);
#9515=DRAUGHTING_PRE_DEFINED_CURVE_FONT('continuous');
#9516=COLOUR_RGB('',0.310000002384186,0.310000002384186,0.310000002384186);
#9517=CARTESIAN_POINT('',(2.21603158378091,7.94900508996838,6.25));
#9518=CARTESIAN_POINT('',(2.28510841613239,6.75099491003155,6.25));
#9519=AXIS2_PLACEMENT_3D('',#14221,#14222,#14223);
#9520=DRAUGHTING_PRE_DEFINED_CURVE_FONT('continuous');
#9521=COLOUR_RGB('',0.310000002384186,0.310000002384186,0.310000002384186);
#9522=CARTESIAN_POINT('',(5.77367866704647,7.84946570403513,6.25));
#9523=CARTESIAN_POINT('',(5.72746133295359,6.85053429596481,6.25));
#9524=AXIS2_PLACEMENT_3D('',#14224,#14225,#14226);
#9525=DRAUGHTING_PRE_DEFINED_CURVE_FONT('continuous');
#9526=COLOUR_RGB('',0.310000002384186,0.310000002384186,0.310000002384186);
#9527=CARTESIAN_POINT('',(5.77367866704647,7.84946570403513,0.75));
#9528=CARTESIAN_POINT('',(5.72746133295359,6.85053429596481,0.75));
#9529=AXIS2_PLACEMENT_3D('',#14227,#14228,#14229);
#9530=DRAUGHTING_PRE_DEFINED_CURVE_FONT('continuous');
#9531=COLOUR_RGB('',0.310000002384186,0.310000002384186,0.310000002384186);
#9532=CARTESIAN_POINT('',(4.75064839183612,7.33747891670445,0.0));
#9533=CARTESIAN_POINT('',(4.75057000000003,7.34999999999996,0.0));
#9534=AXIS2_PLACEMENT_3D('',#14230,#14231,#14232);
#9535=DRAUGHTING_PRE_DEFINED_CURVE_FONT('continuous');
#9536=COLOUR_RGB('',0.310000002384186,0.310000002384186,0.310000002384186);
#9537=CARTESIAN_POINT('',(5.15057000000004,7.34999999999997,0.400000000000009));
#9538=CARTESIAN_POINT('',(5.15057000000004,7.34999999999996,0.400000000000007));
#9539=VECTOR('',#14233,1.0);
#9540=DRAUGHTING_PRE_DEFINED_CURVE_FONT('continuous');
#9541=COLOUR_RGB('',0.310000002384186,0.310000002384186,0.310000002384186);
#9542=CARTESIAN_POINT('',(5.15058207315162,7.34619373724789,0.400000000000006));
#9543=AXIS2_PLACEMENT_3D('',#14234,#14235,#14236);
#9544=DRAUGHTING_PRE_DEFINED_CURVE_FONT('continuous');
#9545=COLOUR_RGB('',0.310000002384186,0.310000002384186,0.310000002384186);
#9546=CARTESIAN_POINT('',(5.15061703510169,7.34248735002266,0.400000000000006));
#9547=AXIS2_PLACEMENT_3D('',#14237,#14238,#14239);
#9548=DRAUGHTING_PRE_DEFINED_CURVE_FONT('continuous');
#9549=COLOUR_RGB('',0.310000002384186,0.310000002384186,0.310000002384186);
#9550=CARTESIAN_POINT('',(5.75057,8.64999999999998,8.0));
#9551=CARTESIAN_POINT('',(5.67573676495256,8.64784436159822,8.0));
#9552=AXIS2_PLACEMENT_3D('',#14240,#14241,#14242);
#9553=DRAUGHTING_PRE_DEFINED_CURVE_FONT('continuous');
#9554=COLOUR_RGB('',0.310000002384186,0.310000002384186,0.310000002384186);
#9555=CARTESIAN_POINT('',(5.75057,6.04999999999996,8.0));
#9556=AXIS2_PLACEMENT_3D('',#14243,#14244,#14245);
#9557=DRAUGHTING_PRE_DEFINED_CURVE_FONT('continuous');
#9558=COLOUR_RGB('',0.310000002384186,0.310000002384186,0.310000002384186);
#9559=CARTESIAN_POINT('',(5.75057,8.14999999999998,8.5));
#9560=CARTESIAN_POINT('',(5.75057,6.54999999999996,8.5));
#9561=AXIS2_PLACEMENT_3D('',#14246,#14247,#14248);
#9562=DRAUGHTING_PRE_DEFINED_CURVE_FONT('continuous');
#9563=COLOUR_RGB('',0.310000002384186,0.310000002384186,0.310000002384186);
#9564=CARTESIAN_POINT('',(5.67573676495256,8.6478443615982,7.0));
#9565=CARTESIAN_POINT('',(5.82540323504744,6.05215563840173,7.0));
#9566=AXIS2_PLACEMENT_3D('',#14249,#14250,#14251);
#9567=DRAUGHTING_PRE_DEFINED_CURVE_FONT('continuous');
#9568=COLOUR_RGB('',0.310000002384186,0.310000002384186,0.310000002384186);
#9569=CARTESIAN_POINT('',(5.82540323504744,6.05215563840172,8.0));
#9570=AXIS2_PLACEMENT_3D('',#14252,#14253,#14254);
#9571=DRAUGHTING_PRE_DEFINED_CURVE_FONT('continuous');
#9572=COLOUR_RGB('',0.310000002384186,0.310000002384186,0.310000002384186);
#9573=CARTESIAN_POINT('',(5.71603158382429,7.94900508996838,8.5));
#9574=CARTESIAN_POINT('',(5.78510841617577,6.75099491003156,8.5));
#9575=AXIS2_PLACEMENT_3D('',#14255,#14256,#14257);
#9576=DRAUGHTING_PRE_DEFINED_CURVE_FONT('continuous');
#9577=COLOUR_RGB('',0.310000002384186,0.310000002384186,0.310000002384186);
#9578=CARTESIAN_POINT('',(5.71603158382429,7.94900508996838,6.25));
#9579=CARTESIAN_POINT('',(5.78510841617577,6.75099491003156,6.25));
#9580=AXIS2_PLACEMENT_3D('',#14258,#14259,#14260);
#9581=DRAUGHTING_PRE_DEFINED_CURVE_FONT('continuous');
#9582=COLOUR_RGB('',0.310000002384186,0.310000002384186,0.310000002384186);
#9583=CARTESIAN_POINT('',(4.05886683692214,-5.80868686483882E-13,3.27470774703289));
#9584=CARTESIAN_POINT('',(4.07102761380656,1.42173336804913,3.28644185087149));
#9585=CARTESIAN_POINT('',(4.05886683690416,3.75421915776997E-13,3.27470774697927));
#9586=CARTESIAN_POINT('',(4.0605062523317,0.191666341401069,3.27631531765809));
#9587=CARTESIAN_POINT('',(4.06214566853676,0.383332773701761,3.27791234170116));
#9588=CARTESIAN_POINT('',(4.06378508549405,0.57499929394838,3.27949901872324));
#9589=CARTESIAN_POINT('',(4.06542450245136,0.766665814196444,3.28108569574532));
#9590=CARTESIAN_POINT('',(4.06706392016106,0.958332422394856,3.28266202572029));
#9591=CARTESIAN_POINT('',(4.06870333859842,1.1499991156787,3.28422820076615));
#9592=CARTESIAN_POINT('',(4.06947809683938,1.24057718089708,3.28496834556135));
#9593=CARTESIAN_POINT('',(4.07025285524295,1.33115526511802,3.28570622242113));
#9594=CARTESIAN_POINT('',(4.07102761380654,1.42173336804669,3.28644185087147));
#9595=DRAUGHTING_PRE_DEFINED_CURVE_FONT('continuous');
#9596=COLOUR_RGB('',0.310000002384186,0.310000002384186,0.310000002384186);
#9597=CARTESIAN_POINT('',(4.05886683692214,-5.91526827520283E-13,1.77529225296728));
#9598=AXIS2_PLACEMENT_3D('',#14261,#14262,#14263);
#9599=DRAUGHTING_PRE_DEFINED_CURVE_FONT('continuous');
#9600=COLOUR_RGB('',0.310000002384186,0.310000002384186,0.310000002384186);
#9601=CARTESIAN_POINT('',(4.07853985776537,2.30000027414027,1.75649513517032));
#9602=CARTESIAN_POINT('',(4.0785398577654,2.30000027414028,1.75649513517031));
#9603=CARTESIAN_POINT('',(4.07690043654955,2.10833325601984,1.75802142359461));
#9604=CARTESIAN_POINT('',(4.07526101601177,1.91666631717546,1.7595575037369));
#9605=CARTESIAN_POINT('',(4.07362159617002,1.72499945970262,1.76110355385623));
#9606=CARTESIAN_POINT('',(4.07198217632828,1.53333260223176,1.76264960397555));
#9607=CARTESIAN_POINT('',(4.07034275718254,1.34166582613152,1.76420562404882));
#9608=CARTESIAN_POINT('',(4.06870333875165,1.14999913360504,1.76577179908786));
#9609=CARTESIAN_POINT('',(4.06706392032078,0.958332441080608,1.76733797412689));
#9610=CARTESIAN_POINT('',(4.06542450260474,0.766665832129026,1.76891430410696));
#9611=CARTESIAN_POINT('',(4.06378508562337,0.574999309068035,1.77050098115179));
#9612=CARTESIAN_POINT('',(4.06214566864202,0.383332786009173,1.7720876581966));
#9613=CARTESIAN_POINT('',(4.06050625239533,0.191666348839896,1.77368468227969));
#9614=CARTESIAN_POINT('',(4.05886683690416,1.82631687550838E-14,1.77529225302091));
#9615=DRAUGHTING_PRE_DEFINED_CURVE_FONT('continuous');
#9616=COLOUR_RGB('',0.310000002384186,0.310000002384186,0.310000002384186);
#9617=CARTESIAN_POINT('',(4.07102761386056,2.30000027414027,3.28644185081462));
#9618=AXIS2_PLACEMENT_3D('',#14264,#14265,#14266);
#9619=DRAUGHTING_PRE_DEFINED_CURVE_FONT('continuous');
#9620=COLOUR_RGB('',0.310000002384186,0.310000002384186,0.310000002384186);
#9621=CARTESIAN_POINT('',(4.0751998331806,1.90951334715313,5.24038172375822));
#9622=CARTESIAN_POINT('',(4.05886683692214,-4.2454928461666E-13,5.22470774703272));
#9623=CARTESIAN_POINT('',(4.07519983318052,1.90951334714342,5.24038172375814));
#9624=CARTESIAN_POINT('',(4.07467375410574,1.84800870966363,5.23988765392709));
#9625=CARTESIAN_POINT('',(4.07414767510205,1.78650408049364,5.23939256335238));
#9626=CARTESIAN_POINT('',(4.07362159617002,1.72499945970267,5.23889644614377));
#9627=CARTESIAN_POINT('',(4.07198217632828,1.5333326022318,5.23735039602445));
#9628=CARTESIAN_POINT('',(4.07034275718254,1.3416658261316,5.23579437595118));
#9629=CARTESIAN_POINT('',(4.06870333875165,1.14999913360513,5.23422820091214));
#9630=CARTESIAN_POINT('',(4.06706392032078,0.958332441080716,5.23266202587312));
#9631=CARTESIAN_POINT('',(4.06542450260474,0.766665832129168,5.23108569589304));
#9632=CARTESIAN_POINT('',(4.06378508562337,0.57499930906817,5.22949901884821));
#9633=CARTESIAN_POINT('',(4.06214566864203,0.383332786009316,5.2279123418034));
#9634=CARTESIAN_POINT('',(4.06050625239533,0.191666348840098,5.22631531772032));
#9635=CARTESIAN_POINT('',(4.05886683690416,1.81799020282369E-13,5.2247077469791));
#9636=DRAUGHTING_PRE_DEFINED_CURVE_FONT('continuous');
#9637=COLOUR_RGB('',0.310000002384186,0.310000002384186,0.310000002384186);
#9638=CARTESIAN_POINT('',(4.05886683692215,-2.18491891246231E-13,3.7252922529671));
#9639=AXIS2_PLACEMENT_3D('',#14267,#14268,#14269);
#9640=DRAUGHTING_PRE_DEFINED_CURVE_FONT('continuous');
#9641=COLOUR_RGB('',0.310000002384186,0.310000002384186,0.310000002384186);
#9642=CARTESIAN_POINT('',(4.07853985776544,2.30000027414817,3.70649513517015));
#9643=CARTESIAN_POINT('',(4.05886683690416,3.8041791938781E-13,3.72529225302073));
#9644=CARTESIAN_POINT('',(4.0605062523317,0.191666341401075,3.72368468234191));
#9645=CARTESIAN_POINT('',(4.06214566853676,0.383332773701766,3.72208765829884));
#9646=CARTESIAN_POINT('',(4.06378508549405,0.574999293948385,3.72050098127677));
#9647=CARTESIAN_POINT('',(4.06542450245136,0.766665814196454,3.71891430425468));
#9648=CARTESIAN_POINT('',(4.06706392016106,0.958332422394859,3.71733797427972));
#9649=CARTESIAN_POINT('',(4.06870333859842,1.14999911567871,3.71577179923385));
#9650=CARTESIAN_POINT('',(4.07034275703579,1.34166580896304,3.71420562418799));
#9651=CARTESIAN_POINT('',(4.07198217620124,1.53333258733362,3.7126496040948));
#9652=CARTESIAN_POINT('',(4.07362159607028,1.72499944799705,3.71110355394933));
#9653=CARTESIAN_POINT('',(4.07526101593933,1.91666630866085,3.70955750380385));
#9654=CARTESIAN_POINT('',(4.07690043651273,2.10833325161822,3.70802142362703));
#9655=CARTESIAN_POINT('',(4.07853985776623,2.30000027414032,3.70649513516769));
#9656=DRAUGHTING_PRE_DEFINED_CURVE_FONT('continuous');
#9657=COLOUR_RGB('',0.310000002384186,0.310000002384186,0.310000002384186);
#9658=CARTESIAN_POINT('',(4.07519983321968,2.3000002741403,5.24038172371661));
#9659=AXIS2_PLACEMENT_3D('',#14270,#14271,#14272);
#9660=DRAUGHTING_PRE_DEFINED_CURVE_FONT('continuous');
#9661=COLOUR_RGB('',0.310000002384186,0.310000002384186,0.310000002384186);
#9662=CARTESIAN_POINT('',(5.15058207315162,7.34619373724789,0.75));
#9663=CARTESIAN_POINT('',(6.35056999999999,7.34999999999997,0.75));
#9664=AXIS2_PLACEMENT_3D('',#14273,#14274,#14275);
#9665=DRAUGHTING_PRE_DEFINED_CURVE_FONT('continuous');
#9666=COLOUR_RGB('',0.310000002384186,0.310000002384186,0.310000002384186);
#9667=CARTESIAN_POINT('',(6.35056999999999,7.34999999999997,0.400000000000018));
#9668=CARTESIAN_POINT('',(6.35056999999999,7.34999999999997,0.400000000000003));
#9669=VECTOR('',#14276,1.0);
#9670=DRAUGHTING_PRE_DEFINED_CURVE_FONT('continuous');
#9671=COLOUR_RGB('',0.310000002384186,0.310000002384186,0.310000002384186);
#9672=AXIS2_PLACEMENT_3D('',#14277,#14278,#14279);
#9673=DRAUGHTING_PRE_DEFINED_CURVE_FONT('continuous');
#9674=COLOUR_RGB('',0.310000002384186,0.310000002384186,0.310000002384186);
#9675=CARTESIAN_POINT('',(6.80821049647399,6.44999999999979,4.60000000000001));
#9676=CARTESIAN_POINT('',(6.80821049647399,6.44999999999979,2.89999999999999));
#9677=CARTESIAN_POINT('',(6.80821049647399,6.44999999999979,4.60000000000001));
#9678=VECTOR('',#14280,1.0);
#9679=DRAUGHTING_PRE_DEFINED_CURVE_FONT('continuous');
#9680=COLOUR_RGB('',0.310000002384186,0.310000002384186,0.310000002384186);
#9681=CARTESIAN_POINT('',(6.82497511821613,6.44999999999979,4.60000000000001));
#9682=CARTESIAN_POINT('',(6.82497511821616,6.44999999999979,4.60000000000001));
#9683=VECTOR('',#14281,1.0);
#9684=DRAUGHTING_PRE_DEFINED_CURVE_FONT('continuous');
#9685=COLOUR_RGB('',0.310000002384186,0.310000002384186,0.310000002384186);
#9686=CARTESIAN_POINT('',(6.82497511821616,6.44999999999979,2.89999999999999));
#9687=CARTESIAN_POINT('',(6.82497511821616,6.44999999999979,4.60000000000001));
#9688=VECTOR('',#14282,1.0);
#9689=DRAUGHTING_PRE_DEFINED_CURVE_FONT('continuous');
#9690=COLOUR_RGB('',0.310000002384186,0.310000002384186,0.310000002384186);
#9691=CARTESIAN_POINT('',(6.82497511821616,6.44999999999979,2.89999999999999));
#9692=VECTOR('',#14283,1.0);
#9693=DRAUGHTING_PRE_DEFINED_CURVE_FONT('continuous');
#9694=COLOUR_RGB('',0.310000002384186,0.310000002384186,0.310000002384186);
#9695=CARTESIAN_POINT('',(6.80821049647399,8.84999999999995,2.89999999999999));
#9696=CARTESIAN_POINT('',(5.82403388732384,8.84999999999995,2.89999999999999));
#9697=CARTESIAN_POINT('',(6.80821049647399,8.84999999999995,2.89999999999999));
#9698=VECTOR('',#14284,1.0);
#9699=DRAUGHTING_PRE_DEFINED_CURVE_FONT('continuous');
#9700=COLOUR_RGB('',0.310000002384186,0.310000002384186,0.310000002384186);
#9701=CARTESIAN_POINT('',(5.82403388732384,8.84999999999995,4.60000000000001));
#9702=CARTESIAN_POINT('',(5.82403388732384,8.84999999999995,4.60000000000001));
#9703=VECTOR('',#14285,1.0);
#9704=DRAUGHTING_PRE_DEFINED_CURVE_FONT('continuous');
#9705=COLOUR_RGB('',0.310000002384186,0.310000002384186,0.310000002384186);
#9706=CARTESIAN_POINT('',(6.80821049647399,8.84999999999995,4.60000000000001));
#9707=CARTESIAN_POINT('',(6.80821049647399,8.84999999999995,4.60000000000001));
#9708=VECTOR('',#14286,1.0);
#9709=DRAUGHTING_PRE_DEFINED_CURVE_FONT('continuous');
#9710=COLOUR_RGB('',0.310000002384186,0.310000002384186,0.310000002384186);
#9711=CARTESIAN_POINT('',(6.80821049647399,8.84999999999995,4.60000000000001));
#9712=VECTOR('',#14287,1.0);
#9713=DRAUGHTING_PRE_DEFINED_CURVE_FONT('continuous');
#9714=COLOUR_RGB('',0.310000002384186,0.310000002384186,0.310000002384186);
#9715=CARTESIAN_POINT('',(7.50057000004335,1.77635683940025E-15,7.0));
#9716=CARTESIAN_POINT('',(7.50057000004335,9.34999999999997,7.0));
#9717=CARTESIAN_POINT('',(7.50057000004335,1.77635683940025E-15,7.0));
#9718=VECTOR('',#14288,1.0);
#9719=DRAUGHTING_PRE_DEFINED_CURVE_FONT('continuous');
#9720=COLOUR_RGB('',0.310000002384186,0.310000002384186,0.310000002384186);
#9721=CARTESIAN_POINT('',(7.50057000004335,1.77635683940025E-15,0.0));
#9722=CARTESIAN_POINT('',(7.50057000004335,1.77635683940025E-15,0.0));
#9723=VECTOR('',#14289,1.0);
#9724=DRAUGHTING_PRE_DEFINED_CURVE_FONT('continuous');
#9725=COLOUR_RGB('',0.310000002384186,0.310000002384186,0.310000002384186);
#9726=CARTESIAN_POINT('',(7.50057000004335,9.34999999999997,0.0));
#9727=CARTESIAN_POINT('',(7.50057000004335,1.77635683940025E-15,0.0));
#9728=VECTOR('',#14290,1.0);
#9729=DRAUGHTING_PRE_DEFINED_CURVE_FONT('continuous');
#9730=COLOUR_RGB('',0.310000002384186,0.310000002384186,0.310000002384186);
#9731=CARTESIAN_POINT('',(7.50057000004335,9.34999999999997,7.0));
#9732=VECTOR('',#14291,1.0);
#9733=DRAUGHTING_PRE_DEFINED_CURVE_FONT('continuous');
#9734=COLOUR_RGB('',0.310000002384186,0.310000002384186,0.310000002384186);
#9735=CARTESIAN_POINT('',(6.80821049647399,8.34999999999995,4.60000000000001));
#9736=CARTESIAN_POINT('',(6.8249751182163,8.34999999999995,4.60000000000001));
#9737=CARTESIAN_POINT('',(6.80821049647399,8.34999999999995,4.60000000000001));
#9738=VECTOR('',#14292,1.0);
#9739=DRAUGHTING_PRE_DEFINED_CURVE_FONT('continuous');
#9740=COLOUR_RGB('',0.310000002384186,0.310000002384186,0.310000002384186);
#9741=CARTESIAN_POINT('',(6.80821049647399,8.84999999999995,4.60000000000001));
#9742=VECTOR('',#14293,1.0);
#9743=DRAUGHTING_PRE_DEFINED_CURVE_FONT('continuous');
#9744=COLOUR_RGB('',0.310000002384186,0.310000002384186,0.310000002384186);
#9745=CARTESIAN_POINT('',(5.82403388732384,9.34999999999997,4.60000000000001));
#9746=CARTESIAN_POINT('',(5.82403388732384,8.84999999999995,4.60000000000001));
#9747=VECTOR('',#14294,1.0);
#9748=DRAUGHTING_PRE_DEFINED_CURVE_FONT('continuous');
#9749=COLOUR_RGB('',0.310000002384186,0.310000002384186,0.310000002384186);
#9750=CARTESIAN_POINT('',(6.82497511821639,9.34999999999997,4.60000000000001));
#9751=CARTESIAN_POINT('',(5.82403388732383,9.34999999999997,4.60000000000001));
#9752=VECTOR('',#14295,1.0);
#9753=DRAUGHTING_PRE_DEFINED_CURVE_FONT('continuous');
#9754=COLOUR_RGB('',0.310000002384186,0.310000002384186,0.310000002384186);
#9755=CARTESIAN_POINT('',(6.82497511821641,9.34999999999997,4.60000000000001));
#9756=VECTOR('',#14296,1.0);
#9757=DRAUGHTING_PRE_DEFINED_CURVE_FONT('continuous');
#9758=COLOUR_RGB('',0.310000002384186,0.310000002384186,0.310000002384186);
#9759=CARTESIAN_POINT('',(6.82497511821616,8.34999999999995,6.25));
#9760=CARTESIAN_POINT('',(6.82497511821616,8.34999999999995,4.60000000000001));
#9761=VECTOR('',#14297,1.0);
#9762=DRAUGHTING_PRE_DEFINED_CURVE_FONT('continuous');
#9763=COLOUR_RGB('',0.310000002384186,0.310000002384186,0.310000002384186);
#9764=CARTESIAN_POINT('',(6.80821049647399,8.34999999999995,6.25));
#9765=CARTESIAN_POINT('',(6.80821049647399,8.34999999999995,6.25));
#9766=VECTOR('',#14298,1.0);
#9767=DRAUGHTING_PRE_DEFINED_CURVE_FONT('continuous');
#9768=COLOUR_RGB('',0.310000002384186,0.310000002384186,0.310000002384186);
#9769=CARTESIAN_POINT('',(6.80821049647399,8.34999999999995,6.25));
#9770=VECTOR('',#14299,1.0);
#9771=DRAUGHTING_PRE_DEFINED_CURVE_FONT('continuous');
#9772=COLOUR_RGB('',0.310000002384186,0.310000002384186,0.310000002384186);
#9773=CARTESIAN_POINT('',(5.82403388732384,9.34999999999997,2.89999999999999));
#9774=CARTESIAN_POINT('',(5.82403388732384,9.34999999999997,2.89999999999999));
#9775=VECTOR('',#14300,1.0);
#9776=DRAUGHTING_PRE_DEFINED_CURVE_FONT('continuous');
#9777=COLOUR_RGB('',0.310000002384186,0.310000002384186,0.310000002384186);
#9778=CARTESIAN_POINT('',(5.82403388732384,9.34999999999997,2.89999999999999));
#9779=VECTOR('',#14301,1.0);
#9780=DRAUGHTING_PRE_DEFINED_CURVE_FONT('continuous');
#9781=COLOUR_RGB('',0.310000002384186,0.310000002384186,0.310000002384186);
#9782=CARTESIAN_POINT('',(6.80821049647399,7.37931199999995,0.75));
#9783=CARTESIAN_POINT('',(6.80821049647399,7.37931199999995,2.89999999999999));
#9784=CARTESIAN_POINT('',(6.80821049647399,7.37931199999995,0.75));
#9785=VECTOR('',#14302,1.0);
#9786=DRAUGHTING_PRE_DEFINED_CURVE_FONT('continuous');
#9787=COLOUR_RGB('',0.310000002384186,0.310000002384186,0.310000002384186);
#9788=CARTESIAN_POINT('',(6.82497511821625,7.37931199999995,2.89999999999999));
#9789=CARTESIAN_POINT('',(6.82497511821623,7.37931199999995,2.89999999999999));
#9790=VECTOR('',#14303,1.0);
#9791=DRAUGHTING_PRE_DEFINED_CURVE_FONT('continuous');
#9792=COLOUR_RGB('',0.310000002384186,0.310000002384186,0.310000002384186);
#9793=CARTESIAN_POINT('',(6.82497511821616,7.37931199999995,0.75));
#9794=CARTESIAN_POINT('',(6.82497511821616,7.37931199999995,0.75));
#9795=VECTOR('',#14304,1.0);
#9796=DRAUGHTING_PRE_DEFINED_CURVE_FONT('continuous');
#9797=COLOUR_RGB('',0.310000002384186,0.310000002384186,0.310000002384186);
#9798=CARTESIAN_POINT('',(6.82497511821616,7.37931199999995,0.75));
#9799=VECTOR('',#14305,1.0);
#9800=DRAUGHTING_PRE_DEFINED_CURVE_FONT('continuous');
#9801=COLOUR_RGB('',0.310000002384186,0.310000002384186,0.310000002384186);
#9802=CARTESIAN_POINT('',(6.80821049647399,8.34999999999995,0.75));
#9803=CARTESIAN_POINT('',(6.80821049647399,7.37931199999995,0.75));
#9804=VECTOR('',#14306,1.0);
#9805=DRAUGHTING_PRE_DEFINED_CURVE_FONT('continuous');
#9806=COLOUR_RGB('',0.310000002384186,0.310000002384186,0.310000002384186);
#9807=CARTESIAN_POINT('',(6.82497511821616,8.34999999999995,0.75));
#9808=CARTESIAN_POINT('',(6.82497511821616,8.34999999999995,0.75));
#9809=VECTOR('',#14307,1.0);
#9810=DRAUGHTING_PRE_DEFINED_CURVE_FONT('continuous');
#9811=COLOUR_RGB('',0.310000002384186,0.310000002384186,0.310000002384186);
#9812=CARTESIAN_POINT('',(6.82497511821616,8.34999999999995,0.75));
#9813=VECTOR('',#14308,1.0);
#9814=DRAUGHTING_PRE_DEFINED_CURVE_FONT('continuous');
#9815=COLOUR_RGB('',0.310000002384186,0.310000002384186,0.310000002384186);
#9816=CARTESIAN_POINT('',(6.80821049647399,7.37931199999995,2.89999999999999));
#9817=VECTOR('',#14309,1.0);
#9818=DRAUGHTING_PRE_DEFINED_CURVE_FONT('continuous');
#9819=COLOUR_RGB('',0.310000002384186,0.310000002384186,0.310000002384186);
#9820=CARTESIAN_POINT('',(6.82497511821625,7.37931199999995,2.89999999999999));
#9821=VECTOR('',#14310,1.0);
#9822=DRAUGHTING_PRE_DEFINED_CURVE_FONT('continuous');
#9823=COLOUR_RGB('',0.310000002384186,0.310000002384186,0.310000002384186);
#9824=CARTESIAN_POINT('',(6.80821049647399,8.34999999999995,2.89999999999999));
#9825=CARTESIAN_POINT('',(6.80821049647399,8.84999999999995,2.89999999999999));
#9826=VECTOR('',#14311,1.0);
#9827=DRAUGHTING_PRE_DEFINED_CURVE_FONT('continuous');
#9828=COLOUR_RGB('',0.310000002384186,0.310000002384186,0.310000002384186);
#9829=CARTESIAN_POINT('',(6.8249751182163,8.34999999999995,2.89999999999999));
#9830=CARTESIAN_POINT('',(6.80821049647399,8.34999999999995,2.89999999999999));
#9831=VECTOR('',#14312,1.0);
#9832=DRAUGHTING_PRE_DEFINED_CURVE_FONT('continuous');
#9833=COLOUR_RGB('',0.310000002384186,0.310000002384186,0.310000002384186);
#9834=CARTESIAN_POINT('',(6.82497511821639,9.34999999999997,2.89999999999999));
#9835=CARTESIAN_POINT('',(6.82497511821641,9.34999999999997,2.89999999999999));
#9836=VECTOR('',#14313,1.0);
#9837=DRAUGHTING_PRE_DEFINED_CURVE_FONT('continuous');
#9838=COLOUR_RGB('',0.310000002384186,0.310000002384186,0.310000002384186);
#9839=CARTESIAN_POINT('',(5.82403388732383,9.34999999999997,2.89999999999999));
#9840=VECTOR('',#14314,1.0);
#9841=DRAUGHTING_PRE_DEFINED_CURVE_FONT('continuous');
#9842=COLOUR_RGB('',0.310000002384186,0.310000002384186,0.310000002384186);
#9843=CARTESIAN_POINT('',(6.80821049647399,7.37931199999995,6.25));
#9844=CARTESIAN_POINT('',(6.80821049647399,7.37931199999995,6.25));
#9845=VECTOR('',#14315,1.0);
#9846=DRAUGHTING_PRE_DEFINED_CURVE_FONT('continuous');
#9847=COLOUR_RGB('',0.310000002384186,0.310000002384186,0.310000002384186);
#9848=CARTESIAN_POINT('',(6.80821049647399,7.37931199999995,4.60000000000001));
#9849=CARTESIAN_POINT('',(6.80821049647399,7.37931199999995,4.60000000000001));
#9850=VECTOR('',#14316,1.0);
#9851=DRAUGHTING_PRE_DEFINED_CURVE_FONT('continuous');
#9852=COLOUR_RGB('',0.310000002384186,0.310000002384186,0.310000002384186);
#9853=CARTESIAN_POINT('',(6.80821049647399,7.37931199999995,4.60000000000001));
#9854=VECTOR('',#14317,1.0);
#9855=DRAUGHTING_PRE_DEFINED_CURVE_FONT('continuous');
#9856=COLOUR_RGB('',0.310000002384186,0.310000002384186,0.310000002384186);
#9857=CARTESIAN_POINT('',(6.80821049647399,8.34999999999995,2.89999999999999));
#9858=VECTOR('',#14318,1.0);
#9859=DRAUGHTING_PRE_DEFINED_CURVE_FONT('continuous');
#9860=COLOUR_RGB('',0.310000002384186,0.310000002384186,0.310000002384186);
#9861=CARTESIAN_POINT('',(6.75057,7.34999999999997,0.0));
#9862=CARTESIAN_POINT('',(6.75057000000001,9.34999999999997,0.0));
#9863=CARTESIAN_POINT('',(6.75057,7.34999999999997,0.0));
#9864=VECTOR('',#14319,1.0);
#9865=DRAUGHTING_PRE_DEFINED_CURVE_FONT('continuous');
#9866=COLOUR_RGB('',0.310000002384186,0.310000002384186,0.310000002384186);
#9867=CARTESIAN_POINT('',(6.35056999999999,7.34999999999997,0.400000000000002));
#9868=VECTOR('',#14320,1.0);
#9869=DRAUGHTING_PRE_DEFINED_CURVE_FONT('continuous');
#9870=COLOUR_RGB('',0.310000002384186,0.310000002384186,0.310000002384186);
#9871=CARTESIAN_POINT('',(6.35056999999999,9.34999999999997,0.400000000000016));
#9872=CARTESIAN_POINT('',(6.35056999999999,7.34999999999997,0.400000000000004));
#9873=VECTOR('',#14321,1.0);
#9874=DRAUGHTING_PRE_DEFINED_CURVE_FONT('continuous');
#9875=COLOUR_RGB('',0.310000002384186,0.310000002384186,0.310000002384186);
#9876=CARTESIAN_POINT('',(6.75057,9.34999999999997,1.4210854715202E-14));
#9877=VECTOR('',#14322,1.0);
#9878=DRAUGHTING_PRE_DEFINED_CURVE_FONT('continuous');
#9879=COLOUR_RGB('',0.310000002384186,0.310000002384186,0.310000002384186);
#9880=CARTESIAN_POINT('',(6.82497511821616,7.37931199999995,6.25));
#9881=CARTESIAN_POINT('',(6.82497511821616,7.37931199999995,6.25));
#9882=VECTOR('',#14323,1.0);
#9883=DRAUGHTING_PRE_DEFINED_CURVE_FONT('continuous');
#9884=COLOUR_RGB('',0.310000002384186,0.310000002384186,0.310000002384186);
#9885=CARTESIAN_POINT('',(6.82497511821625,7.37931199999995,4.60000000000001));
#9886=CARTESIAN_POINT('',(6.82497511821616,7.37931199999995,4.60000000000001));
#9887=VECTOR('',#14324,1.0);
#9888=DRAUGHTING_PRE_DEFINED_CURVE_FONT('continuous');
#9889=COLOUR_RGB('',0.310000002384186,0.310000002384186,0.310000002384186);
#9890=CARTESIAN_POINT('',(6.82497511821623,7.37931199999995,4.60000000000001));
#9891=VECTOR('',#14325,1.0);
#9892=DRAUGHTING_PRE_DEFINED_CURVE_FONT('continuous');
#9893=COLOUR_RGB('',0.310000002384186,0.310000002384186,0.310000002384186);
#9894=CARTESIAN_POINT('',(6.82497511821622,7.37931199999995,6.25));
#9895=VECTOR('',#14326,1.0);
#9896=DRAUGHTING_PRE_DEFINED_CURVE_FONT('continuous');
#9897=COLOUR_RGB('',0.310000002384186,0.310000002384186,0.310000002384186);
#9898=CARTESIAN_POINT('',(6.82497511821639,9.34999999999997,4.60000000000001));
#9899=VECTOR('',#14327,1.0);
#9900=DRAUGHTING_PRE_DEFINED_CURVE_FONT('continuous');
#9901=COLOUR_RGB('',0.310000002384186,0.310000002384186,0.310000002384186);
#9902=CARTESIAN_POINT('',(6.82497511821616,8.34999999999995,0.75));
#9903=VECTOR('',#14328,1.0);
#9904=DRAUGHTING_PRE_DEFINED_CURVE_FONT('continuous');
#9905=COLOUR_RGB('',0.310000002384186,0.310000002384186,0.310000002384186);
#9906=CARTESIAN_POINT('',(6.82497511821625,7.37931199999995,4.60000000000001));
#9907=VECTOR('',#14329,1.0);
#9908=DRAUGHTING_PRE_DEFINED_CURVE_FONT('continuous');
#9909=COLOUR_RGB('',0.310000002384186,0.310000002384186,0.310000002384186);
#9910=CARTESIAN_POINT('',(6.35056999999999,9.34999999999997,0.75));
#9911=CARTESIAN_POINT('',(6.35056999999999,9.34999999999997,0.75));
#9912=VECTOR('',#14330,1.0);
#9913=DRAUGHTING_PRE_DEFINED_CURVE_FONT('continuous');
#9914=COLOUR_RGB('',0.310000002384186,0.310000002384186,0.310000002384186);
#9915=CARTESIAN_POINT('',(6.35056999999999,9.34999999999997,0.400000000000034));
#9916=VECTOR('',#14331,1.0);
#9917=DRAUGHTING_PRE_DEFINED_CURVE_FONT('continuous');
#9918=COLOUR_RGB('',0.310000002384186,0.310000002384186,0.310000002384186);
#9919=CARTESIAN_POINT('',(6.78032634018209,2.30000027414032,6.25));
#9920=CARTESIAN_POINT('',(6.7803263401821,2.30000027414025,0.75));
#9921=CARTESIAN_POINT('',(6.78032634018209,2.30000027414032,6.25));
#9922=VECTOR('',#14332,1.0);
#9923=DRAUGHTING_PRE_DEFINED_CURVE_FONT('continuous');
#9924=COLOUR_RGB('',0.310000002384186,0.310000002384186,0.310000002384186);
#9925=CARTESIAN_POINT('',(6.79144587473186,0.999999999999957,0.75));
#9926=CARTESIAN_POINT('',(6.7803263401821,2.30000027414025,0.75));
#9927=VECTOR('',#14333,1.0);
#9928=DRAUGHTING_PRE_DEFINED_CURVE_FONT('continuous');
#9929=COLOUR_RGB('',0.310000002384186,0.310000002384186,0.310000002384186);
#9930=CARTESIAN_POINT('',(6.79144587473186,0.999999999999954,0.0));
#9931=CARTESIAN_POINT('',(6.79144587473191,0.99999999999995,0.749999999999996));
#9932=VECTOR('',#14334,1.0);
#9933=DRAUGHTING_PRE_DEFINED_CURVE_FONT('continuous');
#9934=COLOUR_RGB('',0.310000002384186,0.310000002384186,0.310000002384186);
#9935=CARTESIAN_POINT('',(6.79999936104333,1.77635683940025E-15,0.0));
#9936=CARTESIAN_POINT('',(6.79144587473191,0.999999999999951,0.0));
#9937=VECTOR('',#14335,1.0);
#9938=DRAUGHTING_PRE_DEFINED_CURVE_FONT('continuous');
#9939=COLOUR_RGB('',0.310000002384186,0.310000002384186,0.310000002384186);
#9940=CARTESIAN_POINT('',(6.79999936104333,1.77635683940025E-15,7.0));
#9941=CARTESIAN_POINT('',(6.79999936104337,1.77635683940025E-15,0.0));
#9942=VECTOR('',#14336,1.0);
#9943=DRAUGHTING_PRE_DEFINED_CURVE_FONT('continuous');
#9944=COLOUR_RGB('',0.310000002384186,0.310000002384186,0.310000002384186);
#9945=CARTESIAN_POINT('',(6.79144587473186,0.999999999999954,7.0));
#9946=CARTESIAN_POINT('',(6.79144587473185,0.999999999999951,7.0));
#9947=VECTOR('',#14337,1.0);
#9948=DRAUGHTING_PRE_DEFINED_CURVE_FONT('continuous');
#9949=COLOUR_RGB('',0.310000002384186,0.310000002384186,0.310000002384186);
#9950=CARTESIAN_POINT('',(6.79144587473186,0.99999999999995,6.25));
#9951=CARTESIAN_POINT('',(6.79144587473191,0.99999999999995,7.0));
#9952=VECTOR('',#14338,1.0);
#9953=DRAUGHTING_PRE_DEFINED_CURVE_FONT('continuous');
#9954=COLOUR_RGB('',0.310000002384186,0.310000002384186,0.310000002384186);
#9955=CARTESIAN_POINT('',(6.79144587473186,0.99999999999995,6.25));
#9956=VECTOR('',#14339,1.0);
#9957=DRAUGHTING_PRE_DEFINED_CURVE_FONT('continuous');
#9958=COLOUR_RGB('',0.310000002384186,0.310000002384186,0.310000002384186);
#9959=CARTESIAN_POINT('',(7.50057000004334,1.77635683940025E-15,7.0));
#9960=VECTOR('',#14340,1.0);
#9961=DRAUGHTING_PRE_DEFINED_CURVE_FONT('continuous');
#9962=COLOUR_RGB('',0.310000002384186,0.310000002384186,0.310000002384186);
#9963=CARTESIAN_POINT('',(6.79999936104337,1.77635683940025E-15,0.0));
#9964=VECTOR('',#14341,1.0);
#9965=DRAUGHTING_PRE_DEFINED_CURVE_FONT('continuous');
#9966=COLOUR_RGB('',0.310000002384186,0.310000002384186,0.310000002384186);
#9967=CARTESIAN_POINT('',(5.15057000000004,7.34999999999997,0.75));
#9968=CARTESIAN_POINT('',(5.15057000000004,7.34999999999997,0.400000000000009));
#9969=VECTOR('',#14342,1.0);
#9970=DRAUGHTING_PRE_DEFINED_CURVE_FONT('continuous');
#9971=COLOUR_RGB('',0.310000002384186,0.310000002384186,0.310000002384186);
#9972=AXIS2_PLACEMENT_3D('',#14343,#14344,#14345);
#9973=DRAUGHTING_PRE_DEFINED_CURVE_FONT('continuous');
#9974=COLOUR_RGB('',0.310000002384186,0.310000002384186,0.310000002384186);
#9975=AXIS2_PLACEMENT_3D('',#14346,#14347,#14348);
#9976=DRAUGHTING_PRE_DEFINED_CURVE_FONT('continuous');
#9977=COLOUR_RGB('',0.310000002384186,0.310000002384186,0.310000002384186);
#9978=AXIS2_PLACEMENT_3D('',#14349,#14350,#14351);
#9979=DRAUGHTING_PRE_DEFINED_CURVE_FONT('continuous');
#9980=COLOUR_RGB('',0.310000002384186,0.310000002384186,0.310000002384186);
#9981=CARTESIAN_POINT('',(4.07853985776537,2.30000027414025,0.75));
#9982=CARTESIAN_POINT('',(5.75057,2.30000027414025,0.75));
#9983=VECTOR('',#14352,1.0);
#9984=DRAUGHTING_PRE_DEFINED_CURVE_FONT('continuous');
#9985=COLOUR_RGB('',0.310000002384186,0.310000002384186,0.310000002384186);
#9986=CARTESIAN_POINT('',(4.05886683690415,0.0,0.75));
#9987=CARTESIAN_POINT('',(4.07853985776537,2.30000027414025,0.75));
#9988=VECTOR('',#14353,1.0);
#9989=DRAUGHTING_PRE_DEFINED_CURVE_FONT('continuous');
#9990=COLOUR_RGB('',0.310000002384186,0.310000002384186,0.310000002384186);
#9991=CARTESIAN_POINT('',(4.67443309151834,0.0,0.75));
#9992=CARTESIAN_POINT('',(4.67443309151834,0.0,0.75));
#9993=VECTOR('',#14354,1.0);
#9994=DRAUGHTING_PRE_DEFINED_CURVE_FONT('continuous');
#9995=COLOUR_RGB('',0.310000002384186,0.310000002384186,0.310000002384186);
#9996=CARTESIAN_POINT('',(4.67443309151834,0.999999999999952,0.75));
#9997=CARTESIAN_POINT('',(4.67443309151834,0.0,0.75));
#9998=VECTOR('',#14355,1.0);
#9999=DRAUGHTING_PRE_DEFINED_CURVE_FONT('continuous');
#10000=COLOUR_RGB('',0.310000002384186,0.310000002384186,0.310000002384186);
#10001=CARTESIAN_POINT('',(5.75057,0.999999999999952,0.75));
#10002=VECTOR('',#14356,1.0);
#10003=DRAUGHTING_PRE_DEFINED_CURVE_FONT('continuous');
#10004=COLOUR_RGB('',0.310000002384186,0.310000002384186,0.310000002384186);
#10005=CARTESIAN_POINT('',(4.07853985776537,2.30000027414031,5.24350486482969));
#10006=AXIS2_PLACEMENT_3D('',#14357,#14358,#14359);
#10007=DRAUGHTING_PRE_DEFINED_CURVE_FONT('continuous');
#10008=COLOUR_RGB('',0.310000002384186,0.310000002384186,0.310000002384186);
#10009=CARTESIAN_POINT('',(4.0785398577654,2.3000002741403,5.24350486482969));
#10010=CARTESIAN_POINT('',(4.07742651592251,2.16983792836155,5.24246835221741));
#10011=CARTESIAN_POINT('',(4.07631317439235,2.03967561914384,5.24142732380346));
#10012=CARTESIAN_POINT('',(4.07519983318052,1.90951334714342,5.24038172375814));
#10013=DRAUGHTING_PRE_DEFINED_CURVE_FONT('continuous');
#10014=COLOUR_RGB('',0.310000002384186,0.310000002384186,0.310000002384186);
#10015=AXIS2_PLACEMENT_3D('',#14360,#14361,#14362);
#10016=DRAUGHTING_PRE_DEFINED_CURVE_FONT('continuous');
#10017=COLOUR_RGB('',0.310000002384186,0.310000002384186,0.310000002384186);
#10018=AXIS2_PLACEMENT_3D('',#14363,#14364,#14365);
#10019=DRAUGHTING_PRE_DEFINED_CURVE_FONT('continuous');
#10020=COLOUR_RGB('',0.310000002384186,0.310000002384186,0.310000002384186);
#10021=CARTESIAN_POINT('',(4.07853985776537,2.30000027414033,6.25));
#10022=CARTESIAN_POINT('',(5.75057,2.30000027414032,6.25));
#10023=VECTOR('',#14366,1.0);
#10024=DRAUGHTING_PRE_DEFINED_CURVE_FONT('continuous');
#10025=COLOUR_RGB('',0.310000002384186,0.310000002384186,0.310000002384186);
#10026=CARTESIAN_POINT('',(4.67443309151834,0.999999999999952,6.25));
#10027=CARTESIAN_POINT('',(6.79144587473187,0.99999999999995,6.25));
#10028=VECTOR('',#14367,1.0);
#10029=DRAUGHTING_PRE_DEFINED_CURVE_FONT('continuous');
#10030=COLOUR_RGB('',0.310000002384186,0.310000002384186,0.310000002384186);
#10031=CARTESIAN_POINT('',(4.67443309151834,0.0,6.25));
#10032=CARTESIAN_POINT('',(4.67443309151834,0.999999999999952,6.25));
#10033=VECTOR('',#14368,1.0);
#10034=DRAUGHTING_PRE_DEFINED_CURVE_FONT('continuous');
#10035=COLOUR_RGB('',0.310000002384186,0.310000002384186,0.310000002384186);
#10036=CARTESIAN_POINT('',(4.05886683690415,1.77635683940025E-15,6.25));
#10037=CARTESIAN_POINT('',(4.67443309151834,0.0,6.25));
#10038=VECTOR('',#14369,1.0);
#10039=DRAUGHTING_PRE_DEFINED_CURVE_FONT('continuous');
#10040=COLOUR_RGB('',0.310000002384186,0.310000002384186,0.310000002384186);
#10041=CARTESIAN_POINT('',(4.05886683690416,1.77635683940025E-15,6.25));
#10042=VECTOR('',#14370,1.0);
#10043=DRAUGHTING_PRE_DEFINED_CURVE_FONT('continuous');
#10044=COLOUR_RGB('',0.310000002384186,0.310000002384186,0.310000002384186);
#10045=CARTESIAN_POINT('',(4.67443309151834,0.999999999999952,7.0));
#10046=CARTESIAN_POINT('',(4.67443309151834,0.999999999999952,7.0));
#10047=VECTOR('',#14371,1.0);
#10048=DRAUGHTING_PRE_DEFINED_CURVE_FONT('continuous');
#10049=COLOUR_RGB('',0.310000002384186,0.310000002384186,0.310000002384186);
#10050=CARTESIAN_POINT('',(4.67443309151834,0.999999999999952,6.25));
#10051=VECTOR('',#14372,1.0);
#10052=DRAUGHTING_PRE_DEFINED_CURVE_FONT('continuous');
#10053=COLOUR_RGB('',0.310000002384186,0.310000002384186,0.310000002384186);
#10054=CARTESIAN_POINT('',(4.67443309151834,0.999999999999952,0.0));
#10055=CARTESIAN_POINT('',(5.75057,0.99999999999995,0.0));
#10056=VECTOR('',#14373,1.0);
#10057=DRAUGHTING_PRE_DEFINED_CURVE_FONT('continuous');
#10058=COLOUR_RGB('',0.310000002384186,0.310000002384186,0.310000002384186);
#10059=CARTESIAN_POINT('',(4.67443309151834,0.999999999999952,0.749999999999996));
#10060=VECTOR('',#14374,1.0);
#10061=DRAUGHTING_PRE_DEFINED_CURVE_FONT('continuous');
#10062=COLOUR_RGB('',0.310000002384186,0.310000002384186,0.310000002384186);
#10063=CARTESIAN_POINT('',(4.75057000000003,9.34999999999997,0.0));
#10064=CARTESIAN_POINT('',(4.75057000000003,7.34999999999997,0.0));
#10065=VECTOR('',#14375,1.0);
#10066=DRAUGHTING_PRE_DEFINED_CURVE_FONT('continuous');
#10067=COLOUR_RGB('',0.310000002384186,0.310000002384186,0.310000002384186);
#10068=CARTESIAN_POINT('',(5.15057000000001,9.34999999999997,0.399999999999984));
#10069=CARTESIAN_POINT('',(4.75056999999997,9.34999999999997,-5.6843418860808E-14));
#10070=VECTOR('',#14376,1.0);
#10071=DRAUGHTING_PRE_DEFINED_CURVE_FONT('continuous');
#10072=COLOUR_RGB('',0.310000002384186,0.310000002384186,0.310000002384186);
#10073=CARTESIAN_POINT('',(5.15057000000001,9.34999999999997,0.399999999999984));
#10074=VECTOR('',#14377,1.0);
#10075=DRAUGHTING_PRE_DEFINED_CURVE_FONT('continuous');
#10076=COLOUR_RGB('',0.310000002384186,0.310000002384186,0.310000002384186);
#10077=CARTESIAN_POINT('',(4.07853985776544,2.30000027414816,3.29350486482985));
#10078=AXIS2_PLACEMENT_3D('',#14378,#14379,#14380);
#10079=DRAUGHTING_PRE_DEFINED_CURVE_FONT('continuous');
#10080=COLOUR_RGB('',0.310000002384186,0.310000002384186,0.310000002384186);
#10081=CARTESIAN_POINT('',(4.07102761380654,1.42173336804669,3.28644185087147));
#10082=CARTESIAN_POINT('',(4.07189227436301,1.5228220381988,3.28726284070639));
#10083=CARTESIAN_POINT('',(4.07275693511878,1.62391073165219,3.28808103005195));
#10084=CARTESIAN_POINT('',(4.07362159607028,1.72499944799704,3.28889644605067));
#10085=CARTESIAN_POINT('',(4.07526101593933,1.91666630866084,3.29044249619615));
#10086=CARTESIAN_POINT('',(4.07690043651273,2.10833325161822,3.29197857637297));
#10087=CARTESIAN_POINT('',(4.07853985776623,2.30000027414031,3.29350486483231));
#10088=DRAUGHTING_PRE_DEFINED_CURVE_FONT('continuous');
#10089=COLOUR_RGB('',0.310000002384186,0.310000002384186,0.310000002384186);
#10090=CARTESIAN_POINT('',(4.67443309151834,0.0,0.0));
#10091=CARTESIAN_POINT('',(3.29999936104336,0.0,0.0));
#10092=CARTESIAN_POINT('',(4.67443309151834,0.0,0.0));
#10093=VECTOR('',#14381,1.0);
#10094=DRAUGHTING_PRE_DEFINED_CURVE_FONT('continuous');
#10095=COLOUR_RGB('',0.310000002384186,0.310000002384186,0.310000002384186);
#10096=CARTESIAN_POINT('',(4.67443309151834,0.0,0.0));
#10097=VECTOR('',#14382,1.0);
#10098=DRAUGHTING_PRE_DEFINED_CURVE_FONT('continuous');
#10099=COLOUR_RGB('',0.310000002384186,0.310000002384186,0.310000002384186);
#10100=CARTESIAN_POINT('',(4.05886683690415,1.77635683940025E-15,1.77529225302091));
#10101=VECTOR('',#14383,1.0);
#10102=DRAUGHTING_PRE_DEFINED_CURVE_FONT('continuous');
#10103=COLOUR_RGB('',0.310000002384186,0.310000002384186,0.310000002384186);
#10104=CARTESIAN_POINT('',(4.05886683690415,1.77635683940025E-15,3.72529225301801));
#10105=VECTOR('',#14384,1.0);
#10106=DRAUGHTING_PRE_DEFINED_CURVE_FONT('continuous');
#10107=COLOUR_RGB('',0.310000002384186,0.310000002384186,0.310000002384186);
#10108=CARTESIAN_POINT('',(4.05886683690415,1.77635683940025E-15,6.25));
#10109=VECTOR('',#14385,1.0);
#10110=DRAUGHTING_PRE_DEFINED_CURVE_FONT('continuous');
#10111=COLOUR_RGB('',0.310000002384186,0.310000002384186,0.310000002384186);
#10112=CARTESIAN_POINT('',(4.67443309151834,0.0,7.0));
#10113=CARTESIAN_POINT('',(4.67443309151834,0.0,7.0));
#10114=VECTOR('',#14386,1.0);
#10115=DRAUGHTING_PRE_DEFINED_CURVE_FONT('continuous');
#10116=COLOUR_RGB('',0.310000002384186,0.310000002384186,0.310000002384186);
#10117=CARTESIAN_POINT('',(3.29999936104336,-1.77635683940025E-15,7.0));
#10118=CARTESIAN_POINT('',(4.67443309151834,0.0,7.0));
#10119=VECTOR('',#14387,1.0);
#10120=DRAUGHTING_PRE_DEFINED_CURVE_FONT('continuous');
#10121=COLOUR_RGB('',0.310000002384186,0.310000002384186,0.310000002384186);
#10122=CARTESIAN_POINT('',(3.29999936104337,0.0,7.0));
#10123=VECTOR('',#14388,1.0);
#10124=DRAUGHTING_PRE_DEFINED_CURVE_FONT('continuous');
#10125=COLOUR_RGB('',0.310000002384186,0.310000002384186,0.310000002384186);
#10126=CARTESIAN_POINT('',(4.67443309151834,0.99999999999995,7.0));
#10127=VECTOR('',#14389,1.0);
#10128=DRAUGHTING_PRE_DEFINED_CURVE_FONT('continuous');
#10129=COLOUR_RGB('',0.310000002384186,0.310000002384186,0.310000002384186);
#10130=CARTESIAN_POINT('',(4.07853985776537,2.30000027414027,1.75649513517032));
#10131=VECTOR('',#14390,1.0);
#10132=DRAUGHTING_PRE_DEFINED_CURVE_FONT('continuous');
#10133=COLOUR_RGB('',0.310000002384186,0.310000002384186,0.310000002384186);
#10134=CARTESIAN_POINT('',(4.07853985776537,2.30000027414032,6.25));
#10135=VECTOR('',#14391,1.0);
#10136=DRAUGHTING_PRE_DEFINED_CURVE_FONT('continuous');
#10137=COLOUR_RGB('',0.310000002384186,0.310000002384186,0.310000002384186);
#10138=CARTESIAN_POINT('',(4.07853985776537,2.30000027414029,3.70649513516313));
#10139=VECTOR('',#14392,1.0);
#10140=DRAUGHTING_PRE_DEFINED_CURVE_FONT('continuous');
#10141=COLOUR_RGB('',0.310000002384186,0.310000002384186,0.310000002384186);
#10142=CARTESIAN_POINT('',(5.15057000000001,9.34999999999997,0.75));
#10143=CARTESIAN_POINT('',(5.15057000000001,9.34999999999997,0.399999999999864));
#10144=VECTOR('',#14393,1.0);
#10145=DRAUGHTING_PRE_DEFINED_CURVE_FONT('continuous');
#10146=COLOUR_RGB('',0.310000002384186,0.310000002384186,0.310000002384186);
#10147=CARTESIAN_POINT('',(5.15057000000001,7.34999999999997,0.75));
#10148=VECTOR('',#14394,1.0);
#10149=DRAUGHTING_PRE_DEFINED_CURVE_FONT('continuous');
#10150=COLOUR_RGB('',0.310000002384186,0.310000002384186,0.310000002384186);
#10151=CARTESIAN_POINT('',(3.25057,9.34999999999997,0.0));
#10152=CARTESIAN_POINT('',(3.25057,7.34999999999997,1.4210854715202E-14));
#10153=CARTESIAN_POINT('',(3.25057,9.34999999999997,0.0));
#10154=VECTOR('',#14395,1.0);
#10155=DRAUGHTING_PRE_DEFINED_CURVE_FONT('continuous');
#10156=COLOUR_RGB('',0.310000002384186,0.310000002384186,0.310000002384186);
#10157=CARTESIAN_POINT('',(2.85057000000003,7.34999999999997,0.400000000000004));
#10158=VECTOR('',#14396,1.0);
#10159=DRAUGHTING_PRE_DEFINED_CURVE_FONT('continuous');
#10160=COLOUR_RGB('',0.310000002384186,0.310000002384186,0.310000002384186);
#10161=CARTESIAN_POINT('',(2.85057,9.34999999999997,0.400000000000023));
#10162=CARTESIAN_POINT('',(2.85057,9.34999999999997,0.400000000000023));
#10163=VECTOR('',#14397,1.0);
#10164=DRAUGHTING_PRE_DEFINED_CURVE_FONT('continuous');
#10165=COLOUR_RGB('',0.310000002384186,0.310000002384186,0.310000002384186);
#10166=CARTESIAN_POINT('',(2.85056999999997,9.34999999999997,0.400000000000034));
#10167=VECTOR('',#14398,1.0);
#10168=DRAUGHTING_PRE_DEFINED_CURVE_FONT('continuous');
#10169=COLOUR_RGB('',0.310000002384186,0.310000002384186,0.310000002384186);
#10170=CARTESIAN_POINT('',(5.15057000000001,9.34999999999997,0.75));
#10171=VECTOR('',#14399,1.0);
#10172=DRAUGHTING_PRE_DEFINED_CURVE_FONT('continuous');
#10173=COLOUR_RGB('',0.310000002384186,0.310000002384186,0.310000002384186);
#10174=AXIS2_PLACEMENT_3D('',#14400,#14401,#14402);
#10175=DRAUGHTING_PRE_DEFINED_CURVE_FONT('continuous');
#10176=COLOUR_RGB('',0.310000002384186,0.310000002384186,0.310000002384186);
#10177=AXIS2_PLACEMENT_3D('',#14403,#14404,#14405);
#10178=DRAUGHTING_PRE_DEFINED_CURVE_FONT('continuous');
#10179=COLOUR_RGB('',0.310000002384186,0.310000002384186,0.310000002384186);
#10180=AXIS2_PLACEMENT_3D('',#14406,#14407,#14408);
#10181=DRAUGHTING_PRE_DEFINED_CURVE_FONT('continuous');
#10182=COLOUR_RGB('',0.310000002384186,0.310000002384186,0.310000002384186);
#10183=CARTESIAN_POINT('',(3.28032634018212,2.30000027414032,6.25));
#10184=CARTESIAN_POINT('',(3.28032634018213,2.30000027414025,0.75));
#10185=CARTESIAN_POINT('',(3.28032634018212,2.30000027414032,6.25));
#10186=VECTOR('',#14409,1.0);
#10187=DRAUGHTING_PRE_DEFINED_CURVE_FONT('continuous');
#10188=COLOUR_RGB('',0.310000002384186,0.310000002384186,0.310000002384186);
#10189=CARTESIAN_POINT('',(3.29144587473189,0.999999999999948,0.75));
#10190=CARTESIAN_POINT('',(3.28032634018213,2.30000027414025,0.75));
#10191=VECTOR('',#14410,1.0);
#10192=DRAUGHTING_PRE_DEFINED_CURVE_FONT('continuous');
#10193=COLOUR_RGB('',0.310000002384186,0.310000002384186,0.310000002384186);
#10194=CARTESIAN_POINT('',(3.29144587473189,0.999999999999952,0.0));
#10195=CARTESIAN_POINT('',(3.29144587473188,0.999999999999952,0.749999999999996));
#10196=VECTOR('',#14411,1.0);
#10197=DRAUGHTING_PRE_DEFINED_CURVE_FONT('continuous');
#10198=COLOUR_RGB('',0.310000002384186,0.310000002384186,0.310000002384186);
#10199=CARTESIAN_POINT('',(3.29999936104335,0.0,0.0));
#10200=VECTOR('',#14412,1.0);
#10201=DRAUGHTING_PRE_DEFINED_CURVE_FONT('continuous');
#10202=COLOUR_RGB('',0.310000002384186,0.310000002384186,0.310000002384186);
#10203=CARTESIAN_POINT('',(3.29144587473189,0.999999999999952,7.0));
#10204=CARTESIAN_POINT('',(3.29999936104335,0.0,7.0));
#10205=VECTOR('',#14413,1.0);
#10206=DRAUGHTING_PRE_DEFINED_CURVE_FONT('continuous');
#10207=COLOUR_RGB('',0.310000002384186,0.310000002384186,0.310000002384186);
#10208=CARTESIAN_POINT('',(3.29144587473189,0.999999999999948,6.25));
#10209=CARTESIAN_POINT('',(3.29144587473188,0.999999999999952,7.0));
#10210=VECTOR('',#14414,1.0);
#10211=DRAUGHTING_PRE_DEFINED_CURVE_FONT('continuous');
#10212=COLOUR_RGB('',0.310000002384186,0.310000002384186,0.310000002384186);
#10213=CARTESIAN_POINT('',(3.28032634018212,2.30000027414032,6.25));
#10214=VECTOR('',#14415,1.0);
#10215=DRAUGHTING_PRE_DEFINED_CURVE_FONT('continuous');
#10216=COLOUR_RGB('',0.310000002384186,0.310000002384186,0.310000002384186);
#10217=CARTESIAN_POINT('',(3.32497511821635,8.84999999999995,4.60000000000001));
#10218=CARTESIAN_POINT('',(2.32403388732384,8.84999999999995,4.60000000000001));
#10219=CARTESIAN_POINT('',(3.32497511821634,8.84999999999995,4.60000000000001));
#10220=VECTOR('',#14416,1.0);
#10221=DRAUGHTING_PRE_DEFINED_CURVE_FONT('continuous');
#10222=COLOUR_RGB('',0.310000002384186,0.310000002384186,0.310000002384186);
#10223=CARTESIAN_POINT('',(2.32403388732387,9.34999999999997,4.60000000000001));
#10224=CARTESIAN_POINT('',(2.32403388732387,9.34999999999997,4.60000000000001));
#10225=VECTOR('',#14417,1.0);
#10226=DRAUGHTING_PRE_DEFINED_CURVE_FONT('continuous');
#10227=COLOUR_RGB('',0.310000002384186,0.310000002384186,0.310000002384186);
#10228=CARTESIAN_POINT('',(3.32497511821639,9.34999999999997,4.60000000000001));
#10229=CARTESIAN_POINT('',(2.32403388732387,9.34999999999997,4.60000000000001));
#10230=VECTOR('',#14418,1.0);
#10231=DRAUGHTING_PRE_DEFINED_CURVE_FONT('continuous');
#10232=COLOUR_RGB('',0.310000002384186,0.310000002384186,0.310000002384186);
#10233=CARTESIAN_POINT('',(3.32497511821634,8.84999999999995,4.60000000000001));
#10234=VECTOR('',#14419,1.0);
#10235=DRAUGHTING_PRE_DEFINED_CURVE_FONT('continuous');
#10236=COLOUR_RGB('',0.310000002384186,0.310000002384186,0.310000002384186);
#10237=CARTESIAN_POINT('',(3.32497511821639,9.34999999999997,2.89999999999999));
#10238=CARTESIAN_POINT('',(3.32497511821639,9.34999999999997,2.89999999999999));
#10239=VECTOR('',#14420,1.0);
#10240=DRAUGHTING_PRE_DEFINED_CURVE_FONT('continuous');
#10241=COLOUR_RGB('',0.310000002384186,0.310000002384186,0.310000002384186);
#10242=CARTESIAN_POINT('',(3.32497511821635,8.84999999999995,2.89999999999999));
#10243=CARTESIAN_POINT('',(3.32497511821638,9.34999999999997,2.89999999999999));
#10244=VECTOR('',#14421,1.0);
#10245=DRAUGHTING_PRE_DEFINED_CURVE_FONT('continuous');
#10246=COLOUR_RGB('',0.310000002384186,0.310000002384186,0.310000002384186);
#10247=CARTESIAN_POINT('',(3.32497511821635,8.84999999999995,2.89999999999999));
#10248=VECTOR('',#14422,1.0);
#10249=DRAUGHTING_PRE_DEFINED_CURVE_FONT('continuous');
#10250=COLOUR_RGB('',0.310000002384186,0.310000002384186,0.310000002384186);
#10251=AXIS2_PLACEMENT_3D('',#14423,#14424,#14425);
#10252=DRAUGHTING_PRE_DEFINED_CURVE_FONT('continuous');
#10253=COLOUR_RGB('',0.310000002384186,0.310000002384186,0.310000002384186);
#10254=CARTESIAN_POINT('',(4.67443309151834,0.0,0.0));
#10255=VECTOR('',#14426,1.0);
#10256=DRAUGHTING_PRE_DEFINED_CURVE_FONT('continuous');
#10257=COLOUR_RGB('',0.310000002384186,0.310000002384186,0.310000002384186);
#10258=CARTESIAN_POINT('',(2.32403388732384,8.84999999999995,2.89999999999999));
#10259=CARTESIAN_POINT('',(3.32497511821634,8.84999999999995,2.89999999999999));
#10260=VECTOR('',#14427,1.0);
#10261=DRAUGHTING_PRE_DEFINED_CURVE_FONT('continuous');
#10262=COLOUR_RGB('',0.310000002384186,0.310000002384186,0.310000002384186);
#10263=CARTESIAN_POINT('',(2.32403388732387,8.84999999999995,4.60000000000001));
#10264=VECTOR('',#14428,1.0);
#10265=DRAUGHTING_PRE_DEFINED_CURVE_FONT('continuous');
#10266=COLOUR_RGB('',0.310000002384186,0.310000002384186,0.310000002384186);
#10267=CARTESIAN_POINT('',(2.85057,9.34999999999997,0.75));
#10268=CARTESIAN_POINT('',(2.85057,9.34999999999997,0.75));
#10269=VECTOR('',#14429,1.0);
#10270=DRAUGHTING_PRE_DEFINED_CURVE_FONT('continuous');
#10271=COLOUR_RGB('',0.310000002384186,0.310000002384186,0.310000002384186);
#10272=CARTESIAN_POINT('',(2.85057,9.34999999999997,0.75));
#10273=VECTOR('',#14430,1.0);
#10274=DRAUGHTING_PRE_DEFINED_CURVE_FONT('continuous');
#10275=COLOUR_RGB('',0.310000002384186,0.310000002384186,0.310000002384186);
#10276=CARTESIAN_POINT('',(2.32403388732387,9.34999999999997,2.89999999999999));
#10277=CARTESIAN_POINT('',(2.32403388732387,9.34999999999997,4.60000000000001));
#10278=VECTOR('',#14431,1.0);
#10279=DRAUGHTING_PRE_DEFINED_CURVE_FONT('continuous');
#10280=COLOUR_RGB('',0.310000002384186,0.310000002384186,0.310000002384186);
#10281=CARTESIAN_POINT('',(2.32403388732387,8.84999999999995,2.89999999999999));
#10282=VECTOR('',#14432,1.0);
#10283=DRAUGHTING_PRE_DEFINED_CURVE_FONT('continuous');
#10284=COLOUR_RGB('',0.310000002384186,0.310000002384186,0.310000002384186);
#10285=CARTESIAN_POINT('',(3.32497511821639,9.34999999999997,2.89999999999999));
#10286=VECTOR('',#14433,1.0);
#10287=DRAUGHTING_PRE_DEFINED_CURVE_FONT('continuous');
#10288=COLOUR_RGB('',0.310000002384186,0.310000002384186,0.310000002384186);
#10289=CARTESIAN_POINT('',(0.578539857726844,2.30000027414027,3.29350486483428));
#10290=CARTESIAN_POINT('',(0.578539857722017,2.30000027414029,3.70649513516313));
#10291=VECTOR('',#14434,1.0);
#10292=DRAUGHTING_PRE_DEFINED_CURVE_FONT('continuous');
#10293=COLOUR_RGB('',0.310000002384186,0.310000002384186,0.310000002384186);
#10294=CARTESIAN_POINT('',(0.5588668368608,0.0,3.72529225301801));
#10295=VECTOR('',#14435,1.0);
#10296=DRAUGHTING_PRE_DEFINED_CURVE_FONT('continuous');
#10297=COLOUR_RGB('',0.310000002384186,0.310000002384186,0.310000002384186);
#10298=CARTESIAN_POINT('',(0.571027613763324,1.42173336791807,3.28644185087409));
#10299=CARTESIAN_POINT('',(0.571892274389791,1.52282204624743,3.28726284077559));
#10300=CARTESIAN_POINT('',(0.572756935209799,1.62391074720299,3.2880810301818));
#10301=CARTESIAN_POINT('',(0.57362159622047,1.72499947046571,3.28889644623591));
#10302=CARTESIAN_POINT('',(0.575261016041524,1.91666632551844,3.29044249633534));
#10303=CARTESIAN_POINT('',(0.57690043654916,2.10833326076427,3.29197857645038));
#10304=CARTESIAN_POINT('',(0.578539857724431,2.3000002741403,3.29350486483688));
#10305=DRAUGHTING_PRE_DEFINED_CURVE_FONT('continuous');
#10306=COLOUR_RGB('',0.310000002384186,0.310000002384186,0.310000002384186);
#10307=CARTESIAN_POINT('',(1.17443309147499,0.999999999999948,6.25));
#10308=CARTESIAN_POINT('',(1.17443309147499,-1.77635683940025E-15,6.25));
#10309=CARTESIAN_POINT('',(1.17443309147499,0.999999999999948,6.25));
#10310=VECTOR('',#14436,1.0);
#10311=DRAUGHTING_PRE_DEFINED_CURVE_FONT('continuous');
#10312=COLOUR_RGB('',0.310000002384186,0.310000002384186,0.310000002384186);
#10313=CARTESIAN_POINT('',(1.17443309147499,0.999999999999948,7.0));
#10314=CARTESIAN_POINT('',(1.17443309147499,0.999999999999948,7.0));
#10315=VECTOR('',#14437,1.0);
#10316=DRAUGHTING_PRE_DEFINED_CURVE_FONT('continuous');
#10317=COLOUR_RGB('',0.310000002384186,0.310000002384186,0.310000002384186);
#10318=CARTESIAN_POINT('',(1.17443309147499,-1.77635683940025E-15,7.0));
#10319=CARTESIAN_POINT('',(1.17443309147499,-1.77635683940025E-15,7.0));
#10320=VECTOR('',#14438,1.0);
#10321=DRAUGHTING_PRE_DEFINED_CURVE_FONT('continuous');
#10322=COLOUR_RGB('',0.310000002384186,0.310000002384186,0.310000002384186);
#10323=CARTESIAN_POINT('',(1.17443309147499,-1.77635683940025E-15,7.0));
#10324=VECTOR('',#14439,1.0);
#10325=DRAUGHTING_PRE_DEFINED_CURVE_FONT('continuous');
#10326=COLOUR_RGB('',0.310000002384186,0.310000002384186,0.310000002384186);
#10327=CARTESIAN_POINT('',(1.65056999995662,7.34999999999997,0.75));
#10328=AXIS2_PLACEMENT_3D('',#14440,#14441,#14442);
#10329=DRAUGHTING_PRE_DEFINED_CURVE_FONT('continuous');
#10330=COLOUR_RGB('',0.310000002384186,0.310000002384186,0.310000002384186);
#10331=CARTESIAN_POINT('',(1.65056999995662,9.34999999999997,0.75));
#10332=CARTESIAN_POINT('',(1.65056999995662,7.34999999999997,0.75));
#10333=VECTOR('',#14443,1.0);
#10334=DRAUGHTING_PRE_DEFINED_CURVE_FONT('continuous');
#10335=COLOUR_RGB('',0.310000002384186,0.310000002384186,0.310000002384186);
#10336=CARTESIAN_POINT('',(2.25056999995661,9.34999999999997,0.75));
#10337=VECTOR('',#14444,1.0);
#10338=DRAUGHTING_PRE_DEFINED_CURVE_FONT('continuous');
#10339=COLOUR_RGB('',0.310000002384186,0.310000002384186,0.310000002384186);
#10340=AXIS2_PLACEMENT_3D('',#14445,#14446,#14447);
#10341=DRAUGHTING_PRE_DEFINED_CURVE_FONT('continuous');
#10342=COLOUR_RGB('',0.310000002384186,0.310000002384186,0.310000002384186);
#10343=AXIS2_PLACEMENT_3D('',#14448,#14449,#14450);
#10344=DRAUGHTING_PRE_DEFINED_CURVE_FONT('continuous');
#10345=COLOUR_RGB('',0.310000002384186,0.310000002384186,0.310000002384186);
#10346=AXIS2_PLACEMENT_3D('',#14451,#14452,#14453);
#10347=DRAUGHTING_PRE_DEFINED_CURVE_FONT('continuous');
#10348=COLOUR_RGB('',0.310000002384186,0.310000002384186,0.310000002384186);
#10349=CARTESIAN_POINT('',(1.65056999995665,7.34999999999997,0.400000000000009));
#10350=VECTOR('',#14454,1.0);
#10351=DRAUGHTING_PRE_DEFINED_CURVE_FONT('continuous');
#10352=COLOUR_RGB('',0.310000002384186,0.310000002384186,0.310000002384186);
#10353=CARTESIAN_POINT('',(1.65056999995662,9.34999999999997,0.399999999999983));
#10354=CARTESIAN_POINT('',(1.65056999995665,7.34999999999996,0.400000000000004));
#10355=VECTOR('',#14455,1.0);
#10356=DRAUGHTING_PRE_DEFINED_CURVE_FONT('continuous');
#10357=COLOUR_RGB('',0.310000002384186,0.310000002384186,0.310000002384186);
#10358=CARTESIAN_POINT('',(1.65056999995662,9.34999999999997,0.75));
#10359=VECTOR('',#14456,1.0);
#10360=DRAUGHTING_PRE_DEFINED_CURVE_FONT('continuous');
#10361=COLOUR_RGB('',0.310000002384186,0.310000002384186,0.310000002384186);
#10362=CARTESIAN_POINT('',(0.00057,9.34999999999997,7.0));
#10363=CARTESIAN_POINT('',(7.50057000004334,9.34999999999997,7.0));
#10364=VECTOR('',#14457,1.0);
#10365=DRAUGHTING_PRE_DEFINED_CURVE_FONT('continuous');
#10366=COLOUR_RGB('',0.310000002384186,0.310000002384186,0.310000002384186);
#10367=CARTESIAN_POINT('',(6.75057,9.34999999999997,0.0));
#10368=VECTOR('',#14458,1.0);
#10369=DRAUGHTING_PRE_DEFINED_CURVE_FONT('continuous');
#10370=COLOUR_RGB('',0.310000002384186,0.310000002384186,0.310000002384186);
#10371=CARTESIAN_POINT('',(4.75057000000003,9.34999999999997,0.0));
#10372=VECTOR('',#14459,1.0);
#10373=DRAUGHTING_PRE_DEFINED_CURVE_FONT('continuous');
#10374=COLOUR_RGB('',0.310000002384186,0.310000002384186,0.310000002384186);
#10375=CARTESIAN_POINT('',(1.25056999995663,9.34999999999997,0.0));
#10376=CARTESIAN_POINT('',(1.65056999995656,9.34999999999997,0.399999999999935));
#10377=VECTOR('',#14460,1.0);
#10378=DRAUGHTING_PRE_DEFINED_CURVE_FONT('continuous');
#10379=COLOUR_RGB('',0.310000002384186,0.310000002384186,0.310000002384186);
#10380=CARTESIAN_POINT('',(0.00057,9.34999999999997,0.0));
#10381=CARTESIAN_POINT('',(0.00057,9.34999999999997,0.0));
#10382=VECTOR('',#14461,1.0);
#10383=DRAUGHTING_PRE_DEFINED_CURVE_FONT('continuous');
#10384=COLOUR_RGB('',0.310000002384186,0.310000002384186,0.310000002384186);
#10385=CARTESIAN_POINT('',(0.00057,9.34999999999997,7.0));
#10386=VECTOR('',#14462,1.0);
#10387=DRAUGHTING_PRE_DEFINED_CURVE_FONT('continuous');
#10388=COLOUR_RGB('',0.310000002384186,0.310000002384186,0.310000002384186);
#10389=CARTESIAN_POINT('',(1.17443309147499,0.999999999999948,0.0));
#10390=CARTESIAN_POINT('',(1.17443309147497,0.999999999999948,0.0));
#10391=VECTOR('',#14463,1.0);
#10392=DRAUGHTING_PRE_DEFINED_CURVE_FONT('continuous');
#10393=COLOUR_RGB('',0.310000002384186,0.310000002384186,0.310000002384186);
#10394=CARTESIAN_POINT('',(1.17443309147499,0.999999999999948,0.75));
#10395=CARTESIAN_POINT('',(2.25057,0.999999999999952,0.749999999999996));
#10396=VECTOR('',#14464,1.0);
#10397=DRAUGHTING_PRE_DEFINED_CURVE_FONT('continuous');
#10398=COLOUR_RGB('',0.310000002384186,0.310000002384186,0.310000002384186);
#10399=CARTESIAN_POINT('',(1.17443309147499,0.999999999999948,0.0));
#10400=VECTOR('',#14465,1.0);
#10401=DRAUGHTING_PRE_DEFINED_CURVE_FONT('continuous');
#10402=COLOUR_RGB('',0.310000002384186,0.310000002384186,0.310000002384186);
#10403=CARTESIAN_POINT('',(0.578539857722019,2.30000027414032,6.25));
#10404=CARTESIAN_POINT('',(0.578539857722053,2.3000002741403,5.24350486482965));
#10405=CARTESIAN_POINT('',(0.578539857722017,2.30000027414032,6.25));
#10406=VECTOR('',#14466,1.0);
#10407=DRAUGHTING_PRE_DEFINED_CURVE_FONT('continuous');
#10408=COLOUR_RGB('',0.310000002384186,0.310000002384186,0.310000002384186);
#10409=CARTESIAN_POINT('',(0.5588668368608,-1.77635683940025E-15,6.25));
#10410=CARTESIAN_POINT('',(0.558866836860801,1.77635683940025E-15,6.25));
#10411=VECTOR('',#14467,1.0);
#10412=DRAUGHTING_PRE_DEFINED_CURVE_FONT('continuous');
#10413=COLOUR_RGB('',0.310000002384186,0.310000002384186,0.310000002384186);
#10414=CARTESIAN_POINT('',(0.5588668368608,0.0,6.25));
#10415=VECTOR('',#14468,1.0);
#10416=DRAUGHTING_PRE_DEFINED_CURVE_FONT('continuous');
#10417=COLOUR_RGB('',0.310000002384186,0.310000002384186,0.310000002384186);
#10418=CARTESIAN_POINT('',(0.578539857725645,2.30000027414019,5.24350486484027));
#10419=CARTESIAN_POINT('',(0.577426515879212,2.16983792794676,5.2424683522247));
#10420=CARTESIAN_POINT('',(0.576313174348744,2.03967561880718,5.2414273238085));
#10421=CARTESIAN_POINT('',(0.575199833142544,1.90951334753739,5.24038172376723));
#10422=DRAUGHTING_PRE_DEFINED_CURVE_FONT('continuous');
#10423=COLOUR_RGB('',0.310000002384186,0.310000002384186,0.310000002384186);
#10424=AXIS2_PLACEMENT_3D('',#14469,#14470,#14471);
#10425=DRAUGHTING_PRE_DEFINED_CURVE_FONT('continuous');
#10426=COLOUR_RGB('',0.310000002384186,0.310000002384186,0.310000002384186);
#10427=AXIS2_PLACEMENT_3D('',#14472,#14473,#14474);
#10428=DRAUGHTING_PRE_DEFINED_CURVE_FONT('continuous');
#10429=COLOUR_RGB('',0.310000002384186,0.310000002384186,0.310000002384186);
#10430=AXIS2_PLACEMENT_3D('',#14475,#14476,#14477);
#10431=DRAUGHTING_PRE_DEFINED_CURVE_FONT('continuous');
#10432=COLOUR_RGB('',0.310000002384186,0.310000002384186,0.310000002384186);
#10433=AXIS2_PLACEMENT_3D('',#14478,#14479,#14480);
#10434=DRAUGHTING_PRE_DEFINED_CURVE_FONT('continuous');
#10435=COLOUR_RGB('',0.310000002384186,0.310000002384186,0.310000002384186);
#10436=CARTESIAN_POINT('',(1.17443309147499,-1.77635683940025E-15,6.25));
#10437=VECTOR('',#14481,1.0);
#10438=DRAUGHTING_PRE_DEFINED_CURVE_FONT('continuous');
#10439=COLOUR_RGB('',0.310000002384186,0.310000002384186,0.310000002384186);
#10440=CARTESIAN_POINT('',(0.00057,-1.77635683940025E-15,7.0));
#10441=CARTESIAN_POINT('',(0.00057,-1.77635683940025E-15,7.0));
#10442=VECTOR('',#14482,1.0);
#10443=DRAUGHTING_PRE_DEFINED_CURVE_FONT('continuous');
#10444=COLOUR_RGB('',0.310000002384186,0.310000002384186,0.310000002384186);
#10445=CARTESIAN_POINT('',(0.00057,-1.77635683940025E-15,0.0));
#10446=CARTESIAN_POINT('',(0.00057,-1.77635683940025E-15,0.0));
#10447=VECTOR('',#14483,1.0);
#10448=DRAUGHTING_PRE_DEFINED_CURVE_FONT('continuous');
#10449=COLOUR_RGB('',0.310000002384186,0.310000002384186,0.310000002384186);
#10450=CARTESIAN_POINT('',(1.17443309147499,-1.77635683940025E-15,0.0));
#10451=CARTESIAN_POINT('',(0.00057,-1.77635683940025E-15,0.0));
#10452=VECTOR('',#14484,1.0);
#10453=DRAUGHTING_PRE_DEFINED_CURVE_FONT('continuous');
#10454=COLOUR_RGB('',0.310000002384186,0.310000002384186,0.310000002384186);
#10455=CARTESIAN_POINT('',(1.17443309147499,-1.77635683940025E-15,0.75));
#10456=CARTESIAN_POINT('',(1.17443309147499,-1.77635683940025E-15,0.0));
#10457=VECTOR('',#14485,1.0);
#10458=DRAUGHTING_PRE_DEFINED_CURVE_FONT('continuous');
#10459=COLOUR_RGB('',0.310000002384186,0.310000002384186,0.310000002384186);
#10460=CARTESIAN_POINT('',(0.5588668368608,0.0,0.75));
#10461=CARTESIAN_POINT('',(1.17443309147499,-1.77635683940025E-15,0.75));
#10462=VECTOR('',#14486,1.0);
#10463=DRAUGHTING_PRE_DEFINED_CURVE_FONT('continuous');
#10464=COLOUR_RGB('',0.310000002384186,0.310000002384186,0.310000002384186);
#10465=CARTESIAN_POINT('',(0.5588668368608,0.0,1.77529225302091));
#10466=VECTOR('',#14487,1.0);
#10467=DRAUGHTING_PRE_DEFINED_CURVE_FONT('continuous');
#10468=COLOUR_RGB('',0.310000002384186,0.310000002384186,0.310000002384186);
#10469=AXIS2_PLACEMENT_3D('',#14488,#14489,#14490);
#10470=DRAUGHTING_PRE_DEFINED_CURVE_FONT('continuous');
#10471=COLOUR_RGB('',0.310000002384186,0.310000002384186,0.310000002384186);
#10472=CARTESIAN_POINT('',(0.00057,9.34999999999997,7.0));
#10473=VECTOR('',#14491,1.0);
#10474=DRAUGHTING_PRE_DEFINED_CURVE_FONT('continuous');
#10475=COLOUR_RGB('',0.310000002384186,0.310000002384186,0.310000002384186);
#10476=CARTESIAN_POINT('',(1.174433091475,0.999999999999948,7.0));
#10477=VECTOR('',#14492,1.0);
#10478=DRAUGHTING_PRE_DEFINED_CURVE_FONT('continuous');
#10479=COLOUR_RGB('',0.310000002384186,0.310000002384186,0.310000002384186);
#10480=CARTESIAN_POINT('',(2.25056999995662,0.999999999999948,6.25));
#10481=VECTOR('',#14493,1.0);
#10482=DRAUGHTING_PRE_DEFINED_CURVE_FONT('continuous');
#10483=COLOUR_RGB('',0.310000002384186,0.310000002384186,0.310000002384186);
#10484=CARTESIAN_POINT('',(0.578539857722017,2.30000027414025,0.75));
#10485=CARTESIAN_POINT('',(0.558866836860801,1.77635683940025E-15,0.75));
#10486=VECTOR('',#14494,1.0);
#10487=DRAUGHTING_PRE_DEFINED_CURVE_FONT('continuous');
#10488=COLOUR_RGB('',0.310000002384186,0.310000002384186,0.310000002384186);
#10489=CARTESIAN_POINT('',(0.578539857722017,2.30000027414026,1.75649513517031));
#10490=VECTOR('',#14495,1.0);
#10491=DRAUGHTING_PRE_DEFINED_CURVE_FONT('continuous');
#10492=COLOUR_RGB('',0.310000002384186,0.310000002384186,0.310000002384186);
#10493=CARTESIAN_POINT('',(0.00057,9.34999999999997,0.0));
#10494=VECTOR('',#14496,1.0);
#10495=DRAUGHTING_PRE_DEFINED_CURVE_FONT('continuous');
#10496=COLOUR_RGB('',0.310000002384186,0.310000002384186,0.310000002384186);
#10497=CARTESIAN_POINT('',(1.25056999995662,9.34999999999996,0.0));
#10498=VECTOR('',#14497,1.0);
#10499=DRAUGHTING_PRE_DEFINED_CURVE_FONT('continuous');
#10500=COLOUR_RGB('',0.310000002384186,0.310000002384186,0.310000002384186);
#10501=AXIS2_PLACEMENT_3D('',#14498,#14499,#14500);
#10502=DRAUGHTING_PRE_DEFINED_CURVE_FONT('continuous');
#10503=COLOUR_RGB('',0.310000002384186,0.310000002384186,0.310000002384186);
#10504=CARTESIAN_POINT('',(1.17443309147499,0.999999999999948,0.0));
#10505=VECTOR('',#14501,1.0);
#10506=DRAUGHTING_PRE_DEFINED_CURVE_FONT('continuous');
#10507=COLOUR_RGB('',0.310000002384186,0.310000002384186,0.310000002384186);
#10508=CARTESIAN_POINT('',(1.17443309147499,-1.77635683940025E-15,0.75));
#10509=VECTOR('',#14502,1.0);
#10510=DRAUGHTING_PRE_DEFINED_CURVE_FONT('continuous');
#10511=COLOUR_RGB('',0.310000002384186,0.310000002384186,0.310000002384186);
#10512=CARTESIAN_POINT('',(0.00057,8.07678999999997,0.887008547008509));
#10513=CARTESIAN_POINT('',(0.00057,8.07678999999997,0.887008547008509));
#10514=VECTOR('',#14503,1.0);
#10515=DRAUGHTING_PRE_DEFINED_CURVE_FONT('continuous');
#10516=COLOUR_RGB('',0.310000002384186,0.310000002384186,0.310000002384186);
#10517=AXIS2_PLACEMENT_3D('',#14504,#14505,#14506);
#10518=DRAUGHTING_PRE_DEFINED_CURVE_FONT('continuous');
#10519=COLOUR_RGB('',0.310000002384186,0.310000002384186,0.310000002384186);
#10520=CARTESIAN_POINT('',(0.00057,8.44999999999997,5.73679));
#10521=CARTESIAN_POINT('',(0.00057,8.44999999999997,5.73679));
#10522=VECTOR('',#14507,1.0);
#10523=DRAUGHTING_PRE_DEFINED_CURVE_FONT('continuous');
#10524=COLOUR_RGB('',0.310000002384186,0.310000002384186,0.310000002384186);
#10525=AXIS2_PLACEMENT_3D('',#14508,#14509,#14510);
#10526=DRAUGHTING_PRE_DEFINED_CURVE_FONT('continuous');
#10527=COLOUR_RGB('',0.310000002384186,0.310000002384186,0.310000002384186);
#10528=CARTESIAN_POINT('',(0.00057,3.42321000001517,6.11));
#10529=CARTESIAN_POINT('',(0.00057,3.42321000001517,6.11));
#10530=VECTOR('',#14511,1.0);
#10531=DRAUGHTING_PRE_DEFINED_CURVE_FONT('continuous');
#10532=COLOUR_RGB('',0.310000002384186,0.310000002384186,0.310000002384186);
#10533=AXIS2_PLACEMENT_3D('',#14512,#14513,#14514);
#10534=DRAUGHTING_PRE_DEFINED_CURVE_FONT('continuous');
#10535=COLOUR_RGB('',0.310000002384186,0.310000002384186,0.310000002384186);
#10536=CARTESIAN_POINT('',(0.00057,3.05000000001517,1.26021854700851));
#10537=CARTESIAN_POINT('',(0.00057,3.05000000001517,1.26021854700851));
#10538=VECTOR('',#14515,1.0);
#10539=DRAUGHTING_PRE_DEFINED_CURVE_FONT('continuous');
#10540=COLOUR_RGB('',0.310000002384186,0.310000002384186,0.310000002384186);
#10541=AXIS2_PLACEMENT_3D('',#14516,#14517,#14518);
#10542=DRAUGHTING_PRE_DEFINED_CURVE_FONT('continuous');
#10543=COLOUR_RGB('',0.310000002384186,0.310000002384186,0.310000002384186);
#10544=AXIS2_PLACEMENT_3D('',#14519,#14520,#14521);
#10545=DRAUGHTING_PRE_DEFINED_CURVE_FONT('continuous');
#10546=COLOUR_RGB('',0.310000002384186,0.310000002384186,0.310000002384186);
#10547=CARTESIAN_POINT('',(2.25056999995662,2.30000027414032,6.25));
#10548=VECTOR('',#14522,1.0);
#10549=DRAUGHTING_PRE_DEFINED_CURVE_FONT('continuous');
#10550=COLOUR_RGB('',0.310000002384186,0.310000002384186,0.310000002384186);
#10551=CARTESIAN_POINT('',(2.25056999995662,2.30000027414025,0.75));
#10552=VECTOR('',#14523,1.0);
#10553=DRAUGHTING_PRE_DEFINED_CURVE_FONT('continuous');
#10554=COLOUR_RGB('',0.310000002384186,0.310000002384186,0.310000002384186);
#10555=CARTESIAN_POINT('',(0.00057,4.61605401838645,3.24469282633669));
#10556=CARTESIAN_POINT('',(0.00057,6.08394598163048,3.24469282633641));
#10557=CARTESIAN_POINT('',(0.00057,6.03954548580179,3.15519461422045));
#10558=CARTESIAN_POINT('',(0.00057,5.97852899762925,3.07459814059898));
#10559=CARTESIAN_POINT('',(0.00057,5.82926861246328,2.93925205247612));
#10560=CARTESIAN_POINT('',(0.00057,5.74225371405331,2.88578340522664));
#10561=CARTESIAN_POINT('',(0.00057,5.55267753682191,2.81299391471992));
#10562=CARTESIAN_POINT('',(0.00057,5.4517874066074,2.79431472587703));
#10563=CARTESIAN_POINT('',(0.00057,5.24821259341043,2.7943147258761));
#10564=CARTESIAN_POINT('',(0.00057,5.14732246319618,2.81299391471811));
#10565=CARTESIAN_POINT('',(0.00057,4.95774628596557,2.88578340522277));
#10566=CARTESIAN_POINT('',(0.00057,4.8707313875561,2.93925205247118));
#10567=CARTESIAN_POINT('',(0.00057,4.72147100238897,3.07459814059424));
#10568=CARTESIAN_POINT('',(0.00057,4.66045451421544,3.15519461421773));
#10569=CARTESIAN_POINT('',(0.00057,4.61605401838645,3.24469282633669));
#10570=DRAUGHTING_PRE_DEFINED_CURVE_FONT('continuous');
#10571=COLOUR_RGB('',0.310000002384186,0.310000002384186,0.310000002384186);
#10572=CARTESIAN_POINT('',(0.00057,6.33725065088568,3.4017822095594));
#10573=AXIS2_PLACEMENT_3D('',#14524,#14525,#14526);
#10574=DRAUGHTING_PRE_DEFINED_CURVE_FONT('continuous');
#10575=COLOUR_RGB('',0.310000002384186,0.310000002384186,0.310000002384186);
#10576=CARTESIAN_POINT('',(0.00057,6.77009000001312,3.4017822095596));
#10577=CARTESIAN_POINT('',(0.00057,6.77009000001312,3.4017822095596));
#10578=VECTOR('',#14527,1.0);
#10579=DRAUGHTING_PRE_DEFINED_CURVE_FONT('continuous');
#10580=COLOUR_RGB('',0.310000002384186,0.310000002384186,0.310000002384186);
#10581=AXIS2_PLACEMENT_3D('',#14528,#14529,#14530);
#10582=DRAUGHTING_PRE_DEFINED_CURVE_FONT('continuous');
#10583=COLOUR_RGB('',0.310000002384186,0.310000002384186,0.310000002384186);
#10584=CARTESIAN_POINT('',(0.00057,7.05000000001325,3.10235762716491));
#10585=CARTESIAN_POINT('',(0.00057,7.05000000001325,3.10235762716491));
#10586=VECTOR('',#14531,1.0);
#10587=DRAUGHTING_PRE_DEFINED_CURVE_FONT('continuous');
#10588=COLOUR_RGB('',0.310000002384186,0.310000002384186,0.310000002384186);
#10589=CARTESIAN_POINT('',(0.00057,3.65000000000384,3.10235762716491));
#10590=CARTESIAN_POINT('',(0.00057,7.05000000001325,3.10235762716491));
#10591=CARTESIAN_POINT('',(0.00057,7.05000000001325,2.8833138782224));
#10592=CARTESIAN_POINT('',(0.00057,7.00602799186399,2.6664134218114));
#10593=CARTESIAN_POINT('',(0.00057,6.83516241870016,2.2616733490664));
#10594=CARTESIAN_POINT('',(0.00057,6.70994073388587,2.0777940209364));
#10595=CARTESIAN_POINT('',(0.00057,6.39422232217213,1.7680193804289));
#10596=CARTESIAN_POINT('',(0.00057,6.20681482706836,1.64515514141751));
#10597=CARTESIAN_POINT('',(0.00057,5.79430884299361,1.4775063140506));
#10598=CARTESIAN_POINT('',(0.00057,5.57324662987678,1.4343621307802));
#10599=CARTESIAN_POINT('',(0.00057,5.12675337014029,1.4343621307802));
#10600=CARTESIAN_POINT('',(0.00057,4.90569115702346,1.4775063140506));
#10601=CARTESIAN_POINT('',(0.00057,4.49318517294871,1.64515514141751));
#10602=CARTESIAN_POINT('',(0.00057,4.30577767784494,1.7680193804289));
#10603=CARTESIAN_POINT('',(0.00057,3.9900592661312,2.0777940209364));
#10604=CARTESIAN_POINT('',(0.00057,3.86483758131688,2.2616733490664));
#10605=CARTESIAN_POINT('',(0.00057,3.69397200815308,2.6664134218114));
#10606=CARTESIAN_POINT('',(0.00057,3.65000000000384,2.8833138782224));
#10607=CARTESIAN_POINT('',(0.00057,3.65000000000384,3.10235762716491));
#10608=DRAUGHTING_PRE_DEFINED_CURVE_FONT('continuous');
#10609=COLOUR_RGB('',0.310000002384186,0.310000002384186,0.310000002384186);
#10610=CARTESIAN_POINT('',(0.00057,3.65000000000384,3.1218722095597));
#10611=CARTESIAN_POINT('',(0.00057,3.65000000000384,3.1218722095597));
#10612=VECTOR('',#14532,1.0);
#10613=DRAUGHTING_PRE_DEFINED_CURVE_FONT('continuous');
#10614=COLOUR_RGB('',0.310000002384186,0.310000002384186,0.310000002384186);
#10615=AXIS2_PLACEMENT_3D('',#14533,#14534,#14535);
#10616=DRAUGHTING_PRE_DEFINED_CURVE_FONT('continuous');
#10617=COLOUR_RGB('',0.310000002384186,0.310000002384186,0.310000002384186);
#10618=CARTESIAN_POINT('',(0.00057,4.36274934913111,3.4017822095597));
#10619=VECTOR('',#14536,1.0);
#10620=DRAUGHTING_PRE_DEFINED_CURVE_FONT('continuous');
#10621=COLOUR_RGB('',0.310000002384186,0.310000002384186,0.310000002384186);
#10622=AXIS2_PLACEMENT_3D('',#14537,#14538,#14539);
#10623=DRAUGHTING_PRE_DEFINED_CURVE_FONT('continuous');
#10624=COLOUR_RGB('',0.310000002384186,0.310000002384186,0.310000002384186);
#10625=CARTESIAN_POINT('',(0.00057,6.08394598163063,3.9457598485596));
#10626=CARTESIAN_POINT('',(0.00057,4.61605401838656,3.94575984855985));
#10627=CARTESIAN_POINT('',(0.00057,4.66045451421555,4.03525806067872));
#10628=CARTESIAN_POINT('',(0.00057,4.72147100238904,4.11585453430213));
#10629=CARTESIAN_POINT('',(0.00057,4.8707313875561,4.25120062242505));
#10630=CARTESIAN_POINT('',(0.00057,4.95774628596555,4.30466926967359));
#10631=CARTESIAN_POINT('',(0.00057,5.14732246319604,4.37745876017848));
#10632=CARTESIAN_POINT('',(0.00057,5.24821259341016,4.39613794902065));
#10633=CARTESIAN_POINT('',(0.00057,5.45178740660667,4.39613794902075));
#10634=CARTESIAN_POINT('',(0.00057,5.55267753682082,4.37745876017858));
#10635=CARTESIAN_POINT('',(0.00057,5.74225371405132,4.30466926967369));
#10636=CARTESIAN_POINT('',(0.00057,5.82926861246078,4.25120062242525));
#10637=CARTESIAN_POINT('',(0.00057,5.978528997628,4.11585453430222));
#10638=CARTESIAN_POINT('',(0.00057,6.03954548580162,4.03525806067865));
#10639=CARTESIAN_POINT('',(0.00057,6.08394598163063,3.9457598485596));
#10640=DRAUGHTING_PRE_DEFINED_CURVE_FONT('continuous');
#10641=COLOUR_RGB('',0.310000002384186,0.310000002384186,0.310000002384186);
#10642=CARTESIAN_POINT('',(0.00057,4.36274934913111,3.78867046533661));
#10643=AXIS2_PLACEMENT_3D('',#14540,#14541,#14542);
#10644=DRAUGHTING_PRE_DEFINED_CURVE_FONT('continuous');
#10645=COLOUR_RGB('',0.310000002384186,0.310000002384186,0.310000002384186);
#10646=CARTESIAN_POINT('',(0.00057,3.92991000000383,3.78867046533661));
#10647=CARTESIAN_POINT('',(0.00057,3.92991000000383,3.78867046533661));
#10648=VECTOR('',#14543,1.0);
#10649=DRAUGHTING_PRE_DEFINED_CURVE_FONT('continuous');
#10650=COLOUR_RGB('',0.310000002384186,0.310000002384186,0.310000002384186);
#10651=AXIS2_PLACEMENT_3D('',#14544,#14545,#14546);
#10652=DRAUGHTING_PRE_DEFINED_CURVE_FONT('continuous');
#10653=COLOUR_RGB('',0.310000002384186,0.310000002384186,0.310000002384186);
#10654=CARTESIAN_POINT('',(0.00057,3.65000000000381,5.24975761633379));
#10655=CARTESIAN_POINT('',(0.00057,3.65000000000381,5.24975761633379));
#10656=VECTOR('',#14547,1.0);
#10657=DRAUGHTING_PRE_DEFINED_CURVE_FONT('continuous');
#10658=COLOUR_RGB('',0.310000002384186,0.310000002384186,0.310000002384186);
#10659=AXIS2_PLACEMENT_3D('',#14548,#14549,#14550);
#10660=DRAUGHTING_PRE_DEFINED_CURVE_FONT('continuous');
#10661=COLOUR_RGB('',0.310000002384186,0.310000002384186,0.310000002384186);
#10662=CARTESIAN_POINT('',(0.00057,7.57008999999734,5.5296676163338));
#10663=CARTESIAN_POINT('',(0.00057,7.57008999999734,5.5296676163338));
#10664=VECTOR('',#14551,1.0);
#10665=DRAUGHTING_PRE_DEFINED_CURVE_FONT('continuous');
#10666=COLOUR_RGB('',0.310000002384186,0.310000002384186,0.310000002384186);
#10667=AXIS2_PLACEMENT_3D('',#14552,#14553,#14554);
#10668=DRAUGHTING_PRE_DEFINED_CURVE_FONT('continuous');
#10669=COLOUR_RGB('',0.310000002384186,0.310000002384186,0.310000002384186);
#10670=CARTESIAN_POINT('',(0.00057,7.84999999999734,4.06858046533681));
#10671=CARTESIAN_POINT('',(0.00057,7.84999999999734,4.06858046533681));
#10672=VECTOR('',#14555,1.0);
#10673=DRAUGHTING_PRE_DEFINED_CURVE_FONT('continuous');
#10674=COLOUR_RGB('',0.310000002384186,0.310000002384186,0.310000002384186);
#10675=AXIS2_PLACEMENT_3D('',#14556,#14557,#14558);
#10676=DRAUGHTING_PRE_DEFINED_CURVE_FONT('continuous');
#10677=COLOUR_RGB('',0.310000002384186,0.310000002384186,0.310000002384186);
#10678=CARTESIAN_POINT('',(0.00057,6.33725065088586,3.78867046533681));
#10679=VECTOR('',#14559,1.0);
#10680=DRAUGHTING_PRE_DEFINED_CURVE_FONT('continuous');
#10681=COLOUR_RGB('',0.310000002384186,0.310000002384186,0.310000002384186);
#10682=AXIS2_PLACEMENT_3D('',#14560,#14561,#14562);
#10683=DRAUGHTING_PRE_DEFINED_CURVE_FONT('continuous');
#10684=COLOUR_RGB('',0.310000002384186,0.310000002384186,0.310000002384186);
#10685=CARTESIAN_POINT('',(0.000569999999998224,5.35000000000854,3.99568213657532));
#10686=CARTESIAN_POINT('',(0.00057,5.35000000000854,3.19477051034301));
#10687=CARTESIAN_POINT('',(0.00057,5.35000000000854,3.99568213657532));
#10688=CARTESIAN_POINT('',(0.00057,5.37844193942218,3.99568213657532));
#10689=CARTESIAN_POINT('',(0.00057,5.40688387883582,3.99276517236053));
#10690=CARTESIAN_POINT('',(0.00057,5.490803184715,3.97526338707181));
#10691=CARTESIAN_POINT('',(0.00057,5.54362580248354,3.95218799919991));
#10692=CARTESIAN_POINT('',(0.00057,5.6361709964965,3.8862158149455));
#10693=CARTESIAN_POINT('',(0.00057,5.67486116780788,3.8440549833981));
#10694=CARTESIAN_POINT('',(0.00057,5.73205724320335,3.74685351860341));
#10695=CARTESIAN_POINT('',(0.00057,5.74992508594864,3.6928972341742));
#10696=CARTESIAN_POINT('',(0.00057,5.76188232168071,3.5812735051499));
#10697=CARTESIAN_POINT('',(0.00057,5.755838323525,3.52485129959411));
#10698=CARTESIAN_POINT('',(0.00057,5.72048920490754,3.41810606315821));
#10699=CARTESIAN_POINT('',(0.00057,5.69157842803997,3.3689738483962));
#10700=CARTESIAN_POINT('',(0.00057,5.61503513881855,3.28556432567851));
#10701=CARTESIAN_POINT('',(0.00057,5.5682565192057,3.2522175079946));
#10702=CARTESIAN_POINT('',(0.00057,5.46375408946069,3.20656596322481));
#10703=CARTESIAN_POINT('',(0.00057,5.40719607540398,3.19477051034301));
#10704=CARTESIAN_POINT('',(0.00057,5.35000000000854,3.19477051034301));
#10705=DRAUGHTING_PRE_DEFINED_CURVE_FONT('continuous');
#10706=COLOUR_RGB('',0.310000002384186,0.310000002384186,0.310000002384186);
#10707=CARTESIAN_POINT('',(0.00057,5.35000000000854,3.19477051034301));
#10708=CARTESIAN_POINT('',(0.00057,5.29280392461309,3.19477051034301));
#10709=CARTESIAN_POINT('',(0.00057,5.23624591055638,3.20656596322481));
#10710=CARTESIAN_POINT('',(0.00057,5.13174348081137,3.2522175079946));
#10711=CARTESIAN_POINT('',(0.00057,5.08496486119852,3.28556432567851));
#10712=CARTESIAN_POINT('',(0.00057,5.0084215719771,3.3689738483962));
#10713=CARTESIAN_POINT('',(0.00057,4.97951079510953,3.41810606315821));
#10714=CARTESIAN_POINT('',(0.00057,4.94416167649204,3.52485129959411));
#10715=CARTESIAN_POINT('',(0.00057,4.93811767833636,3.5812735051499));
#10716=CARTESIAN_POINT('',(0.00057,4.95007491406842,3.6928972341742));
#10717=CARTESIAN_POINT('',(0.00057,4.96794275681372,3.74685351860341));
#10718=CARTESIAN_POINT('',(0.00057,5.02513883220919,3.8440549833981));
#10719=CARTESIAN_POINT('',(0.00057,5.06382900352057,3.8862158149455));
#10720=CARTESIAN_POINT('',(0.00057,5.15637419753353,3.95218799919991));
#10721=CARTESIAN_POINT('',(0.00057,5.20919681530207,3.97526338707181));
#10722=CARTESIAN_POINT('',(0.00057,5.29311612118125,3.99276517236053));
#10723=CARTESIAN_POINT('',(0.00057,5.32155806059489,3.99568213657532));
#10724=CARTESIAN_POINT('',(0.00057,5.35000000000854,3.99568213657532));
#10725=DRAUGHTING_PRE_DEFINED_CURVE_FONT('continuous');
#10726=COLOUR_RGB('',0.310000002384186,0.310000002384186,0.310000002384186);
#10727=CARTESIAN_POINT('',(0.0305701383026238,3.42321000001517,6.11));
#10728=CARTESIAN_POINT('',(0.0305701383026238,3.42321000001517,6.11));
#10729=VECTOR('',#14563,1.0);
#10730=DRAUGHTING_PRE_DEFINED_CURVE_FONT('continuous');
#10731=COLOUR_RGB('',0.310000002384186,0.310000002384186,0.310000002384186);
#10732=CARTESIAN_POINT('',(0.0305701383026238,8.44999999999997,5.73679));
#10733=AXIS2_PLACEMENT_3D('',#14564,#14565,#14566);
#10734=DRAUGHTING_PRE_DEFINED_CURVE_FONT('continuous');
#10735=COLOUR_RGB('',0.310000002384186,0.310000002384186,0.310000002384186);
#10736=CARTESIAN_POINT('',(0.0305701383026238,8.44999999999997,1.26021854700851));
#10737=VECTOR('',#14567,1.0);
#10738=DRAUGHTING_PRE_DEFINED_CURVE_FONT('continuous');
#10739=COLOUR_RGB('',0.310000002384186,0.310000002384186,0.310000002384186);
#10740=CARTESIAN_POINT('',(0.0305701383026238,8.07678999999997,0.887008547008509));
#10741=AXIS2_PLACEMENT_3D('',#14568,#14569,#14570);
#10742=DRAUGHTING_PRE_DEFINED_CURVE_FONT('continuous');
#10743=COLOUR_RGB('',0.310000002384186,0.310000002384186,0.310000002384186);
#10744=CARTESIAN_POINT('',(0.0305701383026238,3.42321000001517,0.887008547008509));
#10745=VECTOR('',#14571,1.0);
#10746=DRAUGHTING_PRE_DEFINED_CURVE_FONT('continuous');
#10747=COLOUR_RGB('',0.310000002384186,0.310000002384186,0.310000002384186);
#10748=CARTESIAN_POINT('',(0.0305701383026238,3.05000000001517,1.26021854700851));
#10749=AXIS2_PLACEMENT_3D('',#14572,#14573,#14574);
#10750=DRAUGHTING_PRE_DEFINED_CURVE_FONT('continuous');
#10751=COLOUR_RGB('',0.310000002384186,0.310000002384186,0.310000002384186);
#10752=CARTESIAN_POINT('',(0.0305701383026238,3.05000000001517,5.73679));
#10753=VECTOR('',#14575,1.0);
#10754=DRAUGHTING_PRE_DEFINED_CURVE_FONT('continuous');
#10755=COLOUR_RGB('',0.310000002384186,0.310000002384186,0.310000002384186);
#10756=AXIS2_PLACEMENT_3D('',#14576,#14577,#14578);
#10757=DRAUGHTING_PRE_DEFINED_CURVE_FONT('continuous');
#10758=COLOUR_RGB('',0.310000002384186,0.310000002384186,0.310000002384186);
#10759=CARTESIAN_POINT('',(0.0305701383026238,6.33725065088586,3.78867046533681));
#10760=VECTOR('',#14579,1.0);
#10761=DRAUGHTING_PRE_DEFINED_CURVE_FONT('continuous');
#10762=COLOUR_RGB('',0.310000002384186,0.310000002384186,0.310000002384186);
#10763=CARTESIAN_POINT('',(0.0305701383026238,7.84999999999734,4.06858046533681));
#10764=AXIS2_PLACEMENT_3D('',#14580,#14581,#14582);
#10765=DRAUGHTING_PRE_DEFINED_CURVE_FONT('continuous');
#10766=COLOUR_RGB('',0.310000002384186,0.310000002384186,0.310000002384186);
#10767=CARTESIAN_POINT('',(0.0305701383026238,7.84999999999734,4.06858046533681));
#10768=VECTOR('',#14583,1.0);
#10769=DRAUGHTING_PRE_DEFINED_CURVE_FONT('continuous');
#10770=COLOUR_RGB('',0.310000002384186,0.310000002384186,0.310000002384186);
#10771=CARTESIAN_POINT('',(0.0305701383026238,7.57008999999734,5.5296676163338));
#10772=AXIS2_PLACEMENT_3D('',#14584,#14585,#14586);
#10773=DRAUGHTING_PRE_DEFINED_CURVE_FONT('continuous');
#10774=COLOUR_RGB('',0.310000002384186,0.310000002384186,0.310000002384186);
#10775=CARTESIAN_POINT('',(0.0305701383026238,3.92991000000381,5.5296676163338));
#10776=VECTOR('',#14587,1.0);
#10777=DRAUGHTING_PRE_DEFINED_CURVE_FONT('continuous');
#10778=COLOUR_RGB('',0.310000002384186,0.310000002384186,0.310000002384186);
#10779=CARTESIAN_POINT('',(0.0305701383026238,3.65000000000381,5.24975761633379));
#10780=AXIS2_PLACEMENT_3D('',#14588,#14589,#14590);
#10781=DRAUGHTING_PRE_DEFINED_CURVE_FONT('continuous');
#10782=COLOUR_RGB('',0.310000002384186,0.310000002384186,0.310000002384186);
#10783=CARTESIAN_POINT('',(0.0305701383026238,3.65000000000381,5.24975761633379));
#10784=VECTOR('',#14591,1.0);
#10785=DRAUGHTING_PRE_DEFINED_CURVE_FONT('continuous');
#10786=COLOUR_RGB('',0.310000002384186,0.310000002384186,0.310000002384186);
#10787=CARTESIAN_POINT('',(0.0305701383026238,3.92991000000383,3.78867046533661));
#10788=AXIS2_PLACEMENT_3D('',#14592,#14593,#14594);
#10789=DRAUGHTING_PRE_DEFINED_CURVE_FONT('continuous');
#10790=COLOUR_RGB('',0.310000002384186,0.310000002384186,0.310000002384186);
#10791=CARTESIAN_POINT('',(0.0305701383026238,4.36274934913111,3.78867046533661));
#10792=CARTESIAN_POINT('',(0.0305701383026238,3.92991000000383,3.78867046533661));
#10793=VECTOR('',#14595,1.0);
#10794=DRAUGHTING_PRE_DEFINED_CURVE_FONT('continuous');
#10795=COLOUR_RGB('',0.310000002384186,0.310000002384186,0.310000002384186);
#10796=AXIS2_PLACEMENT_3D('',#14596,#14597,#14598);
#10797=DRAUGHTING_PRE_DEFINED_CURVE_FONT('continuous');
#10798=COLOUR_RGB('',0.310000002384186,0.310000002384186,0.310000002384186);
#10799=CARTESIAN_POINT('',(0.0305701383026256,6.08394598163063,3.9457598485596));
#10800=CARTESIAN_POINT('',(0.0305701383026238,4.61605401838656,3.94575984855985));
#10801=CARTESIAN_POINT('',(0.0305701383026238,4.66045451421555,4.03525806067872));
#10802=CARTESIAN_POINT('',(0.0305701383026239,4.72147100238904,4.11585453430213));
#10803=CARTESIAN_POINT('',(0.030570138302624,4.8707313875561,4.25120062242505));
#10804=CARTESIAN_POINT('',(0.0305701383026242,4.95774628596555,4.30466926967359));
#10805=CARTESIAN_POINT('',(0.0305701383026244,5.14732246319604,4.37745876017848));
#10806=CARTESIAN_POINT('',(0.0305701383026246,5.24821259341016,4.39613794902065));
#10807=CARTESIAN_POINT('',(0.0305701383026249,5.45178740660667,4.39613794902075));
#10808=CARTESIAN_POINT('',(0.030570138302625,5.55267753682082,4.37745876017858));
#10809=CARTESIAN_POINT('',(0.0305701383026253,5.74225371405132,4.30466926967369));
#10810=CARTESIAN_POINT('',(0.0305701383026254,5.82926861246078,4.25120062242525));
#10811=CARTESIAN_POINT('',(0.0305701383026256,5.978528997628,4.11585453430222));
#10812=CARTESIAN_POINT('',(0.0305701383026256,6.03954548580162,4.03525806067865));
#10813=CARTESIAN_POINT('',(0.0305701383026256,6.08394598163063,3.9457598485596));
#10814=DRAUGHTING_PRE_DEFINED_CURVE_FONT('continuous');
#10815=COLOUR_RGB('',0.310000002384186,0.310000002384186,0.310000002384186);
#10816=AXIS2_PLACEMENT_3D('',#14599,#14600,#14601);
#10817=DRAUGHTING_PRE_DEFINED_CURVE_FONT('continuous');
#10818=COLOUR_RGB('',0.310000002384186,0.310000002384186,0.310000002384186);
#10819=CARTESIAN_POINT('',(0.0305701383026238,5.35000000000854,3.99568213657532));
#10820=CARTESIAN_POINT('',(0.030570138302622,5.35000000000854,3.19477051034301));
#10821=CARTESIAN_POINT('',(0.0305701383026238,5.35000000000854,3.99568213657532));
#10822=CARTESIAN_POINT('',(0.0305701383026238,5.37844193942218,3.99568213657532));
#10823=CARTESIAN_POINT('',(0.0305701383026238,5.40688387883582,3.99276517236053));
#10824=CARTESIAN_POINT('',(0.0305701383026238,5.490803184715,3.97526338707181));
#10825=CARTESIAN_POINT('',(0.0305701383026238,5.54362580248354,3.95218799919991));
#10826=CARTESIAN_POINT('',(0.0305701383026238,5.6361709964965,3.8862158149455));
#10827=CARTESIAN_POINT('',(0.0305701383026238,5.67486116780788,3.8440549833981));
#10828=CARTESIAN_POINT('',(0.0305701383026238,5.73205724320335,3.74685351860341));
#10829=CARTESIAN_POINT('',(0.0305701383026238,5.74992508594864,3.6928972341742));
#10830=CARTESIAN_POINT('',(0.0305701383026238,5.76188232168071,3.5812735051499));
#10831=CARTESIAN_POINT('',(0.0305701383026238,5.755838323525,3.52485129959411));
#10832=CARTESIAN_POINT('',(0.0305701383026238,5.72048920490754,3.41810606315821));
#10833=CARTESIAN_POINT('',(0.0305701383026238,5.69157842803997,3.3689738483962));
#10834=CARTESIAN_POINT('',(0.0305701383026238,5.61503513881855,3.28556432567851));
#10835=CARTESIAN_POINT('',(0.0305701383026238,5.5682565192057,3.2522175079946));
#10836=CARTESIAN_POINT('',(0.0305701383026238,5.46375408946069,3.20656596322481));
#10837=CARTESIAN_POINT('',(0.0305701383026238,5.40719607540398,3.19477051034301));
#10838=CARTESIAN_POINT('',(0.0305701383026238,5.35000000000854,3.19477051034301));
#10839=DRAUGHTING_PRE_DEFINED_CURVE_FONT('continuous');
#10840=COLOUR_RGB('',0.310000002384186,0.310000002384186,0.310000002384186);
#10841=CARTESIAN_POINT('',(0.0305701383026238,5.35000000000854,3.19477051034301));
#10842=CARTESIAN_POINT('',(0.0305701383026238,5.29280392461309,3.19477051034301));
#10843=CARTESIAN_POINT('',(0.0305701383026238,5.23624591055638,3.20656596322481));
#10844=CARTESIAN_POINT('',(0.0305701383026238,5.13174348081137,3.2522175079946));
#10845=CARTESIAN_POINT('',(0.0305701383026238,5.08496486119852,3.28556432567851));
#10846=CARTESIAN_POINT('',(0.0305701383026238,5.0084215719771,3.3689738483962));
#10847=CARTESIAN_POINT('',(0.0305701383026238,4.97951079510953,3.41810606315821));
#10848=CARTESIAN_POINT('',(0.0305701383026238,4.94416167649204,3.52485129959411));
#10849=CARTESIAN_POINT('',(0.0305701383026238,4.93811767833636,3.5812735051499));
#10850=CARTESIAN_POINT('',(0.0305701383026238,4.95007491406842,3.6928972341742));
#10851=CARTESIAN_POINT('',(0.0305701383026238,4.96794275681372,3.74685351860341));
#10852=CARTESIAN_POINT('',(0.0305701383026238,5.02513883220919,3.8440549833981));
#10853=CARTESIAN_POINT('',(0.0305701383026238,5.06382900352057,3.8862158149455));
#10854=CARTESIAN_POINT('',(0.0305701383026238,5.15637419753353,3.95218799919991));
#10855=CARTESIAN_POINT('',(0.0305701383026238,5.20919681530207,3.97526338707181));
#10856=CARTESIAN_POINT('',(0.0305701383026238,5.29311612118125,3.99276517236053));
#10857=CARTESIAN_POINT('',(0.0305701383026238,5.32155806059489,3.99568213657532));
#10858=CARTESIAN_POINT('',(0.0305701383026238,5.35000000000854,3.99568213657532));
#10859=DRAUGHTING_PRE_DEFINED_CURVE_FONT('continuous');
#10860=COLOUR_RGB('',0.310000002384186,0.310000002384186,0.310000002384186);
#10861=CARTESIAN_POINT('',(0.0305701383026238,4.36274934913111,3.4017822095597));
#10862=VECTOR('',#14602,1.0);
#10863=DRAUGHTING_PRE_DEFINED_CURVE_FONT('continuous');
#10864=COLOUR_RGB('',0.310000002384186,0.310000002384186,0.310000002384186);
#10865=CARTESIAN_POINT('',(0.0305701383026238,3.65000000000384,3.1218722095597));
#10866=AXIS2_PLACEMENT_3D('',#14603,#14604,#14605);
#10867=DRAUGHTING_PRE_DEFINED_CURVE_FONT('continuous');
#10868=COLOUR_RGB('',0.310000002384186,0.310000002384186,0.310000002384186);
#10869=CARTESIAN_POINT('',(0.0305701383026238,3.65000000000384,3.10235762716491));
#10870=CARTESIAN_POINT('',(0.0305701383026238,3.65000000000384,3.10235762716491));
#10871=VECTOR('',#14606,1.0);
#10872=DRAUGHTING_PRE_DEFINED_CURVE_FONT('continuous');
#10873=COLOUR_RGB('',0.310000002384186,0.310000002384186,0.310000002384186);
#10874=CARTESIAN_POINT('',(0.0305701383026238,7.05000000001325,3.10235762716491));
#10875=CARTESIAN_POINT('',(0.0305701383026238,7.05000000001325,3.10235762716491));
#10876=CARTESIAN_POINT('',(0.0305701383026238,7.05000000001325,2.8833138782224));
#10877=CARTESIAN_POINT('',(0.0305701383026238,7.00602799186399,2.6664134218114));
#10878=CARTESIAN_POINT('',(0.0305701383026238,6.83516241870016,2.2616733490664));
#10879=CARTESIAN_POINT('',(0.0305701383026238,6.70994073388587,2.0777940209364));
#10880=CARTESIAN_POINT('',(0.0305701383026238,6.39422232217213,1.7680193804289));
#10881=CARTESIAN_POINT('',(0.0305701383026238,6.20681482706836,1.64515514141751));
#10882=CARTESIAN_POINT('',(0.0305701383026238,5.79430884299361,1.4775063140506));
#10883=CARTESIAN_POINT('',(0.0305701383026238,5.57324662987678,1.4343621307802));
#10884=CARTESIAN_POINT('',(0.0305701383026238,5.12675337014029,1.4343621307802));
#10885=CARTESIAN_POINT('',(0.0305701383026238,4.90569115702346,1.4775063140506));
#10886=CARTESIAN_POINT('',(0.0305701383026238,4.49318517294871,1.64515514141751));
#10887=CARTESIAN_POINT('',(0.0305701383026238,4.30577767784494,1.7680193804289));
#10888=CARTESIAN_POINT('',(0.0305701383026238,3.9900592661312,2.0777940209364));
#10889=CARTESIAN_POINT('',(0.0305701383026238,3.86483758131688,2.2616733490664));
#10890=CARTESIAN_POINT('',(0.0305701383026238,3.69397200815308,2.6664134218114));
#10891=CARTESIAN_POINT('',(0.0305701383026238,3.65000000000384,2.8833138782224));
#10892=CARTESIAN_POINT('',(0.0305701383026238,3.65000000000384,3.10235762716491));
#10893=DRAUGHTING_PRE_DEFINED_CURVE_FONT('continuous');
#10894=COLOUR_RGB('',0.310000002384186,0.310000002384186,0.310000002384186);
#10895=CARTESIAN_POINT('',(0.0305701383026238,7.05000000001325,3.10235762716491));
#10896=VECTOR('',#14607,1.0);
#10897=DRAUGHTING_PRE_DEFINED_CURVE_FONT('continuous');
#10898=COLOUR_RGB('',0.310000002384186,0.310000002384186,0.310000002384186);
#10899=CARTESIAN_POINT('',(0.0305701383026238,6.77009000001312,3.4017822095596));
#10900=AXIS2_PLACEMENT_3D('',#14608,#14609,#14610);
#10901=DRAUGHTING_PRE_DEFINED_CURVE_FONT('continuous');
#10902=COLOUR_RGB('',0.310000002384186,0.310000002384186,0.310000002384186);
#10903=CARTESIAN_POINT('',(0.0305701383026238,6.33725065088568,3.4017822095594));
#10904=CARTESIAN_POINT('',(0.0305701383026238,6.77009000001312,3.4017822095596));
#10905=VECTOR('',#14611,1.0);
#10906=DRAUGHTING_PRE_DEFINED_CURVE_FONT('continuous');
#10907=COLOUR_RGB('',0.310000002384186,0.310000002384186,0.310000002384186);
#10908=AXIS2_PLACEMENT_3D('',#14612,#14613,#14614);
#10909=DRAUGHTING_PRE_DEFINED_CURVE_FONT('continuous');
#10910=COLOUR_RGB('',0.310000002384186,0.310000002384186,0.310000002384186);
#10911=CARTESIAN_POINT('',(0.0305701383026238,4.61605401838645,3.24469282633669));
#10912=CARTESIAN_POINT('',(0.0305701383026238,6.08394598163048,3.24469282633641));
#10913=CARTESIAN_POINT('',(0.0305701383026238,6.03954548580179,3.15519461422045));
#10914=CARTESIAN_POINT('',(0.0305701383026238,5.97852899762925,3.07459814059898));
#10915=CARTESIAN_POINT('',(0.0305701383026238,5.82926861246328,2.93925205247612));
#10916=CARTESIAN_POINT('',(0.0305701383026238,5.74225371405331,2.88578340522664));
#10917=CARTESIAN_POINT('',(0.0305701383026238,5.55267753682191,2.81299391471992));
#10918=CARTESIAN_POINT('',(0.0305701383026238,5.4517874066074,2.79431472587703));
#10919=CARTESIAN_POINT('',(0.0305701383026238,5.24821259341043,2.7943147258761));
#10920=CARTESIAN_POINT('',(0.0305701383026238,5.14732246319618,2.81299391471811));
#10921=CARTESIAN_POINT('',(0.0305701383026238,4.95774628596557,2.88578340522277));
#10922=CARTESIAN_POINT('',(0.0305701383026238,4.8707313875561,2.93925205247118));
#10923=CARTESIAN_POINT('',(0.0305701383026238,4.72147100238897,3.07459814059424));
#10924=CARTESIAN_POINT('',(0.0305701383026238,4.66045451421544,3.15519461421773));
#10925=CARTESIAN_POINT('',(0.0305701383026238,4.61605401838645,3.24469282633669));
#10926=DRAUGHTING_PRE_DEFINED_CURVE_FONT('continuous');
#10927=COLOUR_RGB('',0.310000002384186,0.310000002384186,0.310000002384186);
#10928=AXIS2_PLACEMENT_3D('',#14615,#14616,#14617);
#10929=DRAUGHTING_PRE_DEFINED_CURVE_FONT('continuous');
#10930=COLOUR_RGB('',0.310000002384186,0.310000002384186,0.310000002384186);
#10931=CARTESIAN_POINT('',(0.00057,8.07678999999997,0.887008547008509));
#10932=VECTOR('',#14618,1.0);
#10933=DRAUGHTING_PRE_DEFINED_CURVE_FONT('continuous');
#10934=COLOUR_RGB('',0.310000002384186,0.310000002384186,0.310000002384186);
#10935=CARTESIAN_POINT('',(0.0305701383026238,3.65000000000384,3.1218722095597));
#10936=VECTOR('',#14619,1.0);
#10937=DRAUGHTING_PRE_DEFINED_CURVE_FONT('continuous');
#10938=COLOUR_RGB('',0.310000002384186,0.310000002384186,0.310000002384186);
#10939=CARTESIAN_POINT('',(0.00057,3.65000000000384,3.10235762716491));
#10940=VECTOR('',#14620,1.0);
#10941=DRAUGHTING_PRE_DEFINED_CURVE_FONT('continuous');
#10942=COLOUR_RGB('',0.310000002384186,0.310000002384186,0.310000002384186);
#10943=CARTESIAN_POINT('',(0.00057,7.05000000001325,3.10235762716491));
#10944=VECTOR('',#14621,1.0);
#10945=DRAUGHTING_PRE_DEFINED_CURVE_FONT('continuous');
#10946=COLOUR_RGB('',0.310000002384186,0.310000002384186,0.310000002384186);
#10947=CARTESIAN_POINT('',(0.00057,3.05000000001517,1.26021854700851));
#10948=VECTOR('',#14622,1.0);
#10949=DRAUGHTING_PRE_DEFINED_CURVE_FONT('continuous');
#10950=COLOUR_RGB('',0.310000002384186,0.310000002384186,0.310000002384186);
#10951=CARTESIAN_POINT('',(0.0305701383026238,6.77009000001312,3.4017822095596));
#10952=VECTOR('',#14623,1.0);
#10953=DRAUGHTING_PRE_DEFINED_CURVE_FONT('continuous');
#10954=COLOUR_RGB('',0.310000002384186,0.310000002384186,0.310000002384186);
#10955=CARTESIAN_POINT('',(0.00057,6.33725065088568,3.4017822095594));
#10956=VECTOR('',#14624,1.0);
#10957=DRAUGHTING_PRE_DEFINED_CURVE_FONT('continuous');
#10958=COLOUR_RGB('',0.310000002384186,0.310000002384186,0.310000002384186);
#10959=CARTESIAN_POINT('',(0.00057,8.44999999999997,5.73679));
#10960=VECTOR('',#14625,1.0);
#10961=DRAUGHTING_PRE_DEFINED_CURVE_FONT('continuous');
#10962=COLOUR_RGB('',0.310000002384186,0.310000002384186,0.310000002384186);
#10963=CARTESIAN_POINT('',(0.00057,4.61605401838645,3.24469282633669));
#10964=VECTOR('',#14626,1.0);
#10965=DRAUGHTING_PRE_DEFINED_CURVE_FONT('continuous');
#10966=COLOUR_RGB('',0.310000002384186,0.310000002384186,0.310000002384186);
#10967=CARTESIAN_POINT('',(0.0305701383026238,3.65000000000381,5.24975761633379));
#10968=VECTOR('',#14627,1.0);
#10969=DRAUGHTING_PRE_DEFINED_CURVE_FONT('continuous');
#10970=COLOUR_RGB('',0.310000002384186,0.310000002384186,0.310000002384186);
#10971=CARTESIAN_POINT('',(0.00057,5.35000000000854,3.19477051034301));
#10972=VECTOR('',#14628,1.0);
#10973=DRAUGHTING_PRE_DEFINED_CURVE_FONT('continuous');
#10974=COLOUR_RGB('',0.310000002384186,0.310000002384186,0.310000002384186);
#10975=CARTESIAN_POINT('',(0.000569999999998224,5.35000000000854,3.99568213657532));
#10976=VECTOR('',#14629,1.0);
#10977=DRAUGHTING_PRE_DEFINED_CURVE_FONT('continuous');
#10978=COLOUR_RGB('',0.310000002384186,0.310000002384186,0.310000002384186);
#10979=CARTESIAN_POINT('',(0.0305701383026238,7.84999999999734,4.06858046533681));
#10980=VECTOR('',#14630,1.0);
#10981=DRAUGHTING_PRE_DEFINED_CURVE_FONT('continuous');
#10982=COLOUR_RGB('',0.310000002384186,0.310000002384186,0.310000002384186);
#10983=CARTESIAN_POINT('',(0.0305701383026238,7.57008999999734,5.5296676163338));
#10984=VECTOR('',#14631,1.0);
#10985=DRAUGHTING_PRE_DEFINED_CURVE_FONT('continuous');
#10986=COLOUR_RGB('',0.310000002384186,0.310000002384186,0.310000002384186);
#10987=CARTESIAN_POINT('',(0.00057,3.42321000001517,6.11));
#10988=VECTOR('',#14632,1.0);
#10989=DRAUGHTING_PRE_DEFINED_CURVE_FONT('continuous');
#10990=COLOUR_RGB('',0.310000002384186,0.310000002384186,0.310000002384186);
#10991=CARTESIAN_POINT('',(0.00057,6.08394598163063,3.9457598485596));
#10992=VECTOR('',#14633,1.0);
#10993=DRAUGHTING_PRE_DEFINED_CURVE_FONT('continuous');
#10994=COLOUR_RGB('',0.310000002384186,0.310000002384186,0.310000002384186);
#10995=CARTESIAN_POINT('',(0.0305701383026238,3.92991000000383,3.78867046533661));
#10996=VECTOR('',#14634,1.0);
#10997=DRAUGHTING_PRE_DEFINED_CURVE_FONT('continuous');
#10998=COLOUR_RGB('',0.310000002384186,0.310000002384186,0.310000002384186);
#10999=CARTESIAN_POINT('',(0.00057,4.36274934913111,3.78867046533661));
#11000=VECTOR('',#14635,1.0);
#11001=SURFACE_SIDE_STYLE('',(#14636));
#11003=SURFACE_STYLE_FILL_AREA(#14637);
#11004=ORIENTED_EDGE('',*,*,#14638,.F.);
#11005=ORIENTED_EDGE('',*,*,#999,.T.);
#11006=ORIENTED_EDGE('',*,*,#1001,.T.);
#11007=ORIENTED_EDGE('',*,*,#1003,.F.);
#11008=CARTESIAN_POINT('',(5.75056999999999,7.35,7.24575630000001));
#11009=DIRECTION('',(0.0,0.0,1.0));
#11010=DIRECTION('',(-0.0575640269595675,-0.998341816614028,0.0));
#11011=SURFACE_STYLE_FILL_AREA(#14639);
#11012=ORIENTED_EDGE('',*,*,#14640,.F.);
#11013=ORIENTED_EDGE('',*,*,#1005,.F.);
#11014=ORIENTED_EDGE('',*,*,#1007,.T.);
#11015=ORIENTED_EDGE('',*,*,#1009,.T.);
#11016=CARTESIAN_POINT('',(5.75056999999999,7.35,7.0));
#11017=DIRECTION('',(3.05735961497832E-16,-3.54229662178746E-15,-1.0));
#11018=DIRECTION('',(-0.103643211782321,0.994614540740002,-3.55490718465099E-15));
#11019=SURFACE_STYLE_FILL_AREA(#14641);
#11020=ORIENTED_EDGE('',*,*,#14642,.F.);
#11021=ORIENTED_EDGE('',*,*,#1011,.F.);
#11022=ORIENTED_EDGE('',*,*,#1001,.F.);
#11023=ORIENTED_EDGE('',*,*,#1005,.T.);
#11024=ORIENTED_EDGE('',*,*,#1013,.T.);
#11025=CARTESIAN_POINT('',(5.75056999999999,7.35,7.24575630000001));
#11026=DIRECTION('',(0.0,0.0,1.0));
#11027=DIRECTION('',(-0.0462173340930269,0.998931408070311,0.0));
#11028=SURFACE_STYLE_FILL_AREA(#14643);
#11029=ORIENTED_EDGE('',*,*,#1015,.T.);
#11030=ORIENTED_EDGE('',*,*,#1017,.T.);
#11031=CARTESIAN_POINT('',(5.85557314999999,7.45500315,-4.0));
#11032=DIRECTION('',(-0.0,-0.0,-1.0));
#11033=DIRECTION('',(0.0,-1.0,0.0));
#11034=SURFACE_STYLE_FILL_AREA(#14644);
#11035=ORIENTED_EDGE('',*,*,#1015,.F.);
#11036=ORIENTED_EDGE('',*,*,#1019,.F.);
#11037=ORIENTED_EDGE('',*,*,#1021,.T.);
#11038=ORIENTED_EDGE('',*,*,#1003,.T.);
#11039=ORIENTED_EDGE('',*,*,#1023,.T.);
#11040=CARTESIAN_POINT('',(5.75056999999993,7.85,-2.83));
#11041=CARTESIAN_POINT('',(5.75056999999993,7.85,-3.02752943661651));
#11042=CARTESIAN_POINT('',(5.75056999999994,7.80967442234682,-3.37724045126104));
#11043=CARTESIAN_POINT('',(5.75056999999995,7.72815741606728,-3.78279885936949));
#11044=CARTESIAN_POINT('',(5.75056999999997,7.51419016974472,-4.00995327325124));
#11045=CARTESIAN_POINT('',(5.75056999999998,7.43124910334718,-3.99873152157907));
#11046=CARTESIAN_POINT('',(5.75056999999998,7.42191649564692,-3.99635508315826));
#11047=CARTESIAN_POINT('',(5.75056999999999,7.35,-2.83));
#11048=DIRECTION('',(-2.54595626879162E-16,-2.65299846269776E-17,-1.0));
#11049=SURFACE_STYLE_FILL_AREA(#14645);
#11050=ORIENTED_EDGE('',*,*,#14642,.T.);
#11051=ORIENTED_EDGE('',*,*,#1025,.T.);
#11052=ORIENTED_EDGE('',*,*,#1027,.T.);
#11053=ORIENTED_EDGE('',*,*,#1029,.F.);
#11054=CARTESIAN_POINT('',(5.75056999999999,7.35,7.24575630000001));
#11055=DIRECTION('',(0.0,0.0,1.0));
#11056=DIRECTION('',(-0.0462173340930269,0.998931408070311,0.0));
#11057=SURFACE_STYLE_FILL_AREA(#14646);
#11058=ORIENTED_EDGE('',*,*,#1009,.F.);
#11059=ORIENTED_EDGE('',*,*,#1031,.F.);
#11060=ORIENTED_EDGE('',*,*,#1033,.F.);
#11061=CARTESIAN_POINT('',(5.60056999999999,7.2,7.40000000000001));
#11062=DIRECTION('',(0.0,0.0,1.0));
#11063=DIRECTION('',(1.0,0.0,0.0));
#11064=SURFACE_STYLE_FILL_AREA(#14647);
#11065=ORIENTED_EDGE('',*,*,#14640,.T.);
#11066=ORIENTED_EDGE('',*,*,#1033,.T.);
#11067=ORIENTED_EDGE('',*,*,#1035,.F.);
#11068=ORIENTED_EDGE('',*,*,#1025,.F.);
#11069=ORIENTED_EDGE('',*,*,#1013,.F.);
#11070=CARTESIAN_POINT('',(5.75056999999999,7.35,7.0));
#11071=DIRECTION('',(3.05735961497832E-16,-3.54229662178746E-15,-1.0));
#11072=DIRECTION('',(-0.103643211782321,0.994614540740002,-3.55490718465099E-15));
#11073=SURFACE_STYLE_FILL_AREA(#14648);
#11074=ORIENTED_EDGE('',*,*,#14638,.T.);
#11075=ORIENTED_EDGE('',*,*,#1021,.F.);
#11076=ORIENTED_EDGE('',*,*,#1027,.F.);
#11077=ORIENTED_EDGE('',*,*,#1037,.T.);
#11078=CARTESIAN_POINT('',(5.75056999999999,7.35,7.24575630000001));
#11079=DIRECTION('',(0.0,0.0,1.0));
#11080=DIRECTION('',(-0.0575640269595675,-0.998341816614028,0.0));
#11081=SURFACE_STYLE_FILL_AREA(#14649);
#11082=ORIENTED_EDGE('',*,*,#1011,.T.);
#11083=ORIENTED_EDGE('',*,*,#1029,.T.);
#11084=ORIENTED_EDGE('',*,*,#1019,.T.);
#11085=ORIENTED_EDGE('',*,*,#1017,.F.);
#11086=ORIENTED_EDGE('',*,*,#1023,.F.);
#11087=CARTESIAN_POINT('',(5.75056999999503,6.85,-2.83));
#11088=CARTESIAN_POINT('',(5.75056999999503,6.85,-3.02752943661651));
#11089=CARTESIAN_POINT('',(5.75056999999543,6.89032557765318,-3.37724045126104));
#11090=CARTESIAN_POINT('',(5.75056999999623,6.97184258393272,-3.78279885936949));
#11091=CARTESIAN_POINT('',(5.75056999999836,7.18580983025528,-4.00995327325124));
#11092=CARTESIAN_POINT('',(5.75056999999918,7.26875089665282,-3.99873152157907));
#11093=CARTESIAN_POINT('',(5.75056999999927,7.27808350435308,-3.99635508315826));
#11094=CARTESIAN_POINT('',(5.75056999999999,7.35,-2.83));
#11095=DIRECTION('',(-0.0,-0.0,-1.0));
#11096=SURFACE_STYLE_FILL_AREA(#14650);
#11097=ORIENTED_EDGE('',*,*,#1035,.T.);
#11098=ORIENTED_EDGE('',*,*,#1031,.T.);
#11099=ORIENTED_EDGE('',*,*,#1007,.F.);
#11100=ORIENTED_EDGE('',*,*,#999,.F.);
#11101=ORIENTED_EDGE('',*,*,#1037,.F.);
#11102=CARTESIAN_POINT('',(5.75056999999999,7.35,7.00000000000001));
#11103=DIRECTION('',(-3.56812364226818E-15,-3.96385886613193E-31,-1.0));
#11104=DIRECTION('',(1.11090849520343E-16,-1.0,0.0));
#11105=CARTESIAN_POINT('',(5.75056999999999,7.35,7.00000000000001));
#11106=DIRECTION('',(0.0,0.0,-1.0));
#11107=DIRECTION('',(0.0,-1.0,0.0));
#11108=DIRECTION('',(0.0,0.0,-1.0));
#11109=CARTESIAN_POINT('',(5.75056999999999,7.35,-2.83));
#11110=DIRECTION('',(0.0,0.0,-1.0));
#11111=DIRECTION('',(1.11022302462515E-16,-1.0,0.0));
#11112=CARTESIAN_POINT('',(5.75056999999999,7.35,7.00000000000001));
#11113=DIRECTION('',(-3.55532407030367E-15,3.94720264285518E-31,-1.0));
#11114=DIRECTION('',(1.11022302462516E-16,1.0,0.0));
#11115=CARTESIAN_POINT('',(5.75056999999999,7.45,7.00000000000001));
#11116=DIRECTION('',(1.0,0.0,0.0));
#11117=DIRECTION('',(0.0,1.0,0.0));
#11118=CARTESIAN_POINT('',(5.75056999999999,7.35,7.40000000000001));
#11119=DIRECTION('',(0.0,0.0,-1.0));
#11120=DIRECTION('',(1.11022302462516E-15,1.0,0.0));
#11121=CARTESIAN_POINT('',(5.75056999999999,7.35,-2.83));
#11122=DIRECTION('',(0.0,0.0,-1.0));
#11123=DIRECTION('',(-8.52651282912119E-14,1.0,0.0));
#11124=CARTESIAN_POINT('',(5.75056999999999,7.35,7.00000000000001));
#11125=DIRECTION('',(-3.55532407030367E-15,3.94720264285518E-31,-1.0));
#11126=DIRECTION('',(1.11022302462516E-16,1.0,0.0));
#11127=CARTESIAN_POINT('',(5.75056999999999,7.35,-4.0));
#11128=DIRECTION('',(0.0,0.0,-1.0));
#11129=DIRECTION('',(1.00475183728577E-13,-1.0,0.0));
#11130=CARTESIAN_POINT('',(5.75056999999999,7.35,-4.0));
#11131=DIRECTION('',(0.0,0.0,-1.0));
#11132=DIRECTION('',(-4.2632564145606E-13,1.0,0.0));
#11133=CARTESIAN_POINT('',(5.75056999999999,7.35,-2.83));
#11134=DIRECTION('',(0.0,0.0,-1.0));
#11135=DIRECTION('',(1.11022302462515E-16,-1.0,0.0));
#11136=CARTESIAN_POINT('',(5.75056999999999,7.35,7.00000000000001));
#11137=DIRECTION('',(-3.55532407030367E-15,3.94720264285518E-31,-1.0));
#11138=DIRECTION('',(1.11022302462516E-16,1.0,0.0));
#11139=DIRECTION('',(0.0,0.0,-1.0));
#11140=CARTESIAN_POINT('',(5.75056999999999,7.35,-2.83));
#11141=DIRECTION('',(0.0,0.0,-1.0));
#11142=DIRECTION('',(-8.52651282912119E-14,1.0,0.0));
#11143=CARTESIAN_POINT('',(5.75056999999999,7.35,7.40000000000001));
#11144=DIRECTION('',(0.0,0.0,-1.0));
#11145=DIRECTION('',(0.0,-1.0,0.0));
#11146=CARTESIAN_POINT('',(5.75056999999999,7.35,7.40000000000001));
#11147=DIRECTION('',(0.0,0.0,-1.0));
#11148=DIRECTION('',(1.11022302462516E-15,1.0,0.0));
#11149=CARTESIAN_POINT('',(5.75056999999999,7.25,7.00000000000001));
#11150=DIRECTION('',(-1.0,0.0,0.0));
#11151=DIRECTION('',(0.0,-1.0,0.0));
#11152=CARTESIAN_POINT('',(5.75056999999999,7.35,7.00000000000001));
#11153=DIRECTION('',(0.0,0.0,-1.0));
#11154=DIRECTION('',(0.0,-1.0,0.0));
#11155=SURFACE_STYLE_FILL_AREA(#14651);
#11156=SURFACE_STYLE_FILL_AREA(#14652);
#11157=ORIENTED_EDGE('',*,*,#14653,.F.);
#11158=ORIENTED_EDGE('',*,*,#1143,.F.);
#11159=ORIENTED_EDGE('',*,*,#1145,.F.);
#11160=ORIENTED_EDGE('',*,*,#1147,.F.);
#11161=ORIENTED_EDGE('',*,*,#1149,.F.);
#11162=CARTESIAN_POINT('',(4.94589000000003,2.30250839999996,2.52500000000006));
#11163=DIRECTION('',(-4.22874444707992E-15,1.0,-4.22874444707992E-15));
#11164=DIRECTION('',(0.0575640269595657,-3.97830885393743E-15,-0.998341816614028));
#11165=SURFACE_STYLE_FILL_AREA(#14654);
#11166=ORIENTED_EDGE('',*,*,#14655,.F.);
#11167=ORIENTED_EDGE('',*,*,#1143,.T.);
#11168=ORIENTED_EDGE('',*,*,#1151,.T.);
#11169=ORIENTED_EDGE('',*,*,#1153,.F.);
#11170=ORIENTED_EDGE('',*,*,#1155,.T.);
#11171=ORIENTED_EDGE('',*,*,#1157,.T.);
#11172=ORIENTED_EDGE('',*,*,#1159,.F.);
#11173=CARTESIAN_POINT('',(4.94589000000003,1.39299209997795,2.52500000000007));
#11174=DIRECTION('',(6.28198951702603E-17,-1.0,1.27080313797327E-14));
#11175=DIRECTION('',(-0.866027464678184,6.29956657286321E-15,0.499996430410334));
#11176=SURFACE_STYLE_FILL_AREA(#14656);
#11177=ORIENTED_EDGE('',*,*,#14657,.F.);
#11178=ORIENTED_EDGE('',*,*,#1161,.T.);
#11179=ORIENTED_EDGE('',*,*,#1163,.T.);
#11180=ORIENTED_EDGE('',*,*,#1165,.F.);
#11181=CARTESIAN_POINT('',(5.99588999999997,0.147492125000005,5.425));
#11182=DIRECTION('',(-7.04898472709425E-16,-1.0,1.20839738178759E-14));
#11183=DIRECTION('',(0.00634377123143517,1.20792589504793E-14,0.999979878080836));
#11184=SURFACE_STYLE_FILL_AREA(#14658);
#11185=ORIENTED_EDGE('',*,*,#14659,.F.);
#11186=ORIENTED_EDGE('',*,*,#1167,.T.);
#11187=ORIENTED_EDGE('',*,*,#1169,.T.);
#11188=ORIENTED_EDGE('',*,*,#1171,.F.);
#11189=CARTESIAN_POINT('',(5.99588999999997,0.147492124999958,1.57499999999999));
#11190=DIRECTION('',(2.01399563631264E-16,-1.0,1.22853733815071E-14));
#11191=DIRECTION('',(0.999979878080836,1.23459912860489E-16,-0.00634377123143449));
#11192=SURFACE_STYLE_FILL_AREA(#14660);
#11193=ORIENTED_EDGE('',*,*,#14661,.F.);
#11194=ORIENTED_EDGE('',*,*,#1173,.F.);
#11195=ORIENTED_EDGE('',*,*,#1175,.F.);
#11196=ORIENTED_EDGE('',*,*,#1177,.T.);
#11197=ORIENTED_EDGE('',*,*,#1179,.F.);
#11198=ORIENTED_EDGE('',*,*,#1181,.T.);
#11199=ORIENTED_EDGE('',*,*,#1183,.F.);
#11200=ORIENTED_EDGE('',*,*,#1185,.F.);
#11201=ORIENTED_EDGE('',*,*,#1187,.T.);
#11202=CARTESIAN_POINT('',(4.94589000000003,1.39255617168637,4.47499999999989));
#11203=DIRECTION('',(-6.34458374810909E-17,-1.0,1.24411596342084E-14));
#11204=DIRECTION('',(-0.866027459640003,6.27548135329521E-15,0.499996439136803));
#11205=SURFACE_STYLE_FILL_AREA(#14662);
#11206=ORIENTED_EDGE('',*,*,#14663,.F.);
#11207=ORIENTED_EDGE('',*,*,#1189,.F.);
#11208=ORIENTED_EDGE('',*,*,#1191,.F.);
#11209=ORIENTED_EDGE('',*,*,#1193,.F.);
#11210=ORIENTED_EDGE('',*,*,#1195,.F.);
#11211=ORIENTED_EDGE('',*,*,#1197,.F.);
#11212=ORIENTED_EDGE('',*,*,#1199,.T.);
#11213=CARTESIAN_POINT('',(4.94589000000004,-0.550000000000042,2.5250000000001));
#11214=DIRECTION('',(-2.08187792053966E-16,1.0,-1.23431000755283E-14));
#11215=DIRECTION('',(0.516706745606481,1.06752708251863E-14,0.856162448980776));
#11216=SURFACE_STYLE_FILL_AREA(#14664);
#11217=ORIENTED_EDGE('',*,*,#14665,.F.);
#11218=ORIENTED_EDGE('',*,*,#1201,.T.);
#11219=ORIENTED_EDGE('',*,*,#1203,.T.);
#11220=ORIENTED_EDGE('',*,*,#1205,.T.);
#11221=ORIENTED_EDGE('',*,*,#1207,.T.);
#11222=CARTESIAN_POINT('',(6.19589000000004,-1.09726847290646,3.50000000000001));
#11223=DIRECTION('',(5.18929425009948E-15,1.0,-1.45300239002785E-14));
#11224=DIRECTION('',(-0.994614540739998,3.65540917302812E-15,-0.103643211782358));
#11225=SURFACE_STYLE_FILL_AREA(#14666);
#11226=ORIENTED_EDGE('',*,*,#14667,.F.);
#11227=ORIENTED_EDGE('',*,*,#1173,.T.);
#11228=ORIENTED_EDGE('',*,*,#1209,.T.);
#11229=ORIENTED_EDGE('',*,*,#1211,.F.);
#11230=ORIENTED_EDGE('',*,*,#1213,.F.);
#11231=CARTESIAN_POINT('',(4.94589000000003,2.30250629999998,4.47499999999988));
#11232=DIRECTION('',(-1.05722839414055E-15,1.0,-8.4578271531244E-15));
#11233=DIRECTION('',(0.0575640269595668,-8.38294420087494E-15,-0.998341816614028));
#11234=SURFACE_STYLE_FILL_AREA(#14668);
#11235=ORIENTED_EDGE('',*,*,#1215,.F.);
#11236=ORIENTED_EDGE('',*,*,#1217,.F.);
#11237=ORIENTED_EDGE('',*,*,#1219,.F.);
#11238=ORIENTED_EDGE('',*,*,#1221,.F.);
#11239=CARTESIAN_POINT('',(6.52839315000003,-0.568753150000073,9.02250952700136E-15));
#11240=DIRECTION('',(0.0,-1.24622534514174E-14,-1.0));
#11241=DIRECTION('',(0.0,-1.0,1.24622534514174E-14));
#11242=SURFACE_STYLE_FILL_AREA(#14669);
#11243=ORIENTED_EDGE('',*,*,#1223,.F.);
#11244=ORIENTED_EDGE('',*,*,#1225,.T.);
#11245=ORIENTED_EDGE('',*,*,#1227,.F.);
#11246=ORIENTED_EDGE('',*,*,#1229,.F.);
#11247=ORIENTED_EDGE('',*,*,#1231,.T.);
#11248=CARTESIAN_POINT('',(4.93963777261365,0.222503150000022,6.74374777261363));
#11249=DIRECTION('',(0.707106781186549,-9.30418957908431E-15,-0.707106781186546));
#11250=DIRECTION('',(0.0,-1.0,1.31581110896315E-14));
#11251=SURFACE_STYLE_FILL_AREA(#14670);
#11252=ORIENTED_EDGE('',*,*,#1221,.T.);
#11253=ORIENTED_EDGE('',*,*,#1233,.T.);
#11254=ORIENTED_EDGE('',*,*,#1235,.F.);
#11255=ORIENTED_EDGE('',*,*,#1237,.T.);
#11256=ORIENTED_EDGE('',*,*,#1167,.F.);
#11257=ORIENTED_EDGE('',*,*,#1239,.F.);
#11258=ORIENTED_EDGE('',*,*,#1241,.T.);
#11259=ORIENTED_EDGE('',*,*,#1161,.F.);
#11260=ORIENTED_EDGE('',*,*,#1243,.F.);
#11261=ORIENTED_EDGE('',*,*,#1245,.T.);
#11262=ORIENTED_EDGE('',*,*,#1247,.T.);
#11263=ORIENTED_EDGE('',*,*,#1229,.T.);
#11264=ORIENTED_EDGE('',*,*,#1249,.F.);
#11265=ORIENTED_EDGE('',*,*,#1251,.T.);
#11266=ORIENTED_EDGE('',*,*,#1253,.F.);
#11267=ORIENTED_EDGE('',*,*,#1255,.F.);
#11268=CARTESIAN_POINT('',(6.79089315000003,0.200000000000027,7.17500315));
#11269=DIRECTION('',(0.0,-1.0,1.24465712674441E-14));
#11270=DIRECTION('',(-1.0,0.0,0.0));
#11271=SURFACE_STYLE_FILL_AREA(#14671);
#11272=ORIENTED_EDGE('',*,*,#1215,.T.);
#11273=ORIENTED_EDGE('',*,*,#1255,.T.);
#11274=ORIENTED_EDGE('',*,*,#1257,.F.);
#11275=ORIENTED_EDGE('',*,*,#1259,.F.);
#11276=ORIENTED_EDGE('',*,*,#1261,.T.);
#11277=CARTESIAN_POINT('',(6.48963777261367,-0.722503150000077,-0.00625222738634984));
#11278=DIRECTION('',(-0.707106781186547,8.80575085163335E-15,0.707106781186548));
#11279=DIRECTION('',(1.24532122812583E-14,1.0,0.0));
#11280=SURFACE_STYLE_FILL_AREA(#14672);
#11281=ORIENTED_EDGE('',*,*,#1217,.T.);
#11282=ORIENTED_EDGE('',*,*,#1261,.F.);
#11283=ORIENTED_EDGE('',*,*,#1263,.T.);
#11284=ORIENTED_EDGE('',*,*,#1265,.F.);
#11285=CARTESIAN_POINT('',(5.00588685000002,-0.54624777261371,-0.00375222738635389));
#11286=DIRECTION('',(0.0,0.707106781186555,0.70710678118654));
#11287=DIRECTION('',(1.0,0.0,-0.0));
#11288=SURFACE_STYLE_FILL_AREA(#14673);
#11289=ORIENTED_EDGE('',*,*,#1267,.T.);
#11290=ORIENTED_EDGE('',*,*,#1257,.T.);
#11291=ORIENTED_EDGE('',*,*,#1253,.T.);
#11292=ORIENTED_EDGE('',*,*,#1269,.F.);
#11293=CARTESIAN_POINT('',(6.74589000000003,-0.722503149999986,6.91250315000001));
#11294=DIRECTION('',(1.0,0.0,0.0));
#11295=DIRECTION('',(0.0,1.0,0.0));
#11296=SURFACE_STYLE_FILL_AREA(#14674);
#11297=ORIENTED_EDGE('',*,*,#14667,.T.);
#11298=ORIENTED_EDGE('',*,*,#1271,.F.);
#11299=ORIENTED_EDGE('',*,*,#1273,.T.);
#11300=ORIENTED_EDGE('',*,*,#1175,.T.);
#11301=CARTESIAN_POINT('',(4.94589000000003,2.30250629999998,4.47499999999988));
#11302=DIRECTION('',(-1.05722839414055E-15,1.0,-8.4578271531244E-15));
#11303=DIRECTION('',(0.0575640269595668,-8.38294420087494E-15,-0.998341816614028));
#11304=SURFACE_STYLE_FILL_AREA(#14675);
#11305=ORIENTED_EDGE('',*,*,#1275,.F.);
#11306=ORIENTED_EDGE('',*,*,#1277,.T.);
#11307=ORIENTED_EDGE('',*,*,#1181,.F.);
#11308=CARTESIAN_POINT('',(4.56393893258564,1.64999999999997,3.70199816826874));
#11309=DIRECTION('',(0.0,-1.0,1.23664577100668E-14));
#11310=DIRECTION('',(-1.0,0.0,0.0));
#11311=SURFACE_STYLE_FILL_AREA(#14676);
#11312=ORIENTED_EDGE('',*,*,#1279,.F.);
#11313=ORIENTED_EDGE('',*,*,#1211,.T.);
#11314=ORIENTED_EDGE('',*,*,#1281,.F.);
#11315=ORIENTED_EDGE('',*,*,#1283,.T.);
#11316=CARTESIAN_POINT('',(4.22369259949513,1.82401214110543,4.97499999999988));
#11317=DIRECTION('',(0.0,1.09291760327006E-14,1.0));
#11318=DIRECTION('',(0.0,-1.0,1.09291760327006E-14));
#11319=SURFACE_STYLE_FILL_AREA(#14677);
#11320=ORIENTED_EDGE('',*,*,#14665,.T.);
#11321=ORIENTED_EDGE('',*,*,#1285,.T.);
#11322=ORIENTED_EDGE('',*,*,#1287,.T.);
#11323=CARTESIAN_POINT('',(6.19589000000004,-1.09726847290646,3.50000000000001));
#11324=DIRECTION('',(5.18929425009948E-15,1.0,-1.45300239002785E-14));
#11325=DIRECTION('',(-0.994614540739998,3.65540917302812E-15,-0.103643211782358));
#11326=SURFACE_STYLE_FILL_AREA(#14678);
#11327=ORIENTED_EDGE('',*,*,#14663,.T.);
#11328=ORIENTED_EDGE('',*,*,#1289,.T.);
#11329=ORIENTED_EDGE('',*,*,#1291,.F.);
#11330=CARTESIAN_POINT('',(4.94589000000004,-0.550000000000042,2.5250000000001));
#11331=DIRECTION('',(-2.08187792053966E-16,1.0,-1.23431000755283E-14));
#11332=DIRECTION('',(0.516706745606481,1.06752708251863E-14,0.856162448980776));
#11333=SURFACE_STYLE_FILL_AREA(#14679);
#11334=ORIENTED_EDGE('',*,*,#1293,.T.);
#11335=ORIENTED_EDGE('',*,*,#1295,.T.);
#11336=ORIENTED_EDGE('',*,*,#1297,.F.);
#11337=ORIENTED_EDGE('',*,*,#1299,.F.);
#11338=ORIENTED_EDGE('',*,*,#1187,.F.);
#11339=CARTESIAN_POINT('',(4.94589000000003,1.70500314999999,4.47499999999989));
#11340=DIRECTION('',(-1.44184415162646E-16,1.0,-1.26882285343135E-14));
#11341=DIRECTION('',(0.567488884037668,-1.03654239804894E-14,-0.823381057890988));
#11342=SURFACE_STYLE_FILL_AREA(#14680);
#11343=ORIENTED_EDGE('',*,*,#1301,.T.);
#11344=ORIENTED_EDGE('',*,*,#1303,.T.);
#11345=ORIENTED_EDGE('',*,*,#1305,.F.);
#11346=ORIENTED_EDGE('',*,*,#1155,.F.);
#11347=ORIENTED_EDGE('',*,*,#1307,.T.);
#11348=ORIENTED_EDGE('',*,*,#1309,.T.);
#11349=CARTESIAN_POINT('',(4.24589,-0.775003150000047,2.05423664670022));
#11350=DIRECTION('',(-1.0,0.0,0.0));
#11351=DIRECTION('',(0.0,0.0,1.0));
#11352=SURFACE_STYLE_FILL_AREA(#14681);
#11353=ORIENTED_EDGE('',*,*,#1249,.T.);
#11354=ORIENTED_EDGE('',*,*,#1227,.T.);
#11355=ORIENTED_EDGE('',*,*,#1311,.F.);
#11356=ORIENTED_EDGE('',*,*,#1313,.T.);
#11357=CARTESIAN_POINT('',(5.16338684999999,-0.568753149999985,7.00000000000001));
#11358=DIRECTION('',(0.0,-1.24062024858739E-14,-1.0));
#11359=DIRECTION('',(0.0,-1.0,1.24062024858739E-14));
#11360=SURFACE_STYLE_FILL_AREA(#14682);
#11361=ORIENTED_EDGE('',*,*,#14661,.T.);
#11362=ORIENTED_EDGE('',*,*,#1299,.T.);
#11363=ORIENTED_EDGE('',*,*,#1315,.F.);
#11364=ORIENTED_EDGE('',*,*,#1317,.F.);
#11365=ORIENTED_EDGE('',*,*,#1281,.T.);
#11366=ORIENTED_EDGE('',*,*,#1209,.F.);
#11367=CARTESIAN_POINT('',(4.94589000000003,1.39255617168637,4.47499999999989));
#11368=DIRECTION('',(-6.34458374810909E-17,-1.0,1.24411596342084E-14));
#11369=DIRECTION('',(-0.866027459640003,6.27548135329521E-15,0.499996439136803));
#11370=SURFACE_STYLE_FILL_AREA(#14683);
#11371=ORIENTED_EDGE('',*,*,#1319,.F.);
#11372=ORIENTED_EDGE('',*,*,#1321,.F.);
#11373=ORIENTED_EDGE('',*,*,#1307,.F.);
#11374=ORIENTED_EDGE('',*,*,#1153,.T.);
#11375=CARTESIAN_POINT('',(4.96449701279302,1.81653392320303,2.02500000000007));
#11376=DIRECTION('',(0.0,-1.25534796175463E-14,-1.0));
#11377=DIRECTION('',(0.0,-1.0,1.25534796175463E-14));
#11378=SURFACE_STYLE_FILL_AREA(#14684);
#11379=ORIENTED_EDGE('',*,*,#1323,.F.);
#11380=ORIENTED_EDGE('',*,*,#1231,.F.);
#11381=ORIENTED_EDGE('',*,*,#1247,.F.);
#11382=ORIENTED_EDGE('',*,*,#1325,.F.);
#11383=CARTESIAN_POINT('',(4.94589000000002,-0.722503149999989,6.77312815));
#11384=DIRECTION('',(1.0,0.0,0.0));
#11385=DIRECTION('',(0.0,1.0,0.0));
#11386=SURFACE_STYLE_FILL_AREA(#14685);
#11387=ORIENTED_EDGE('',*,*,#1327,.T.);
#11388=ORIENTED_EDGE('',*,*,#1329,.T.);
#11389=ORIENTED_EDGE('',*,*,#1331,.T.);
#11390=CARTESIAN_POINT('',(5.64544342898182,-0.550000000000028,3.50000000000001));
#11391=DIRECTION('',(5.69739411492219E-14,-1.0,8.54609117238332E-15));
#11392=DIRECTION('',(-0.563111500878291,-2.50203547607004E-14,0.826380927646929));
#11393=SURFACE_STYLE_FILL_AREA(#14686);
#11394=ORIENTED_EDGE('',*,*,#1333,.T.);
#11395=ORIENTED_EDGE('',*,*,#1335,.T.);
#11396=ORIENTED_EDGE('',*,*,#1337,.F.);
#11397=ORIENTED_EDGE('',*,*,#1339,.T.);
#11398=ORIENTED_EDGE('',*,*,#1283,.F.);
#11399=ORIENTED_EDGE('',*,*,#1317,.T.);
#11400=CARTESIAN_POINT('',(4.24589,2.37500315,5.84644786943168));
#11401=DIRECTION('',(-1.0,0.0,0.0));
#11402=DIRECTION('',(0.0,0.0,1.0));
#11403=SURFACE_STYLE_FILL_AREA(#14687);
#11404=ORIENTED_EDGE('',*,*,#1293,.F.);
#11405=ORIENTED_EDGE('',*,*,#1185,.T.);
#11406=ORIENTED_EDGE('',*,*,#1341,.F.);
#11407=ORIENTED_EDGE('',*,*,#1343,.T.);
#11408=ORIENTED_EDGE('',*,*,#1345,.F.);
#11409=ORIENTED_EDGE('',*,*,#1327,.F.);
#11410=CARTESIAN_POINT('',(5.64544342898182,1.70795478871281,3.49999999999998));
#11411=DIRECTION('',(-6.57384087684185E-30,1.0,-1.22875606059488E-14));
#11412=DIRECTION('',(-0.581226860952649,9.9988988088307E-15,0.813741565920735));
#11413=SURFACE_STYLE_FILL_AREA(#14688);
#11414=ORIENTED_EDGE('',*,*,#1337,.T.);
#11415=ORIENTED_EDGE('',*,*,#1347,.T.);
#11416=ORIENTED_EDGE('',*,*,#1325,.T.);
#11417=ORIENTED_EDGE('',*,*,#1245,.F.);
#11418=ORIENTED_EDGE('',*,*,#1349,.T.);
#11419=ORIENTED_EDGE('',*,*,#1351,.F.);
#11420=CARTESIAN_POINT('',(4.20213685,2.37500315,5.82499999999997));
#11421=DIRECTION('',(0.0,-1.240627692294E-14,-1.0));
#11422=DIRECTION('',(0.0,-1.0,1.240627692294E-14));
#11423=SURFACE_STYLE_FILL_AREA(#14689);
#11424=ORIENTED_EDGE('',*,*,#1331,.F.);
#11425=ORIENTED_EDGE('',*,*,#1353,.T.);
#11426=ORIENTED_EDGE('',*,*,#1203,.F.);
#11427=ORIENTED_EDGE('',*,*,#1355,.T.);
#11428=ORIENTED_EDGE('',*,*,#1357,.T.);
#11429=ORIENTED_EDGE('',*,*,#1295,.F.);
#11430=CARTESIAN_POINT('',(4.94589000000003,-0.550000000000018,4.47499999999992));
#11431=DIRECTION('',(-4.98915661653278E-17,-1.0,1.26500882728545E-14));
#11432=DIRECTION('',(0.582961190818154,-1.03072815685169E-14,-0.812499999999926));
#11433=SURFACE_STYLE_FILL_AREA(#14690);
#11434=ORIENTED_EDGE('',*,*,#14659,.T.);
#11435=ORIENTED_EDGE('',*,*,#1359,.F.);
#11436=ORIENTED_EDGE('',*,*,#1361,.F.);
#11437=ORIENTED_EDGE('',*,*,#1239,.T.);
#11438=CARTESIAN_POINT('',(5.99588999999997,0.147492124999958,1.57499999999999));
#11439=DIRECTION('',(2.01399563631264E-16,-1.0,1.22853733815071E-14));
#11440=DIRECTION('',(0.999979878080836,1.23459912860489E-16,-0.00634377123143449));
#11441=SURFACE_STYLE_FILL_AREA(#14691);
#11442=ORIENTED_EDGE('',*,*,#1363,.T.);
#11443=ORIENTED_EDGE('',*,*,#1163,.F.);
#11444=ORIENTED_EDGE('',*,*,#1241,.F.);
#11445=ORIENTED_EDGE('',*,*,#1361,.T.);
#11446=CARTESIAN_POINT('',(6.39588999999997,0.147496849999956,1.47874685));
#11447=DIRECTION('',(1.0,0.0,0.0));
#11448=DIRECTION('',(0.0,1.0,0.0));
#11449=SURFACE_STYLE_FILL_AREA(#14692);
#11450=ORIENTED_EDGE('',*,*,#1301,.F.);
#11451=ORIENTED_EDGE('',*,*,#1365,.T.);
#11452=ORIENTED_EDGE('',*,*,#1169,.F.);
#11453=ORIENTED_EDGE('',*,*,#1237,.F.);
#11454=ORIENTED_EDGE('',*,*,#1367,.T.);
#11455=ORIENTED_EDGE('',*,*,#1369,.F.);
#11456=CARTESIAN_POINT('',(4.20213685,2.37500314999994,1.17499999999997));
#11457=DIRECTION('',(0.0,-1.24767671327294E-14,-1.0));
#11458=DIRECTION('',(0.0,-1.0,1.24767671327294E-14));
#11459=SURFACE_STYLE_FILL_AREA(#14693);
#11460=ORIENTED_EDGE('',*,*,#1371,.T.);
#11461=ORIENTED_EDGE('',*,*,#1373,.T.);
#11462=ORIENTED_EDGE('',*,*,#1311,.T.);
#11463=ORIENTED_EDGE('',*,*,#1225,.F.);
#11464=CARTESIAN_POINT('',(5.00588685000001,-0.703752227386349,6.84624777261363));
#11465=DIRECTION('',(0.0,0.707106781186539,-0.707106781186557));
#11466=DIRECTION('',(-1.0,0.0,0.0));
#11467=SURFACE_STYLE_FILL_AREA(#14694);
#11468=ORIENTED_EDGE('',*,*,#1375,.T.);
#11469=ORIENTED_EDGE('',*,*,#1377,.F.);
#11470=ORIENTED_EDGE('',*,*,#1379,.F.);
#11471=ORIENTED_EDGE('',*,*,#1275,.T.);
#11472=ORIENTED_EDGE('',*,*,#1179,.T.);
#11473=ORIENTED_EDGE('',*,*,#1381,.T.);
#11474=CARTESIAN_POINT('',(4.24589,2.31628747797454,2.99905740050803));
#11475=DIRECTION('',(-1.0,0.0,0.0));
#11476=DIRECTION('',(0.0,0.0,1.0));
#11477=SURFACE_STYLE_FILL_AREA(#14695);
#11478=ORIENTED_EDGE('',*,*,#14657,.T.);
#11479=ORIENTED_EDGE('',*,*,#1383,.F.);
#11480=ORIENTED_EDGE('',*,*,#1349,.F.);
#11481=ORIENTED_EDGE('',*,*,#1243,.T.);
#11482=CARTESIAN_POINT('',(5.99588999999997,0.147492125000005,5.425));
#11483=DIRECTION('',(-7.04898472709425E-16,-1.0,1.20839738178759E-14));
#11484=DIRECTION('',(0.00634377123143517,1.20792589504793E-14,0.999979878080836));
#11485=SURFACE_STYLE_FILL_AREA(#14696);
#11486=ORIENTED_EDGE('',*,*,#1385,.F.);
#11487=ORIENTED_EDGE('',*,*,#1147,.T.);
#11488=ORIENTED_EDGE('',*,*,#1387,.T.);
#11489=ORIENTED_EDGE('',*,*,#1377,.T.);
#11490=CARTESIAN_POINT('',(4.22372664554072,1.82404646161779,3.02500000000007));
#11491=DIRECTION('',(0.0,1.27516248057313E-14,1.0));
#11492=DIRECTION('',(0.0,-1.0,1.27516248057313E-14));
#11493=SURFACE_STYLE_FILL_AREA(#14697);
#11494=ORIENTED_EDGE('',*,*,#14655,.T.);
#11495=ORIENTED_EDGE('',*,*,#1389,.F.);
#11496=ORIENTED_EDGE('',*,*,#1341,.T.);
#11497=ORIENTED_EDGE('',*,*,#1183,.T.);
#11498=ORIENTED_EDGE('',*,*,#1277,.F.);
#11499=ORIENTED_EDGE('',*,*,#1379,.T.);
#11500=ORIENTED_EDGE('',*,*,#1387,.F.);
#11501=ORIENTED_EDGE('',*,*,#1145,.T.);
#11502=CARTESIAN_POINT('',(4.94589000000003,1.39299209997795,2.52500000000007));
#11503=DIRECTION('',(6.28198951702603E-17,-1.0,1.27080313797327E-14));
#11504=DIRECTION('',(-0.866027464678184,6.29956657286321E-15,0.499996430410334));
#11505=SURFACE_STYLE_FILL_AREA(#14698);
#11506=ORIENTED_EDGE('',*,*,#1391,.F.);
#11507=ORIENTED_EDGE('',*,*,#1157,.F.);
#11508=ORIENTED_EDGE('',*,*,#1305,.T.);
#11509=ORIENTED_EDGE('',*,*,#1393,.F.);
#11510=ORIENTED_EDGE('',*,*,#1289,.F.);
#11511=ORIENTED_EDGE('',*,*,#1199,.F.);
#11512=CARTESIAN_POINT('',(4.39589,1.71177116102483,1.45846354961501));
#11513=DIRECTION('',(-2.24409970505163E-17,1.0,-1.25669583482938E-14));
#11514=DIRECTION('',(0.463202587844169,1.11478920516911E-14,0.886252426013303));
#11515=SURFACE_STYLE_FILL_AREA(#14699);
#11516=ORIENTED_EDGE('',*,*,#1273,.F.);
#11517=ORIENTED_EDGE('',*,*,#1395,.F.);
#11518=ORIENTED_EDGE('',*,*,#1381,.F.);
#11519=ORIENTED_EDGE('',*,*,#1177,.F.);
#11520=CARTESIAN_POINT('',(4.97646439969644,1.8165138562651,3.97499999999989));
#11521=DIRECTION('',(0.0,-1.25529585926178E-14,-1.0));
#11522=DIRECTION('',(0.0,-1.0,1.25529585926178E-14));
#11523=SURFACE_STYLE_FILL_AREA(#14700);
#11524=ORIENTED_EDGE('',*,*,#1391,.T.);
#11525=ORIENTED_EDGE('',*,*,#1197,.T.);
#11526=ORIENTED_EDGE('',*,*,#1343,.F.);
#11527=ORIENTED_EDGE('',*,*,#1389,.T.);
#11528=ORIENTED_EDGE('',*,*,#1159,.T.);
#11529=CARTESIAN_POINT('',(4.94589000000003,1.70500314999997,2.52500000000007));
#11530=DIRECTION('',(-9.61229434417661E-17,1.0,-1.23037367605465E-14));
#11531=DIRECTION('',(-0.49441109834441,-1.07422792229643E-14,-0.869228201241696));
#11532=SURFACE_STYLE_FILL_AREA(#14701);
#11533=ORIENTED_EDGE('',*,*,#1235,.T.);
#11534=ORIENTED_EDGE('',*,*,#1397,.F.);
#11535=ORIENTED_EDGE('',*,*,#1399,.T.);
#11536=ORIENTED_EDGE('',*,*,#1367,.F.);
#11537=CARTESIAN_POINT('',(4.94589000000003,-0.72250315000007,0.226871850000004));
#11538=DIRECTION('',(-1.0,0.0,0.0));
#11539=DIRECTION('',(0.0,0.0,1.0));
#11540=SURFACE_STYLE_FILL_AREA(#14702);
#11541=ORIENTED_EDGE('',*,*,#1333,.F.);
#11542=ORIENTED_EDGE('',*,*,#1315,.T.);
#11543=ORIENTED_EDGE('',*,*,#1297,.T.);
#11544=ORIENTED_EDGE('',*,*,#1357,.F.);
#11545=ORIENTED_EDGE('',*,*,#1401,.F.);
#11546=CARTESIAN_POINT('',(4.39589,1.71044608954184,5.54153645038495));
#11547=DIRECTION('',(3.70704447810865E-16,1.0,-1.18625423299477E-14));
#11548=DIRECTION('',(-0.999985081630963,4.35495459033453E-16,0.00546228116419538));
#11549=SURFACE_STYLE_FILL_AREA(#14703);
#11550=ORIENTED_EDGE('',*,*,#1313,.F.);
#11551=ORIENTED_EDGE('',*,*,#1373,.F.);
#11552=ORIENTED_EDGE('',*,*,#1403,.T.);
#11553=ORIENTED_EDGE('',*,*,#1269,.T.);
#11554=ORIENTED_EDGE('',*,*,#1251,.F.);
#11555=CARTESIAN_POINT('',(6.48963777261367,-0.722503149999986,7.00625222738637));
#11556=DIRECTION('',(0.707106781186548,8.63960460914972E-15,0.707106781186548));
#11557=DIRECTION('',(0.0,-1.0,1.22182460118006E-14));
#11558=SURFACE_STYLE_FILL_AREA(#14704);
#11559=ORIENTED_EDGE('',*,*,#14653,.T.);
#11560=ORIENTED_EDGE('',*,*,#1405,.F.);
#11561=ORIENTED_EDGE('',*,*,#1319,.T.);
#11562=ORIENTED_EDGE('',*,*,#1151,.F.);
#11563=CARTESIAN_POINT('',(4.94589000000003,2.30250839999996,2.52500000000006));
#11564=DIRECTION('',(-4.22874444707992E-15,1.0,-4.22874444707992E-15));
#11565=DIRECTION('',(0.0575640269595657,-3.97830885393743E-15,-0.998341816614028));
#11566=SURFACE_STYLE_FILL_AREA(#14705);
#11567=ORIENTED_EDGE('',*,*,#1193,.T.);
#11568=ORIENTED_EDGE('',*,*,#1407,.F.);
#11569=ORIENTED_EDGE('',*,*,#1205,.F.);
#11570=ORIENTED_EDGE('',*,*,#1353,.F.);
#11571=CARTESIAN_POINT('',(5.6426981459783,-0.70000000000003,3.40662781671573));
#11572=DIRECTION('',(0.0,-1.0,1.18902973623844E-14));
#11573=DIRECTION('',(-1.0,0.0,0.0));
#11574=SURFACE_STYLE_FILL_AREA(#14706);
#11575=ORIENTED_EDGE('',*,*,#1233,.F.);
#11576=ORIENTED_EDGE('',*,*,#1219,.T.);
#11577=ORIENTED_EDGE('',*,*,#1265,.T.);
#11578=ORIENTED_EDGE('',*,*,#1409,.T.);
#11579=ORIENTED_EDGE('',*,*,#1397,.T.);
#11580=CARTESIAN_POINT('',(4.93963777261367,-0.72250315000007,0.256252227386366));
#11581=DIRECTION('',(0.707106781186547,8.80575085163339E-15,0.707106781186548));
#11582=DIRECTION('',(1.24532122812584E-14,-1.0,0.0));
#11583=SURFACE_STYLE_FILL_AREA(#14707);
#11584=ORIENTED_EDGE('',*,*,#1287,.F.);
#11585=ORIENTED_EDGE('',*,*,#1411,.F.);
#11586=ORIENTED_EDGE('',*,*,#1189,.T.);
#11587=ORIENTED_EDGE('',*,*,#1291,.T.);
#11588=ORIENTED_EDGE('',*,*,#1393,.T.);
#11589=ORIENTED_EDGE('',*,*,#1303,.F.);
#11590=ORIENTED_EDGE('',*,*,#1369,.T.);
#11591=ORIENTED_EDGE('',*,*,#1399,.F.);
#11592=ORIENTED_EDGE('',*,*,#1409,.F.);
#11593=ORIENTED_EDGE('',*,*,#1263,.F.);
#11594=ORIENTED_EDGE('',*,*,#1259,.T.);
#11595=ORIENTED_EDGE('',*,*,#1267,.F.);
#11596=ORIENTED_EDGE('',*,*,#1403,.F.);
#11597=ORIENTED_EDGE('',*,*,#1371,.F.);
#11598=ORIENTED_EDGE('',*,*,#1223,.T.);
#11599=ORIENTED_EDGE('',*,*,#1323,.T.);
#11600=ORIENTED_EDGE('',*,*,#1347,.F.);
#11601=ORIENTED_EDGE('',*,*,#1335,.F.);
#11602=ORIENTED_EDGE('',*,*,#1401,.T.);
#11603=ORIENTED_EDGE('',*,*,#1355,.F.);
#11604=ORIENTED_EDGE('',*,*,#1201,.F.);
#11605=CARTESIAN_POINT('',(4.18338685,-0.700000000000073,-0.0175031499999909));
#11606=DIRECTION('',(0.0,-1.0,1.2435749253055E-14));
#11607=DIRECTION('',(-1.0,0.0,0.0));
#11608=SURFACE_STYLE_FILL_AREA(#14708);
#11609=ORIENTED_EDGE('',*,*,#1359,.T.);
#11610=ORIENTED_EDGE('',*,*,#1171,.T.);
#11611=ORIENTED_EDGE('',*,*,#1365,.F.);
#11612=ORIENTED_EDGE('',*,*,#1309,.F.);
#11613=ORIENTED_EDGE('',*,*,#1321,.T.);
#11614=ORIENTED_EDGE('',*,*,#1405,.T.);
#11615=ORIENTED_EDGE('',*,*,#1149,.T.);
#11616=ORIENTED_EDGE('',*,*,#1385,.T.);
#11617=ORIENTED_EDGE('',*,*,#1375,.F.);
#11618=ORIENTED_EDGE('',*,*,#1395,.T.);
#11619=ORIENTED_EDGE('',*,*,#1271,.T.);
#11620=ORIENTED_EDGE('',*,*,#1213,.T.);
#11621=ORIENTED_EDGE('',*,*,#1279,.T.);
#11622=ORIENTED_EDGE('',*,*,#1339,.F.);
#11623=ORIENTED_EDGE('',*,*,#1351,.T.);
#11624=ORIENTED_EDGE('',*,*,#1383,.T.);
#11625=ORIENTED_EDGE('',*,*,#1165,.T.);
#11626=ORIENTED_EDGE('',*,*,#1363,.F.);
#11627=CARTESIAN_POINT('',(4.19213685,2.29999999999994,1.05874684999997));
#11628=DIRECTION('',(0.0,1.0,-1.24622534514174E-14));
#11629=DIRECTION('',(0.0,-1.24622534514174E-14,-1.0));
#11630=SURFACE_STYLE_FILL_AREA(#14709);
#11631=ORIENTED_EDGE('',*,*,#1285,.F.);
#11632=ORIENTED_EDGE('',*,*,#1207,.F.);
#11633=ORIENTED_EDGE('',*,*,#1407,.T.);
#11634=ORIENTED_EDGE('',*,*,#1191,.T.);
#11635=ORIENTED_EDGE('',*,*,#1411,.T.);
#11636=CARTESIAN_POINT('',(6.19589000000004,-1.09726847290646,3.50000000000002));
#11637=DIRECTION('',(7.26501140904447E-15,1.0,-1.24543052726477E-14));
#11638=DIRECTION('',(1.0,-7.26501140904449E-15,-1.75323748018572E-15));
#11639=SURFACE_STYLE_FILL_AREA(#14710);
#11640=ORIENTED_EDGE('',*,*,#1345,.T.);
#11641=ORIENTED_EDGE('',*,*,#1195,.T.);
#11642=ORIENTED_EDGE('',*,*,#1329,.F.);
#11643=CARTESIAN_POINT('',(5.64544342898182,-0.550000000000029,3.50000000000001));
#11644=DIRECTION('',(5.69739411492235E-14,-1.0,1.99408794022282E-14));
#11645=DIRECTION('',(-0.999525893678115,-5.63329614998667E-14,0.0307894116047186));
#11646=CARTESIAN_POINT('',(4.94589000000003,2.19999999999997,2.52500000000006));
#11647=DIRECTION('',(-2.93873587705572E-39,1.0,-1.24622534514174E-14));
#11648=DIRECTION('',(4.59792204310361E-10,1.24622534514174E-14,1.0));
#11649=CARTESIAN_POINT('',(4.94589000000003,2.19999999999997,2.52500000000006));
#11650=DIRECTION('',(-2.93873587705572E-39,1.0,-1.24622534514174E-14));
#11651=DIRECTION('',(4.59792204310361E-10,1.24622534514174E-14,1.0));
#11652=DIRECTION('',(0.0,-1.0,1.24622534514174E-14));
#11653=CARTESIAN_POINT('',(4.94589000000003,2.29999999999996,2.52500000000006));
#11654=DIRECTION('',(5.3809861030073E-43,-1.0,1.24622534514174E-14));
#11655=DIRECTION('',(-8.54871728961371E-14,-1.24622534514174E-14,-1.0));
#11656=CARTESIAN_POINT('',(4.94589000000003,2.19999999999997,2.52500000000006));
#11657=DIRECTION('',(-2.93873587705572E-39,1.0,-1.24622534514174E-14));
#11658=DIRECTION('',(4.59792204310361E-10,1.24622534514174E-14,1.0));
#11659=CARTESIAN_POINT('',(4.94589000000003,1.64999999999997,2.52500000000007));
#11660=DIRECTION('',(-1.45912746852325E-17,1.0,-1.24825899864535E-14));
#11661=DIRECTION('',(0.582961190818154,1.01506105108586E-14,0.812499999999926));
#11662=CARTESIAN_POINT('',(5.99588999999997,0.200000000000006,5.42499999999999));
#11663=DIRECTION('',(0.0,1.0,-1.22124532708767E-14));
#11664=DIRECTION('',(0.0,1.22124532708767E-14,1.0));
#11665=DIRECTION('',(0.0,1.0,-1.24622534514174E-14));
#11666=CARTESIAN_POINT('',(5.99588999999997,2.3,5.42499999999997));
#11667=DIRECTION('',(0.0,1.0,-1.24622534514174E-14));
#11668=DIRECTION('',(0.0,1.24622534514174E-14,1.0));
#11669=CARTESIAN_POINT('',(5.99588999999997,0.199999999999958,1.57499999999999));
#11670=DIRECTION('',(0.0,1.0,-1.24622534514174E-14));
#11671=DIRECTION('',(1.0,0.0,0.0));
#11672=DIRECTION('',(0.0,1.0,-1.24622534514174E-14));
#11673=CARTESIAN_POINT('',(5.99588999999997,2.29999999999995,1.57499999999997));
#11674=DIRECTION('',(0.0,1.0,-1.24622534514174E-14));
#11675=DIRECTION('',(1.0,0.0,0.0));
#11676=CARTESIAN_POINT('',(4.94589000000003,2.19999999999999,4.47499999999988));
#11677=DIRECTION('',(0.0,-1.0,1.24622534514174E-14));
#11678=DIRECTION('',(0.0,-1.24622534514174E-14,-1.0));
#11679=CARTESIAN_POINT('',(4.94589000000003,2.19999999999999,4.47499999999988));
#11680=DIRECTION('',(0.0,-1.0,1.24622534514174E-14));
#11681=DIRECTION('',(0.0,-1.24622534514174E-14,-1.0));
#11682=CARTESIAN_POINT('',(4.94589000000003,1.64999999999998,4.47499999999989));
#11683=DIRECTION('',(1.06073411578215E-17,-1.0,1.24741128193615E-14));
#11684=DIRECTION('',(-0.666666666683076,-9.30472630162028E-15,-0.745355992485253));
#11685=CARTESIAN_POINT('',(4.94589000000003,1.64999999999999,4.47499999999989));
#11686=DIRECTION('',(-1.45912746852325E-17,-1.0,1.24825899864535E-14));
#11687=DIRECTION('',(0.582961190818154,-1.01506105108586E-14,-0.812499999999926));
#11688=CARTESIAN_POINT('',(4.94589000000003,-0.700000000000041,2.5250000000001));
#11689=DIRECTION('',(-9.17520037690775E-18,1.0,-1.24671965496002E-14));
#11690=DIRECTION('',(0.880366714106548,5.92118946466749E-15,0.47429363130158));
#11691=CARTESIAN_POINT('',(4.94589000000003,-0.700000000000041,2.5250000000001));
#11692=DIRECTION('',(7.78682876732318E-17,1.0,-1.23537248139524E-14));
#11693=DIRECTION('',(0.582961190818159,9.99200722162639E-15,0.812499999999922));
#11694=CARTESIAN_POINT('',(5.64544342898182,-0.550000000000028,3.50000000000001));
#11695=DIRECTION('',(-0.812499999999925,7.26501011231595E-15,0.582961190818156));
#11696=DIRECTION('',(-0.582961190818156,-8.88178419700126E-15,-0.812499999999925));
#11697=CARTESIAN_POINT('',(4.94589000000003,-0.550000000000041,2.5250000000001));
#11698=DIRECTION('',(-3.65344740740694E-17,-1.0,1.23914073636071E-14));
#11699=DIRECTION('',(-0.458333333333363,-1.09964947200967E-14,-0.888780375320882));
#11700=CARTESIAN_POINT('',(6.19589000000004,-0.700000000000029,3.50000000000001));
#11701=DIRECTION('',(0.0,-1.0,1.24622534514174E-14));
#11702=DIRECTION('',(1.0,0.0,0.0));
#11703=CARTESIAN_POINT('',(6.19589000000004,-0.700000000000029,3.50000000000001));
#11704=DIRECTION('',(4.79617469731179E-16,-1.0,1.23654913815602E-14));
#11705=DIRECTION('',(-0.980249695774855,1.97530210283398E-15,0.197763833734339));
#11706=CARTESIAN_POINT('',(6.19589000000004,-1.09726847290646,3.50000000000002));
#11707=DIRECTION('',(-8.22833143575733E-17,-1.2389554325891E-14,-1.0));
#11708=DIRECTION('',(-0.749403022475944,0.662114121510725,-8.14163551391781E-15));
#11709=CARTESIAN_POINT('',(4.94589000000003,2.19999999999999,4.47499999999988));
#11710=DIRECTION('',(0.0,-1.0,1.24622534514174E-14));
#11711=DIRECTION('',(0.0,-1.24622534514174E-14,-1.0));
#11712=DIRECTION('',(0.0,-1.0,1.24622534514174E-14));
#11713=CARTESIAN_POINT('',(4.94589000000003,2.29999999999998,4.47499999999988));
#11714=DIRECTION('',(1.05097384824361E-45,-1.0,1.24622534514174E-14));
#11715=DIRECTION('',(-2.22044604925032E-16,-1.24622534514174E-14,-1.0));
#11716=DIRECTION('',(0.0,1.0,-1.24622534514174E-14));
#11717=DIRECTION('',(1.0,0.0,0.0));
#11718=DIRECTION('',(0.0,-1.0,1.24622534514174E-14));
#11719=DIRECTION('',(-1.0,0.0,0.0));
#11720=DIRECTION('',(-0.707106781186548,-8.81214392436268E-15,-0.707106781186547));
#11721=DIRECTION('',(0.577350269189626,0.577350269189633,0.577350269189619));
#11722=DIRECTION('',(0.0,-1.0,1.24622534514174E-14));
#11723=DIRECTION('',(0.707106781186547,8.81214392436268E-15,0.707106781186548));
#11724=DIRECTION('',(0.0,-1.0,1.24622534514174E-14));
#11725=DIRECTION('',(-0.707106781186548,8.81214392436268E-15,0.707106781186547));
#11726=DIRECTION('',(0.0,-1.24622534514174E-14,-1.0));
#11727=DIRECTION('',(1.0,0.0,0.0));
#11728=CARTESIAN_POINT('',(5.99588999999997,0.199999999999958,1.57499999999999));
#11729=DIRECTION('',(0.0,1.0,-1.24622534514174E-14));
#11730=DIRECTION('',(1.0,0.0,0.0));
#11731=DIRECTION('',(0.0,1.24622534514174E-14,1.0));
#11732=CARTESIAN_POINT('',(5.99588999999997,0.200000000000006,5.42499999999999));
#11733=DIRECTION('',(0.0,1.0,-1.22124532708767E-14));
#11734=DIRECTION('',(0.0,1.22124532708767E-14,1.0));
#11735=DIRECTION('',(-1.0,0.0,0.0));
#11736=DIRECTION('',(0.0,1.24622534514174E-14,1.0));
#11737=DIRECTION('',(-1.0,0.0,0.0));
#11738=DIRECTION('',(0.707106781186548,-8.81214392436268E-15,-0.707106781186548));
#11739=DIRECTION('',(0.0,1.24622534514174E-14,1.0));
#11740=DIRECTION('',(0.707106781186548,8.81214392436268E-15,0.707106781186548));
#11741=DIRECTION('',(0.0,1.0,-1.24622534514174E-14));
#11742=DIRECTION('',(0.707106781186548,8.81214392436268E-15,0.707106781186548));
#11743=DIRECTION('',(-0.577350269189625,0.577350269189619,-0.577350269189633));
#11744=DIRECTION('',(-1.0,0.0,0.0));
#11745=DIRECTION('',(-0.577350269189626,-0.577350269189619,0.577350269189633));
#11746=DIRECTION('',(0.0,-1.24622534514174E-14,-1.0));
#11747=DIRECTION('',(0.0,1.0,-1.24622534514174E-14));
#11748=CARTESIAN_POINT('',(4.94589000000003,2.29999999999998,4.47499999999988));
#11749=DIRECTION('',(1.05097384824361E-45,-1.0,1.24622534514174E-14));
#11750=DIRECTION('',(-2.22044604925032E-16,-1.24622534514174E-14,-1.0));
#11751=DIRECTION('',(0.0,-1.0,1.24622534514174E-14));
#11752=DIRECTION('',(0.0,1.24622534514174E-14,1.0));
#11753=CARTESIAN_POINT('',(4.94589000000003,1.64999999999996,2.52500000000007));
#11754=DIRECTION('',(1.06073410358218E-17,1.0,-1.24741128192257E-14));
#11755=DIRECTION('',(-0.666666666666696,9.30472630162029E-15,0.745355992499903));
#11756=DIRECTION('',(-1.0,0.0,0.0));
#11757=DIRECTION('',(0.0,1.0,-1.24622534514174E-14));
#11758=CARTESIAN_POINT('',(6.19589000000004,-1.09726847290646,3.50000000000002));
#11759=DIRECTION('',(-7.12166094991229E-31,-1.25825276124184E-14,-1.0));
#11760=DIRECTION('',(5.9211894646675E-15,1.0,-1.25825276124184E-14));
#11761=CARTESIAN_POINT('',(6.19589000000004,-0.700000000000029,3.50000000000001));
#11762=DIRECTION('',(0.0,-1.0,1.24622534514174E-14));
#11763=DIRECTION('',(1.0,0.0,0.0));
#11764=CARTESIAN_POINT('',(4.94589000000003,-0.700000000000041,2.5250000000001));
#11765=DIRECTION('',(-9.17520037690775E-18,1.0,-1.24671965496002E-14));
#11766=DIRECTION('',(0.880366714106548,5.92118946466749E-15,0.47429363130158));
#11767=DIRECTION('',(0.0,-1.0,1.24622534514174E-14));
#11768=CARTESIAN_POINT('',(4.94589000000003,-0.550000000000017,4.47499999999992));
#11769=DIRECTION('',(-1.45912746852053E-17,-1.0,1.24825899864534E-14));
#11770=DIRECTION('',(0.582961190818154,-1.01506105108585E-14,-0.812499999999926));
#11771=DIRECTION('',(0.0,-1.0,1.24622534514174E-14));
#11772=CARTESIAN_POINT('',(4.94589000000003,1.64999999999999,4.47499999999989));
#11773=DIRECTION('',(-1.45912746852325E-17,-1.0,1.24825899864535E-14));
#11774=DIRECTION('',(0.582961190818154,-1.01506105108586E-14,-0.812499999999926));
#11775=DIRECTION('',(0.0,-1.0,1.24622534514174E-14));
#11776=DIRECTION('',(0.0,1.24622534514174E-14,1.0));
#11777=DIRECTION('',(0.0,-1.0,1.24622534514174E-14));
#11778=DIRECTION('',(0.0,1.0,-1.24622534514174E-14));
#11779=DIRECTION('',(0.0,-1.24622534514174E-14,-1.0));
#11780=DIRECTION('',(-1.0,0.0,0.0));
#11781=DIRECTION('',(0.0,1.0,-1.24622534514174E-14));
#11782=DIRECTION('',(0.0,-1.0,1.24622534514174E-14));
#11783=DIRECTION('',(1.0,0.0,0.0));
#11784=DIRECTION('',(0.0,-1.24622534514174E-14,-1.0));
#11785=DIRECTION('',(0.0,1.0,-1.24622534514174E-14));
#11786=CARTESIAN_POINT('',(5.64544342898182,-0.550000000000028,3.50000000000001));
#11787=DIRECTION('',(7.25085224182381E-16,-1.0,1.14516686064446E-14));
#11788=DIRECTION('',(-0.582961190818164,8.88178419700129E-15,0.812499999999919));
#11789=CARTESIAN_POINT('',(5.64544342898182,-0.550000000000028,3.50000000000001));
#11790=DIRECTION('',(0.0,1.83834429160849E-14,1.0));
#11791=DIRECTION('',(-1.0,0.0,0.0));
#11792=CARTESIAN_POINT('',(5.64544342898182,-0.550000000000028,3.50000000000001));
#11793=DIRECTION('',(-0.812499999999925,-7.3728508287118E-15,-0.582961190818156));
#11794=DIRECTION('',(1.33226762955019E-14,-1.0,-5.92118946466751E-15));
#11795=DIRECTION('',(0.0,-1.0,1.24622534514174E-14));
#11796=DIRECTION('',(0.0,1.24622534514174E-14,1.0));
#11797=DIRECTION('',(0.0,-1.0,1.24622534514174E-14));
#11798=DIRECTION('',(0.0,-1.24622534514174E-14,-1.0));
#11799=DIRECTION('',(0.0,-1.0,1.24622534514174E-14));
#11800=CARTESIAN_POINT('',(5.64544342898182,-0.550000000000028,3.50000000000001));
#11801=DIRECTION('',(0.0,-1.0,1.24622534514174E-14));
#11802=DIRECTION('',(-1.0,0.0,0.0));
#11803=DIRECTION('',(1.0,0.0,0.0));
#11804=DIRECTION('',(0.0,1.0,-1.24622534514174E-14));
#11805=DIRECTION('',(1.0,0.0,0.0));
#11806=CARTESIAN_POINT('',(4.94589000000003,-0.700000000000017,4.47499999999992));
#11807=DIRECTION('',(7.78682876732318E-17,-1.0,1.23537248139524E-14));
#11808=DIRECTION('',(0.582961190818159,-9.99200722162639E-15,-0.812499999999922));
#11809=CARTESIAN_POINT('',(4.94589000000003,-0.700000000000017,4.47499999999992));
#11810=DIRECTION('',(-9.17520037701403E-18,-1.0,1.24671965496002E-14));
#11811=DIRECTION('',(0.880366714106553,-5.92118946466749E-15,-0.474293631301572));
#11812=CARTESIAN_POINT('',(5.99588999999997,2.29999999999995,1.57499999999997));
#11813=DIRECTION('',(0.0,1.0,-1.24622534514174E-14));
#11814=DIRECTION('',(1.0,0.0,0.0));
#11815=DIRECTION('',(0.0,1.0,-1.24622534514174E-14));
#11816=DIRECTION('',(0.0,1.24622534514174E-14,1.0));
#11817=DIRECTION('',(1.0,0.0,0.0));
#11818=DIRECTION('',(0.0,-1.0,1.24622534514174E-14));
#11819=DIRECTION('',(1.0,0.0,0.0));
#11820=DIRECTION('',(1.0,0.0,0.0));
#11821=DIRECTION('',(-0.577350269189626,0.577350269189633,0.577350269189619));
#11822=DIRECTION('',(0.0,-1.24622534514174E-14,-1.0));
#11823=DIRECTION('',(0.0,1.0,-1.24622534514174E-14));
#11824=DIRECTION('',(0.0,1.0,-1.24622534514174E-14));
#11825=CARTESIAN_POINT('',(5.99588999999997,2.3,5.42499999999997));
#11826=DIRECTION('',(0.0,1.0,-1.24622534514174E-14));
#11827=DIRECTION('',(0.0,1.24622534514174E-14,1.0));
#11828=DIRECTION('',(-1.0,0.0,0.0));
#11829=CARTESIAN_POINT('',(4.94589000000003,1.64999999999997,2.52500000000007));
#11830=DIRECTION('',(-1.45912746852325E-17,1.0,-1.24825899864535E-14));
#11831=DIRECTION('',(0.582961190818154,1.01506105108586E-14,0.812499999999926));
#11832=DIRECTION('',(0.0,-1.0,1.24622534514174E-14));
#11833=CARTESIAN_POINT('',(4.39589,-0.700000000000054,1.45846354961504));
#11834=DIRECTION('',(4.04968235367627E-16,-1.0,1.22202406434181E-14));
#11835=DIRECTION('',(-0.858396944283909,5.9211894646675E-15,0.512986048586166));
#11836=DIRECTION('',(1.0,0.0,0.0));
#11837=DIRECTION('',(0.0,1.0,-1.24622534514174E-14));
#11838=DIRECTION('',(0.0,1.24622534514174E-14,1.0));
#11839=CARTESIAN_POINT('',(4.39589,-0.700000000000004,5.54153645038498));
#11840=DIRECTION('',(0.0,-1.0,1.24622534514174E-14));
#11841=DIRECTION('',(-1.0,0.0,0.0));
#11842=DIRECTION('',(0.707106781186548,-8.81214392436268E-15,-0.707106781186548));
#11843=CARTESIAN_POINT('',(4.94589000000003,2.29999999999996,2.52500000000006));
#11844=DIRECTION('',(5.3809861030073E-43,-1.0,1.24622534514174E-14));
#11845=DIRECTION('',(-8.54871728961371E-14,-1.24622534514174E-14,-1.0));
#11846=CARTESIAN_POINT('',(6.19589000000004,-0.700000000000029,3.50000000000001));
#11847=DIRECTION('',(0.0,-1.0,1.24622534514174E-14));
#11848=DIRECTION('',(-1.0,0.0,0.0));
#11849=DIRECTION('',(-0.707106781186548,8.81214392436268E-15,0.707106781186547));
#11850=CARTESIAN_POINT('',(6.19589000000004,-0.700000000000029,3.50000000000001));
#11851=DIRECTION('',(-1.65429501121819E-16,-1.0,1.2115388434026E-14));
#11852=DIRECTION('',(-0.430475852705276,-1.08641615655869E-14,-0.902602094080036));
#11853=SURFACE_STYLE_FILL_AREA(#14711);
#11854=SURFACE_STYLE_FILL_AREA(#14712);
#11855=ORIENTED_EDGE('',*,*,#14713,.F.);
#11856=ORIENTED_EDGE('',*,*,#1437,.T.);
#11857=ORIENTED_EDGE('',*,*,#1439,.T.);
#11858=ORIENTED_EDGE('',*,*,#1441,.F.);
#11859=CARTESIAN_POINT('',(2.25056999999999,7.35,7.24575630000001));
#11860=DIRECTION('',(0.0,0.0,1.0));
#11861=DIRECTION('',(-0.0575640269595675,-0.998341816614028,0.0));
#11862=SURFACE_STYLE_FILL_AREA(#14714);
#11863=ORIENTED_EDGE('',*,*,#14715,.F.);
#11864=ORIENTED_EDGE('',*,*,#1443,.F.);
#11865=ORIENTED_EDGE('',*,*,#1445,.T.);
#11866=ORIENTED_EDGE('',*,*,#1447,.T.);
#11867=CARTESIAN_POINT('',(2.25056999999999,7.35,7.0));
#11868=DIRECTION('',(3.05735961497832E-16,-3.54229662178746E-15,-1.0));
#11869=DIRECTION('',(-0.103643211782321,0.994614540740002,-3.55490718465099E-15));
#11870=SURFACE_STYLE_FILL_AREA(#14716);
#11871=ORIENTED_EDGE('',*,*,#14717,.F.);
#11872=ORIENTED_EDGE('',*,*,#1449,.F.);
#11873=ORIENTED_EDGE('',*,*,#1439,.F.);
#11874=ORIENTED_EDGE('',*,*,#1443,.T.);
#11875=ORIENTED_EDGE('',*,*,#1451,.T.);
#11876=CARTESIAN_POINT('',(2.25056999999999,7.35,7.24575630000001));
#11877=DIRECTION('',(0.0,0.0,1.0));
#11878=DIRECTION('',(-0.0462173340930269,0.998931408070311,0.0));
#11879=SURFACE_STYLE_FILL_AREA(#14718);
#11880=ORIENTED_EDGE('',*,*,#1453,.T.);
#11881=ORIENTED_EDGE('',*,*,#1455,.T.);
#11882=CARTESIAN_POINT('',(2.35557314999999,7.45500315,-4.0));
#11883=DIRECTION('',(-0.0,-0.0,-1.0));
#11884=DIRECTION('',(0.0,-1.0,0.0));
#11885=SURFACE_STYLE_FILL_AREA(#14719);
#11886=ORIENTED_EDGE('',*,*,#1453,.F.);
#11887=ORIENTED_EDGE('',*,*,#1457,.F.);
#11888=ORIENTED_EDGE('',*,*,#1459,.T.);
#11889=ORIENTED_EDGE('',*,*,#1441,.T.);
#11890=ORIENTED_EDGE('',*,*,#1461,.T.);
#11891=CARTESIAN_POINT('',(2.25056999999994,7.85,-2.83));
#11892=CARTESIAN_POINT('',(2.25056999999994,7.85,-3.02752943661651));
#11893=CARTESIAN_POINT('',(2.25056999999994,7.80967442234682,-3.37724045126104));
#11894=CARTESIAN_POINT('',(2.25056999999995,7.72815741606728,-3.78279885936949));
#11895=CARTESIAN_POINT('',(2.25056999999997,7.51419016974472,-4.00995327325124));
#11896=CARTESIAN_POINT('',(2.25056999999998,7.43124910334718,-3.99873152157907));
#11897=CARTESIAN_POINT('',(2.25056999999998,7.42191649564692,-3.99635508315826));
#11898=CARTESIAN_POINT('',(2.25056999999999,7.35,-2.83));
#11899=DIRECTION('',(-2.54595626879162E-16,-2.65299846269776E-17,-1.0));
#11900=SURFACE_STYLE_FILL_AREA(#14720);
#11901=ORIENTED_EDGE('',*,*,#14717,.T.);
#11902=ORIENTED_EDGE('',*,*,#1463,.T.);
#11903=ORIENTED_EDGE('',*,*,#1465,.T.);
#11904=ORIENTED_EDGE('',*,*,#1467,.F.);
#11905=CARTESIAN_POINT('',(2.25056999999999,7.35,7.24575630000001));
#11906=DIRECTION('',(0.0,0.0,1.0));
#11907=DIRECTION('',(-0.0462173340930269,0.998931408070311,0.0));
#11908=SURFACE_STYLE_FILL_AREA(#14721);
#11909=ORIENTED_EDGE('',*,*,#1447,.F.);
#11910=ORIENTED_EDGE('',*,*,#1469,.F.);
#11911=ORIENTED_EDGE('',*,*,#1471,.F.);
#11912=CARTESIAN_POINT('',(2.10056999999999,7.2,7.40000000000001));
#11913=DIRECTION('',(0.0,0.0,1.0));
#11914=DIRECTION('',(1.0,0.0,0.0));
#11915=SURFACE_STYLE_FILL_AREA(#14722);
#11916=ORIENTED_EDGE('',*,*,#14715,.T.);
#11917=ORIENTED_EDGE('',*,*,#1471,.T.);
#11918=ORIENTED_EDGE('',*,*,#1473,.F.);
#11919=ORIENTED_EDGE('',*,*,#1463,.F.);
#11920=ORIENTED_EDGE('',*,*,#1451,.F.);
#11921=CARTESIAN_POINT('',(2.25056999999999,7.35,7.0));
#11922=DIRECTION('',(3.05735961497832E-16,-3.54229662178746E-15,-1.0));
#11923=DIRECTION('',(-0.103643211782321,0.994614540740002,-3.55490718465099E-15));
#11924=SURFACE_STYLE_FILL_AREA(#14723);
#11925=ORIENTED_EDGE('',*,*,#14713,.T.);
#11926=ORIENTED_EDGE('',*,*,#1459,.F.);
#11927=ORIENTED_EDGE('',*,*,#1465,.F.);
#11928=ORIENTED_EDGE('',*,*,#1475,.T.);
#11929=CARTESIAN_POINT('',(2.25056999999999,7.35,7.24575630000001));
#11930=DIRECTION('',(0.0,0.0,1.0));
#11931=DIRECTION('',(-0.0575640269595675,-0.998341816614028,0.0));
#11932=SURFACE_STYLE_FILL_AREA(#14724);
#11933=ORIENTED_EDGE('',*,*,#1449,.T.);
#11934=ORIENTED_EDGE('',*,*,#1467,.T.);
#11935=ORIENTED_EDGE('',*,*,#1457,.T.);
#11936=ORIENTED_EDGE('',*,*,#1455,.F.);
#11937=ORIENTED_EDGE('',*,*,#1461,.F.);
#11938=CARTESIAN_POINT('',(2.25056999999503,6.85,-2.83));
#11939=CARTESIAN_POINT('',(2.25056999999503,6.85,-3.02752943661651));
#11940=CARTESIAN_POINT('',(2.25056999999543,6.89032557765318,-3.37724045126104));
#11941=CARTESIAN_POINT('',(2.25056999999624,6.97184258393272,-3.78279885936949));
#11942=CARTESIAN_POINT('',(2.25056999999836,7.18580983025528,-4.00995327325124));
#11943=CARTESIAN_POINT('',(2.25056999999918,7.26875089665282,-3.99873152157907));
#11944=CARTESIAN_POINT('',(2.25056999999927,7.27808350435308,-3.99635508315826));
#11945=CARTESIAN_POINT('',(2.25056999999999,7.35,-2.83));
#11946=DIRECTION('',(-0.0,-0.0,-1.0));
#11947=SURFACE_STYLE_FILL_AREA(#14725);
#11948=ORIENTED_EDGE('',*,*,#1473,.T.);
#11949=ORIENTED_EDGE('',*,*,#1469,.T.);
#11950=ORIENTED_EDGE('',*,*,#1445,.F.);
#11951=ORIENTED_EDGE('',*,*,#1437,.F.);
#11952=ORIENTED_EDGE('',*,*,#1475,.F.);
#11953=CARTESIAN_POINT('',(2.25056999999999,7.35,7.00000000000001));
#11954=DIRECTION('',(-3.56812364226818E-15,-3.96385886613193E-31,-1.0));
#11955=DIRECTION('',(1.11090849520343E-16,-1.0,0.0));
#11956=CARTESIAN_POINT('',(2.25056999999999,7.35,7.00000000000001));
#11957=DIRECTION('',(0.0,0.0,-1.0));
#11958=DIRECTION('',(0.0,-1.0,0.0));
#11959=DIRECTION('',(0.0,0.0,-1.0));
#11960=CARTESIAN_POINT('',(2.25056999999999,7.35,-2.83));
#11961=DIRECTION('',(0.0,0.0,-1.0));
#11962=DIRECTION('',(1.11022302462515E-16,-1.0,0.0));
#11963=CARTESIAN_POINT('',(2.25056999999999,7.35,7.00000000000001));
#11964=DIRECTION('',(-3.55532407030367E-15,3.94720264285518E-31,-1.0));
#11965=DIRECTION('',(1.11022302462516E-16,1.0,0.0));
#11966=CARTESIAN_POINT('',(2.25056999999999,7.45,7.00000000000001));
#11967=DIRECTION('',(1.0,0.0,0.0));
#11968=DIRECTION('',(0.0,1.0,0.0));
#11969=CARTESIAN_POINT('',(2.25056999999999,7.35,7.40000000000001));
#11970=DIRECTION('',(0.0,0.0,-1.0));
#11971=DIRECTION('',(1.11022302462516E-15,1.0,0.0));
#11972=CARTESIAN_POINT('',(2.25056999999999,7.35,-2.83));
#11973=DIRECTION('',(0.0,0.0,-1.0));
#11974=DIRECTION('',(-8.52651282912119E-14,1.0,0.0));
#11975=CARTESIAN_POINT('',(2.25056999999999,7.35,7.00000000000001));
#11976=DIRECTION('',(-3.55532407030367E-15,3.94720264285518E-31,-1.0));
#11977=DIRECTION('',(1.11022302462516E-16,1.0,0.0));
#11978=CARTESIAN_POINT('',(2.25056999999999,7.35,-4.0));
#11979=DIRECTION('',(0.0,0.0,-1.0));
#11980=DIRECTION('',(1.00475183728577E-13,-1.0,0.0));
#11981=CARTESIAN_POINT('',(2.25056999999999,7.35,-4.0));
#11982=DIRECTION('',(0.0,0.0,-1.0));
#11983=DIRECTION('',(-4.2632564145606E-13,1.0,0.0));
#11984=CARTESIAN_POINT('',(2.25056999999999,7.35,-2.83));
#11985=DIRECTION('',(0.0,0.0,-1.0));
#11986=DIRECTION('',(1.11022302462515E-16,-1.0,0.0));
#11987=CARTESIAN_POINT('',(2.25056999999999,7.35,7.00000000000001));
#11988=DIRECTION('',(-3.55532407030367E-15,3.94720264285518E-31,-1.0));
#11989=DIRECTION('',(1.11022302462516E-16,1.0,0.0));
#11990=DIRECTION('',(0.0,0.0,-1.0));
#11991=CARTESIAN_POINT('',(2.25056999999999,7.35,-2.83));
#11992=DIRECTION('',(0.0,0.0,-1.0));
#11993=DIRECTION('',(-8.52651282912119E-14,1.0,0.0));
#11994=CARTESIAN_POINT('',(2.25056999999999,7.35,7.40000000000001));
#11995=DIRECTION('',(0.0,0.0,-1.0));
#11996=DIRECTION('',(0.0,-1.0,0.0));
#11997=CARTESIAN_POINT('',(2.25056999999999,7.35,7.40000000000001));
#11998=DIRECTION('',(0.0,0.0,-1.0));
#11999=DIRECTION('',(1.11022302462516E-15,1.0,0.0));
#12000=CARTESIAN_POINT('',(2.25056999999999,7.25,7.00000000000001));
#12001=DIRECTION('',(-1.0,0.0,0.0));
#12002=DIRECTION('',(0.0,-1.0,0.0));
#12003=CARTESIAN_POINT('',(2.25056999999999,7.35,7.00000000000001));
#12004=DIRECTION('',(0.0,0.0,-1.0));
#12005=DIRECTION('',(0.0,-1.0,0.0));
#12006=SURFACE_STYLE_FILL_AREA(#14726);
#12007=SURFACE_STYLE_FILL_AREA(#14727);
#12008=ORIENTED_EDGE('',*,*,#14728,.F.);
#12009=ORIENTED_EDGE('',*,*,#1581,.F.);
#12010=ORIENTED_EDGE('',*,*,#1583,.F.);
#12011=ORIENTED_EDGE('',*,*,#1585,.F.);
#12012=ORIENTED_EDGE('',*,*,#1587,.F.);
#12013=CARTESIAN_POINT('',(1.44589200000003,2.30250839999996,2.52500000000006));
#12014=DIRECTION('',(-4.22874444707992E-15,1.0,-4.22874444707992E-15));
#12015=DIRECTION('',(0.0575640269595657,-3.97830885393743E-15,-0.998341816614028));
#12016=SURFACE_STYLE_FILL_AREA(#14729);
#12017=ORIENTED_EDGE('',*,*,#14730,.F.);
#12018=ORIENTED_EDGE('',*,*,#1581,.T.);
#12019=ORIENTED_EDGE('',*,*,#1589,.T.);
#12020=ORIENTED_EDGE('',*,*,#1591,.F.);
#12021=ORIENTED_EDGE('',*,*,#1593,.T.);
#12022=ORIENTED_EDGE('',*,*,#1595,.T.);
#12023=ORIENTED_EDGE('',*,*,#1597,.F.);
#12024=CARTESIAN_POINT('',(1.44589200000003,1.39299209997795,2.52500000000007));
#12025=DIRECTION('',(6.28198951702603E-17,-1.0,1.27080313797327E-14));
#12026=DIRECTION('',(-0.866027464678184,6.29956657286321E-15,0.499996430410334));
#12027=SURFACE_STYLE_FILL_AREA(#14731);
#12028=ORIENTED_EDGE('',*,*,#14732,.F.);
#12029=ORIENTED_EDGE('',*,*,#1599,.T.);
#12030=ORIENTED_EDGE('',*,*,#1601,.T.);
#12031=ORIENTED_EDGE('',*,*,#1603,.F.);
#12032=CARTESIAN_POINT('',(2.49589199999997,0.147492125000005,5.425));
#12033=DIRECTION('',(-7.04898472709425E-16,-1.0,1.20839738178759E-14));
#12034=DIRECTION('',(0.00634377123143517,1.20792589504793E-14,0.999979878080836));
#12035=SURFACE_STYLE_FILL_AREA(#14733);
#12036=ORIENTED_EDGE('',*,*,#14734,.F.);
#12037=ORIENTED_EDGE('',*,*,#1605,.T.);
#12038=ORIENTED_EDGE('',*,*,#1607,.T.);
#12039=ORIENTED_EDGE('',*,*,#1609,.F.);
#12040=CARTESIAN_POINT('',(2.49589199999997,0.147492124999958,1.57499999999999));
#12041=DIRECTION('',(2.01399563631264E-16,-1.0,1.22853733815071E-14));
#12042=DIRECTION('',(0.999979878080836,1.23459912860489E-16,-0.00634377123143449));
#12043=SURFACE_STYLE_FILL_AREA(#14735);
#12044=ORIENTED_EDGE('',*,*,#14736,.F.);
#12045=ORIENTED_EDGE('',*,*,#1611,.F.);
#12046=ORIENTED_EDGE('',*,*,#1613,.F.);
#12047=ORIENTED_EDGE('',*,*,#1615,.T.);
#12048=ORIENTED_EDGE('',*,*,#1617,.F.);
#12049=ORIENTED_EDGE('',*,*,#1619,.T.);
#12050=ORIENTED_EDGE('',*,*,#1621,.F.);
#12051=ORIENTED_EDGE('',*,*,#1623,.F.);
#12052=ORIENTED_EDGE('',*,*,#1625,.T.);
#12053=CARTESIAN_POINT('',(1.44589200000003,1.39255617168637,4.47499999999989));
#12054=DIRECTION('',(-6.34458374810909E-17,-1.0,1.24411596342084E-14));
#12055=DIRECTION('',(-0.866027459640003,6.27548135329521E-15,0.499996439136803));
#12056=SURFACE_STYLE_FILL_AREA(#14737);
#12057=ORIENTED_EDGE('',*,*,#14738,.F.);
#12058=ORIENTED_EDGE('',*,*,#1627,.F.);
#12059=ORIENTED_EDGE('',*,*,#1629,.F.);
#12060=ORIENTED_EDGE('',*,*,#1631,.F.);
#12061=ORIENTED_EDGE('',*,*,#1633,.F.);
#12062=ORIENTED_EDGE('',*,*,#1635,.F.);
#12063=ORIENTED_EDGE('',*,*,#1637,.T.);
#12064=CARTESIAN_POINT('',(1.44589200000004,-0.550000000000042,2.5250000000001));
#12065=DIRECTION('',(-2.08187792053966E-16,1.0,-1.23431000755283E-14));
#12066=DIRECTION('',(0.516706745606481,1.06752708251863E-14,0.856162448980776));
#12067=SURFACE_STYLE_FILL_AREA(#14739);
#12068=ORIENTED_EDGE('',*,*,#14740,.F.);
#12069=ORIENTED_EDGE('',*,*,#1639,.T.);
#12070=ORIENTED_EDGE('',*,*,#1641,.T.);
#12071=ORIENTED_EDGE('',*,*,#1643,.T.);
#12072=ORIENTED_EDGE('',*,*,#1645,.T.);
#12073=CARTESIAN_POINT('',(2.69589200000004,-1.09726847290646,3.50000000000001));
#12074=DIRECTION('',(5.18929425009948E-15,1.0,-1.45300239002785E-14));
#12075=DIRECTION('',(-0.994614540739998,3.65540917302812E-15,-0.103643211782358));
#12076=SURFACE_STYLE_FILL_AREA(#14741);
#12077=ORIENTED_EDGE('',*,*,#14742,.F.);
#12078=ORIENTED_EDGE('',*,*,#1611,.T.);
#12079=ORIENTED_EDGE('',*,*,#1647,.T.);
#12080=ORIENTED_EDGE('',*,*,#1649,.F.);
#12081=ORIENTED_EDGE('',*,*,#1651,.F.);
#12082=CARTESIAN_POINT('',(1.44589200000003,2.30250629999998,4.47499999999988));
#12083=DIRECTION('',(-1.05722839414055E-15,1.0,-8.4578271531244E-15));
#12084=DIRECTION('',(0.0575640269595668,-8.38294420087494E-15,-0.998341816614028));
#12085=SURFACE_STYLE_FILL_AREA(#14743);
#12086=ORIENTED_EDGE('',*,*,#1653,.F.);
#12087=ORIENTED_EDGE('',*,*,#1655,.F.);
#12088=ORIENTED_EDGE('',*,*,#1657,.F.);
#12089=ORIENTED_EDGE('',*,*,#1659,.F.);
#12090=CARTESIAN_POINT('',(3.02839515000003,-0.568753150000073,9.02250952700136E-15));
#12091=DIRECTION('',(0.0,-1.24622534514174E-14,-1.0));
#12092=DIRECTION('',(0.0,-1.0,1.24622534514174E-14));
#12093=SURFACE_STYLE_FILL_AREA(#14744);
#12094=ORIENTED_EDGE('',*,*,#1661,.F.);
#12095=ORIENTED_EDGE('',*,*,#1663,.T.);
#12096=ORIENTED_EDGE('',*,*,#1665,.F.);
#12097=ORIENTED_EDGE('',*,*,#1667,.F.);
#12098=ORIENTED_EDGE('',*,*,#1669,.T.);
#12099=CARTESIAN_POINT('',(1.43963977261365,0.222503150000022,6.74374777261363));
#12100=DIRECTION('',(0.707106781186549,-9.30418957908431E-15,-0.707106781186546));
#12101=DIRECTION('',(0.0,-1.0,1.31581110896315E-14));
#12102=SURFACE_STYLE_FILL_AREA(#14745);
#12103=ORIENTED_EDGE('',*,*,#1659,.T.);
#12104=ORIENTED_EDGE('',*,*,#1671,.T.);
#12105=ORIENTED_EDGE('',*,*,#1673,.F.);
#12106=ORIENTED_EDGE('',*,*,#1675,.T.);
#12107=ORIENTED_EDGE('',*,*,#1605,.F.);
#12108=ORIENTED_EDGE('',*,*,#1677,.F.);
#12109=ORIENTED_EDGE('',*,*,#1679,.T.);
#12110=ORIENTED_EDGE('',*,*,#1599,.F.);
#12111=ORIENTED_EDGE('',*,*,#1681,.F.);
#12112=ORIENTED_EDGE('',*,*,#1683,.T.);
#12113=ORIENTED_EDGE('',*,*,#1685,.T.);
#12114=ORIENTED_EDGE('',*,*,#1667,.T.);
#12115=ORIENTED_EDGE('',*,*,#1687,.F.);
#12116=ORIENTED_EDGE('',*,*,#1689,.T.);
#12117=ORIENTED_EDGE('',*,*,#1691,.F.);
#12118=ORIENTED_EDGE('',*,*,#1693,.F.);
#12119=CARTESIAN_POINT('',(3.29089515000003,0.200000000000027,7.17500315));
#12120=DIRECTION('',(0.0,-1.0,1.24465712674441E-14));
#12121=DIRECTION('',(-1.0,0.0,0.0));
#12122=SURFACE_STYLE_FILL_AREA(#14746);
#12123=ORIENTED_EDGE('',*,*,#1653,.T.);
#12124=ORIENTED_EDGE('',*,*,#1693,.T.);
#12125=ORIENTED_EDGE('',*,*,#1695,.F.);
#12126=ORIENTED_EDGE('',*,*,#1697,.F.);
#12127=ORIENTED_EDGE('',*,*,#1699,.T.);
#12128=CARTESIAN_POINT('',(2.98963977261367,-0.722503150000077,-0.00625222738634984));
#12129=DIRECTION('',(-0.707106781186547,8.80575085163335E-15,0.707106781186548));
#12130=DIRECTION('',(1.24532122812583E-14,1.0,0.0));
#12131=SURFACE_STYLE_FILL_AREA(#14747);
#12132=ORIENTED_EDGE('',*,*,#1655,.T.);
#12133=ORIENTED_EDGE('',*,*,#1699,.F.);
#12134=ORIENTED_EDGE('',*,*,#1701,.T.);
#12135=ORIENTED_EDGE('',*,*,#1703,.F.);
#12136=CARTESIAN_POINT('',(1.50588885000002,-0.54624777261371,-0.00375222738635389));
#12137=DIRECTION('',(0.0,0.707106781186555,0.70710678118654));
#12138=DIRECTION('',(1.0,0.0,-0.0));
#12139=SURFACE_STYLE_FILL_AREA(#14748);
#12140=ORIENTED_EDGE('',*,*,#1705,.T.);
#12141=ORIENTED_EDGE('',*,*,#1695,.T.);
#12142=ORIENTED_EDGE('',*,*,#1691,.T.);
#12143=ORIENTED_EDGE('',*,*,#1707,.F.);
#12144=CARTESIAN_POINT('',(3.24589200000003,-0.722503149999986,6.91250315000001));
#12145=DIRECTION('',(1.0,0.0,0.0));
#12146=DIRECTION('',(0.0,1.0,0.0));
#12147=SURFACE_STYLE_FILL_AREA(#14749);
#12148=ORIENTED_EDGE('',*,*,#14742,.T.);
#12149=ORIENTED_EDGE('',*,*,#1709,.F.);
#12150=ORIENTED_EDGE('',*,*,#1711,.T.);
#12151=ORIENTED_EDGE('',*,*,#1613,.T.);
#12152=CARTESIAN_POINT('',(1.44589200000003,2.30250629999998,4.47499999999988));
#12153=DIRECTION('',(-1.05722839414055E-15,1.0,-8.4578271531244E-15));
#12154=DIRECTION('',(0.0575640269595668,-8.38294420087494E-15,-0.998341816614028));
#12155=SURFACE_STYLE_FILL_AREA(#14750);
#12156=ORIENTED_EDGE('',*,*,#1713,.F.);
#12157=ORIENTED_EDGE('',*,*,#1715,.T.);
#12158=ORIENTED_EDGE('',*,*,#1619,.F.);
#12159=CARTESIAN_POINT('',(1.06394093258564,1.64999999999997,3.70199816826874));
#12160=DIRECTION('',(0.0,-1.0,1.23664577100668E-14));
#12161=DIRECTION('',(-1.0,0.0,0.0));
#12162=SURFACE_STYLE_FILL_AREA(#14751);
#12163=ORIENTED_EDGE('',*,*,#1717,.F.);
#12164=ORIENTED_EDGE('',*,*,#1649,.T.);
#12165=ORIENTED_EDGE('',*,*,#1719,.F.);
#12166=ORIENTED_EDGE('',*,*,#1721,.T.);
#12167=CARTESIAN_POINT('',(0.723694599495134,1.82401214110543,4.97499999999988));
#12168=DIRECTION('',(0.0,1.09291760327006E-14,1.0));
#12169=DIRECTION('',(0.0,-1.0,1.09291760327006E-14));
#12170=SURFACE_STYLE_FILL_AREA(#14752);
#12171=ORIENTED_EDGE('',*,*,#14740,.T.);
#12172=ORIENTED_EDGE('',*,*,#1723,.T.);
#12173=ORIENTED_EDGE('',*,*,#1725,.T.);
#12174=CARTESIAN_POINT('',(2.69589200000004,-1.09726847290646,3.50000000000001));
#12175=DIRECTION('',(5.18929425009948E-15,1.0,-1.45300239002785E-14));
#12176=DIRECTION('',(-0.994614540739998,3.65540917302812E-15,-0.103643211782358));
#12177=SURFACE_STYLE_FILL_AREA(#14753);
#12178=ORIENTED_EDGE('',*,*,#14738,.T.);
#12179=ORIENTED_EDGE('',*,*,#1727,.T.);
#12180=ORIENTED_EDGE('',*,*,#1729,.F.);
#12181=CARTESIAN_POINT('',(1.44589200000004,-0.550000000000042,2.5250000000001));
#12182=DIRECTION('',(-2.08187792053966E-16,1.0,-1.23431000755283E-14));
#12183=DIRECTION('',(0.516706745606481,1.06752708251863E-14,0.856162448980776));
#12184=SURFACE_STYLE_FILL_AREA(#14754);
#12185=ORIENTED_EDGE('',*,*,#1731,.T.);
#12186=ORIENTED_EDGE('',*,*,#1733,.T.);
#12187=ORIENTED_EDGE('',*,*,#1735,.F.);
#12188=ORIENTED_EDGE('',*,*,#1737,.F.);
#12189=ORIENTED_EDGE('',*,*,#1625,.F.);
#12190=CARTESIAN_POINT('',(1.44589200000003,1.70500314999999,4.47499999999989));
#12191=DIRECTION('',(-1.44184415162646E-16,1.0,-1.26882285343135E-14));
#12192=DIRECTION('',(0.567488884037668,-1.03654239804894E-14,-0.823381057890988));
#12193=SURFACE_STYLE_FILL_AREA(#14755);
#12194=ORIENTED_EDGE('',*,*,#1739,.T.);
#12195=ORIENTED_EDGE('',*,*,#1741,.T.);
#12196=ORIENTED_EDGE('',*,*,#1743,.F.);
#12197=ORIENTED_EDGE('',*,*,#1593,.F.);
#12198=ORIENTED_EDGE('',*,*,#1745,.T.);
#12199=ORIENTED_EDGE('',*,*,#1747,.T.);
#12200=CARTESIAN_POINT('',(0.745892,-0.775003150000047,2.05423664670022));
#12201=DIRECTION('',(-1.0,0.0,0.0));
#12202=DIRECTION('',(0.0,0.0,1.0));
#12203=SURFACE_STYLE_FILL_AREA(#14756);
#12204=ORIENTED_EDGE('',*,*,#1687,.T.);
#12205=ORIENTED_EDGE('',*,*,#1665,.T.);
#12206=ORIENTED_EDGE('',*,*,#1749,.F.);
#12207=ORIENTED_EDGE('',*,*,#1751,.T.);
#12208=CARTESIAN_POINT('',(1.66338884999999,-0.568753149999985,7.00000000000001));
#12209=DIRECTION('',(0.0,-1.24062024858739E-14,-1.0));
#12210=DIRECTION('',(0.0,-1.0,1.24062024858739E-14));
#12211=SURFACE_STYLE_FILL_AREA(#14757);
#12212=ORIENTED_EDGE('',*,*,#14736,.T.);
#12213=ORIENTED_EDGE('',*,*,#1737,.T.);
#12214=ORIENTED_EDGE('',*,*,#1753,.F.);
#12215=ORIENTED_EDGE('',*,*,#1755,.F.);
#12216=ORIENTED_EDGE('',*,*,#1719,.T.);
#12217=ORIENTED_EDGE('',*,*,#1647,.F.);
#12218=CARTESIAN_POINT('',(1.44589200000003,1.39255617168637,4.47499999999989));
#12219=DIRECTION('',(-6.34458374810909E-17,-1.0,1.24411596342084E-14));
#12220=DIRECTION('',(-0.866027459640003,6.27548135329521E-15,0.499996439136803));
#12221=SURFACE_STYLE_FILL_AREA(#14758);
#12222=ORIENTED_EDGE('',*,*,#1757,.F.);
#12223=ORIENTED_EDGE('',*,*,#1759,.F.);
#12224=ORIENTED_EDGE('',*,*,#1745,.F.);
#12225=ORIENTED_EDGE('',*,*,#1591,.T.);
#12226=CARTESIAN_POINT('',(1.46449901279302,1.81653392320303,2.02500000000007));
#12227=DIRECTION('',(0.0,-1.25534796175463E-14,-1.0));
#12228=DIRECTION('',(0.0,-1.0,1.25534796175463E-14));
#12229=SURFACE_STYLE_FILL_AREA(#14759);
#12230=ORIENTED_EDGE('',*,*,#1761,.F.);
#12231=ORIENTED_EDGE('',*,*,#1669,.F.);
#12232=ORIENTED_EDGE('',*,*,#1685,.F.);
#12233=ORIENTED_EDGE('',*,*,#1763,.F.);
#12234=CARTESIAN_POINT('',(1.44589200000002,-0.722503149999989,6.77312815));
#12235=DIRECTION('',(1.0,0.0,0.0));
#12236=DIRECTION('',(0.0,1.0,0.0));
#12237=SURFACE_STYLE_FILL_AREA(#14760);
#12238=ORIENTED_EDGE('',*,*,#1765,.T.);
#12239=ORIENTED_EDGE('',*,*,#1767,.T.);
#12240=ORIENTED_EDGE('',*,*,#1769,.T.);
#12241=CARTESIAN_POINT('',(2.14544542898182,-0.550000000000028,3.50000000000001));
#12242=DIRECTION('',(5.69739411492219E-14,-1.0,8.54609117238332E-15));
#12243=DIRECTION('',(-0.563111500878291,-2.50203547607004E-14,0.826380927646929));
#12244=SURFACE_STYLE_FILL_AREA(#14761);
#12245=ORIENTED_EDGE('',*,*,#1771,.T.);
#12246=ORIENTED_EDGE('',*,*,#1773,.T.);
#12247=ORIENTED_EDGE('',*,*,#1775,.F.);
#12248=ORIENTED_EDGE('',*,*,#1777,.T.);
#12249=ORIENTED_EDGE('',*,*,#1721,.F.);
#12250=ORIENTED_EDGE('',*,*,#1755,.T.);
#12251=CARTESIAN_POINT('',(0.745892000000004,2.37500315,5.84644786943168));
#12252=DIRECTION('',(-1.0,0.0,0.0));
#12253=DIRECTION('',(0.0,0.0,1.0));
#12254=SURFACE_STYLE_FILL_AREA(#14762);
#12255=ORIENTED_EDGE('',*,*,#1731,.F.);
#12256=ORIENTED_EDGE('',*,*,#1623,.T.);
#12257=ORIENTED_EDGE('',*,*,#1779,.F.);
#12258=ORIENTED_EDGE('',*,*,#1781,.T.);
#12259=ORIENTED_EDGE('',*,*,#1783,.F.);
#12260=ORIENTED_EDGE('',*,*,#1765,.F.);
#12261=CARTESIAN_POINT('',(2.14544542898182,1.70795478871281,3.49999999999998));
#12262=DIRECTION('',(-6.57384087684185E-30,1.0,-1.22875606059488E-14));
#12263=DIRECTION('',(-0.581226860952649,9.9988988088307E-15,0.813741565920735));
#12264=SURFACE_STYLE_FILL_AREA(#14763);
#12265=ORIENTED_EDGE('',*,*,#1775,.T.);
#12266=ORIENTED_EDGE('',*,*,#1785,.T.);
#12267=ORIENTED_EDGE('',*,*,#1763,.T.);
#12268=ORIENTED_EDGE('',*,*,#1683,.F.);
#12269=ORIENTED_EDGE('',*,*,#1787,.T.);
#12270=ORIENTED_EDGE('',*,*,#1789,.F.);
#12271=CARTESIAN_POINT('',(0.702138850000001,2.37500315,5.82499999999997));
#12272=DIRECTION('',(0.0,-1.240627692294E-14,-1.0));
#12273=DIRECTION('',(0.0,-1.0,1.240627692294E-14));
#12274=SURFACE_STYLE_FILL_AREA(#14764);
#12275=ORIENTED_EDGE('',*,*,#1769,.F.);
#12276=ORIENTED_EDGE('',*,*,#1791,.T.);
#12277=ORIENTED_EDGE('',*,*,#1641,.F.);
#12278=ORIENTED_EDGE('',*,*,#1793,.T.);
#12279=ORIENTED_EDGE('',*,*,#1795,.T.);
#12280=ORIENTED_EDGE('',*,*,#1733,.F.);
#12281=CARTESIAN_POINT('',(1.44589200000003,-0.550000000000018,4.47499999999992));
#12282=DIRECTION('',(-4.98915661653278E-17,-1.0,1.26500882728545E-14));
#12283=DIRECTION('',(0.582961190818154,-1.03072815685169E-14,-0.812499999999926));
#12284=SURFACE_STYLE_FILL_AREA(#14765);
#12285=ORIENTED_EDGE('',*,*,#14734,.T.);
#12286=ORIENTED_EDGE('',*,*,#1797,.F.);
#12287=ORIENTED_EDGE('',*,*,#1799,.F.);
#12288=ORIENTED_EDGE('',*,*,#1677,.T.);
#12289=CARTESIAN_POINT('',(2.49589199999997,0.147492124999958,1.57499999999999));
#12290=DIRECTION('',(2.01399563631264E-16,-1.0,1.22853733815071E-14));
#12291=DIRECTION('',(0.999979878080836,1.23459912860489E-16,-0.00634377123143449));
#12292=SURFACE_STYLE_FILL_AREA(#14766);
#12293=ORIENTED_EDGE('',*,*,#1801,.T.);
#12294=ORIENTED_EDGE('',*,*,#1601,.F.);
#12295=ORIENTED_EDGE('',*,*,#1679,.F.);
#12296=ORIENTED_EDGE('',*,*,#1799,.T.);
#12297=CARTESIAN_POINT('',(2.89589199999997,0.147496849999956,1.47874685));
#12298=DIRECTION('',(1.0,0.0,0.0));
#12299=DIRECTION('',(0.0,1.0,0.0));
#12300=SURFACE_STYLE_FILL_AREA(#14767);
#12301=ORIENTED_EDGE('',*,*,#1739,.F.);
#12302=ORIENTED_EDGE('',*,*,#1803,.T.);
#12303=ORIENTED_EDGE('',*,*,#1607,.F.);
#12304=ORIENTED_EDGE('',*,*,#1675,.F.);
#12305=ORIENTED_EDGE('',*,*,#1805,.T.);
#12306=ORIENTED_EDGE('',*,*,#1807,.F.);
#12307=CARTESIAN_POINT('',(0.702138850000001,2.37500314999994,1.17499999999997));
#12308=DIRECTION('',(0.0,-1.24767671327294E-14,-1.0));
#12309=DIRECTION('',(0.0,-1.0,1.24767671327294E-14));
#12310=SURFACE_STYLE_FILL_AREA(#14768);
#12311=ORIENTED_EDGE('',*,*,#1809,.T.);
#12312=ORIENTED_EDGE('',*,*,#1811,.T.);
#12313=ORIENTED_EDGE('',*,*,#1749,.T.);
#12314=ORIENTED_EDGE('',*,*,#1663,.F.);
#12315=CARTESIAN_POINT('',(1.50588885000001,-0.703752227386349,6.84624777261363));
#12316=DIRECTION('',(0.0,0.707106781186539,-0.707106781186557));
#12317=DIRECTION('',(-1.0,0.0,0.0));
#12318=SURFACE_STYLE_FILL_AREA(#14769);
#12319=ORIENTED_EDGE('',*,*,#1813,.T.);
#12320=ORIENTED_EDGE('',*,*,#1815,.F.);
#12321=ORIENTED_EDGE('',*,*,#1817,.F.);
#12322=ORIENTED_EDGE('',*,*,#1713,.T.);
#12323=ORIENTED_EDGE('',*,*,#1617,.T.);
#12324=ORIENTED_EDGE('',*,*,#1819,.T.);
#12325=CARTESIAN_POINT('',(0.745892000000004,2.31628747797454,2.99905740050803));
#12326=DIRECTION('',(-1.0,0.0,0.0));
#12327=DIRECTION('',(0.0,0.0,1.0));
#12328=SURFACE_STYLE_FILL_AREA(#14770);
#12329=ORIENTED_EDGE('',*,*,#14732,.T.);
#12330=ORIENTED_EDGE('',*,*,#1821,.F.);
#12331=ORIENTED_EDGE('',*,*,#1787,.F.);
#12332=ORIENTED_EDGE('',*,*,#1681,.T.);
#12333=CARTESIAN_POINT('',(2.49589199999997,0.147492125000005,5.425));
#12334=DIRECTION('',(-7.04898472709425E-16,-1.0,1.20839738178759E-14));
#12335=DIRECTION('',(0.00634377123143517,1.20792589504793E-14,0.999979878080836));
#12336=SURFACE_STYLE_FILL_AREA(#14771);
#12337=ORIENTED_EDGE('',*,*,#1823,.F.);
#12338=ORIENTED_EDGE('',*,*,#1585,.T.);
#12339=ORIENTED_EDGE('',*,*,#1825,.T.);
#12340=ORIENTED_EDGE('',*,*,#1815,.T.);
#12341=CARTESIAN_POINT('',(0.723728645540724,1.82404646161779,3.02500000000007));
#12342=DIRECTION('',(0.0,1.27516248057313E-14,1.0));
#12343=DIRECTION('',(0.0,-1.0,1.27516248057313E-14));
#12344=SURFACE_STYLE_FILL_AREA(#14772);
#12345=ORIENTED_EDGE('',*,*,#14730,.T.);
#12346=ORIENTED_EDGE('',*,*,#1827,.F.);
#12347=ORIENTED_EDGE('',*,*,#1779,.T.);
#12348=ORIENTED_EDGE('',*,*,#1621,.T.);
#12349=ORIENTED_EDGE('',*,*,#1715,.F.);
#12350=ORIENTED_EDGE('',*,*,#1817,.T.);
#12351=ORIENTED_EDGE('',*,*,#1825,.F.);
#12352=ORIENTED_EDGE('',*,*,#1583,.T.);
#12353=CARTESIAN_POINT('',(1.44589200000003,1.39299209997795,2.52500000000007));
#12354=DIRECTION('',(6.28198951702603E-17,-1.0,1.27080313797327E-14));
#12355=DIRECTION('',(-0.866027464678184,6.29956657286321E-15,0.499996430410334));
#12356=SURFACE_STYLE_FILL_AREA(#14773);
#12357=ORIENTED_EDGE('',*,*,#1829,.F.);
#12358=ORIENTED_EDGE('',*,*,#1595,.F.);
#12359=ORIENTED_EDGE('',*,*,#1743,.T.);
#12360=ORIENTED_EDGE('',*,*,#1831,.F.);
#12361=ORIENTED_EDGE('',*,*,#1727,.F.);
#12362=ORIENTED_EDGE('',*,*,#1637,.F.);
#12363=CARTESIAN_POINT('',(0.895892000000002,1.71177116102483,1.45846354961501));
#12364=DIRECTION('',(-2.24409970505163E-17,1.0,-1.25669583482938E-14));
#12365=DIRECTION('',(0.463202587844169,1.11478920516911E-14,0.886252426013303));
#12366=SURFACE_STYLE_FILL_AREA(#14774);
#12367=ORIENTED_EDGE('',*,*,#1711,.F.);
#12368=ORIENTED_EDGE('',*,*,#1833,.F.);
#12369=ORIENTED_EDGE('',*,*,#1819,.F.);
#12370=ORIENTED_EDGE('',*,*,#1615,.F.);
#12371=CARTESIAN_POINT('',(1.47646639969644,1.8165138562651,3.97499999999989));
#12372=DIRECTION('',(0.0,-1.25529585926178E-14,-1.0));
#12373=DIRECTION('',(0.0,-1.0,1.25529585926178E-14));
#12374=SURFACE_STYLE_FILL_AREA(#14775);
#12375=ORIENTED_EDGE('',*,*,#1829,.T.);
#12376=ORIENTED_EDGE('',*,*,#1635,.T.);
#12377=ORIENTED_EDGE('',*,*,#1781,.F.);
#12378=ORIENTED_EDGE('',*,*,#1827,.T.);
#12379=ORIENTED_EDGE('',*,*,#1597,.T.);
#12380=CARTESIAN_POINT('',(1.44589200000003,1.70500314999997,2.52500000000007));
#12381=DIRECTION('',(-9.61229434417661E-17,1.0,-1.23037367605465E-14));
#12382=DIRECTION('',(-0.49441109834441,-1.07422792229643E-14,-0.869228201241696));
#12383=SURFACE_STYLE_FILL_AREA(#14776);
#12384=ORIENTED_EDGE('',*,*,#1673,.T.);
#12385=ORIENTED_EDGE('',*,*,#1835,.F.);
#12386=ORIENTED_EDGE('',*,*,#1837,.T.);
#12387=ORIENTED_EDGE('',*,*,#1805,.F.);
#12388=CARTESIAN_POINT('',(1.44589200000003,-0.72250315000007,0.226871850000004));
#12389=DIRECTION('',(-1.0,0.0,0.0));
#12390=DIRECTION('',(0.0,0.0,1.0));
#12391=SURFACE_STYLE_FILL_AREA(#14777);
#12392=ORIENTED_EDGE('',*,*,#1771,.F.);
#12393=ORIENTED_EDGE('',*,*,#1753,.T.);
#12394=ORIENTED_EDGE('',*,*,#1735,.T.);
#12395=ORIENTED_EDGE('',*,*,#1795,.F.);
#12396=ORIENTED_EDGE('',*,*,#1839,.F.);
#12397=CARTESIAN_POINT('',(0.895892000000002,1.71044608954184,5.54153645038495));
#12398=DIRECTION('',(3.70704447810865E-16,1.0,-1.18625423299477E-14));
#12399=DIRECTION('',(-0.999985081630963,4.35495459033453E-16,0.00546228116419538));
#12400=SURFACE_STYLE_FILL_AREA(#14778);
#12401=ORIENTED_EDGE('',*,*,#1751,.F.);
#12402=ORIENTED_EDGE('',*,*,#1811,.F.);
#12403=ORIENTED_EDGE('',*,*,#1841,.T.);
#12404=ORIENTED_EDGE('',*,*,#1707,.T.);
#12405=ORIENTED_EDGE('',*,*,#1689,.F.);
#12406=CARTESIAN_POINT('',(2.98963977261367,-0.722503149999986,7.00625222738637));
#12407=DIRECTION('',(0.707106781186548,8.63960460914972E-15,0.707106781186548));
#12408=DIRECTION('',(0.0,-1.0,1.22182460118006E-14));
#12409=SURFACE_STYLE_FILL_AREA(#14779);
#12410=ORIENTED_EDGE('',*,*,#14728,.T.);
#12411=ORIENTED_EDGE('',*,*,#1843,.F.);
#12412=ORIENTED_EDGE('',*,*,#1757,.T.);
#12413=ORIENTED_EDGE('',*,*,#1589,.F.);
#12414=CARTESIAN_POINT('',(1.44589200000003,2.30250839999996,2.52500000000006));
#12415=DIRECTION('',(-4.22874444707992E-15,1.0,-4.22874444707992E-15));
#12416=DIRECTION('',(0.0575640269595657,-3.97830885393743E-15,-0.998341816614028));
#12417=SURFACE_STYLE_FILL_AREA(#14780);
#12418=ORIENTED_EDGE('',*,*,#1631,.T.);
#12419=ORIENTED_EDGE('',*,*,#1845,.F.);
#12420=ORIENTED_EDGE('',*,*,#1643,.F.);
#12421=ORIENTED_EDGE('',*,*,#1791,.F.);
#12422=CARTESIAN_POINT('',(2.1427001459783,-0.70000000000003,3.40662781671573));
#12423=DIRECTION('',(0.0,-1.0,1.18902973623844E-14));
#12424=DIRECTION('',(-1.0,0.0,0.0));
#12425=SURFACE_STYLE_FILL_AREA(#14781);
#12426=ORIENTED_EDGE('',*,*,#1671,.F.);
#12427=ORIENTED_EDGE('',*,*,#1657,.T.);
#12428=ORIENTED_EDGE('',*,*,#1703,.T.);
#12429=ORIENTED_EDGE('',*,*,#1847,.T.);
#12430=ORIENTED_EDGE('',*,*,#1835,.T.);
#12431=CARTESIAN_POINT('',(1.43963977261367,-0.72250315000007,0.256252227386366));
#12432=DIRECTION('',(0.707106781186547,8.80575085163339E-15,0.707106781186548));
#12433=DIRECTION('',(1.24532122812584E-14,-1.0,0.0));
#12434=SURFACE_STYLE_FILL_AREA(#14782);
#12435=ORIENTED_EDGE('',*,*,#1725,.F.);
#12436=ORIENTED_EDGE('',*,*,#1849,.F.);
#12437=ORIENTED_EDGE('',*,*,#1627,.T.);
#12438=ORIENTED_EDGE('',*,*,#1729,.T.);
#12439=ORIENTED_EDGE('',*,*,#1831,.T.);
#12440=ORIENTED_EDGE('',*,*,#1741,.F.);
#12441=ORIENTED_EDGE('',*,*,#1807,.T.);
#12442=ORIENTED_EDGE('',*,*,#1837,.F.);
#12443=ORIENTED_EDGE('',*,*,#1847,.F.);
#12444=ORIENTED_EDGE('',*,*,#1701,.F.);
#12445=ORIENTED_EDGE('',*,*,#1697,.T.);
#12446=ORIENTED_EDGE('',*,*,#1705,.F.);
#12447=ORIENTED_EDGE('',*,*,#1841,.F.);
#12448=ORIENTED_EDGE('',*,*,#1809,.F.);
#12449=ORIENTED_EDGE('',*,*,#1661,.T.);
#12450=ORIENTED_EDGE('',*,*,#1761,.T.);
#12451=ORIENTED_EDGE('',*,*,#1785,.F.);
#12452=ORIENTED_EDGE('',*,*,#1773,.F.);
#12453=ORIENTED_EDGE('',*,*,#1839,.T.);
#12454=ORIENTED_EDGE('',*,*,#1793,.F.);
#12455=ORIENTED_EDGE('',*,*,#1639,.F.);
#12456=CARTESIAN_POINT('',(0.683388850000001,-0.700000000000073,-0.0175031499999909));
#12457=DIRECTION('',(0.0,-1.0,1.2435749253055E-14));
#12458=DIRECTION('',(-1.0,0.0,0.0));
#12459=SURFACE_STYLE_FILL_AREA(#14783);
#12460=ORIENTED_EDGE('',*,*,#1797,.T.);
#12461=ORIENTED_EDGE('',*,*,#1609,.T.);
#12462=ORIENTED_EDGE('',*,*,#1803,.F.);
#12463=ORIENTED_EDGE('',*,*,#1747,.F.);
#12464=ORIENTED_EDGE('',*,*,#1759,.T.);
#12465=ORIENTED_EDGE('',*,*,#1843,.T.);
#12466=ORIENTED_EDGE('',*,*,#1587,.T.);
#12467=ORIENTED_EDGE('',*,*,#1823,.T.);
#12468=ORIENTED_EDGE('',*,*,#1813,.F.);
#12469=ORIENTED_EDGE('',*,*,#1833,.T.);
#12470=ORIENTED_EDGE('',*,*,#1709,.T.);
#12471=ORIENTED_EDGE('',*,*,#1651,.T.);
#12472=ORIENTED_EDGE('',*,*,#1717,.T.);
#12473=ORIENTED_EDGE('',*,*,#1777,.F.);
#12474=ORIENTED_EDGE('',*,*,#1789,.T.);
#12475=ORIENTED_EDGE('',*,*,#1821,.T.);
#12476=ORIENTED_EDGE('',*,*,#1603,.T.);
#12477=ORIENTED_EDGE('',*,*,#1801,.F.);
#12478=CARTESIAN_POINT('',(0.692138850000001,2.29999999999994,1.05874684999997));
#12479=DIRECTION('',(0.0,1.0,-1.24622534514174E-14));
#12480=DIRECTION('',(0.0,-1.24622534514174E-14,-1.0));
#12481=SURFACE_STYLE_FILL_AREA(#14784);
#12482=ORIENTED_EDGE('',*,*,#1723,.F.);
#12483=ORIENTED_EDGE('',*,*,#1645,.F.);
#12484=ORIENTED_EDGE('',*,*,#1845,.T.);
#12485=ORIENTED_EDGE('',*,*,#1629,.T.);
#12486=ORIENTED_EDGE('',*,*,#1849,.T.);
#12487=CARTESIAN_POINT('',(2.69589200000004,-1.09726847290646,3.50000000000002));
#12488=DIRECTION('',(7.26501140904447E-15,1.0,-1.24543052726477E-14));
#12489=DIRECTION('',(1.0,-7.26501140904449E-15,-1.75323748018572E-15));
#12490=SURFACE_STYLE_FILL_AREA(#14785);
#12491=ORIENTED_EDGE('',*,*,#1783,.T.);
#12492=ORIENTED_EDGE('',*,*,#1633,.T.);
#12493=ORIENTED_EDGE('',*,*,#1767,.F.);
#12494=CARTESIAN_POINT('',(2.14544542898182,-0.550000000000029,3.50000000000001));
#12495=DIRECTION('',(5.69739411492235E-14,-1.0,1.99408794022282E-14));
#12496=DIRECTION('',(-0.999525893678115,-5.63329614998667E-14,0.0307894116047186));
#12497=CARTESIAN_POINT('',(1.44589200000003,2.19999999999997,2.52500000000006));
#12498=DIRECTION('',(-2.93873587705572E-39,1.0,-1.24622534514174E-14));
#12499=DIRECTION('',(4.59792204310361E-10,1.24622534514174E-14,1.0));
#12500=CARTESIAN_POINT('',(1.44589200000003,2.19999999999997,2.52500000000006));
#12501=DIRECTION('',(-2.93873587705572E-39,1.0,-1.24622534514174E-14));
#12502=DIRECTION('',(4.59792204310361E-10,1.24622534514174E-14,1.0));
#12503=DIRECTION('',(0.0,-1.0,1.24622534514174E-14));
#12504=CARTESIAN_POINT('',(1.44589200000003,2.29999999999996,2.52500000000006));
#12505=DIRECTION('',(5.3809861030073E-43,-1.0,1.24622534514174E-14));
#12506=DIRECTION('',(-8.54871728961371E-14,-1.24622534514174E-14,-1.0));
#12507=CARTESIAN_POINT('',(1.44589200000003,2.19999999999997,2.52500000000006));
#12508=DIRECTION('',(-2.93873587705572E-39,1.0,-1.24622534514174E-14));
#12509=DIRECTION('',(4.59792204310361E-10,1.24622534514174E-14,1.0));
#12510=CARTESIAN_POINT('',(1.44589200000003,1.64999999999997,2.52500000000007));
#12511=DIRECTION('',(-1.45912746852325E-17,1.0,-1.24825899864535E-14));
#12512=DIRECTION('',(0.582961190818154,1.01506105108586E-14,0.812499999999926));
#12513=CARTESIAN_POINT('',(2.49589199999997,0.200000000000006,5.42499999999999));
#12514=DIRECTION('',(0.0,1.0,-1.22124532708767E-14));
#12515=DIRECTION('',(0.0,1.22124532708767E-14,1.0));
#12516=DIRECTION('',(0.0,1.0,-1.24622534514174E-14));
#12517=CARTESIAN_POINT('',(2.49589199999997,2.3,5.42499999999997));
#12518=DIRECTION('',(0.0,1.0,-1.24622534514174E-14));
#12519=DIRECTION('',(0.0,1.24622534514174E-14,1.0));
#12520=CARTESIAN_POINT('',(2.49589199999997,0.199999999999958,1.57499999999999));
#12521=DIRECTION('',(0.0,1.0,-1.24622534514174E-14));
#12522=DIRECTION('',(1.0,0.0,0.0));
#12523=DIRECTION('',(0.0,1.0,-1.24622534514174E-14));
#12524=CARTESIAN_POINT('',(2.49589199999997,2.29999999999995,1.57499999999997));
#12525=DIRECTION('',(0.0,1.0,-1.24622534514174E-14));
#12526=DIRECTION('',(1.0,0.0,0.0));
#12527=CARTESIAN_POINT('',(1.44589200000003,2.19999999999999,4.47499999999988));
#12528=DIRECTION('',(0.0,-1.0,1.24622534514174E-14));
#12529=DIRECTION('',(0.0,-1.24622534514174E-14,-1.0));
#12530=CARTESIAN_POINT('',(1.44589200000003,2.19999999999999,4.47499999999988));
#12531=DIRECTION('',(0.0,-1.0,1.24622534514174E-14));
#12532=DIRECTION('',(0.0,-1.24622534514174E-14,-1.0));
#12533=CARTESIAN_POINT('',(1.44589200000003,1.64999999999998,4.47499999999989));
#12534=DIRECTION('',(1.06073411578215E-17,-1.0,1.24741128193615E-14));
#12535=DIRECTION('',(-0.666666666683076,-9.30472630162028E-15,-0.745355992485253));
#12536=CARTESIAN_POINT('',(1.44589200000003,1.64999999999999,4.47499999999989));
#12537=DIRECTION('',(-1.45912746852325E-17,-1.0,1.24825899864535E-14));
#12538=DIRECTION('',(0.582961190818154,-1.01506105108586E-14,-0.812499999999926));
#12539=CARTESIAN_POINT('',(1.44589200000003,-0.700000000000041,2.5250000000001));
#12540=DIRECTION('',(-9.17520037690775E-18,1.0,-1.24671965496002E-14));
#12541=DIRECTION('',(0.880366714106548,5.92118946466749E-15,0.47429363130158));
#12542=CARTESIAN_POINT('',(1.44589200000003,-0.700000000000041,2.5250000000001));
#12543=DIRECTION('',(7.78682876732318E-17,1.0,-1.23537248139524E-14));
#12544=DIRECTION('',(0.582961190818159,9.99200722162639E-15,0.812499999999922));
#12545=CARTESIAN_POINT('',(2.14544542898182,-0.550000000000028,3.50000000000001));
#12546=DIRECTION('',(-0.812499999999925,7.26501011231595E-15,0.582961190818156));
#12547=DIRECTION('',(-0.582961190818156,-8.88178419700126E-15,-0.812499999999925));
#12548=CARTESIAN_POINT('',(1.44589200000003,-0.550000000000041,2.5250000000001));
#12549=DIRECTION('',(-3.65344740740694E-17,-1.0,1.23914073636071E-14));
#12550=DIRECTION('',(-0.458333333333363,-1.09964947200967E-14,-0.888780375320882));
#12551=CARTESIAN_POINT('',(2.69589200000004,-0.700000000000029,3.50000000000001));
#12552=DIRECTION('',(0.0,-1.0,1.24622534514174E-14));
#12553=DIRECTION('',(1.0,0.0,0.0));
#12554=CARTESIAN_POINT('',(2.69589200000004,-0.700000000000029,3.50000000000001));
#12555=DIRECTION('',(4.79617469731179E-16,-1.0,1.23654913815602E-14));
#12556=DIRECTION('',(-0.980249695774855,1.97530210283398E-15,0.197763833734339));
#12557=CARTESIAN_POINT('',(2.69589200000004,-1.09726847290646,3.50000000000002));
#12558=DIRECTION('',(-8.22833143575733E-17,-1.2389554325891E-14,-1.0));
#12559=DIRECTION('',(-0.749403022475944,0.662114121510725,-8.14163551391781E-15));
#12560=CARTESIAN_POINT('',(1.44589200000003,2.19999999999999,4.47499999999988));
#12561=DIRECTION('',(0.0,-1.0,1.24622534514174E-14));
#12562=DIRECTION('',(0.0,-1.24622534514174E-14,-1.0));
#12563=DIRECTION('',(0.0,-1.0,1.24622534514174E-14));
#12564=CARTESIAN_POINT('',(1.44589200000003,2.29999999999998,4.47499999999988));
#12565=DIRECTION('',(1.05097384824361E-45,-1.0,1.24622534514174E-14));
#12566=DIRECTION('',(-2.22044604925032E-16,-1.24622534514174E-14,-1.0));
#12567=DIRECTION('',(0.0,1.0,-1.24622534514174E-14));
#12568=DIRECTION('',(1.0,0.0,0.0));
#12569=DIRECTION('',(0.0,-1.0,1.24622534514174E-14));
#12570=DIRECTION('',(-1.0,0.0,0.0));
#12571=DIRECTION('',(-0.707106781186548,-8.81214392436268E-15,-0.707106781186547));
#12572=DIRECTION('',(0.577350269189626,0.577350269189633,0.577350269189619));
#12573=DIRECTION('',(0.0,-1.0,1.24622534514174E-14));
#12574=DIRECTION('',(0.707106781186547,8.81214392436268E-15,0.707106781186548));
#12575=DIRECTION('',(0.0,-1.0,1.24622534514174E-14));
#12576=DIRECTION('',(-0.707106781186548,8.81214392436268E-15,0.707106781186547));
#12577=DIRECTION('',(0.0,-1.24622534514174E-14,-1.0));
#12578=DIRECTION('',(1.0,0.0,0.0));
#12579=CARTESIAN_POINT('',(2.49589199999997,0.199999999999958,1.57499999999999));
#12580=DIRECTION('',(0.0,1.0,-1.24622534514174E-14));
#12581=DIRECTION('',(1.0,0.0,0.0));
#12582=DIRECTION('',(0.0,1.24622534514174E-14,1.0));
#12583=CARTESIAN_POINT('',(2.49589199999997,0.200000000000006,5.42499999999999));
#12584=DIRECTION('',(0.0,1.0,-1.22124532708767E-14));
#12585=DIRECTION('',(0.0,1.22124532708767E-14,1.0));
#12586=DIRECTION('',(-1.0,0.0,0.0));
#12587=DIRECTION('',(0.0,1.24622534514174E-14,1.0));
#12588=DIRECTION('',(-1.0,0.0,0.0));
#12589=DIRECTION('',(0.707106781186548,-8.81214392436268E-15,-0.707106781186548));
#12590=DIRECTION('',(0.0,1.24622534514174E-14,1.0));
#12591=DIRECTION('',(0.707106781186548,8.81214392436268E-15,0.707106781186548));
#12592=DIRECTION('',(0.0,1.0,-1.24622534514174E-14));
#12593=DIRECTION('',(0.707106781186548,8.81214392436268E-15,0.707106781186548));
#12594=DIRECTION('',(-0.577350269189625,0.577350269189619,-0.577350269189633));
#12595=DIRECTION('',(-1.0,0.0,0.0));
#12596=DIRECTION('',(-0.577350269189626,-0.577350269189619,0.577350269189633));
#12597=DIRECTION('',(0.0,-1.24622534514174E-14,-1.0));
#12598=DIRECTION('',(0.0,1.0,-1.24622534514174E-14));
#12599=CARTESIAN_POINT('',(1.44589200000003,2.29999999999998,4.47499999999988));
#12600=DIRECTION('',(1.05097384824361E-45,-1.0,1.24622534514174E-14));
#12601=DIRECTION('',(-2.22044604925032E-16,-1.24622534514174E-14,-1.0));
#12602=DIRECTION('',(0.0,-1.0,1.24622534514174E-14));
#12603=DIRECTION('',(0.0,1.24622534514174E-14,1.0));
#12604=CARTESIAN_POINT('',(1.44589200000003,1.64999999999996,2.52500000000007));
#12605=DIRECTION('',(1.06073410358218E-17,1.0,-1.24741128192257E-14));
#12606=DIRECTION('',(-0.666666666666696,9.30472630162029E-15,0.745355992499903));
#12607=DIRECTION('',(-1.0,0.0,0.0));
#12608=DIRECTION('',(0.0,1.0,-1.24622534514174E-14));
#12609=CARTESIAN_POINT('',(2.69589200000004,-1.09726847290646,3.50000000000002));
#12610=DIRECTION('',(-7.12166094991229E-31,-1.25825276124184E-14,-1.0));
#12611=DIRECTION('',(5.9211894646675E-15,1.0,-1.25825276124184E-14));
#12612=CARTESIAN_POINT('',(2.69589200000004,-0.700000000000029,3.50000000000001));
#12613=DIRECTION('',(0.0,-1.0,1.24622534514174E-14));
#12614=DIRECTION('',(1.0,0.0,0.0));
#12615=CARTESIAN_POINT('',(1.44589200000003,-0.700000000000041,2.5250000000001));
#12616=DIRECTION('',(-9.17520037690775E-18,1.0,-1.24671965496002E-14));
#12617=DIRECTION('',(0.880366714106548,5.92118946466749E-15,0.47429363130158));
#12618=DIRECTION('',(0.0,-1.0,1.24622534514174E-14));
#12619=CARTESIAN_POINT('',(1.44589200000003,-0.550000000000017,4.47499999999992));
#12620=DIRECTION('',(-1.45912746852053E-17,-1.0,1.24825899864534E-14));
#12621=DIRECTION('',(0.582961190818154,-1.01506105108585E-14,-0.812499999999926));
#12622=DIRECTION('',(0.0,-1.0,1.24622534514174E-14));
#12623=CARTESIAN_POINT('',(1.44589200000003,1.64999999999999,4.47499999999989));
#12624=DIRECTION('',(-1.45912746852325E-17,-1.0,1.24825899864535E-14));
#12625=DIRECTION('',(0.582961190818154,-1.01506105108586E-14,-0.812499999999926));
#12626=DIRECTION('',(0.0,-1.0,1.24622534514174E-14));
#12627=DIRECTION('',(0.0,1.24622534514174E-14,1.0));
#12628=DIRECTION('',(0.0,-1.0,1.24622534514174E-14));
#12629=DIRECTION('',(0.0,1.0,-1.24622534514174E-14));
#12630=DIRECTION('',(0.0,-1.24622534514174E-14,-1.0));
#12631=DIRECTION('',(-1.0,0.0,0.0));
#12632=DIRECTION('',(0.0,1.0,-1.24622534514174E-14));
#12633=DIRECTION('',(0.0,-1.0,1.24622534514174E-14));
#12634=DIRECTION('',(1.0,0.0,0.0));
#12635=DIRECTION('',(0.0,-1.24622534514174E-14,-1.0));
#12636=DIRECTION('',(0.0,1.0,-1.24622534514174E-14));
#12637=CARTESIAN_POINT('',(2.14544542898182,-0.550000000000028,3.50000000000001));
#12638=DIRECTION('',(7.25085224182381E-16,-1.0,1.14516686064446E-14));
#12639=DIRECTION('',(-0.582961190818164,8.88178419700129E-15,0.812499999999919));
#12640=CARTESIAN_POINT('',(2.14544542898182,-0.550000000000028,3.50000000000001));
#12641=DIRECTION('',(0.0,1.83834429160849E-14,1.0));
#12642=DIRECTION('',(-1.0,0.0,0.0));
#12643=CARTESIAN_POINT('',(2.14544542898182,-0.550000000000028,3.50000000000001));
#12644=DIRECTION('',(-0.812499999999925,-7.3728508287118E-15,-0.582961190818156));
#12645=DIRECTION('',(1.33226762955019E-14,-1.0,-5.92118946466751E-15));
#12646=DIRECTION('',(0.0,-1.0,1.24622534514174E-14));
#12647=DIRECTION('',(0.0,1.24622534514174E-14,1.0));
#12648=DIRECTION('',(0.0,-1.0,1.24622534514174E-14));
#12649=DIRECTION('',(0.0,-1.24622534514174E-14,-1.0));
#12650=DIRECTION('',(0.0,-1.0,1.24622534514174E-14));
#12651=CARTESIAN_POINT('',(2.14544542898182,-0.550000000000028,3.50000000000001));
#12652=DIRECTION('',(0.0,-1.0,1.24622534514174E-14));
#12653=DIRECTION('',(-1.0,0.0,0.0));
#12654=DIRECTION('',(1.0,0.0,0.0));
#12655=DIRECTION('',(0.0,1.0,-1.24622534514174E-14));
#12656=DIRECTION('',(1.0,0.0,0.0));
#12657=CARTESIAN_POINT('',(1.44589200000003,-0.700000000000017,4.47499999999992));
#12658=DIRECTION('',(7.78682876732318E-17,-1.0,1.23537248139524E-14));
#12659=DIRECTION('',(0.582961190818159,-9.99200722162639E-15,-0.812499999999922));
#12660=CARTESIAN_POINT('',(1.44589200000003,-0.700000000000017,4.47499999999992));
#12661=DIRECTION('',(-9.17520037701403E-18,-1.0,1.24671965496002E-14));
#12662=DIRECTION('',(0.880366714106553,-5.92118946466749E-15,-0.474293631301572));
#12663=CARTESIAN_POINT('',(2.49589199999997,2.29999999999995,1.57499999999997));
#12664=DIRECTION('',(0.0,1.0,-1.24622534514174E-14));
#12665=DIRECTION('',(1.0,0.0,0.0));
#12666=DIRECTION('',(0.0,1.0,-1.24622534514174E-14));
#12667=DIRECTION('',(0.0,1.24622534514174E-14,1.0));
#12668=DIRECTION('',(1.0,0.0,0.0));
#12669=DIRECTION('',(0.0,-1.0,1.24622534514174E-14));
#12670=DIRECTION('',(1.0,0.0,0.0));
#12671=DIRECTION('',(1.0,0.0,0.0));
#12672=DIRECTION('',(-0.577350269189626,0.577350269189633,0.577350269189619));
#12673=DIRECTION('',(0.0,-1.24622534514174E-14,-1.0));
#12674=DIRECTION('',(0.0,1.0,-1.24622534514174E-14));
#12675=DIRECTION('',(0.0,1.0,-1.24622534514174E-14));
#12676=CARTESIAN_POINT('',(2.49589199999997,2.3,5.42499999999997));
#12677=DIRECTION('',(0.0,1.0,-1.24622534514174E-14));
#12678=DIRECTION('',(0.0,1.24622534514174E-14,1.0));
#12679=DIRECTION('',(-1.0,0.0,0.0));
#12680=CARTESIAN_POINT('',(1.44589200000003,1.64999999999997,2.52500000000007));
#12681=DIRECTION('',(-1.45912746852325E-17,1.0,-1.24825899864535E-14));
#12682=DIRECTION('',(0.582961190818154,1.01506105108586E-14,0.812499999999926));
#12683=DIRECTION('',(0.0,-1.0,1.24622534514174E-14));
#12684=CARTESIAN_POINT('',(0.895892000000002,-0.700000000000054,1.45846354961504));
#12685=DIRECTION('',(4.04968235367627E-16,-1.0,1.22202406434181E-14));
#12686=DIRECTION('',(-0.858396944283909,5.9211894646675E-15,0.512986048586166));
#12687=DIRECTION('',(1.0,0.0,0.0));
#12688=DIRECTION('',(0.0,1.0,-1.24622534514174E-14));
#12689=DIRECTION('',(0.0,1.24622534514174E-14,1.0));
#12690=CARTESIAN_POINT('',(0.895892000000002,-0.700000000000004,5.54153645038498));
#12691=DIRECTION('',(0.0,-1.0,1.24622534514174E-14));
#12692=DIRECTION('',(-1.0,0.0,0.0));
#12693=DIRECTION('',(0.707106781186548,-8.81214392436268E-15,-0.707106781186548));
#12694=CARTESIAN_POINT('',(1.44589200000003,2.29999999999996,2.52500000000006));
#12695=DIRECTION('',(5.3809861030073E-43,-1.0,1.24622534514174E-14));
#12696=DIRECTION('',(-8.54871728961371E-14,-1.24622534514174E-14,-1.0));
#12697=CARTESIAN_POINT('',(2.69589200000004,-0.700000000000029,3.50000000000001));
#12698=DIRECTION('',(0.0,-1.0,1.24622534514174E-14));
#12699=DIRECTION('',(-1.0,0.0,0.0));
#12700=DIRECTION('',(-0.707106781186548,8.81214392436268E-15,0.707106781186547));
#12701=CARTESIAN_POINT('',(2.69589200000004,-0.700000000000029,3.50000000000001));
#12702=DIRECTION('',(-1.65429501121819E-16,-1.0,1.2115388434026E-14));
#12703=DIRECTION('',(-0.430475852705276,-1.08641615655869E-14,-0.902602094080036));
#12704=SURFACE_STYLE_FILL_AREA(#14786);
#12705=SURFACE_STYLE_FILL_AREA(#14787);
#12706=ORIENTED_EDGE('',*,*,#14788,.F.);
#12707=ORIENTED_EDGE('',*,*,#2145,.T.);
#12708=ORIENTED_EDGE('',*,*,#2147,.T.);
#12709=ORIENTED_EDGE('',*,*,#2149,.F.);
#12710=CARTESIAN_POINT('',(0.0313313953774233,3.92991000000383,3.1218722095597));
#12711=DIRECTION('',(1.0,0.0,0.0));
#12712=DIRECTION('',(0.0,-0.999979878080836,0.00634377123143407));
#12713=SURFACE_STYLE_FILL_AREA(#14789);
#12714=ORIENTED_EDGE('',*,*,#14790,.F.);
#12715=ORIENTED_EDGE('',*,*,#2151,.T.);
#12716=ORIENTED_EDGE('',*,*,#2153,.T.);
#12717=ORIENTED_EDGE('',*,*,#2155,.F.);
#12718=CARTESIAN_POINT('',(-0.00019114325315919,4.36274934913112,3.1190122095597));
#12719=DIRECTION('',(-1.0,0.0,0.0));
#12720=DIRECTION('',(0.0,0.88636695367171,0.462983394344475));
#12721=SURFACE_STYLE_FILL_AREA(#14791);
#12722=ORIENTED_EDGE('',*,*,#14792,.F.);
#12723=ORIENTED_EDGE('',*,*,#2157,.T.);
#12724=ORIENTED_EDGE('',*,*,#2159,.T.);
#12725=ORIENTED_EDGE('',*,*,#2161,.F.);
#12726=CARTESIAN_POINT('',(-0.000191143253159187,6.33725065088581,3.11901220955939));
#12727=DIRECTION('',(-1.0,0.0,0.0));
#12728=DIRECTION('',(0.0,-0.0207826507305661,0.999784017390062));
#12729=SURFACE_STYLE_FILL_AREA(#14793);
#12730=ORIENTED_EDGE('',*,*,#14794,.F.);
#12731=ORIENTED_EDGE('',*,*,#2163,.T.);
#12732=ORIENTED_EDGE('',*,*,#2165,.T.);
#12733=ORIENTED_EDGE('',*,*,#2167,.F.);
#12734=CARTESIAN_POINT('',(0.0313313953774233,6.77009000001325,3.12187220955961));
#12735=DIRECTION('',(1.0,-0.0,0.0));
#12736=DIRECTION('',(0.0,0.00634377123092912,0.999979878080839));
#12737=SURFACE_STYLE_FILL_AREA(#14795);
#12738=ORIENTED_EDGE('',*,*,#14796,.F.);
#12739=ORIENTED_EDGE('',*,*,#2169,.T.);
#12740=ORIENTED_EDGE('',*,*,#2171,.F.);
#12741=ORIENTED_EDGE('',*,*,#2173,.F.);
#12742=CARTESIAN_POINT('',(-0.000188443745874967,3.42321000001517,5.73679));
#12743=DIRECTION('',(-1.0,0.0,0.0));
#12744=DIRECTION('',(0.0,-0.00634377123143761,0.999979878080836));
#12745=SURFACE_STYLE_FILL_AREA(#14797);
#12746=ORIENTED_EDGE('',*,*,#14798,.F.);
#12747=ORIENTED_EDGE('',*,*,#2175,.T.);
#12748=ORIENTED_EDGE('',*,*,#2177,.F.);
#12749=ORIENTED_EDGE('',*,*,#2179,.F.);
#12750=CARTESIAN_POINT('',(-0.000188443745874974,3.42321000001517,1.26021854700851));
#12751=DIRECTION('',(-1.0,0.0,-0.0));
#12752=DIRECTION('',(0.0,-0.999979878080836,-0.00634377123143506));
#12753=SURFACE_STYLE_FILL_AREA(#14799);
#12754=ORIENTED_EDGE('',*,*,#14800,.F.);
#12755=ORIENTED_EDGE('',*,*,#2181,.T.);
#12756=ORIENTED_EDGE('',*,*,#2183,.F.);
#12757=ORIENTED_EDGE('',*,*,#2185,.F.);
#12758=CARTESIAN_POINT('',(-0.00018844374587497,8.07678999999996,1.26021854700852));
#12759=DIRECTION('',(-1.0,0.0,-0.0));
#12760=DIRECTION('',(0.0,0.00634377123145681,-0.999979878080836));
#12761=SURFACE_STYLE_FILL_AREA(#14801);
#12762=ORIENTED_EDGE('',*,*,#14802,.F.);
#12763=ORIENTED_EDGE('',*,*,#2187,.T.);
#12764=ORIENTED_EDGE('',*,*,#2189,.F.);
#12765=ORIENTED_EDGE('',*,*,#2191,.F.);
#12766=CARTESIAN_POINT('',(-0.000188443745874967,8.07678999999997,5.73679));
#12767=DIRECTION('',(-1.0,0.0,0.0));
#12768=DIRECTION('',(0.0,0.999979878080836,0.00634377123143119));
#12769=SURFACE_STYLE_FILL_AREA(#14803);
#12770=ORIENTED_EDGE('',*,*,#14804,.F.);
#12771=ORIENTED_EDGE('',*,*,#2193,.T.);
#12772=ORIENTED_EDGE('',*,*,#2195,.T.);
#12773=ORIENTED_EDGE('',*,*,#2197,.F.);
#12774=CARTESIAN_POINT('',(-0.000191143253159232,6.33725065088586,4.07144046533681));
#12775=DIRECTION('',(-1.0,0.0,-0.0));
#12776=DIRECTION('',(0.0,-0.886366953671283,-0.462983394345293));
#12777=SURFACE_STYLE_FILL_AREA(#14805);
#12778=ORIENTED_EDGE('',*,*,#14806,.F.);
#12779=ORIENTED_EDGE('',*,*,#2199,.T.);
#12780=ORIENTED_EDGE('',*,*,#2201,.T.);
#12781=ORIENTED_EDGE('',*,*,#2203,.F.);
#12782=CARTESIAN_POINT('',(0.0313313953774233,7.57008999999734,4.06858046533681));
#12783=DIRECTION('',(1.0,-0.0,0.0));
#12784=DIRECTION('',(0.0,0.999979878080836,-0.00634377123143565));
#12785=SURFACE_STYLE_FILL_AREA(#14807);
#12786=ORIENTED_EDGE('',*,*,#14808,.F.);
#12787=ORIENTED_EDGE('',*,*,#2205,.T.);
#12788=ORIENTED_EDGE('',*,*,#2207,.T.);
#12789=ORIENTED_EDGE('',*,*,#2209,.F.);
#12790=CARTESIAN_POINT('',(0.0313313953774233,7.57008999999734,5.2497576163338));
#12791=DIRECTION('',(1.0,-0.0,0.0));
#12792=DIRECTION('',(0.0,0.00634377123143932,0.999979878080836));
#12793=SURFACE_STYLE_FILL_AREA(#14809);
#12794=ORIENTED_EDGE('',*,*,#14810,.F.);
#12795=ORIENTED_EDGE('',*,*,#2211,.T.);
#12796=ORIENTED_EDGE('',*,*,#2213,.T.);
#12797=ORIENTED_EDGE('',*,*,#2215,.F.);
#12798=CARTESIAN_POINT('',(0.0313313953774233,3.9299100000038,5.2497576163338));
#12799=DIRECTION('',(1.0,0.0,0.0));
#12800=DIRECTION('',(0.0,-0.999979878080836,0.00634377123140682));
#12801=SURFACE_STYLE_FILL_AREA(#14811);
#12802=ORIENTED_EDGE('',*,*,#14812,.F.);
#12803=ORIENTED_EDGE('',*,*,#2217,.T.);
#12804=ORIENTED_EDGE('',*,*,#2219,.T.);
#12805=ORIENTED_EDGE('',*,*,#2221,.F.);
#12806=CARTESIAN_POINT('',(0.0313313953774233,3.92991000000384,4.06858046533661));
#12807=DIRECTION('',(1.0,0.0,0.0));
#12808=DIRECTION('',(0.0,-0.00634377123144065,-0.999979878080836));
#12809=SURFACE_STYLE_FILL_AREA(#14813);
#12810=ORIENTED_EDGE('',*,*,#14814,.F.);
#12811=ORIENTED_EDGE('',*,*,#2223,.T.);
#12812=ORIENTED_EDGE('',*,*,#2225,.T.);
#12813=ORIENTED_EDGE('',*,*,#2227,.F.);
#12814=CARTESIAN_POINT('',(-0.000191143253159187,4.36274934913111,4.07144046533662));
#12815=DIRECTION('',(-1.0,0.0,-0.0));
#12816=DIRECTION('',(0.0,0.0207826507300506,-0.999784017390072));
#12817=SURFACE_STYLE_FILL_AREA(#14815);
#12818=ORIENTED_EDGE('',*,*,#14816,.F.);
#12819=ORIENTED_EDGE('',*,*,#2229,.T.);
#12820=ORIENTED_EDGE('',*,*,#14817,.F.);
#12821=ORIENTED_EDGE('',*,*,#2231,.F.);
#12822=CARTESIAN_POINT('',(2.25057036100003,7.34999999999997,0.6124937));
#12823=DIRECTION('',(0.0,0.0,-1.0));
#12824=DIRECTION('',(0.0462165931388343,0.998931442351596,0.0));
#12825=SURFACE_STYLE_FILL_AREA(#14818);
#12826=ORIENTED_EDGE('',*,*,#14819,.F.);
#12827=ORIENTED_EDGE('',*,*,#2233,.T.);
#12828=ORIENTED_EDGE('',*,*,#2235,.T.);
#12829=ORIENTED_EDGE('',*,*,#2237,.T.);
#12830=ORIENTED_EDGE('',*,*,#2239,.F.);
#12831=CARTESIAN_POINT('',(1.29401192058197,2.35750777042311,4.47499999999991));
#12832=DIRECTION('',(0.0,1.0,-0.0));
#12833=DIRECTION('',(-0.684582940379289,0.0,0.728934974974892));
#12834=SURFACE_STYLE_FILL_AREA(#14820);
#12835=ORIENTED_EDGE('',*,*,#14821,.F.);
#12836=ORIENTED_EDGE('',*,*,#2241,.T.);
#12837=ORIENTED_EDGE('',*,*,#2243,.F.);
#12838=ORIENTED_EDGE('',*,*,#2245,.F.);
#12839=ORIENTED_EDGE('',*,*,#2247,.F.);
#12840=CARTESIAN_POINT('',(2.25056999995665,7.34999999999997,-0.0100052500000064));
#12841=DIRECTION('',(1.0585923711448E-16,3.70248375112739E-17,-1.0));
#12842=DIRECTION('',(-0.999921608163913,-0.0125210832955149,-1.06314529688997E-16));
#12843=SURFACE_STYLE_FILL_AREA(#14822);
#12844=ORIENTED_EDGE('',*,*,#14823,.F.);
#12845=ORIENTED_EDGE('',*,*,#2249,.T.);
#12846=ORIENTED_EDGE('',*,*,#2251,.F.);
#12847=ORIENTED_EDGE('',*,*,#2253,.T.);
#12848=ORIENTED_EDGE('',*,*,#2247,.T.);
#12849=CARTESIAN_POINT('',(2.25056999995665,7.34999999999997,0.391244749999988));
#12850=DIRECTION('',(0.0,-0.0,-1.0));
#12851=DIRECTION('',(-0.999979878080696,-0.00634377125347042,0.0));
#12852=SURFACE_STYLE_FILL_AREA(#14824);
#12853=ORIENTED_EDGE('',*,*,#14825,.F.);
#12854=ORIENTED_EDGE('',*,*,#2255,.T.);
#12855=ORIENTED_EDGE('',*,*,#2257,.T.);
#12856=ORIENTED_EDGE('',*,*,#14826,.F.);
#12857=ORIENTED_EDGE('',*,*,#2259,.F.);
#12858=CARTESIAN_POINT('',(2.25056999995662,7.34999999999997,8.0));
#12859=DIRECTION('',(-2.80281655603973E-15,6.83416883883812E-16,1.0));
#12860=DIRECTION('',(-3.41708441941907E-16,1.0,-6.83416883883813E-16));
#12861=SURFACE_STYLE_FILL_AREA(#14827);
#12862=ORIENTED_EDGE('',*,*,#14828,.F.);
#12863=ORIENTED_EDGE('',*,*,#2261,.F.);
#12864=ORIENTED_EDGE('',*,*,#2263,.F.);
#12865=ORIENTED_EDGE('',*,*,#2265,.F.);
#12866=ORIENTED_EDGE('',*,*,#2267,.T.);
#12867=CARTESIAN_POINT('',(1.29401192058197,2.35750777042305,2.52500000000009));
#12868=DIRECTION('',(0.0,1.0,-0.0));
#12869=DIRECTION('',(-0.6885564826318,0.0,0.72518271506271));
#12870=SURFACE_STYLE_FILL_AREA(#14829);
#12871=ORIENTED_EDGE('',*,*,#14830,.F.);
#12872=ORIENTED_EDGE('',*,*,#2269,.T.);
#12873=ORIENTED_EDGE('',*,*,#14831,.F.);
#12874=ORIENTED_EDGE('',*,*,#2271,.F.);
#12875=ORIENTED_EDGE('',*,*,#2257,.F.);
#12876=CARTESIAN_POINT('',(2.25056999995662,7.34999999999997,6.97499685));
#12877=DIRECTION('',(0.0,0.0,-1.0));
#12878=DIRECTION('',(-0.0575640269595673,0.998341816614028,0.0));
#12879=SURFACE_STYLE_FILL_AREA(#14832);
#12880=ORIENTED_EDGE('',*,*,#14833,.F.);
#12881=ORIENTED_EDGE('',*,*,#2273,.T.);
#12882=ORIENTED_EDGE('',*,*,#14834,.F.);
#12883=ORIENTED_EDGE('',*,*,#2275,.F.);
#12884=CARTESIAN_POINT('',(2.25056999995665,7.34999999999997,6.19374475));
#12885=DIRECTION('',(0.0,0.0,-1.0));
#12886=DIRECTION('',(-0.0575640269595695,0.998341816614028,0.0));
#12887=SURFACE_STYLE_FILL_AREA(#14835);
#12888=ORIENTED_EDGE('',*,*,#14836,.F.);
#12889=ORIENTED_EDGE('',*,*,#2277,.T.);
#12890=ORIENTED_EDGE('',*,*,#14837,.F.);
#12891=ORIENTED_EDGE('',*,*,#2279,.F.);
#12892=CARTESIAN_POINT('',(5.75057000000003,7.34999999999997,0.6124937));
#12893=DIRECTION('',(0.0,0.0,-1.0));
#12894=DIRECTION('',(0.0462173340928793,0.998931408070318,0.0));
#12895=SURFACE_STYLE_FILL_AREA(#14838);
#12896=ORIENTED_EDGE('',*,*,#14839,.F.);
#12897=ORIENTED_EDGE('',*,*,#2281,.T.);
#12898=ORIENTED_EDGE('',*,*,#2283,.F.);
#12899=ORIENTED_EDGE('',*,*,#2285,.F.);
#12900=ORIENTED_EDGE('',*,*,#2287,.F.);
#12901=CARTESIAN_POINT('',(5.75057000000003,7.34999999999997,-0.0100052500000002));
#12902=DIRECTION('',(3.52864123714934E-17,1.2341612503758E-17,-1.0));
#12903=DIRECTION('',(-0.999921608163913,-0.0125210832955138,-3.54381765629992E-17));
#12904=SURFACE_STYLE_FILL_AREA(#14840);
#12905=ORIENTED_EDGE('',*,*,#14841,.F.);
#12906=ORIENTED_EDGE('',*,*,#2289,.T.);
#12907=ORIENTED_EDGE('',*,*,#2291,.T.);
#12908=ORIENTED_EDGE('',*,*,#14842,.F.);
#12909=ORIENTED_EDGE('',*,*,#2293,.F.);
#12910=CARTESIAN_POINT('',(5.75057,7.34999999999997,8.0));
#12911=DIRECTION('',(-1.3719153895908E-15,-4.68795070253195E-31,1.0));
#12912=DIRECTION('',(-3.41708441941906E-16,1.0,0.0));
#12913=SURFACE_STYLE_FILL_AREA(#14843);
#12914=ORIENTED_EDGE('',*,*,#14844,.F.);
#12915=ORIENTED_EDGE('',*,*,#2295,.T.);
#12916=ORIENTED_EDGE('',*,*,#14845,.F.);
#12917=ORIENTED_EDGE('',*,*,#2297,.F.);
#12918=ORIENTED_EDGE('',*,*,#2291,.F.);
#12919=CARTESIAN_POINT('',(5.75057,7.34999999999997,6.97499685));
#12920=DIRECTION('',(0.0,0.0,-1.0));
#12921=DIRECTION('',(-0.0575640269595676,0.998341816614028,0.0));
#12922=SURFACE_STYLE_FILL_AREA(#14846);
#12923=ORIENTED_EDGE('',*,*,#14847,.F.);
#12924=ORIENTED_EDGE('',*,*,#2299,.T.);
#12925=ORIENTED_EDGE('',*,*,#14848,.F.);
#12926=ORIENTED_EDGE('',*,*,#2301,.F.);
#12927=CARTESIAN_POINT('',(5.75057000000003,7.34999999999997,6.19374475));
#12928=DIRECTION('',(0.0,0.0,-1.0));
#12929=DIRECTION('',(-0.0575640269595666,0.998341816614028,0.0));
#12930=SURFACE_STYLE_FILL_AREA(#14849);
#12931=ORIENTED_EDGE('',*,*,#14850,.F.);
#12932=ORIENTED_EDGE('',*,*,#2303,.F.);
#12933=ORIENTED_EDGE('',*,*,#2305,.F.);
#12934=ORIENTED_EDGE('',*,*,#2307,.F.);
#12935=ORIENTED_EDGE('',*,*,#2309,.T.);
#12936=CARTESIAN_POINT('',(4.79401192062533,2.35750777042364,2.52500000000009));
#12937=DIRECTION('',(0.0,1.0,-0.0));
#12938=DIRECTION('',(-0.688556482633115,0.0,0.725182715061462));
#12939=SURFACE_STYLE_FILL_AREA(#14851);
#12940=ORIENTED_EDGE('',*,*,#14852,.F.);
#12941=ORIENTED_EDGE('',*,*,#2311,.T.);
#12942=ORIENTED_EDGE('',*,*,#2313,.T.);
#12943=ORIENTED_EDGE('',*,*,#2315,.T.);
#12944=ORIENTED_EDGE('',*,*,#2317,.F.);
#12945=CARTESIAN_POINT('',(4.79401192062533,2.35750777042366,4.47499999999991));
#12946=DIRECTION('',(0.0,1.0,-0.0));
#12947=DIRECTION('',(-0.68458294038633,0.0,0.728934974968279));
#12948=SURFACE_STYLE_FILL_AREA(#14853);
#12949=ORIENTED_EDGE('',*,*,#14854,.F.);
#12950=ORIENTED_EDGE('',*,*,#2319,.T.);
#12951=ORIENTED_EDGE('',*,*,#2321,.F.);
#12952=ORIENTED_EDGE('',*,*,#2323,.T.);
#12953=ORIENTED_EDGE('',*,*,#2287,.T.);
#12954=CARTESIAN_POINT('',(5.75057000000004,7.34999999999997,0.391244750000006));
#12955=DIRECTION('',(0.0,-0.0,-1.0));
#12956=DIRECTION('',(-0.999979878080696,-0.00634377125347798,0.0));
#12957=SURFACE_STYLE_FILL_AREA(#14855);
#12958=ORIENTED_EDGE('',*,*,#2325,.F.);
#12959=ORIENTED_EDGE('',*,*,#2327,.F.);
#12960=ORIENTED_EDGE('',*,*,#2329,.T.);
#12961=ORIENTED_EDGE('',*,*,#2331,.T.);
#12962=CARTESIAN_POINT('',(6.82539738375972,6.44999999999979,2.85749684999999));
#12963=DIRECTION('',(-0.0,1.0,0.0));
#12964=DIRECTION('',(1.0,0.0,0.0));
#12965=SURFACE_STYLE_FILL_AREA(#14856);
#12966=ORIENTED_EDGE('',*,*,#2333,.T.);
#12967=ORIENTED_EDGE('',*,*,#2335,.F.);
#12968=ORIENTED_EDGE('',*,*,#2337,.F.);
#12969=ORIENTED_EDGE('',*,*,#2339,.T.);
#12970=CARTESIAN_POINT('',(5.79942632209509,8.84999999999995,2.85749684999999));
#12971=DIRECTION('',(0.0,-1.0,0.0));
#12972=DIRECTION('',(0.0,0.0,-1.0));
#12973=SURFACE_STYLE_FILL_AREA(#14857);
#12974=ORIENTED_EDGE('',*,*,#2341,.F.);
#12975=ORIENTED_EDGE('',*,*,#2343,.F.);
#12976=ORIENTED_EDGE('',*,*,#2345,.T.);
#12977=ORIENTED_EDGE('',*,*,#2347,.F.);
#12978=CARTESIAN_POINT('',(7.50057000004335,9.58375314999996,7.17500315));
#12979=DIRECTION('',(1.0,0.0,0.0));
#12980=DIRECTION('',(0.0,1.0,0.0));
#12981=SURFACE_STYLE_FILL_AREA(#14858);
#12982=ORIENTED_EDGE('',*,*,#2349,.F.);
#12983=ORIENTED_EDGE('',*,*,#2351,.F.);
#12984=ORIENTED_EDGE('',*,*,#2337,.T.);
#12985=ORIENTED_EDGE('',*,*,#2353,.T.);
#12986=ORIENTED_EDGE('',*,*,#2355,.T.);
#12987=ORIENTED_EDGE('',*,*,#2357,.T.);
#12988=CARTESIAN_POINT('',(6.8500017989887,8.32499684999995,4.60000000000001));
#12989=DIRECTION('',(0.0,0.0,-1.0));
#12990=DIRECTION('',(0.0,-1.0,0.0));
#12991=SURFACE_STYLE_FILL_AREA(#14859);
#12992=ORIENTED_EDGE('',*,*,#2359,.T.);
#12993=ORIENTED_EDGE('',*,*,#2361,.F.);
#12994=ORIENTED_EDGE('',*,*,#2363,.T.);
#12995=ORIENTED_EDGE('',*,*,#2349,.T.);
#12996=CARTESIAN_POINT('',(6.80778823093044,8.34999999999995,6.29125315));
#12997=DIRECTION('',(-0.0,1.0,0.0));
#12998=DIRECTION('',(1.0,0.0,0.0));
#12999=SURFACE_STYLE_FILL_AREA(#14860);
#13000=ORIENTED_EDGE('',*,*,#2365,.T.);
#13001=ORIENTED_EDGE('',*,*,#2353,.F.);
#13002=ORIENTED_EDGE('',*,*,#2335,.T.);
#13003=ORIENTED_EDGE('',*,*,#2367,.F.);
#13004=CARTESIAN_POINT('',(5.82403388732384,9.36250314999997,2.85749684999999));
#13005=DIRECTION('',(1.0,0.0,0.0));
#13006=DIRECTION('',(0.0,1.0,0.0));
#13007=SURFACE_STYLE_FILL_AREA(#14861);
#13008=ORIENTED_EDGE('',*,*,#2369,.T.);
#13009=ORIENTED_EDGE('',*,*,#2371,.F.);
#13010=ORIENTED_EDGE('',*,*,#2373,.F.);
#13011=ORIENTED_EDGE('',*,*,#2375,.T.);
#13012=CARTESIAN_POINT('',(6.82539738375979,7.37931199999995,2.95375314999999));
#13013=DIRECTION('',(0.0,-1.0,0.0));
#13014=DIRECTION('',(0.0,0.0,-1.0));
#13015=SURFACE_STYLE_FILL_AREA(#14862);
#13016=ORIENTED_EDGE('',*,*,#2377,.F.);
#13017=ORIENTED_EDGE('',*,*,#2375,.F.);
#13018=ORIENTED_EDGE('',*,*,#2379,.F.);
#13019=ORIENTED_EDGE('',*,*,#2381,.T.);
#13020=CARTESIAN_POINT('',(6.82539738375973,8.37427034999995,0.75));
#13021=DIRECTION('',(0.0,0.0,1.0));
#13022=DIRECTION('',(1.0,0.0,0.0));
#13023=SURFACE_STYLE_FILL_AREA(#14863);
#13024=ORIENTED_EDGE('',*,*,#2383,.T.);
#13025=ORIENTED_EDGE('',*,*,#2331,.F.);
#13026=ORIENTED_EDGE('',*,*,#2385,.F.);
#13027=ORIENTED_EDGE('',*,*,#2371,.T.);
#13028=CARTESIAN_POINT('',(6.80778823093044,7.40254794999995,2.89999999999999));
#13029=DIRECTION('',(0.0,0.0,-1.0));
#13030=DIRECTION('',(0.0,-1.0,0.0));
#13031=SURFACE_STYLE_FILL_AREA(#14864);
#13032=ORIENTED_EDGE('',*,*,#2333,.F.);
#13033=ORIENTED_EDGE('',*,*,#2387,.T.);
#13034=ORIENTED_EDGE('',*,*,#2389,.T.);
#13035=ORIENTED_EDGE('',*,*,#2391,.F.);
#13036=ORIENTED_EDGE('',*,*,#2393,.F.);
#13037=ORIENTED_EDGE('',*,*,#2367,.T.);
#13038=CARTESIAN_POINT('',(5.79900720655153,9.37500314999997,2.89999999999999));
#13039=DIRECTION('',(0.0,0.0,-1.0));
#13040=DIRECTION('',(0.0,-1.0,0.0));
#13041=SURFACE_STYLE_FILL_AREA(#14865);
#13042=ORIENTED_EDGE('',*,*,#2387,.F.);
#13043=ORIENTED_EDGE('',*,*,#2339,.F.);
#13044=ORIENTED_EDGE('',*,*,#2351,.T.);
#13045=ORIENTED_EDGE('',*,*,#2363,.F.);
#13046=ORIENTED_EDGE('',*,*,#2395,.F.);
#13047=ORIENTED_EDGE('',*,*,#2397,.F.);
#13048=ORIENTED_EDGE('',*,*,#2399,.T.);
#13049=ORIENTED_EDGE('',*,*,#2325,.T.);
#13050=ORIENTED_EDGE('',*,*,#2383,.F.);
#13051=ORIENTED_EDGE('',*,*,#2369,.F.);
#13052=ORIENTED_EDGE('',*,*,#2377,.T.);
#13053=ORIENTED_EDGE('',*,*,#2401,.F.);
#13054=CARTESIAN_POINT('',(6.80821049647399,6.38999684999979,6.38750315));
#13055=DIRECTION('',(1.0,0.0,0.0));
#13056=DIRECTION('',(0.0,1.0,0.0));
#13057=SURFACE_STYLE_FILL_AREA(#14866);
#13058=ORIENTED_EDGE('',*,*,#2403,.F.);
#13059=ORIENTED_EDGE('',*,*,#2405,.F.);
#13060=ORIENTED_EDGE('',*,*,#2407,.T.);
#13061=ORIENTED_EDGE('',*,*,#2409,.F.);
#13062=CARTESIAN_POINT('',(6.76057222738638,9.40000314999997,-0.0100022273863597));
#13063=DIRECTION('',(0.707106781186542,-7.47660832581199E-17,0.707106781186553));
#13064=DIRECTION('',(-1.0573520894915E-16,-1.0,0.0));
#13065=SURFACE_STYLE_FILL_AREA(#14867);
#13066=ORIENTED_EDGE('',*,*,#2397,.T.);
#13067=ORIENTED_EDGE('',*,*,#2411,.F.);
#13068=ORIENTED_EDGE('',*,*,#2413,.F.);
#13069=ORIENTED_EDGE('',*,*,#2415,.T.);
#13070=CARTESIAN_POINT('',(6.82539738375979,7.37931199999995,6.29125315));
#13071=DIRECTION('',(0.0,-1.0,0.0));
#13072=DIRECTION('',(0.0,0.0,-1.0));
#13073=SURFACE_STYLE_FILL_AREA(#14868);
#13074=ORIENTED_EDGE('',*,*,#2395,.T.);
#13075=ORIENTED_EDGE('',*,*,#2361,.T.);
#13076=ORIENTED_EDGE('',*,*,#2417,.F.);
#13077=ORIENTED_EDGE('',*,*,#2411,.T.);
#13078=CARTESIAN_POINT('',(6.82539738375978,8.37427034999995,6.25));
#13079=DIRECTION('',(0.0,0.0,1.0));
#13080=DIRECTION('',(1.0,0.0,0.0));
#13081=SURFACE_STYLE_FILL_AREA(#14869);
#13082=ORIENTED_EDGE('',*,*,#2357,.F.);
#13083=ORIENTED_EDGE('',*,*,#2419,.T.);
#13084=ORIENTED_EDGE('',*,*,#2391,.T.);
#13085=ORIENTED_EDGE('',*,*,#2421,.F.);
#13086=ORIENTED_EDGE('',*,*,#2379,.T.);
#13087=ORIENTED_EDGE('',*,*,#2373,.T.);
#13088=ORIENTED_EDGE('',*,*,#2385,.T.);
#13089=ORIENTED_EDGE('',*,*,#2329,.F.);
#13090=ORIENTED_EDGE('',*,*,#2423,.F.);
#13091=ORIENTED_EDGE('',*,*,#2413,.T.);
#13092=ORIENTED_EDGE('',*,*,#2417,.T.);
#13093=ORIENTED_EDGE('',*,*,#2359,.F.);
#13094=CARTESIAN_POINT('',(6.8249751182164,9.42250314999997,0.61249685));
#13095=DIRECTION('',(-1.0,7.84628901750776E-14,0.0));
#13096=DIRECTION('',(0.0,0.0,1.0));
#13097=SURFACE_STYLE_FILL_AREA(#14870);
#13098=ORIENTED_EDGE('',*,*,#2425,.F.);
#13099=ORIENTED_EDGE('',*,*,#2427,.F.);
#13100=ORIENTED_EDGE('',*,*,#2407,.F.);
#13101=ORIENTED_EDGE('',*,*,#2321,.T.);
#13102=CARTESIAN_POINT('',(6.35056999999999,9.40000314999997,0.75875315));
#13103=DIRECTION('',(1.0,-5.28676044745749E-17,0.0));
#13104=DIRECTION('',(-5.28676044745749E-17,-1.0,0.0));
#13105=SURFACE_STYLE_FILL_AREA(#14871);
#13106=ORIENTED_EDGE('',*,*,#2429,.T.);
#13107=ORIENTED_EDGE('',*,*,#2431,.T.);
#13108=ORIENTED_EDGE('',*,*,#2433,.T.);
#13109=ORIENTED_EDGE('',*,*,#2435,.T.);
#13110=ORIENTED_EDGE('',*,*,#2437,.T.);
#13111=ORIENTED_EDGE('',*,*,#2439,.F.);
#13112=ORIENTED_EDGE('',*,*,#2441,.T.);
#13113=ORIENTED_EDGE('',*,*,#2443,.T.);
#13114=CARTESIAN_POINT('',(6.77983448771807,2.3575034308786,-0.17500315));
#13115=DIRECTION('',(-0.999963420943099,-0.00855317343300752,0.0));
#13116=DIRECTION('',(-0.00855317343300752,0.999963420943099,0.0));
#13117=SURFACE_STYLE_FILL_AREA(#14872);
#13118=ORIENTED_EDGE('',*,*,#2399,.F.);
#13119=ORIENTED_EDGE('',*,*,#2415,.F.);
#13120=ORIENTED_EDGE('',*,*,#2423,.T.);
#13121=ORIENTED_EDGE('',*,*,#2327,.T.);
#13122=CARTESIAN_POINT('',(6.82539738375979,6.42676404999979,4.60000000000001));
#13123=DIRECTION('',(0.0,0.0,-1.0));
#13124=DIRECTION('',(0.0,-1.0,0.0));
#13125=SURFACE_STYLE_FILL_AREA(#14873);
#13126=ORIENTED_EDGE('',*,*,#2445,.T.);
#13127=ORIENTED_EDGE('',*,*,#2437,.F.);
#13128=ORIENTED_EDGE('',*,*,#2447,.T.);
#13129=ORIENTED_EDGE('',*,*,#2343,.T.);
#13130=CARTESIAN_POINT('',(7.51808741601835,1.77635683940025E-15,-0.17500315));
#13131=DIRECTION('',(-0.0,1.0,0.0));
#13132=DIRECTION('',(1.0,0.0,0.0));
#13133=SURFACE_STYLE_FILL_AREA(#14874);
#13134=ORIENTED_EDGE('',*,*,#2401,.T.);
#13135=ORIENTED_EDGE('',*,*,#2381,.F.);
#13136=ORIENTED_EDGE('',*,*,#2421,.T.);
#13137=ORIENTED_EDGE('',*,*,#2389,.F.);
#13138=CARTESIAN_POINT('',(6.80778823093044,8.34999999999995,2.95375314999999));
#13139=DIRECTION('',(-0.0,1.0,0.0));
#13140=DIRECTION('',(1.0,0.0,0.0));
#13141=SURFACE_STYLE_FILL_AREA(#14875);
#13142=ORIENTED_EDGE('',*,*,#14854,.T.);
#13143=ORIENTED_EDGE('',*,*,#2285,.T.);
#13144=ORIENTED_EDGE('',*,*,#2449,.T.);
#13145=ORIENTED_EDGE('',*,*,#2451,.T.);
#13146=CARTESIAN_POINT('',(5.75057000000004,7.34999999999997,0.391244750000006));
#13147=DIRECTION('',(0.0,-0.0,-1.0));
#13148=DIRECTION('',(-0.999979878080696,-0.00634377125347798,0.0));
#13149=SURFACE_STYLE_FILL_AREA(#14876);
#13150=ORIENTED_EDGE('',*,*,#2453,.T.);
#13151=ORIENTED_EDGE('',*,*,#2293,.T.);
#13152=ORIENTED_EDGE('',*,*,#2299,.F.);
#13153=ORIENTED_EDGE('',*,*,#2455,.F.);
#13154=CARTESIAN_POINT('',(5.77057315,6.50999684999995,8.5));
#13155=DIRECTION('',(0.0,0.0,-1.0));
#13156=DIRECTION('',(0.0,-1.0,0.0));
#13157=SURFACE_STYLE_FILL_AREA(#14877);
#13158=ORIENTED_EDGE('',*,*,#2457,.T.);
#13159=ORIENTED_EDGE('',*,*,#2459,.T.);
#13160=ORIENTED_EDGE('',*,*,#2461,.F.);
#13161=ORIENTED_EDGE('',*,*,#2463,.T.);
#13162=ORIENTED_EDGE('',*,*,#2465,.F.);
#13163=ORIENTED_EDGE('',*,*,#2431,.F.);
#13164=CARTESIAN_POINT('',(5.7928657290774,2.35750343099376,0.75));
#13165=DIRECTION('',(0.0,0.0,1.0));
#13166=DIRECTION('',(1.0,0.0,0.0));
#13167=SURFACE_STYLE_FILL_AREA(#14878);
#13168=ORIENTED_EDGE('',*,*,#14852,.T.);
#13169=ORIENTED_EDGE('',*,*,#2467,.F.);
#13170=ORIENTED_EDGE('',*,*,#2469,.T.);
#13171=CARTESIAN_POINT('',(4.79401192062533,2.35750777042366,4.47499999999991));
#13172=DIRECTION('',(0.0,1.0,-0.0));
#13173=DIRECTION('',(-0.68458294038633,0.0,0.728934974968279));
#13174=SURFACE_STYLE_FILL_AREA(#14879);
#13175=ORIENTED_EDGE('',*,*,#2471,.T.);
#13176=ORIENTED_EDGE('',*,*,#2301,.T.);
#13177=ORIENTED_EDGE('',*,*,#2473,.F.);
#13178=ORIENTED_EDGE('',*,*,#2277,.F.);
#13179=CARTESIAN_POINT('',(5.13556685000004,6.71999684999997,6.25));
#13180=DIRECTION('',(0.0,0.0,1.0));
#13181=DIRECTION('',(1.0,0.0,0.0));
#13182=SURFACE_STYLE_FILL_AREA(#14880);
#13183=ORIENTED_EDGE('',*,*,#2475,.F.);
#13184=ORIENTED_EDGE('',*,*,#2443,.F.);
#13185=ORIENTED_EDGE('',*,*,#2477,.T.);
#13186=ORIENTED_EDGE('',*,*,#2479,.T.);
#13187=ORIENTED_EDGE('',*,*,#2481,.T.);
#13188=ORIENTED_EDGE('',*,*,#2483,.T.);
#13189=CARTESIAN_POINT('',(5.7928657290774,2.35750343099383,6.25));
#13190=DIRECTION('',(0.0,0.0,1.0));
#13191=DIRECTION('',(1.0,0.0,0.0));
#13192=SURFACE_STYLE_FILL_AREA(#14881);
#13193=ORIENTED_EDGE('',*,*,#2477,.F.);
#13194=ORIENTED_EDGE('',*,*,#2441,.F.);
#13195=ORIENTED_EDGE('',*,*,#2485,.F.);
#13196=ORIENTED_EDGE('',*,*,#2487,.F.);
#13197=CARTESIAN_POINT('',(4.64752651880629,0.999999999999952,6.23124685000001));
#13198=DIRECTION('',(0.0,-1.0,0.0));
#13199=DIRECTION('',(0.0,0.0,-1.0));
#13200=SURFACE_STYLE_FILL_AREA(#14882);
#13201=ORIENTED_EDGE('',*,*,#2489,.T.);
#13202=ORIENTED_EDGE('',*,*,#2433,.F.);
#13203=ORIENTED_EDGE('',*,*,#2465,.T.);
#13204=ORIENTED_EDGE('',*,*,#2491,.T.);
#13205=CARTESIAN_POINT('',(4.64752651880629,0.999999999999952,-0.0187531500000002));
#13206=DIRECTION('',(0.0,-1.0,0.0));
#13207=DIRECTION('',(0.0,0.0,-1.0));
#13208=SURFACE_STYLE_FILL_AREA(#14883);
#13209=ORIENTED_EDGE('',*,*,#2493,.T.);
#13210=ORIENTED_EDGE('',*,*,#2495,.T.);
#13211=ORIENTED_EDGE('',*,*,#2497,.T.);
#13212=ORIENTED_EDGE('',*,*,#2283,.T.);
#13213=CARTESIAN_POINT('',(4.74056777261366,7.29999684999997,-0.0100022273863613));
#13214=DIRECTION('',(-0.707106781186542,0.0,0.707106781186553));
#13215=DIRECTION('',(0.0,1.0,0.0));
#13216=SURFACE_STYLE_FILL_AREA(#14884);
#13217=ORIENTED_EDGE('',*,*,#14850,.T.);
#13218=ORIENTED_EDGE('',*,*,#2499,.T.);
#13219=ORIENTED_EDGE('',*,*,#2501,.F.);
#13220=CARTESIAN_POINT('',(4.79401192062533,2.35750777042364,2.52500000000009));
#13221=DIRECTION('',(0.0,1.0,-0.0));
#13222=DIRECTION('',(-0.688556482633115,0.0,0.725182715061462));
#13223=SURFACE_STYLE_FILL_AREA(#14885);
#13224=ORIENTED_EDGE('',*,*,#2503,.F.);
#13225=ORIENTED_EDGE('',*,*,#2505,.T.);
#13226=ORIENTED_EDGE('',*,*,#2461,.T.);
#13227=ORIENTED_EDGE('',*,*,#2507,.F.);
#13228=ORIENTED_EDGE('',*,*,#2305,.T.);
#13229=ORIENTED_EDGE('',*,*,#2509,.F.);
#13230=ORIENTED_EDGE('',*,*,#2313,.F.);
#13231=ORIENTED_EDGE('',*,*,#2511,.F.);
#13232=ORIENTED_EDGE('',*,*,#2481,.F.);
#13233=ORIENTED_EDGE('',*,*,#2513,.F.);
#13234=ORIENTED_EDGE('',*,*,#2515,.T.);
#13235=ORIENTED_EDGE('',*,*,#2517,.T.);
#13236=CARTESIAN_POINT('',(4.70879708478022,0.0,7.17500315));
#13237=DIRECTION('',(0.0,-1.0,0.0));
#13238=DIRECTION('',(0.0,0.0,-1.0));
#13239=SURFACE_STYLE_FILL_AREA(#14886);
#13240=ORIENTED_EDGE('',*,*,#2479,.F.);
#13241=ORIENTED_EDGE('',*,*,#2487,.T.);
#13242=ORIENTED_EDGE('',*,*,#2519,.T.);
#13243=ORIENTED_EDGE('',*,*,#2513,.T.);
#13244=CARTESIAN_POINT('',(4.67443309151834,-0.0250031500000461,6.23124685000001));
#13245=DIRECTION('',(1.0,0.0,0.0));
#13246=DIRECTION('',(0.0,1.0,0.0));
#13247=SURFACE_STYLE_FILL_AREA(#14887);
#13248=ORIENTED_EDGE('',*,*,#14847,.T.);
#13249=ORIENTED_EDGE('',*,*,#2471,.F.);
#13250=ORIENTED_EDGE('',*,*,#14848,.T.);
#13251=ORIENTED_EDGE('',*,*,#2455,.T.);
#13252=CARTESIAN_POINT('',(5.75057000000003,7.34999999999997,6.19374475));
#13253=DIRECTION('',(0.0,0.0,-1.0));
#13254=DIRECTION('',(-0.0575640269595666,0.998341816614028,0.0));
#13255=SURFACE_STYLE_FILL_AREA(#14888);
#13256=ORIENTED_EDGE('',*,*,#2521,.T.);
#13257=ORIENTED_EDGE('',*,*,#2457,.F.);
#13258=ORIENTED_EDGE('',*,*,#2429,.F.);
#13259=ORIENTED_EDGE('',*,*,#2475,.T.);
#13260=ORIENTED_EDGE('',*,*,#2523,.T.);
#13261=ORIENTED_EDGE('',*,*,#2467,.T.);
#13262=ORIENTED_EDGE('',*,*,#2317,.T.);
#13263=ORIENTED_EDGE('',*,*,#2525,.T.);
#13264=ORIENTED_EDGE('',*,*,#2499,.F.);
#13265=ORIENTED_EDGE('',*,*,#2309,.F.);
#13266=CARTESIAN_POINT('',(3.00332137554479,2.30000027414024,0.2));
#13267=DIRECTION('',(0.0,1.0,-1.24575538550859E-14));
#13268=DIRECTION('',(0.0,-1.24575538550859E-14,-1.0));
#13269=SURFACE_STYLE_FILL_AREA(#14889);
#13270=ORIENTED_EDGE('',*,*,#2527,.T.);
#13271=ORIENTED_EDGE('',*,*,#2529,.F.);
#13272=ORIENTED_EDGE('',*,*,#2449,.F.);
#13273=ORIENTED_EDGE('',*,*,#2497,.F.);
#13274=CARTESIAN_POINT('',(5.15057000000001,7.29999684999997,0.75875315));
#13275=DIRECTION('',(-1.0,0.0,0.0));
#13276=DIRECTION('',(0.0,0.0,1.0));
#13277=SURFACE_STYLE_FILL_AREA(#14890);
#13278=ORIENTED_EDGE('',*,*,#2531,.T.);
#13279=ORIENTED_EDGE('',*,*,#2533,.F.);
#13280=ORIENTED_EDGE('',*,*,#2535,.F.);
#13281=ORIENTED_EDGE('',*,*,#2537,.T.);
#13282=CARTESIAN_POINT('',(3.26057222738638,9.40000314999997,-0.0100022273863615));
#13283=DIRECTION('',(0.707106781186542,-7.47660832581199E-17,0.707106781186553));
#13284=DIRECTION('',(-1.0573520894915E-16,-1.0,0.0));
#13285=SURFACE_STYLE_FILL_AREA(#14891);
#13286=ORIENTED_EDGE('',*,*,#2451,.F.);
#13287=ORIENTED_EDGE('',*,*,#2529,.T.);
#13288=ORIENTED_EDGE('',*,*,#2539,.T.);
#13289=ORIENTED_EDGE('',*,*,#2425,.T.);
#13290=ORIENTED_EDGE('',*,*,#2319,.F.);
#13291=ORIENTED_EDGE('',*,*,#2279,.T.);
#13292=ORIENTED_EDGE('',*,*,#2541,.T.);
#13293=CARTESIAN_POINT('',(5.76557315,9.41500314999996,0.75));
#13294=DIRECTION('',(0.0,0.0,1.0));
#13295=DIRECTION('',(1.0,0.0,0.0));
#13296=SURFACE_STYLE_FILL_AREA(#14892);
#13297=ORIENTED_EDGE('',*,*,#14844,.T.);
#13298=ORIENTED_EDGE('',*,*,#2289,.F.);
#13299=ORIENTED_EDGE('',*,*,#2543,.F.);
#13300=ORIENTED_EDGE('',*,*,#14845,.T.);
#13301=ORIENTED_EDGE('',*,*,#2545,.T.);
#13302=CARTESIAN_POINT('',(5.75057,7.34999999999997,6.97499685));
#13303=DIRECTION('',(0.0,0.0,-1.0));
#13304=DIRECTION('',(-0.0575640269595676,0.998341816614028,0.0));
#13305=SURFACE_STYLE_FILL_AREA(#14893);
#13306=ORIENTED_EDGE('',*,*,#2547,.T.);
#13307=ORIENTED_EDGE('',*,*,#2549,.T.);
#13308=ORIENTED_EDGE('',*,*,#2551,.T.);
#13309=ORIENTED_EDGE('',*,*,#2553,.F.);
#13310=ORIENTED_EDGE('',*,*,#2517,.F.);
#13311=ORIENTED_EDGE('',*,*,#2555,.T.);
#13312=ORIENTED_EDGE('',*,*,#2557,.T.);
#13313=ORIENTED_EDGE('',*,*,#2559,.F.);
#13314=CARTESIAN_POINT('',(3.2798344877181,2.35750343087861,-0.17500315));
#13315=DIRECTION('',(-0.999963420943099,-0.0085531734330075,0.0));
#13316=DIRECTION('',(-0.0085531734330075,0.999963420943099,0.0));
#13317=SURFACE_STYLE_FILL_AREA(#14894);
#13318=ORIENTED_EDGE('',*,*,#2561,.T.);
#13319=ORIENTED_EDGE('',*,*,#2563,.F.);
#13320=ORIENTED_EDGE('',*,*,#2565,.T.);
#13321=ORIENTED_EDGE('',*,*,#2567,.F.);
#13322=CARTESIAN_POINT('',(3.35000179898871,8.83749684999995,4.60000000000001));
#13323=DIRECTION('',(0.0,0.0,-1.0));
#13324=DIRECTION('',(0.0,-1.0,0.0));
#13325=SURFACE_STYLE_FILL_AREA(#14895);
#13326=ORIENTED_EDGE('',*,*,#2567,.T.);
#13327=ORIENTED_EDGE('',*,*,#2569,.F.);
#13328=ORIENTED_EDGE('',*,*,#2571,.T.);
#13329=ORIENTED_EDGE('',*,*,#2573,.T.);
#13330=CARTESIAN_POINT('',(3.32497511821639,9.36250314999997,2.85749684999999));
#13331=DIRECTION('',(-1.0,7.82433504343271E-14,0.0));
#13332=DIRECTION('',(0.0,0.0,1.0));
#13333=SURFACE_STYLE_FILL_AREA(#14896);
#13334=ORIENTED_EDGE('',*,*,#14841,.T.);
#13335=ORIENTED_EDGE('',*,*,#2453,.F.);
#13336=ORIENTED_EDGE('',*,*,#14842,.T.);
#13337=ORIENTED_EDGE('',*,*,#2297,.T.);
#13338=ORIENTED_EDGE('',*,*,#2543,.T.);
#13339=CARTESIAN_POINT('',(5.75057,7.34999999999997,8.0));
#13340=DIRECTION('',(-1.3719153895908E-15,-4.68795070253195E-31,1.0));
#13341=DIRECTION('',(-3.41708441941906E-16,1.0,0.0));
#13342=SURFACE_STYLE_FILL_AREA(#14897);
#13343=ORIENTED_EDGE('',*,*,#14839,.T.);
#13344=ORIENTED_EDGE('',*,*,#2323,.F.);
#13345=ORIENTED_EDGE('',*,*,#2405,.T.);
#13346=ORIENTED_EDGE('',*,*,#2575,.T.);
#13347=CARTESIAN_POINT('',(5.75057000000003,7.34999999999997,-0.0100052500000002));
#13348=DIRECTION('',(3.52864123714934E-17,1.2341612503758E-17,-1.0));
#13349=DIRECTION('',(-0.999921608163913,-0.0125210832955138,-3.54381765629992E-17));
#13350=SURFACE_STYLE_FILL_AREA(#14898);
#13351=ORIENTED_EDGE('',*,*,#2505,.F.);
#13352=ORIENTED_EDGE('',*,*,#2577,.T.);
#13353=ORIENTED_EDGE('',*,*,#2491,.F.);
#13354=ORIENTED_EDGE('',*,*,#2463,.F.);
#13355=CARTESIAN_POINT('',(4.67443309151834,-0.0250031500000461,0.768753149999994));
#13356=DIRECTION('',(-1.0,0.0,0.0));
#13357=DIRECTION('',(0.0,0.0,1.0));
#13358=SURFACE_STYLE_FILL_AREA(#14899);
#13359=ORIENTED_EDGE('',*,*,#2573,.F.);
#13360=ORIENTED_EDGE('',*,*,#2579,.T.);
#13361=ORIENTED_EDGE('',*,*,#2581,.F.);
#13362=ORIENTED_EDGE('',*,*,#2561,.F.);
#13363=CARTESIAN_POINT('',(2.29900720655153,8.84999999999995,2.85749684999999));
#13364=DIRECTION('',(0.0,-1.0,0.0));
#13365=DIRECTION('',(0.0,0.0,-1.0));
#13366=SURFACE_STYLE_FILL_AREA(#14900);
#13367=ORIENTED_EDGE('',*,*,#2523,.F.);
#13368=ORIENTED_EDGE('',*,*,#2483,.F.);
#13369=ORIENTED_EDGE('',*,*,#2511,.T.);
#13370=ORIENTED_EDGE('',*,*,#2311,.F.);
#13371=ORIENTED_EDGE('',*,*,#2469,.F.);
#13372=CARTESIAN_POINT('',(4.05837492420752,-0.0575101986165558,6.27563562422662));
#13373=DIRECTION('',(-0.999963420943099,0.00855317343299924,0.0));
#13374=DIRECTION('',(0.0,0.0,1.0));
#13375=SURFACE_STYLE_FILL_AREA(#14901);
#13376=ORIENTED_EDGE('',*,*,#2251,.T.);
#13377=ORIENTED_EDGE('',*,*,#2583,.F.);
#13378=ORIENTED_EDGE('',*,*,#2585,.T.);
#13379=ORIENTED_EDGE('',*,*,#2535,.T.);
#13380=CARTESIAN_POINT('',(2.85057,9.40000314999997,0.75875315));
#13381=DIRECTION('',(1.0,-5.2867604474575E-17,0.0));
#13382=DIRECTION('',(-5.2867604474575E-17,-1.0,0.0));
#13383=SURFACE_STYLE_FILL_AREA(#14902);
#13384=ORIENTED_EDGE('',*,*,#2587,.F.);
#13385=ORIENTED_EDGE('',*,*,#2563,.T.);
#13386=ORIENTED_EDGE('',*,*,#2581,.T.);
#13387=ORIENTED_EDGE('',*,*,#2589,.T.);
#13388=CARTESIAN_POINT('',(2.32403388732387,9.36250314999997,2.85749684999999));
#13389=DIRECTION('',(1.0,0.0,0.0));
#13390=DIRECTION('',(0.0,1.0,0.0));
#13391=SURFACE_STYLE_FILL_AREA(#14903);
#13392=ORIENTED_EDGE('',*,*,#2579,.F.);
#13393=ORIENTED_EDGE('',*,*,#2571,.F.);
#13394=ORIENTED_EDGE('',*,*,#2591,.T.);
#13395=ORIENTED_EDGE('',*,*,#2589,.F.);
#13396=CARTESIAN_POINT('',(2.29900720655153,9.36250314999997,2.89999999999999));
#13397=DIRECTION('',(0.0,0.0,-1.0));
#13398=DIRECTION('',(0.0,-1.0,0.0));
#13399=SURFACE_STYLE_FILL_AREA(#14904);
#13400=ORIENTED_EDGE('',*,*,#2315,.F.);
#13401=ORIENTED_EDGE('',*,*,#2509,.T.);
#13402=ORIENTED_EDGE('',*,*,#2303,.T.);
#13403=ORIENTED_EDGE('',*,*,#2501,.T.);
#13404=ORIENTED_EDGE('',*,*,#2525,.F.);
#13405=CARTESIAN_POINT('',(4.05837492420751,-0.0575101986178117,3.73656706751705));
#13406=DIRECTION('',(-0.999963420943099,0.00855317343299914,0.0));
#13407=DIRECTION('',(0.0,0.0,1.0));
#13408=SURFACE_STYLE_FILL_AREA(#14905);
#13409=ORIENTED_EDGE('',*,*,#2307,.T.);
#13410=ORIENTED_EDGE('',*,*,#2507,.T.);
#13411=ORIENTED_EDGE('',*,*,#2459,.F.);
#13412=ORIENTED_EDGE('',*,*,#2521,.F.);
#13413=CARTESIAN_POINT('',(4.05837492420752,-0.0575101986167281,1.80093459329108));
#13414=DIRECTION('',(-0.999963420943099,0.00855317343299915,0.0));
#13415=DIRECTION('',(0.0,0.0,1.0));
#13416=SURFACE_STYLE_FILL_AREA(#14906);
#13417=ORIENTED_EDGE('',*,*,#14836,.T.);
#13418=ORIENTED_EDGE('',*,*,#2541,.F.);
#13419=ORIENTED_EDGE('',*,*,#14837,.T.);
#13420=ORIENTED_EDGE('',*,*,#2473,.T.);
#13421=CARTESIAN_POINT('',(5.75057000000003,7.34999999999997,0.6124937));
#13422=DIRECTION('',(0.0,0.0,-1.0));
#13423=DIRECTION('',(0.0462173340928793,0.998931408070318,0.0));
#13424=SURFACE_STYLE_FILL_AREA(#14907);
#13425=ORIENTED_EDGE('',*,*,#2593,.F.);
#13426=ORIENTED_EDGE('',*,*,#2237,.F.);
#13427=ORIENTED_EDGE('',*,*,#2595,.T.);
#13428=ORIENTED_EDGE('',*,*,#2261,.T.);
#13429=ORIENTED_EDGE('',*,*,#2597,.T.);
#13430=CARTESIAN_POINT('',(0.558374924164163,-0.057510198616705,3.73656706751509));
#13431=DIRECTION('',(-0.999963420943099,0.00855317343299918,0.0));
#13432=DIRECTION('',(0.0,0.0,1.0));
#13433=SURFACE_STYLE_FILL_AREA(#14908);
#13434=ORIENTED_EDGE('',*,*,#2599,.F.);
#13435=ORIENTED_EDGE('',*,*,#2601,.F.);
#13436=ORIENTED_EDGE('',*,*,#2603,.F.);
#13437=ORIENTED_EDGE('',*,*,#2605,.T.);
#13438=CARTESIAN_POINT('',(1.17443309147499,-0.0250031500000479,6.23124685000001));
#13439=DIRECTION('',(1.0,0.0,0.0));
#13440=DIRECTION('',(0.0,1.0,0.0));
#13441=SURFACE_STYLE_FILL_AREA(#14909);
#13442=ORIENTED_EDGE('',*,*,#2607,.F.);
#13443=ORIENTED_EDGE('',*,*,#2609,.T.);
#13444=ORIENTED_EDGE('',*,*,#2611,.F.);
#13445=ORIENTED_EDGE('',*,*,#2583,.T.);
#13446=ORIENTED_EDGE('',*,*,#2249,.F.);
#13447=ORIENTED_EDGE('',*,*,#2231,.T.);
#13448=ORIENTED_EDGE('',*,*,#2613,.T.);
#13449=CARTESIAN_POINT('',(2.26557314995662,9.41500314999996,0.75));
#13450=DIRECTION('',(0.0,0.0,1.0));
#13451=DIRECTION('',(1.0,0.0,0.0));
#13452=SURFACE_STYLE_FILL_AREA(#14910);
#13453=ORIENTED_EDGE('',*,*,#14833,.T.);
#13454=ORIENTED_EDGE('',*,*,#2615,.F.);
#13455=ORIENTED_EDGE('',*,*,#14834,.T.);
#13456=ORIENTED_EDGE('',*,*,#2617,.T.);
#13457=CARTESIAN_POINT('',(2.25056999995665,7.34999999999997,6.19374475));
#13458=DIRECTION('',(0.0,0.0,-1.0));
#13459=DIRECTION('',(-0.0575640269595695,0.998341816614028,0.0));
#13460=SURFACE_STYLE_FILL_AREA(#14911);
#13461=ORIENTED_EDGE('',*,*,#2609,.F.);
#13462=ORIENTED_EDGE('',*,*,#2619,.F.);
#13463=ORIENTED_EDGE('',*,*,#2621,.T.);
#13464=ORIENTED_EDGE('',*,*,#2623,.F.);
#13465=CARTESIAN_POINT('',(1.65056999995662,7.29999684999997,0.75875315));
#13466=DIRECTION('',(-1.0,1.0573520894915E-16,0.0));
#13467=DIRECTION('',(0.0,0.0,1.0));
#13468=SURFACE_STYLE_FILL_AREA(#14912);
#13469=ORIENTED_EDGE('',*,*,#2625,.F.);
#13470=ORIENTED_EDGE('',*,*,#2347,.T.);
#13471=ORIENTED_EDGE('',*,*,#2627,.F.);
#13472=ORIENTED_EDGE('',*,*,#2409,.T.);
#13473=ORIENTED_EDGE('',*,*,#2427,.T.);
#13474=ORIENTED_EDGE('',*,*,#2539,.F.);
#13475=ORIENTED_EDGE('',*,*,#2527,.F.);
#13476=ORIENTED_EDGE('',*,*,#2495,.F.);
#13477=ORIENTED_EDGE('',*,*,#2629,.T.);
#13478=ORIENTED_EDGE('',*,*,#2537,.F.);
#13479=ORIENTED_EDGE('',*,*,#2585,.F.);
#13480=ORIENTED_EDGE('',*,*,#2611,.T.);
#13481=ORIENTED_EDGE('',*,*,#2623,.T.);
#13482=ORIENTED_EDGE('',*,*,#2631,.T.);
#13483=ORIENTED_EDGE('',*,*,#2633,.F.);
#13484=ORIENTED_EDGE('',*,*,#2635,.F.);
#13485=ORIENTED_EDGE('',*,*,#2355,.F.);
#13486=ORIENTED_EDGE('',*,*,#2365,.F.);
#13487=ORIENTED_EDGE('',*,*,#2393,.T.);
#13488=ORIENTED_EDGE('',*,*,#2419,.F.);
#13489=ORIENTED_EDGE('',*,*,#2565,.F.);
#13490=ORIENTED_EDGE('',*,*,#2587,.T.);
#13491=ORIENTED_EDGE('',*,*,#2591,.F.);
#13492=ORIENTED_EDGE('',*,*,#2569,.T.);
#13493=CARTESIAN_POINT('',(-0.0556831499989154,9.34999999999997,7.17500315));
#13494=DIRECTION('',(-0.0,1.0,0.0));
#13495=DIRECTION('',(1.0,0.0,0.0));
#13496=SURFACE_STYLE_FILL_AREA(#14913);
#13497=ORIENTED_EDGE('',*,*,#2637,.T.);
#13498=ORIENTED_EDGE('',*,*,#2551,.F.);
#13499=ORIENTED_EDGE('',*,*,#2639,.F.);
#13500=ORIENTED_EDGE('',*,*,#2641,.F.);
#13501=CARTESIAN_POINT('',(1.14752651876295,0.999999999999948,-0.0187531500000002));
#13502=DIRECTION('',(0.0,-1.0,0.0));
#13503=DIRECTION('',(0.0,0.0,-1.0));
#13504=SURFACE_STYLE_FILL_AREA(#14914);
#13505=ORIENTED_EDGE('',*,*,#2643,.F.);
#13506=ORIENTED_EDGE('',*,*,#2645,.F.);
#13507=ORIENTED_EDGE('',*,*,#2647,.T.);
#13508=ORIENTED_EDGE('',*,*,#2233,.F.);
#13509=ORIENTED_EDGE('',*,*,#2649,.F.);
#13510=CARTESIAN_POINT('',(0.55837492416413,-0.0575101986205615,6.2756356242266));
#13511=DIRECTION('',(-0.999963420943099,0.00855317343299919,0.0));
#13512=DIRECTION('',(0.0,0.0,1.0));
#13513=SURFACE_STYLE_FILL_AREA(#14915);
#13514=ORIENTED_EDGE('',*,*,#14830,.T.);
#13515=ORIENTED_EDGE('',*,*,#2255,.F.);
#13516=ORIENTED_EDGE('',*,*,#2651,.F.);
#13517=ORIENTED_EDGE('',*,*,#14831,.T.);
#13518=ORIENTED_EDGE('',*,*,#2653,.T.);
#13519=CARTESIAN_POINT('',(2.25056999995662,7.34999999999997,6.97499685));
#13520=DIRECTION('',(0.0,0.0,-1.0));
#13521=DIRECTION('',(-0.0575640269595673,0.998341816614028,0.0));
#13522=SURFACE_STYLE_FILL_AREA(#14916);
#13523=ORIENTED_EDGE('',*,*,#14828,.T.);
#13524=ORIENTED_EDGE('',*,*,#2655,.T.);
#13525=ORIENTED_EDGE('',*,*,#2597,.F.);
#13526=CARTESIAN_POINT('',(1.29401192058197,2.35750777042305,2.52500000000009));
#13527=DIRECTION('',(0.0,1.0,-0.0));
#13528=DIRECTION('',(-0.6885564826318,0.0,0.72518271506271));
#13529=SURFACE_STYLE_FILL_AREA(#14917);
#13530=ORIENTED_EDGE('',*,*,#2615,.T.);
#13531=ORIENTED_EDGE('',*,*,#2275,.T.);
#13532=ORIENTED_EDGE('',*,*,#2657,.F.);
#13533=ORIENTED_EDGE('',*,*,#2229,.F.);
#13534=CARTESIAN_POINT('',(2.26557314995662,7.98000314999996,6.25));
#13535=DIRECTION('',(0.0,0.0,1.0));
#13536=DIRECTION('',(1.0,0.0,0.0));
#13537=SURFACE_STYLE_FILL_AREA(#14918);
#13538=ORIENTED_EDGE('',*,*,#2235,.F.);
#13539=ORIENTED_EDGE('',*,*,#2647,.F.);
#13540=ORIENTED_EDGE('',*,*,#2659,.F.);
#13541=ORIENTED_EDGE('',*,*,#2605,.F.);
#13542=ORIENTED_EDGE('',*,*,#2661,.F.);
#13543=ORIENTED_EDGE('',*,*,#2663,.F.);
#13544=ORIENTED_EDGE('',*,*,#2665,.T.);
#13545=ORIENTED_EDGE('',*,*,#2667,.T.);
#13546=ORIENTED_EDGE('',*,*,#2669,.T.);
#13547=ORIENTED_EDGE('',*,*,#2671,.F.);
#13548=ORIENTED_EDGE('',*,*,#2263,.T.);
#13549=ORIENTED_EDGE('',*,*,#2595,.F.);
#13550=CARTESIAN_POINT('',(1.31244560548628,-1.77635683940025E-15,7.7));
#13551=DIRECTION('',(0.0,-1.0,0.0));
#13552=DIRECTION('',(0.0,0.0,-1.0));
#13553=SURFACE_STYLE_FILL_AREA(#14919);
#13554=ORIENTED_EDGE('',*,*,#2673,.T.);
#13555=ORIENTED_EDGE('',*,*,#2259,.T.);
#13556=ORIENTED_EDGE('',*,*,#2273,.F.);
#13557=ORIENTED_EDGE('',*,*,#2617,.F.);
#13558=CARTESIAN_POINT('',(2.27057314995662,8.19000314999997,8.5));
#13559=DIRECTION('',(0.0,0.0,1.0));
#13560=DIRECTION('',(1.0,0.0,0.0));
#13561=SURFACE_STYLE_FILL_AREA(#14920);
#13562=ORIENTED_EDGE('',*,*,#2625,.T.);
#13563=ORIENTED_EDGE('',*,*,#2675,.T.);
#13564=ORIENTED_EDGE('',*,*,#2661,.T.);
#13565=ORIENTED_EDGE('',*,*,#2603,.T.);
#13566=ORIENTED_EDGE('',*,*,#2677,.T.);
#13567=ORIENTED_EDGE('',*,*,#2555,.F.);
#13568=ORIENTED_EDGE('',*,*,#2515,.F.);
#13569=ORIENTED_EDGE('',*,*,#2519,.F.);
#13570=ORIENTED_EDGE('',*,*,#2485,.T.);
#13571=ORIENTED_EDGE('',*,*,#2439,.T.);
#13572=ORIENTED_EDGE('',*,*,#2445,.F.);
#13573=ORIENTED_EDGE('',*,*,#2341,.T.);
#13574=ORIENTED_EDGE('',*,*,#2295,.F.);
#13575=ORIENTED_EDGE('',*,*,#2545,.F.);
#13576=ORIENTED_EDGE('',*,*,#2269,.F.);
#13577=ORIENTED_EDGE('',*,*,#2653,.F.);
#13578=CARTESIAN_POINT('',(-0.0556831499989155,9.58375314999996,7.0));
#13579=DIRECTION('',(0.0,0.0,-1.0));
#13580=DIRECTION('',(0.0,-1.0,0.0));
#13581=SURFACE_STYLE_FILL_AREA(#14921);
#13582=ORIENTED_EDGE('',*,*,#2679,.F.);
#13583=ORIENTED_EDGE('',*,*,#2557,.F.);
#13584=ORIENTED_EDGE('',*,*,#2677,.F.);
#13585=ORIENTED_EDGE('',*,*,#2601,.T.);
#13586=CARTESIAN_POINT('',(1.14752651876295,0.999999999999948,6.23124685));
#13587=DIRECTION('',(0.0,-1.0,0.0));
#13588=DIRECTION('',(0.0,0.0,-1.0));
#13589=SURFACE_STYLE_FILL_AREA(#14922);
#13590=ORIENTED_EDGE('',*,*,#14825,.T.);
#13591=ORIENTED_EDGE('',*,*,#2673,.F.);
#13592=ORIENTED_EDGE('',*,*,#14826,.T.);
#13593=ORIENTED_EDGE('',*,*,#2271,.T.);
#13594=ORIENTED_EDGE('',*,*,#2651,.T.);
#13595=CARTESIAN_POINT('',(2.25056999995662,7.34999999999997,8.0));
#13596=DIRECTION('',(-2.80281655603973E-15,6.83416883883812E-16,1.0));
#13597=DIRECTION('',(-3.41708441941907E-16,1.0,-6.83416883883813E-16));
#13598=SURFACE_STYLE_FILL_AREA(#14923);
#13599=ORIENTED_EDGE('',*,*,#2265,.T.);
#13600=ORIENTED_EDGE('',*,*,#2671,.T.);
#13601=ORIENTED_EDGE('',*,*,#2681,.T.);
#13602=ORIENTED_EDGE('',*,*,#2683,.F.);
#13603=CARTESIAN_POINT('',(0.55837492416413,-0.0575101986205597,1.80093459329052));
#13604=DIRECTION('',(-0.999963420943099,0.00855317343299923,0.0));
#13605=DIRECTION('',(0.0,0.0,1.0));
#13606=SURFACE_STYLE_FILL_AREA(#14924);
#13607=ORIENTED_EDGE('',*,*,#2685,.F.);
#13608=ORIENTED_EDGE('',*,*,#2633,.T.);
#13609=ORIENTED_EDGE('',*,*,#2687,.T.);
#13610=ORIENTED_EDGE('',*,*,#2241,.F.);
#13611=ORIENTED_EDGE('',*,*,#2689,.F.);
#13612=ORIENTED_EDGE('',*,*,#2531,.F.);
#13613=ORIENTED_EDGE('',*,*,#2629,.F.);
#13614=ORIENTED_EDGE('',*,*,#2493,.F.);
#13615=ORIENTED_EDGE('',*,*,#2281,.F.);
#13616=ORIENTED_EDGE('',*,*,#2575,.F.);
#13617=ORIENTED_EDGE('',*,*,#2403,.T.);
#13618=ORIENTED_EDGE('',*,*,#2627,.T.);
#13619=ORIENTED_EDGE('',*,*,#2345,.F.);
#13620=ORIENTED_EDGE('',*,*,#2447,.F.);
#13621=ORIENTED_EDGE('',*,*,#2435,.F.);
#13622=ORIENTED_EDGE('',*,*,#2489,.F.);
#13623=ORIENTED_EDGE('',*,*,#2577,.F.);
#13624=ORIENTED_EDGE('',*,*,#2503,.T.);
#13625=ORIENTED_EDGE('',*,*,#2553,.T.);
#13626=ORIENTED_EDGE('',*,*,#2637,.F.);
#13627=ORIENTED_EDGE('',*,*,#2691,.T.);
#13628=ORIENTED_EDGE('',*,*,#2665,.F.);
#13629=CARTESIAN_POINT('',(-0.0556831499989163,9.58375314999996,0.0));
#13630=DIRECTION('',(0.0,0.0,-1.0));
#13631=DIRECTION('',(0.0,-1.0,0.0));
#13632=SURFACE_STYLE_FILL_AREA(#14925);
#13633=ORIENTED_EDGE('',*,*,#2687,.F.);
#13634=ORIENTED_EDGE('',*,*,#2631,.F.);
#13635=ORIENTED_EDGE('',*,*,#2621,.F.);
#13636=ORIENTED_EDGE('',*,*,#2243,.T.);
#13637=CARTESIAN_POINT('',(1.24056777257027,7.29999684999997,-0.0100022273863604));
#13638=DIRECTION('',(-0.707106781186543,7.47660832581199E-17,0.707106781186553));
#13639=DIRECTION('',(1.0573520894915E-16,1.0,0.0));
#13640=SURFACE_STYLE_FILL_AREA(#14926);
#13641=ORIENTED_EDGE('',*,*,#2667,.F.);
#13642=ORIENTED_EDGE('',*,*,#2691,.F.);
#13643=ORIENTED_EDGE('',*,*,#2641,.T.);
#13644=ORIENTED_EDGE('',*,*,#2693,.F.);
#13645=CARTESIAN_POINT('',(1.17443309147499,-0.0250031500000479,0.768753149999995));
#13646=DIRECTION('',(-1.0,0.0,0.0));
#13647=DIRECTION('',(0.0,0.0,1.0));
#13648=SURFACE_STYLE_FILL_AREA(#14927);
#13649=ORIENTED_EDGE('',*,*,#14823,.T.);
#13650=ORIENTED_EDGE('',*,*,#2245,.T.);
#13651=ORIENTED_EDGE('',*,*,#2619,.T.);
#13652=ORIENTED_EDGE('',*,*,#2607,.T.);
#13653=CARTESIAN_POINT('',(2.25056999995665,7.34999999999997,0.391244749999988));
#13654=DIRECTION('',(0.0,-0.0,-1.0));
#13655=DIRECTION('',(-0.999979878080696,-0.00634377125347042,0.0));
#13656=SURFACE_STYLE_FILL_AREA(#14928);
#13657=ORIENTED_EDGE('',*,*,#2685,.T.);
#13658=ORIENTED_EDGE('',*,*,#2663,.T.);
#13659=ORIENTED_EDGE('',*,*,#2675,.F.);
#13660=ORIENTED_EDGE('',*,*,#2635,.T.);
#13661=ORIENTED_EDGE('',*,*,#2695,.F.);
#13662=ORIENTED_EDGE('',*,*,#2697,.T.);
#13663=ORIENTED_EDGE('',*,*,#2185,.T.);
#13664=ORIENTED_EDGE('',*,*,#2699,.F.);
#13665=ORIENTED_EDGE('',*,*,#2701,.T.);
#13666=ORIENTED_EDGE('',*,*,#2191,.T.);
#13667=ORIENTED_EDGE('',*,*,#2703,.F.);
#13668=ORIENTED_EDGE('',*,*,#2705,.T.);
#13669=ORIENTED_EDGE('',*,*,#2173,.T.);
#13670=ORIENTED_EDGE('',*,*,#2707,.F.);
#13671=ORIENTED_EDGE('',*,*,#2709,.T.);
#13672=ORIENTED_EDGE('',*,*,#2179,.T.);
#13673=CARTESIAN_POINT('',(0.00057,9.58375314999996,7.17500315));
#13674=DIRECTION('',(1.0,0.0,0.0));
#13675=DIRECTION('',(0.0,1.0,0.0));
#13676=SURFACE_STYLE_FILL_AREA(#14929);
#13677=ORIENTED_EDGE('',*,*,#14821,.T.);
#13678=ORIENTED_EDGE('',*,*,#2253,.F.);
#13679=ORIENTED_EDGE('',*,*,#2533,.T.);
#13680=ORIENTED_EDGE('',*,*,#2689,.T.);
#13681=CARTESIAN_POINT('',(2.25056999995665,7.34999999999997,-0.0100052500000064));
#13682=DIRECTION('',(1.0585923711448E-16,3.70248375112739E-17,-1.0));
#13683=DIRECTION('',(-0.999921608163913,-0.0125210832955149,-1.06314529688997E-16));
#13684=SURFACE_STYLE_FILL_AREA(#14930);
#13685=ORIENTED_EDGE('',*,*,#14819,.T.);
#13686=ORIENTED_EDGE('',*,*,#2711,.F.);
#13687=ORIENTED_EDGE('',*,*,#2649,.T.);
#13688=CARTESIAN_POINT('',(1.29401192058197,2.35750777042311,4.47499999999991));
#13689=DIRECTION('',(0.0,1.0,-0.0));
#13690=DIRECTION('',(-0.684582940379289,0.0,0.728934974974892));
#13691=SURFACE_STYLE_FILL_AREA(#14931);
#13692=ORIENTED_EDGE('',*,*,#2679,.T.);
#13693=ORIENTED_EDGE('',*,*,#2599,.T.);
#13694=ORIENTED_EDGE('',*,*,#2659,.T.);
#13695=ORIENTED_EDGE('',*,*,#2645,.T.);
#13696=ORIENTED_EDGE('',*,*,#2713,.F.);
#13697=ORIENTED_EDGE('',*,*,#2559,.T.);
#13698=CARTESIAN_POINT('',(2.29286572903402,2.35750343099383,6.25));
#13699=DIRECTION('',(0.0,0.0,1.0));
#13700=DIRECTION('',(1.0,0.0,0.0));
#13701=SURFACE_STYLE_FILL_AREA(#14932);
#13702=ORIENTED_EDGE('',*,*,#2593,.T.);
#13703=ORIENTED_EDGE('',*,*,#2655,.F.);
#13704=ORIENTED_EDGE('',*,*,#2267,.F.);
#13705=ORIENTED_EDGE('',*,*,#2683,.T.);
#13706=ORIENTED_EDGE('',*,*,#2715,.F.);
#13707=ORIENTED_EDGE('',*,*,#2547,.F.);
#13708=ORIENTED_EDGE('',*,*,#2713,.T.);
#13709=ORIENTED_EDGE('',*,*,#2643,.T.);
#13710=ORIENTED_EDGE('',*,*,#2711,.T.);
#13711=ORIENTED_EDGE('',*,*,#2239,.T.);
#13712=CARTESIAN_POINT('',(-0.49667862450008,2.30000027414024,0.2));
#13713=DIRECTION('',(0.0,1.0,-1.24575538550859E-14));
#13714=DIRECTION('',(0.0,-1.24575538550859E-14,-1.0));
#13715=SURFACE_STYLE_FILL_AREA(#14933);
#13716=ORIENTED_EDGE('',*,*,#2715,.T.);
#13717=ORIENTED_EDGE('',*,*,#2681,.F.);
#13718=ORIENTED_EDGE('',*,*,#2669,.F.);
#13719=ORIENTED_EDGE('',*,*,#2693,.T.);
#13720=ORIENTED_EDGE('',*,*,#2639,.T.);
#13721=ORIENTED_EDGE('',*,*,#2549,.F.);
#13722=CARTESIAN_POINT('',(2.29286572903402,2.35750343099376,0.75));
#13723=DIRECTION('',(0.0,0.0,1.0));
#13724=DIRECTION('',(1.0,0.0,0.0));
#13725=SURFACE_STYLE_FILL_AREA(#14934);
#13726=ORIENTED_EDGE('',*,*,#14816,.T.);
#13727=ORIENTED_EDGE('',*,*,#2613,.F.);
#13728=ORIENTED_EDGE('',*,*,#14817,.T.);
#13729=ORIENTED_EDGE('',*,*,#2657,.T.);
#13730=CARTESIAN_POINT('',(2.25057036100003,7.34999999999997,0.6124937));
#13731=DIRECTION('',(0.0,0.0,-1.0));
#13732=DIRECTION('',(0.0462165931388343,0.998931442351596,0.0));
#13733=SURFACE_STYLE_FILL_AREA(#14935);
#13734=ORIENTED_EDGE('',*,*,#2717,.F.);
#13735=ORIENTED_EDGE('',*,*,#2157,.F.);
#13736=ORIENTED_EDGE('',*,*,#2719,.F.);
#13737=ORIENTED_EDGE('',*,*,#2721,.F.);
#13738=ORIENTED_EDGE('',*,*,#2723,.T.);
#13739=ORIENTED_EDGE('',*,*,#2167,.T.);
#13740=ORIENTED_EDGE('',*,*,#2725,.F.);
#13741=ORIENTED_EDGE('',*,*,#2727,.T.);
#13742=ORIENTED_EDGE('',*,*,#2729,.F.);
#13743=ORIENTED_EDGE('',*,*,#2731,.T.);
#13744=ORIENTED_EDGE('',*,*,#2149,.T.);
#13745=ORIENTED_EDGE('',*,*,#2733,.F.);
#13746=ORIENTED_EDGE('',*,*,#2151,.F.);
#13747=ORIENTED_EDGE('',*,*,#2735,.F.);
#13748=CARTESIAN_POINT('',(0.00057,7.13500315001348,3.45097086152919));
#13749=DIRECTION('',(1.0,0.0,0.0));
#13750=DIRECTION('',(0.0,1.0,0.0));
#13751=SURFACE_STYLE_FILL_AREA(#14936);
#13752=ORIENTED_EDGE('',*,*,#2737,.F.);
#13753=ORIENTED_EDGE('',*,*,#2223,.F.);
#13754=ORIENTED_EDGE('',*,*,#2739,.F.);
#13755=ORIENTED_EDGE('',*,*,#2741,.F.);
#13756=ORIENTED_EDGE('',*,*,#2743,.T.);
#13757=ORIENTED_EDGE('',*,*,#2221,.T.);
#13758=ORIENTED_EDGE('',*,*,#2745,.F.);
#13759=ORIENTED_EDGE('',*,*,#2747,.T.);
#13760=ORIENTED_EDGE('',*,*,#2215,.T.);
#13761=ORIENTED_EDGE('',*,*,#2749,.F.);
#13762=ORIENTED_EDGE('',*,*,#2751,.T.);
#13763=ORIENTED_EDGE('',*,*,#2209,.T.);
#13764=ORIENTED_EDGE('',*,*,#2753,.F.);
#13765=ORIENTED_EDGE('',*,*,#2755,.T.);
#13766=ORIENTED_EDGE('',*,*,#2203,.T.);
#13767=ORIENTED_EDGE('',*,*,#2757,.F.);
#13768=ORIENTED_EDGE('',*,*,#2193,.F.);
#13769=ORIENTED_EDGE('',*,*,#2759,.F.);
#13770=CARTESIAN_POINT('',(0.00057,7.95500314999718,5.57319569510873));
#13771=DIRECTION('',(1.0,0.0,0.0));
#13772=DIRECTION('',(0.0,1.0,0.0));
#13773=SURFACE_STYLE_FILL_AREA(#14937);
#13774=ORIENTED_EDGE('',*,*,#2761,.T.);
#13775=ORIENTED_EDGE('',*,*,#2763,.T.);
#13776=CARTESIAN_POINT('',(0.00057,5.78247958776432,4.01570807723113));
#13777=DIRECTION('',(1.0,0.0,0.0));
#13778=DIRECTION('',(0.0,1.0,0.0));
#13779=SURFACE_STYLE_FILL_AREA(#14938);
#13780=ORIENTED_EDGE('',*,*,#2765,.T.);
#13781=ORIENTED_EDGE('',*,*,#2187,.F.);
#13782=ORIENTED_EDGE('',*,*,#2767,.F.);
#13783=ORIENTED_EDGE('',*,*,#2769,.F.);
#13784=ORIENTED_EDGE('',*,*,#2181,.F.);
#13785=ORIENTED_EDGE('',*,*,#2771,.F.);
#13786=ORIENTED_EDGE('',*,*,#2773,.F.);
#13787=ORIENTED_EDGE('',*,*,#2175,.F.);
#13788=ORIENTED_EDGE('',*,*,#2775,.F.);
#13789=ORIENTED_EDGE('',*,*,#2777,.F.);
#13790=ORIENTED_EDGE('',*,*,#2169,.F.);
#13791=ORIENTED_EDGE('',*,*,#2779,.F.);
#13792=ORIENTED_EDGE('',*,*,#2781,.T.);
#13793=ORIENTED_EDGE('',*,*,#2199,.F.);
#13794=ORIENTED_EDGE('',*,*,#2783,.F.);
#13795=ORIENTED_EDGE('',*,*,#2785,.T.);
#13796=ORIENTED_EDGE('',*,*,#2205,.F.);
#13797=ORIENTED_EDGE('',*,*,#2787,.F.);
#13798=ORIENTED_EDGE('',*,*,#2789,.F.);
#13799=ORIENTED_EDGE('',*,*,#2211,.F.);
#13800=ORIENTED_EDGE('',*,*,#2791,.F.);
#13801=ORIENTED_EDGE('',*,*,#2793,.T.);
#13802=ORIENTED_EDGE('',*,*,#2217,.F.);
#13803=ORIENTED_EDGE('',*,*,#2795,.F.);
#13804=ORIENTED_EDGE('',*,*,#2797,.T.);
#13805=ORIENTED_EDGE('',*,*,#2799,.T.);
#13806=ORIENTED_EDGE('',*,*,#2227,.T.);
#13807=ORIENTED_EDGE('',*,*,#2801,.T.);
#13808=ORIENTED_EDGE('',*,*,#2803,.T.);
#13809=ORIENTED_EDGE('',*,*,#2197,.T.);
#13810=ORIENTED_EDGE('',*,*,#2805,.F.);
#13811=ORIENTED_EDGE('',*,*,#2807,.F.);
#13812=ORIENTED_EDGE('',*,*,#2809,.T.);
#13813=ORIENTED_EDGE('',*,*,#2145,.F.);
#13814=ORIENTED_EDGE('',*,*,#2811,.F.);
#13815=ORIENTED_EDGE('',*,*,#2813,.F.);
#13816=ORIENTED_EDGE('',*,*,#2815,.F.);
#13817=ORIENTED_EDGE('',*,*,#2817,.T.);
#13818=ORIENTED_EDGE('',*,*,#2163,.F.);
#13819=ORIENTED_EDGE('',*,*,#2819,.F.);
#13820=ORIENTED_EDGE('',*,*,#2821,.T.);
#13821=ORIENTED_EDGE('',*,*,#2823,.T.);
#13822=ORIENTED_EDGE('',*,*,#2161,.T.);
#13823=ORIENTED_EDGE('',*,*,#2825,.T.);
#13824=ORIENTED_EDGE('',*,*,#2827,.T.);
#13825=ORIENTED_EDGE('',*,*,#2155,.T.);
#13826=CARTESIAN_POINT('',(0.0305701383026238,8.58500314999958,6.2405779363248));
#13827=DIRECTION('',(-1.0,0.0,0.0));
#13828=DIRECTION('',(0.0,0.0,1.0));
#13829=SURFACE_STYLE_FILL_AREA(#14939);
#13830=ORIENTED_EDGE('',*,*,#2829,.F.);
#13831=ORIENTED_EDGE('',*,*,#2695,.T.);
#13832=ORIENTED_EDGE('',*,*,#2177,.T.);
#13833=ORIENTED_EDGE('',*,*,#2773,.T.);
#13834=CARTESIAN_POINT('',(-0.000183153457565596,8.19313264999959,0.887008547008509));
#13835=DIRECTION('',(0.0,0.0,1.0));
#13836=DIRECTION('',(1.0,0.0,0.0));
#13837=SURFACE_STYLE_FILL_AREA(#14940);
#13838=ORIENTED_EDGE('',*,*,#2831,.T.);
#13839=ORIENTED_EDGE('',*,*,#2729,.T.);
#13840=ORIENTED_EDGE('',*,*,#2833,.T.);
#13841=ORIENTED_EDGE('',*,*,#2813,.T.);
#13842=CARTESIAN_POINT('',(-0.000183153457565596,3.65000000000384,3.12236322411957));
#13843=DIRECTION('',(0.0,-1.0,0.0));
#13844=DIRECTION('',(0.0,0.0,-1.0));
#13845=SURFACE_STYLE_FILL_AREA(#14941);
#13846=ORIENTED_EDGE('',*,*,#2727,.F.);
#13847=ORIENTED_EDGE('',*,*,#2835,.T.);
#13848=ORIENTED_EDGE('',*,*,#2815,.T.);
#13849=ORIENTED_EDGE('',*,*,#2833,.F.);
#13850=SURFACE_STYLE_FILL_AREA(#14942);
#13851=ORIENTED_EDGE('',*,*,#2725,.T.);
#13852=ORIENTED_EDGE('',*,*,#2165,.F.);
#13853=ORIENTED_EDGE('',*,*,#2817,.F.);
#13854=ORIENTED_EDGE('',*,*,#2835,.F.);
#13855=CARTESIAN_POINT('',(-0.000183153457565596,7.05000000001325,3.10186661260504));
#13856=DIRECTION('',(-0.0,1.0,0.0));
#13857=DIRECTION('',(1.0,0.0,0.0));
#13858=SURFACE_STYLE_FILL_AREA(#14943);
#13859=ORIENTED_EDGE('',*,*,#2837,.F.);
#13860=ORIENTED_EDGE('',*,*,#2707,.T.);
#13861=ORIENTED_EDGE('',*,*,#2171,.T.);
#13862=ORIENTED_EDGE('',*,*,#2777,.T.);
#13863=CARTESIAN_POINT('',(-0.000183153457565596,3.05000000001517,1.14830111068372));
#13864=DIRECTION('',(-0.0,1.0,0.0));
#13865=DIRECTION('',(1.0,0.0,0.0));
#13866=SURFACE_STYLE_FILL_AREA(#14944);
#13867=ORIENTED_EDGE('',*,*,#2839,.T.);
#13868=ORIENTED_EDGE('',*,*,#2721,.T.);
#13869=ORIENTED_EDGE('',*,*,#2841,.T.);
#13870=ORIENTED_EDGE('',*,*,#2821,.F.);
#13871=CARTESIAN_POINT('',(-0.000183153457565596,6.7809141337413,3.40178220955961));
#13872=DIRECTION('',(0.0,-4.641322821166E-13,1.0));
#13873=DIRECTION('',(0.0,-1.0,-4.641322821166E-13));
#13874=SURFACE_STYLE_FILL_AREA(#14945);
#13875=ORIENTED_EDGE('',*,*,#2843,.F.);
#13876=ORIENTED_EDGE('',*,*,#2699,.T.);
#13877=ORIENTED_EDGE('',*,*,#2183,.T.);
#13878=ORIENTED_EDGE('',*,*,#2769,.T.);
#13879=CARTESIAN_POINT('',(-0.000183153457565596,8.44999999999997,5.84870743632479));
#13880=DIRECTION('',(0.0,-1.0,0.0));
#13881=DIRECTION('',(0.0,0.0,-1.0));
#13882=SURFACE_STYLE_FILL_AREA(#14946);
#13883=ORIENTED_EDGE('',*,*,#2159,.F.);
#13884=ORIENTED_EDGE('',*,*,#2717,.T.);
#13885=ORIENTED_EDGE('',*,*,#2845,.T.);
#13886=ORIENTED_EDGE('',*,*,#2825,.F.);
#13887=SURFACE_STYLE_FILL_AREA(#14947);
#13888=ORIENTED_EDGE('',*,*,#2847,.T.);
#13889=ORIENTED_EDGE('',*,*,#2745,.T.);
#13890=ORIENTED_EDGE('',*,*,#2219,.F.);
#13891=ORIENTED_EDGE('',*,*,#2793,.F.);
#13892=CARTESIAN_POINT('',(-0.000183153457565596,3.65000000000381,5.27929019510872));
#13893=DIRECTION('',(0.0,-1.0,-2.36323883229245E-14));
#13894=DIRECTION('',(0.0,2.36323883229245E-14,-1.0));
#13895=SURFACE_STYLE_FILL_AREA(#14948);
#13896=ORIENTED_EDGE('',*,*,#2153,.F.);
#13897=ORIENTED_EDGE('',*,*,#2733,.T.);
#13898=ORIENTED_EDGE('',*,*,#2147,.F.);
#13899=ORIENTED_EDGE('',*,*,#2809,.F.);
#13900=CARTESIAN_POINT('',(-0.000183153457565596,4.3735734828593,3.4017822095597));
#13901=DIRECTION('',(0.0,0.0,1.0));
#13902=DIRECTION('',(1.0,0.0,0.0));
#13903=SURFACE_STYLE_FILL_AREA(#14949);
#13904=ORIENTED_EDGE('',*,*,#2805,.T.);
#13905=ORIENTED_EDGE('',*,*,#2849,.F.);
#13906=ORIENTED_EDGE('',*,*,#2761,.F.);
#13907=ORIENTED_EDGE('',*,*,#2851,.T.);
#13908=SURFACE_STYLE_FILL_AREA(#14950);
#13909=ORIENTED_EDGE('',*,*,#2853,.T.);
#13910=ORIENTED_EDGE('',*,*,#2753,.T.);
#13911=ORIENTED_EDGE('',*,*,#2207,.F.);
#13912=ORIENTED_EDGE('',*,*,#2785,.F.);
#13913=CARTESIAN_POINT('',(-0.000183153457565596,7.84999999999734,4.03904788656189));
#13914=DIRECTION('',(-0.0,1.0,0.0));
#13915=DIRECTION('',(1.0,0.0,0.0));
#13916=SURFACE_STYLE_FILL_AREA(#14951);
#13917=ORIENTED_EDGE('',*,*,#2855,.T.);
#13918=ORIENTED_EDGE('',*,*,#2749,.T.);
#13919=ORIENTED_EDGE('',*,*,#2213,.F.);
#13920=ORIENTED_EDGE('',*,*,#2789,.T.);
#13921=CARTESIAN_POINT('',(-0.000183153457565596,7.66109764999718,5.5296676163338));
#13922=DIRECTION('',(0.0,0.0,1.0));
#13923=DIRECTION('',(1.0,0.0,0.0));
#13924=SURFACE_STYLE_FILL_AREA(#14952);
#13925=ORIENTED_EDGE('',*,*,#2195,.F.);
#13926=ORIENTED_EDGE('',*,*,#2757,.T.);
#13927=ORIENTED_EDGE('',*,*,#2201,.F.);
#13928=ORIENTED_EDGE('',*,*,#2781,.F.);
#13929=CARTESIAN_POINT('',(-0.000183153457565596,6.30642651715807,3.78867046533681));
#13930=DIRECTION('',(0.0,0.0,-1.0));
#13931=DIRECTION('',(0.0,-1.0,0.0));
#13932=SURFACE_STYLE_FILL_AREA(#14953);
#13933=ORIENTED_EDGE('',*,*,#2857,.F.);
#13934=ORIENTED_EDGE('',*,*,#2703,.T.);
#13935=ORIENTED_EDGE('',*,*,#2189,.T.);
#13936=ORIENTED_EDGE('',*,*,#2765,.F.);
#13937=CARTESIAN_POINT('',(-0.000183153457565596,3.30686735001555,6.11));
#13938=DIRECTION('',(0.0,0.0,-1.0));
#13939=DIRECTION('',(0.0,-1.0,0.0));
#13940=SURFACE_STYLE_FILL_AREA(#14954);
#13941=ORIENTED_EDGE('',*,*,#2225,.F.);
#13942=ORIENTED_EDGE('',*,*,#2737,.T.);
#13943=ORIENTED_EDGE('',*,*,#2859,.T.);
#13944=ORIENTED_EDGE('',*,*,#2801,.F.);
#13945=SURFACE_STYLE_FILL_AREA(#14955);
#13946=ORIENTED_EDGE('',*,*,#2861,.T.);
#13947=ORIENTED_EDGE('',*,*,#2741,.T.);
#13948=ORIENTED_EDGE('',*,*,#2863,.T.);
#13949=ORIENTED_EDGE('',*,*,#2797,.F.);
#13950=CARTESIAN_POINT('',(-0.000183153457565596,3.91908586627565,3.78867046533661));
#13951=DIRECTION('',(0.0,0.0,-1.0));
#13952=DIRECTION('',(0.0,-1.0,0.0));
#13953=SURFACE_STYLE_FILL_AREA(#14956);
#13954=ORIENTED_EDGE('',*,*,#14814,.T.);
#13955=ORIENTED_EDGE('',*,*,#2799,.F.);
#13956=ORIENTED_EDGE('',*,*,#2863,.F.);
#13957=ORIENTED_EDGE('',*,*,#2739,.T.);
#13958=CARTESIAN_POINT('',(-0.000191143253159187,4.36274934913111,4.07144046533662));
#13959=DIRECTION('',(-1.0,0.0,-0.0));
#13960=DIRECTION('',(0.0,0.0207826507300506,-0.999784017390072));
#13961=SURFACE_STYLE_FILL_AREA(#14957);
#13962=ORIENTED_EDGE('',*,*,#14812,.T.);
#13963=ORIENTED_EDGE('',*,*,#2743,.F.);
#13964=ORIENTED_EDGE('',*,*,#2861,.F.);
#13965=ORIENTED_EDGE('',*,*,#2795,.T.);
#13966=CARTESIAN_POINT('',(0.0313313953774233,3.92991000000384,4.06858046533661));
#13967=DIRECTION('',(1.0,0.0,0.0));
#13968=DIRECTION('',(0.0,-0.00634377123144065,-0.999979878080836));
#13969=SURFACE_STYLE_FILL_AREA(#14958);
#13970=ORIENTED_EDGE('',*,*,#14810,.T.);
#13971=ORIENTED_EDGE('',*,*,#2747,.F.);
#13972=ORIENTED_EDGE('',*,*,#2847,.F.);
#13973=ORIENTED_EDGE('',*,*,#2791,.T.);
#13974=CARTESIAN_POINT('',(0.0313313953774233,3.9299100000038,5.2497576163338));
#13975=DIRECTION('',(1.0,0.0,0.0));
#13976=DIRECTION('',(0.0,-0.999979878080836,0.00634377123140682));
#13977=SURFACE_STYLE_FILL_AREA(#14959);
#13978=ORIENTED_EDGE('',*,*,#14808,.T.);
#13979=ORIENTED_EDGE('',*,*,#2751,.F.);
#13980=ORIENTED_EDGE('',*,*,#2855,.F.);
#13981=ORIENTED_EDGE('',*,*,#2787,.T.);
#13982=CARTESIAN_POINT('',(0.0313313953774233,7.57008999999734,5.2497576163338));
#13983=DIRECTION('',(1.0,-0.0,0.0));
#13984=DIRECTION('',(0.0,0.00634377123143932,0.999979878080836));
#13985=SURFACE_STYLE_FILL_AREA(#14960);
#13986=ORIENTED_EDGE('',*,*,#14806,.T.);
#13987=ORIENTED_EDGE('',*,*,#2755,.F.);
#13988=ORIENTED_EDGE('',*,*,#2853,.F.);
#13989=ORIENTED_EDGE('',*,*,#2783,.T.);
#13990=CARTESIAN_POINT('',(0.0313313953774233,7.57008999999734,4.06858046533681));
#13991=DIRECTION('',(1.0,-0.0,0.0));
#13992=DIRECTION('',(0.0,0.999979878080836,-0.00634377123143565));
#13993=SURFACE_STYLE_FILL_AREA(#14961);
#13994=ORIENTED_EDGE('',*,*,#14804,.T.);
#13995=ORIENTED_EDGE('',*,*,#2803,.F.);
#13996=ORIENTED_EDGE('',*,*,#2859,.F.);
#13997=ORIENTED_EDGE('',*,*,#2759,.T.);
#13998=CARTESIAN_POINT('',(-0.000191143253159232,6.33725065088586,4.07144046533681));
#13999=DIRECTION('',(-1.0,0.0,-0.0));
#14000=DIRECTION('',(0.0,-0.886366953671283,-0.462983394345293));
#14001=SURFACE_STYLE_FILL_AREA(#14962);
#14002=ORIENTED_EDGE('',*,*,#14802,.T.);
#14003=ORIENTED_EDGE('',*,*,#2701,.F.);
#14004=ORIENTED_EDGE('',*,*,#2843,.T.);
#14005=ORIENTED_EDGE('',*,*,#2767,.T.);
#14006=CARTESIAN_POINT('',(-0.000188443745874967,8.07678999999997,5.73679));
#14007=DIRECTION('',(-1.0,0.0,0.0));
#14008=DIRECTION('',(0.0,0.999979878080836,0.00634377123143119));
#14009=SURFACE_STYLE_FILL_AREA(#14963);
#14010=ORIENTED_EDGE('',*,*,#14800,.T.);
#14011=ORIENTED_EDGE('',*,*,#2697,.F.);
#14012=ORIENTED_EDGE('',*,*,#2829,.T.);
#14013=ORIENTED_EDGE('',*,*,#2771,.T.);
#14014=CARTESIAN_POINT('',(-0.00018844374587497,8.07678999999996,1.26021854700852));
#14015=DIRECTION('',(-1.0,0.0,-0.0));
#14016=DIRECTION('',(0.0,0.00634377123145681,-0.999979878080836));
#14017=SURFACE_STYLE_FILL_AREA(#14964);
#14018=ORIENTED_EDGE('',*,*,#14798,.T.);
#14019=ORIENTED_EDGE('',*,*,#2709,.F.);
#14020=ORIENTED_EDGE('',*,*,#2837,.T.);
#14021=ORIENTED_EDGE('',*,*,#2775,.T.);
#14022=CARTESIAN_POINT('',(-0.000188443745874974,3.42321000001517,1.26021854700851));
#14023=DIRECTION('',(-1.0,0.0,-0.0));
#14024=DIRECTION('',(0.0,-0.999979878080836,-0.00634377123143506));
#14025=SURFACE_STYLE_FILL_AREA(#14965);
#14026=ORIENTED_EDGE('',*,*,#14796,.T.);
#14027=ORIENTED_EDGE('',*,*,#2705,.F.);
#14028=ORIENTED_EDGE('',*,*,#2857,.T.);
#14029=ORIENTED_EDGE('',*,*,#2779,.T.);
#14030=CARTESIAN_POINT('',(-0.000188443745874967,3.42321000001517,5.73679));
#14031=DIRECTION('',(-1.0,0.0,0.0));
#14032=DIRECTION('',(0.0,-0.00634377123143761,0.999979878080836));
#14033=SURFACE_STYLE_FILL_AREA(#14966);
#14034=ORIENTED_EDGE('',*,*,#14794,.T.);
#14035=ORIENTED_EDGE('',*,*,#2723,.F.);
#14036=ORIENTED_EDGE('',*,*,#2839,.F.);
#14037=ORIENTED_EDGE('',*,*,#2819,.T.);
#14038=CARTESIAN_POINT('',(0.0313313953774233,6.77009000001325,3.12187220955961));
#14039=DIRECTION('',(1.0,-0.0,0.0));
#14040=DIRECTION('',(0.0,0.00634377123092912,0.999979878080839));
#14041=SURFACE_STYLE_FILL_AREA(#14967);
#14042=ORIENTED_EDGE('',*,*,#14792,.T.);
#14043=ORIENTED_EDGE('',*,*,#2823,.F.);
#14044=ORIENTED_EDGE('',*,*,#2841,.F.);
#14045=ORIENTED_EDGE('',*,*,#2719,.T.);
#14046=CARTESIAN_POINT('',(-0.000191143253159187,6.33725065088581,3.11901220955939));
#14047=DIRECTION('',(-1.0,0.0,0.0));
#14048=DIRECTION('',(0.0,-0.0207826507305661,0.999784017390062));
#14049=SURFACE_STYLE_FILL_AREA(#14968);
#14050=ORIENTED_EDGE('',*,*,#14790,.T.);
#14051=ORIENTED_EDGE('',*,*,#2827,.F.);
#14052=ORIENTED_EDGE('',*,*,#2845,.F.);
#14053=ORIENTED_EDGE('',*,*,#2735,.T.);
#14054=CARTESIAN_POINT('',(-0.00019114325315919,4.36274934913112,3.1190122095597));
#14055=DIRECTION('',(-1.0,0.0,0.0));
#14056=DIRECTION('',(0.0,0.88636695367171,0.462983394344475));
#14057=SURFACE_STYLE_FILL_AREA(#14969);
#14058=ORIENTED_EDGE('',*,*,#14788,.T.);
#14059=ORIENTED_EDGE('',*,*,#2731,.F.);
#14060=ORIENTED_EDGE('',*,*,#2831,.F.);
#14061=ORIENTED_EDGE('',*,*,#2811,.T.);
#14062=CARTESIAN_POINT('',(0.0313313953774233,3.92991000000383,3.1218722095597));
#14063=DIRECTION('',(1.0,0.0,0.0));
#14064=DIRECTION('',(0.0,-0.999979878080836,0.00634377123143407));
#14065=SURFACE_STYLE_FILL_AREA(#14970);
#14066=ORIENTED_EDGE('',*,*,#2849,.T.);
#14067=ORIENTED_EDGE('',*,*,#2807,.T.);
#14068=ORIENTED_EDGE('',*,*,#2851,.F.);
#14069=ORIENTED_EDGE('',*,*,#2763,.F.);
#14070=CARTESIAN_POINT('',(0.0305701383026238,3.92991000000383,3.1218722095597));
#14071=DIRECTION('',(-1.0,0.0,0.0));
#14072=DIRECTION('',(0.0,-1.0,0.0));
#14073=DIRECTION('',(-1.0,0.0,0.0));
#14074=CARTESIAN_POINT('',(0.00057,3.92991000000383,3.1218722095597));
#14075=DIRECTION('',(-1.0,0.0,0.0));
#14076=DIRECTION('',(0.0,-1.0,0.0));
#14077=CARTESIAN_POINT('',(0.00057,4.36274934913111,3.1190122095597));
#14078=DIRECTION('',(1.0,0.0,-0.0));
#14079=DIRECTION('',(0.0,0.895797536002187,0.444462343165774));
#14080=DIRECTION('',(1.0,0.0,0.0));
#14081=CARTESIAN_POINT('',(0.0305701383026238,4.36274934913111,3.1190122095597));
#14082=DIRECTION('',(1.0,0.0,-0.0));
#14083=DIRECTION('',(0.0,0.895797536002187,0.444462343165774));
#14084=CARTESIAN_POINT('',(0.00057,6.33725065088581,3.1190122095594));
#14085=DIRECTION('',(1.0,0.0,0.0));
#14086=DIRECTION('',(0.0,-4.6486687454687E-13,1.0));
#14087=DIRECTION('',(1.0,0.0,0.0));
#14088=CARTESIAN_POINT('',(0.0305701383026238,6.33725065088581,3.1190122095594));
#14089=DIRECTION('',(1.0,0.0,0.0));
#14090=DIRECTION('',(0.0,-4.6486687454687E-13,1.0));
#14091=CARTESIAN_POINT('',(0.0305701383026238,6.77009000001325,3.1218722095596));
#14092=DIRECTION('',(-1.0,0.0,0.0));
#14093=DIRECTION('',(0.0,-4.69616684347178E-13,1.0));
#14094=DIRECTION('',(-1.0,0.0,0.0));
#14095=CARTESIAN_POINT('',(0.00057,6.77009000001325,3.1218722095596));
#14096=DIRECTION('',(-1.0,0.0,0.0));
#14097=DIRECTION('',(0.0,-4.69616684347178E-13,1.0));
#14098=CARTESIAN_POINT('',(0.0305701383026238,3.42321000001517,5.73679));
#14099=DIRECTION('',(1.0,0.0,-0.0));
#14100=DIRECTION('',(0.0,0.0,1.0));
#14101=DIRECTION('',(1.0,0.0,0.0));
#14102=CARTESIAN_POINT('',(0.00057,3.42321000001517,5.73679));
#14103=DIRECTION('',(1.0,0.0,-0.0));
#14104=DIRECTION('',(0.0,0.0,1.0));
#14105=CARTESIAN_POINT('',(0.0305701383026238,3.42321000001517,1.26021854700851));
#14106=DIRECTION('',(1.0,0.0,0.0));
#14107=DIRECTION('',(0.0,-1.0,0.0));
#14108=DIRECTION('',(1.0,0.0,0.0));
#14109=CARTESIAN_POINT('',(0.00057,3.42321000001517,1.26021854700851));
#14110=DIRECTION('',(1.0,0.0,0.0));
#14111=DIRECTION('',(0.0,-1.0,0.0));
#14112=CARTESIAN_POINT('',(0.0305701383026238,8.07678999999997,1.26021854700851));
#14113=DIRECTION('',(1.0,0.0,0.0));
#14114=DIRECTION('',(0.0,0.0,-1.0));
#14115=DIRECTION('',(1.0,0.0,0.0));
#14116=CARTESIAN_POINT('',(0.00057,8.07678999999997,1.26021854700851));
#14117=DIRECTION('',(1.0,0.0,0.0));
#14118=DIRECTION('',(0.0,0.0,-1.0));
#14119=CARTESIAN_POINT('',(0.0305701383026238,8.07678999999997,5.73679));
#14120=DIRECTION('',(1.0,0.0,0.0));
#14121=DIRECTION('',(0.0,1.0,0.0));
#14122=DIRECTION('',(1.0,0.0,0.0));
#14123=CARTESIAN_POINT('',(0.00057,8.07678999999997,5.73679));
#14124=DIRECTION('',(1.0,0.0,0.0));
#14125=DIRECTION('',(0.0,1.0,0.0));
#14126=CARTESIAN_POINT('',(0.00057,6.33725065088586,4.07144046533681));
#14127=DIRECTION('',(1.0,0.0,0.0));
#14128=DIRECTION('',(0.0,-0.89579753600179,-0.444462343166575));
#14129=DIRECTION('',(1.0,0.0,0.0));
#14130=CARTESIAN_POINT('',(0.0305701383026238,6.33725065088586,4.07144046533681));
#14131=DIRECTION('',(1.0,0.0,0.0));
#14132=DIRECTION('',(0.0,-0.89579753600179,-0.444462343166575));
#14133=CARTESIAN_POINT('',(0.0305701383026238,7.57008999999734,4.06858046533681));
#14134=DIRECTION('',(-1.0,0.0,0.0));
#14135=DIRECTION('',(0.0,1.0,0.0));
#14136=DIRECTION('',(-1.0,0.0,0.0));
#14137=CARTESIAN_POINT('',(0.00057,7.57008999999734,4.06858046533681));
#14138=DIRECTION('',(-1.0,0.0,0.0));
#14139=DIRECTION('',(0.0,1.0,0.0));
#14140=CARTESIAN_POINT('',(0.0305701383026238,7.57008999999734,5.2497576163338));
#14141=DIRECTION('',(-1.0,0.0,0.0));
#14142=DIRECTION('',(0.0,0.0,1.0));
#14143=DIRECTION('',(-1.0,0.0,0.0));
#14144=CARTESIAN_POINT('',(0.00057,7.57008999999734,5.2497576163338));
#14145=DIRECTION('',(-1.0,0.0,0.0));
#14146=DIRECTION('',(0.0,0.0,1.0));
#14147=CARTESIAN_POINT('',(0.0305701383026238,3.92991000000381,5.2497576163338));
#14148=DIRECTION('',(-1.0,-0.0,0.0));
#14149=DIRECTION('',(0.0,-1.0,-2.5384685640388E-14));
#14150=DIRECTION('',(-1.0,0.0,0.0));
#14151=CARTESIAN_POINT('',(0.00057,3.92991000000381,5.2497576163338));
#14152=DIRECTION('',(-1.0,-0.0,0.0));
#14153=DIRECTION('',(0.0,-1.0,-2.5384685640388E-14));
#14154=CARTESIAN_POINT('',(0.0305701383026238,3.92991000000383,4.06858046533661));
#14155=DIRECTION('',(-1.0,-0.0,-0.0));
#14156=DIRECTION('',(0.0,0.0,-1.0));
#14157=DIRECTION('',(-1.0,0.0,0.0));
#14158=CARTESIAN_POINT('',(0.00057,3.92991000000383,4.06858046533661));
#14159=DIRECTION('',(-1.0,-0.0,-0.0));
#14160=DIRECTION('',(0.0,0.0,-1.0));
#14161=CARTESIAN_POINT('',(0.00057,4.36274934913111,4.07144046533661));
#14162=DIRECTION('',(1.0,0.0,0.0));
#14163=DIRECTION('',(0.0,0.0,-1.0));
#14164=DIRECTION('',(1.0,0.0,0.0));
#14165=CARTESIAN_POINT('',(0.0305701383026238,4.36274934913111,4.07144046533661));
#14166=DIRECTION('',(1.0,0.0,0.0));
#14167=DIRECTION('',(0.0,0.0,-1.0));
#14168=CARTESIAN_POINT('',(2.25057036100002,7.34999999999997,6.25));
#14169=DIRECTION('',(0.0,0.0,1.0));
#14170=DIRECTION('',(-7.22086813453871E-07,0.999999999999739,0.0));
#14171=CARTESIAN_POINT('',(2.25057036104342,7.34999999999997,0.75));
#14172=DIRECTION('',(0.0,0.0,1.0));
#14173=DIRECTION('',(-7.22086827909592E-07,-0.999999999999739,0.0));
#14174=CARTESIAN_POINT('',(1.29401192058197,-1.77635683940025E-15,4.47499999999991));
#14175=DIRECTION('',(0.0,-1.0,0.0));
#14176=DIRECTION('',(-0.700138174972602,0.0,0.714007378075349));
#14177=CARTESIAN_POINT('',(1.29401192058197,2.3000002741403,4.47499999999991));
#14178=DIRECTION('',(0.0,-1.0,0.0));
#14179=DIRECTION('',(-0.681401964628495,0.0,0.731909395075939));
#14180=CARTESIAN_POINT('',(2.25056999995665,7.34999999999997,0.0));
#14181=DIRECTION('',(-0.0,0.0,-1.0));
#14182=DIRECTION('',(-2.8421709430404E-14,-1.0,0.0));
#14183=DIRECTION('',(-0.707106781186553,-3.92523114670941E-16,-0.707106781186542));
#14184=CARTESIAN_POINT('',(2.25056999995665,7.34999999999997,0.400000000000006));
#14185=DIRECTION('',(-0.0,0.0,-1.0));
#14186=DIRECTION('',(-4.73695157173405E-14,-1.0,0.0));
#14187=CARTESIAN_POINT('',(2.25056999995665,7.34999999999997,0.400000000000006));
#14188=DIRECTION('',(-0.0,0.0,-1.0));
#14189=DIRECTION('',(-4.73695157173405E-14,-1.0,0.0));
#14190=CARTESIAN_POINT('',(2.25057000000003,7.34999999999997,0.75));
#14191=DIRECTION('',(0.0,0.0,1.0));
#14192=DIRECTION('',(-4.7356733188989E-14,-1.0,0.0));
#14193=DIRECTION('',(0.0,0.0,1.0));
#14194=CARTESIAN_POINT('',(2.25056999995665,7.34999999999997,0.400000000000006));
#14195=DIRECTION('',(-0.0,0.0,-1.0));
#14196=DIRECTION('',(-4.73695157173405E-14,-1.0,0.0));
#14197=CARTESIAN_POINT('',(2.25056999995662,7.34999999999997,8.0));
#14198=DIRECTION('',(0.0,-0.0,1.0));
#14199=DIRECTION('',(3.41607084500045E-16,1.0,0.0));
#14200=CARTESIAN_POINT('',(2.25056999995662,7.34999999999997,8.0));
#14201=DIRECTION('',(0.0,-0.0,1.0));
#14202=DIRECTION('',(3.41607084500045E-16,1.0,0.0));
#14203=CARTESIAN_POINT('',(2.25056999995662,7.34999999999997,8.5));
#14204=DIRECTION('',(0.0,-0.0,1.0));
#14205=DIRECTION('',(0.0,1.0,0.0));
#14206=CARTESIAN_POINT('',(1.29401192058197,-1.77635683940025E-15,2.52500000000009));
#14207=DIRECTION('',(0.0,1.0,0.0));
#14208=DIRECTION('',(-0.700138174972603,0.0,-0.714007378075348));
#14209=CARTESIAN_POINT('',(1.29401192058197,2.30000027414027,2.52500000000009));
#14210=DIRECTION('',(0.0,1.0,0.0));
#14211=DIRECTION('',(-0.681401964628495,0.0,-0.731909395075939));
#14212=CARTESIAN_POINT('',(2.25057,7.34999999999997,7.0));
#14213=DIRECTION('',(0.0,0.0,1.0));
#14214=DIRECTION('',(-6.12323399573677E-17,-1.0,0.0));
#14215=CARTESIAN_POINT('',(2.25056999995662,7.34999999999997,8.0));
#14216=DIRECTION('',(0.0,-0.0,1.0));
#14217=DIRECTION('',(3.41607084500045E-16,1.0,0.0));
#14218=CARTESIAN_POINT('',(2.25056999995665,7.34999999999997,8.5));
#14219=DIRECTION('',(0.0,0.0,1.0));
#14220=DIRECTION('',(-4.6629367034257E-14,1.0,0.0));
#14221=CARTESIAN_POINT('',(2.25056999995665,7.34999999999997,6.25));
#14222=DIRECTION('',(0.0,0.0,1.0));
#14223=DIRECTION('',(-4.6629367034257E-14,1.0,0.0));
#14224=CARTESIAN_POINT('',(5.75057000000003,7.34999999999997,6.25));
#14225=DIRECTION('',(0.0,0.0,1.0));
#14226=DIRECTION('',(-5.6843418860808E-14,1.0,0.0));
#14227=CARTESIAN_POINT('',(5.75057000000002,7.34999999999997,0.75));
#14228=DIRECTION('',(0.0,0.0,1.0));
#14229=DIRECTION('',(-4.28774935054355E-14,-1.0,0.0));
#14230=CARTESIAN_POINT('',(5.75057000000003,7.34999999999997,0.0));
#14231=DIRECTION('',(-0.0,0.0,-1.0));
#14232=DIRECTION('',(-2.8421709430404E-14,-1.0,0.0));
#14233=DIRECTION('',(-0.707106781186548,-7.85046229341888E-17,-0.707106781186548));
#14234=CARTESIAN_POINT('',(5.75057000000003,7.34999999999997,0.400000000000006));
#14235=DIRECTION('',(-0.0,0.0,-1.0));
#14236=DIRECTION('',(-4.73695157173405E-14,-1.0,0.0));
#14237=CARTESIAN_POINT('',(5.75057000000003,7.34999999999997,0.400000000000006));
#14238=DIRECTION('',(-0.0,0.0,-1.0));
#14239=DIRECTION('',(-4.73695157173405E-14,-1.0,0.0));
#14240=CARTESIAN_POINT('',(5.75057,7.34999999999997,8.0));
#14241=DIRECTION('',(0.0,-0.0,1.0));
#14242=DIRECTION('',(3.41607084500045E-16,1.0,0.0));
#14243=CARTESIAN_POINT('',(5.75057,7.34999999999997,8.0));
#14244=DIRECTION('',(0.0,-0.0,1.0));
#14245=DIRECTION('',(3.41607084500045E-16,1.0,0.0));
#14246=CARTESIAN_POINT('',(5.75057,7.34999999999997,8.5));
#14247=DIRECTION('',(0.0,0.0,1.0));
#14248=DIRECTION('',(-6.12323399573677E-17,-1.0,0.0));
#14249=CARTESIAN_POINT('',(5.75057,7.34999999999997,7.0));
#14250=DIRECTION('',(0.0,-0.0,1.0));
#14251=DIRECTION('',(3.41607084500048E-16,1.0,0.0));
#14252=CARTESIAN_POINT('',(5.75057,7.34999999999997,8.0));
#14253=DIRECTION('',(0.0,-0.0,1.0));
#14254=DIRECTION('',(3.41607084500045E-16,1.0,0.0));
#14255=CARTESIAN_POINT('',(5.75057000000003,7.34999999999997,8.5));
#14256=DIRECTION('',(0.0,0.0,1.0));
#14257=DIRECTION('',(-4.6629367034257E-14,1.0,0.0));
#14258=CARTESIAN_POINT('',(5.75057000000003,7.34999999999997,6.25));
#14259=DIRECTION('',(0.0,0.0,1.0));
#14260=DIRECTION('',(-4.6629367034257E-14,1.0,0.0));
#14261=CARTESIAN_POINT('',(4.79401192062533,0.0,2.52500000000009));
#14262=DIRECTION('',(0.0,1.0,0.0));
#14263=DIRECTION('',(-0.700138174972583,0.0,-0.714007378075368));
#14264=CARTESIAN_POINT('',(4.79401192062533,2.30000027414027,2.52500000000009));
#14265=DIRECTION('',(0.0,1.0,0.0));
#14266=DIRECTION('',(-0.681401964628483,0.0,-0.73190939507595));
#14267=CARTESIAN_POINT('',(4.79401192062533,0.0,4.47499999999991));
#14268=DIRECTION('',(0.0,-1.0,0.0));
#14269=DIRECTION('',(-0.700138174972593,0.0,0.714007378075358));
#14270=CARTESIAN_POINT('',(4.79401192062533,2.3000002741403,4.47499999999991));
#14271=DIRECTION('',(0.0,-1.0,0.0));
#14272=DIRECTION('',(-0.681401964628482,0.0,0.731909395075951));
#14273=CARTESIAN_POINT('',(5.75057000000003,7.34999999999997,0.75));
#14274=DIRECTION('',(0.0,0.0,1.0));
#14275=DIRECTION('',(-1.0,0.0,0.0));
#14276=DIRECTION('',(0.0,0.0,1.0));
#14277=CARTESIAN_POINT('',(5.75057000000003,7.34999999999997,0.400000000000006));
#14278=DIRECTION('',(-0.0,0.0,-1.0));
#14279=DIRECTION('',(-4.73695157173405E-14,-1.0,0.0));
#14280=DIRECTION('',(0.0,0.0,-1.0));
#14281=DIRECTION('',(-1.0,0.0,0.0));
#14282=DIRECTION('',(0.0,0.0,-1.0));
#14283=DIRECTION('',(-1.0,0.0,0.0));
#14284=DIRECTION('',(-1.0,0.0,0.0));
#14285=DIRECTION('',(0.0,0.0,-1.0));
#14286=DIRECTION('',(-1.0,0.0,0.0));
#14287=DIRECTION('',(0.0,0.0,-1.0));
#14288=DIRECTION('',(0.0,1.0,0.0));
#14289=DIRECTION('',(0.0,0.0,1.0));
#14290=DIRECTION('',(0.0,1.0,0.0));
#14291=DIRECTION('',(0.0,0.0,-1.0));
#14292=DIRECTION('',(1.0,0.0,0.0));
#14293=DIRECTION('',(0.0,-1.0,0.0));
#14294=DIRECTION('',(0.0,1.0,0.0));
#14295=DIRECTION('',(1.0,0.0,0.0));
#14296=DIRECTION('',(-7.84047156700753E-14,-1.0,0.0));
#14297=DIRECTION('',(0.0,0.0,1.0));
#14298=DIRECTION('',(1.0,0.0,0.0));
#14299=DIRECTION('',(0.0,0.0,-1.0));
#14300=DIRECTION('',(0.0,0.0,1.0));
#14301=DIRECTION('',(0.0,-1.0,0.0));
#14302=DIRECTION('',(0.0,0.0,1.0));
#14303=DIRECTION('',(-1.0,0.0,0.0));
#14304=DIRECTION('',(0.0,0.0,1.0));
#14305=DIRECTION('',(-1.0,0.0,0.0));
#14306=DIRECTION('',(0.0,1.0,0.0));
#14307=DIRECTION('',(0.0,-1.0,0.0));
#14308=DIRECTION('',(-1.0,0.0,0.0));
#14309=DIRECTION('',(0.0,-1.0,0.0));
#14310=DIRECTION('',(-7.84047156700753E-14,-1.0,0.0));
#14311=DIRECTION('',(0.0,-1.0,0.0));
#14312=DIRECTION('',(1.0,0.0,0.0));
#14313=DIRECTION('',(-7.84047156700753E-14,-1.0,0.0));
#14314=DIRECTION('',(1.0,0.0,0.0));
#14315=DIRECTION('',(0.0,1.0,0.0));
#14316=DIRECTION('',(0.0,0.0,1.0));
#14317=DIRECTION('',(0.0,-1.0,0.0));
#14318=DIRECTION('',(0.0,0.0,-1.0));
#14319=DIRECTION('',(6.12323399573677E-17,1.0,0.0));
#14320=DIRECTION('',(0.70710678118655,0.0,-0.707106781186545));
#14321=DIRECTION('',(6.12323399573677E-17,1.0,0.0));
#14322=DIRECTION('',(-0.707106781186553,0.0,0.707106781186542));
#14323=DIRECTION('',(-1.0,0.0,0.0));
#14324=DIRECTION('',(0.0,0.0,1.0));
#14325=DIRECTION('',(-1.0,0.0,0.0));
#14326=DIRECTION('',(7.84047156700753E-14,1.0,0.0));
#14327=DIRECTION('',(0.0,0.0,-1.0));
#14328=DIRECTION('',(0.0,0.0,1.0));
#14329=DIRECTION('',(-7.84047156700753E-14,-1.0,0.0));
#14330=DIRECTION('',(-6.12323399573677E-17,-1.0,0.0));
#14331=DIRECTION('',(0.0,0.0,1.0));
#14332=DIRECTION('',(1.06595714306769E-16,-1.24622534514174E-14,-1.0));
#14333=DIRECTION('',(0.00855317343300753,-0.999963420943099,0.0));
#14334=DIRECTION('',(0.0,0.0,-1.0));
#14335=DIRECTION('',(0.00855317343300753,-0.999963420943099,0.0));
#14336=DIRECTION('',(0.0,0.0,1.0));
#14337=DIRECTION('',(0.00855317343300753,-0.999963420943099,0.0));
#14338=DIRECTION('',(0.0,0.0,-1.0));
#14339=DIRECTION('',(-0.00855317343300753,0.999963420943099,0.0));
#14340=DIRECTION('',(-1.0,0.0,0.0));
#14341=DIRECTION('',(1.0,0.0,0.0));
#14342=DIRECTION('',(0.0,0.0,1.0));
#14343=CARTESIAN_POINT('',(5.75057000000003,7.34999999999997,0.75));
#14344=DIRECTION('',(0.0,0.0,1.0));
#14345=DIRECTION('',(-1.0,0.0,0.0));
#14346=CARTESIAN_POINT('',(5.75057,7.34999999999997,8.5));
#14347=DIRECTION('',(0.0,0.0,1.0));
#14348=DIRECTION('',(-6.12323399573677E-17,-1.0,0.0));
#14349=CARTESIAN_POINT('',(5.75057000000003,7.34999999999997,8.5));
#14350=DIRECTION('',(0.0,0.0,1.0));
#14351=DIRECTION('',(-4.6629367034257E-14,1.0,0.0));
#14352=DIRECTION('',(-1.0,0.0,0.0));
#14353=DIRECTION('',(-0.00855317343299919,-0.999963420943099,-0.0));
#14354=DIRECTION('',(-1.0,0.0,0.0));
#14355=DIRECTION('',(0.0,1.0,0.0));
#14356=DIRECTION('',(-1.0,0.0,0.0));
#14357=CARTESIAN_POINT('',(4.79401192062533,2.3000002741403,4.47499999999991));
#14358=DIRECTION('',(0.0,-1.0,0.0));
#14359=DIRECTION('',(-0.681401964628482,0.0,0.731909395075951));
#14360=CARTESIAN_POINT('',(5.75057000000003,7.34999999999997,6.25));
#14361=DIRECTION('',(0.0,0.0,1.0));
#14362=DIRECTION('',(-4.6629367034257E-14,1.0,0.0));
#14363=CARTESIAN_POINT('',(5.75057000000003,7.34999999999997,6.25));
#14364=DIRECTION('',(0.0,0.0,1.0));
#14365=DIRECTION('',(-5.6843418860808E-14,1.0,0.0));
#14366=DIRECTION('',(-1.0,0.0,0.0));
#14367=DIRECTION('',(-1.0,0.0,0.0));
#14368=DIRECTION('',(0.0,-1.0,0.0));
#14369=DIRECTION('',(-1.0,0.0,0.0));
#14370=DIRECTION('',(0.00855317343299919,0.999963420943099,0.0));
#14371=DIRECTION('',(1.0,0.0,0.0));
#14372=DIRECTION('',(0.0,0.0,1.0));
#14373=DIRECTION('',(1.0,0.0,0.0));
#14374=DIRECTION('',(0.0,0.0,-1.0));
#14375=DIRECTION('',(6.12323399573677E-17,1.0,0.0));
#14376=DIRECTION('',(0.707106781186553,0.0,0.707106781186542));
#14377=DIRECTION('',(-6.12323399573677E-17,-1.0,0.0));
#14378=CARTESIAN_POINT('',(4.79401192062533,2.30000027414027,2.52500000000009));
#14379=DIRECTION('',(0.0,1.0,0.0));
#14380=DIRECTION('',(-0.681401964628483,0.0,-0.73190939507595));
#14381=DIRECTION('',(-1.0,0.0,0.0));
#14382=DIRECTION('',(0.0,0.0,1.0));
#14383=DIRECTION('',(0.0,0.0,-1.0));
#14384=DIRECTION('',(0.0,0.0,-1.0));
#14385=DIRECTION('',(0.0,0.0,-1.0));
#14386=DIRECTION('',(0.0,0.0,-1.0));
#14387=DIRECTION('',(-1.0,0.0,0.0));
#14388=DIRECTION('',(0.0,0.0,-1.0));
#14389=DIRECTION('',(0.0,-1.0,0.0));
#14390=DIRECTION('',(-1.06595714306664E-16,-1.24622534514174E-14,-1.0));
#14391=DIRECTION('',(-1.06595714306664E-16,-1.24622534514174E-14,-1.0));
#14392=DIRECTION('',(-1.06595714306664E-16,-1.24622534514174E-14,-1.0));
#14393=DIRECTION('',(0.0,0.0,1.0));
#14394=DIRECTION('',(6.12323399573677E-17,1.0,0.0));
#14395=DIRECTION('',(-6.12323399573677E-17,-1.0,0.0));
#14396=DIRECTION('',(0.707106781186548,0.0,-0.707106781186548));
#14397=DIRECTION('',(-6.12323399573677E-17,-1.0,0.0));
#14398=DIRECTION('',(0.707106781186553,0.0,-0.707106781186542));
#14399=DIRECTION('',(1.0,0.0,0.0));
#14400=CARTESIAN_POINT('',(5.75057000000002,7.34999999999997,0.75));
#14401=DIRECTION('',(0.0,0.0,1.0));
#14402=DIRECTION('',(-4.28774935054355E-14,-1.0,0.0));
#14403=CARTESIAN_POINT('',(5.75057,7.34999999999997,8.0));
#14404=DIRECTION('',(0.0,-0.0,1.0));
#14405=DIRECTION('',(3.41607084500045E-16,1.0,0.0));
#14406=CARTESIAN_POINT('',(5.75057,7.34999999999997,7.0));
#14407=DIRECTION('',(0.0,-0.0,1.0));
#14408=DIRECTION('',(3.41607084500048E-16,1.0,0.0));
#14409=DIRECTION('',(1.06595714306769E-16,-1.24622534514174E-14,-1.0));
#14410=DIRECTION('',(0.00855317343300753,-0.999963420943099,0.0));
#14411=DIRECTION('',(0.0,0.0,-1.0));
#14412=DIRECTION('',(-0.00855317343300753,0.999963420943099,0.0));
#14413=DIRECTION('',(-0.00855317343300753,0.999963420943099,0.0));
#14414=DIRECTION('',(0.0,0.0,-1.0));
#14415=DIRECTION('',(0.00855317343300753,-0.999963420943099,0.0));
#14416=DIRECTION('',(-1.0,0.0,0.0));
#14417=DIRECTION('',(0.0,-1.0,0.0));
#14418=DIRECTION('',(1.0,0.0,0.0));
#14419=DIRECTION('',(7.84047156700753E-14,1.0,0.0));
#14420=DIRECTION('',(0.0,0.0,1.0));
#14421=DIRECTION('',(-7.84047156700753E-14,-1.0,0.0));
#14422=DIRECTION('',(0.0,0.0,1.0));
#14423=CARTESIAN_POINT('',(5.75057000000003,7.34999999999997,0.0));
#14424=DIRECTION('',(-0.0,0.0,-1.0));
#14425=DIRECTION('',(-2.8421709430404E-14,-1.0,0.0));
#14426=DIRECTION('',(0.0,1.0,0.0));
#14427=DIRECTION('',(-1.0,0.0,0.0));
#14428=DIRECTION('',(0.0,0.0,-1.0));
#14429=DIRECTION('',(-6.12323399573677E-17,-1.0,0.0));
#14430=DIRECTION('',(0.0,0.0,-1.0));
#14431=DIRECTION('',(0.0,0.0,-1.0));
#14432=DIRECTION('',(0.0,1.0,0.0));
#14433=DIRECTION('',(-1.0,0.0,0.0));
#14434=DIRECTION('',(-1.06595714306664E-16,-1.24622534514174E-14,-1.0));
#14435=DIRECTION('',(0.0,0.0,-1.0));
#14436=DIRECTION('',(0.0,-1.0,0.0));
#14437=DIRECTION('',(0.0,0.0,-1.0));
#14438=DIRECTION('',(0.0,1.0,0.0));
#14439=DIRECTION('',(0.0,0.0,-1.0));
#14440=CARTESIAN_POINT('',(2.25057000000003,7.34999999999997,0.75));
#14441=DIRECTION('',(0.0,0.0,1.0));
#14442=DIRECTION('',(-4.7356733188989E-14,-1.0,0.0));
#14443=DIRECTION('',(6.12323399573677E-17,1.0,0.0));
#14444=DIRECTION('',(-1.0,0.0,0.0));
#14445=CARTESIAN_POINT('',(2.25057036104342,7.34999999999997,0.75));
#14446=DIRECTION('',(0.0,0.0,1.0));
#14447=DIRECTION('',(-7.22086827909592E-07,-0.999999999999739,0.0));
#14448=CARTESIAN_POINT('',(2.25056999995665,7.34999999999997,6.25));
#14449=DIRECTION('',(0.0,0.0,1.0));
#14450=DIRECTION('',(-4.6629367034257E-14,1.0,0.0));
#14451=CARTESIAN_POINT('',(2.25056999995665,7.34999999999997,8.5));
#14452=DIRECTION('',(0.0,0.0,1.0));
#14453=DIRECTION('',(-4.6629367034257E-14,1.0,0.0));
#14454=DIRECTION('',(0.0,0.0,1.0));
#14455=DIRECTION('',(6.12323399573677E-17,1.0,0.0));
#14456=DIRECTION('',(0.0,0.0,-1.0));
#14457=DIRECTION('',(-1.0,0.0,0.0));
#14458=DIRECTION('',(1.0,0.0,0.0));
#14459=DIRECTION('',(-1.0,0.0,0.0));
#14460=DIRECTION('',(-0.707106781186553,0.0,-0.707106781186542));
#14461=DIRECTION('',(1.0,0.0,0.0));
#14462=DIRECTION('',(0.0,0.0,-1.0));
#14463=DIRECTION('',(1.0,0.0,0.0));
#14464=DIRECTION('',(1.0,0.0,0.0));
#14465=DIRECTION('',(0.0,0.0,1.0));
#14466=DIRECTION('',(-1.06595714306664E-16,-1.24622534514174E-14,-1.0));
#14467=DIRECTION('',(0.00855317343299919,0.999963420943099,0.0));
#14468=DIRECTION('',(0.0,0.0,-1.0));
#14469=CARTESIAN_POINT('',(2.25056999995662,7.34999999999997,8.0));
#14470=DIRECTION('',(0.0,-0.0,1.0));
#14471=DIRECTION('',(3.41607084500045E-16,1.0,0.0));
#14472=CARTESIAN_POINT('',(2.25057,7.34999999999997,7.0));
#14473=DIRECTION('',(0.0,0.0,1.0));
#14474=DIRECTION('',(-6.12323399573677E-17,-1.0,0.0));
#14475=CARTESIAN_POINT('',(1.29401192058197,2.30000027414027,2.52500000000009));
#14476=DIRECTION('',(0.0,1.0,0.0));
#14477=DIRECTION('',(-0.681401964628495,0.0,-0.731909395075939));
#14478=CARTESIAN_POINT('',(2.25057036100002,7.34999999999997,6.25));
#14479=DIRECTION('',(0.0,0.0,1.0));
#14480=DIRECTION('',(-7.22086813453871E-07,0.999999999999739,0.0));
#14481=DIRECTION('',(-1.0,0.0,0.0));
#14482=DIRECTION('',(1.0,0.0,0.0));
#14483=DIRECTION('',(0.0,0.0,1.0));
#14484=DIRECTION('',(1.0,0.0,0.0));
#14485=DIRECTION('',(0.0,0.0,1.0));
#14486=DIRECTION('',(-1.0,0.0,0.0));
#14487=DIRECTION('',(0.0,0.0,-1.0));
#14488=CARTESIAN_POINT('',(2.25056999995662,7.34999999999997,8.5));
#14489=DIRECTION('',(0.0,-0.0,1.0));
#14490=DIRECTION('',(0.0,1.0,0.0));
#14491=DIRECTION('',(0.0,-1.0,0.0));
#14492=DIRECTION('',(1.0,0.0,0.0));
#14493=DIRECTION('',(-1.0,0.0,0.0));
#14494=DIRECTION('',(0.00855317343299919,0.999963420943099,0.0));
#14495=DIRECTION('',(-1.06595714306664E-16,-1.24622534514174E-14,-1.0));
#14496=DIRECTION('',(0.0,-1.0,0.0));
#14497=DIRECTION('',(-6.12323399573677E-17,-1.0,0.0));
#14498=CARTESIAN_POINT('',(2.25056999995665,7.34999999999997,0.0));
#14499=DIRECTION('',(-0.0,0.0,-1.0));
#14500=DIRECTION('',(-2.8421709430404E-14,-1.0,0.0));
#14501=DIRECTION('',(0.0,-1.0,0.0));
#14502=DIRECTION('',(0.0,1.0,0.0));
#14503=DIRECTION('',(0.0,-1.0,0.0));
#14504=CARTESIAN_POINT('',(0.00057,8.07678999999997,1.26021854700851));
#14505=DIRECTION('',(1.0,0.0,0.0));
#14506=DIRECTION('',(0.0,0.0,-1.0));
#14507=DIRECTION('',(0.0,0.0,-1.0));
#14508=CARTESIAN_POINT('',(0.00057,8.07678999999997,5.73679));
#14509=DIRECTION('',(1.0,0.0,0.0));
#14510=DIRECTION('',(0.0,1.0,0.0));
#14511=DIRECTION('',(0.0,1.0,0.0));
#14512=CARTESIAN_POINT('',(0.00057,3.42321000001517,5.73679));
#14513=DIRECTION('',(1.0,0.0,-0.0));
#14514=DIRECTION('',(0.0,0.0,1.0));
#14515=DIRECTION('',(0.0,0.0,1.0));
#14516=CARTESIAN_POINT('',(0.00057,3.42321000001517,1.26021854700851));
#14517=DIRECTION('',(1.0,0.0,0.0));
#14518=DIRECTION('',(0.0,-1.0,0.0));
#14519=CARTESIAN_POINT('',(1.29401192058197,2.3000002741403,4.47499999999991));
#14520=DIRECTION('',(0.0,-1.0,0.0));
#14521=DIRECTION('',(-0.681401964628495,0.0,0.731909395075939));
#14522=DIRECTION('',(-1.0,0.0,0.0));
#14523=DIRECTION('',(-1.0,0.0,0.0));
#14524=CARTESIAN_POINT('',(0.00057,6.33725065088581,3.1190122095594));
#14525=DIRECTION('',(1.0,0.0,0.0));
#14526=DIRECTION('',(0.0,-4.6486687454687E-13,1.0));
#14527=DIRECTION('',(0.0,-1.0,-4.63921820546114E-13));
#14528=CARTESIAN_POINT('',(0.00057,6.77009000001325,3.1218722095596));
#14529=DIRECTION('',(-1.0,0.0,0.0));
#14530=DIRECTION('',(0.0,-4.69616684347178E-13,1.0));
#14531=DIRECTION('',(0.0,0.0,1.0));
#14532=DIRECTION('',(0.0,0.0,-1.0));
#14533=CARTESIAN_POINT('',(0.00057,3.92991000000383,3.1218722095597));
#14534=DIRECTION('',(-1.0,0.0,0.0));
#14535=DIRECTION('',(0.0,-1.0,0.0));
#14536=DIRECTION('',(0.0,-1.0,0.0));
#14537=CARTESIAN_POINT('',(0.00057,4.36274934913111,3.1190122095597));
#14538=DIRECTION('',(1.0,0.0,-0.0));
#14539=DIRECTION('',(0.0,0.895797536002187,0.444462343165774));
#14540=CARTESIAN_POINT('',(0.00057,4.36274934913111,4.07144046533661));
#14541=DIRECTION('',(1.0,0.0,0.0));
#14542=DIRECTION('',(0.0,0.0,-1.0));
#14543=DIRECTION('',(0.0,1.0,0.0));
#14544=CARTESIAN_POINT('',(0.00057,3.92991000000383,4.06858046533661));
#14545=DIRECTION('',(-1.0,-0.0,-0.0));
#14546=DIRECTION('',(0.0,0.0,-1.0));
#14547=DIRECTION('',(0.0,2.39538423096814E-14,-1.0));
#14548=CARTESIAN_POINT('',(0.00057,3.92991000000381,5.2497576163338));
#14549=DIRECTION('',(-1.0,-0.0,0.0));
#14550=DIRECTION('',(0.0,-1.0,-2.5384685640388E-14));
#14551=DIRECTION('',(0.0,-1.0,0.0));
#14552=CARTESIAN_POINT('',(0.00057,7.57008999999734,5.2497576163338));
#14553=DIRECTION('',(-1.0,0.0,0.0));
#14554=DIRECTION('',(0.0,0.0,1.0));
#14555=DIRECTION('',(0.0,0.0,1.0));
#14556=CARTESIAN_POINT('',(0.00057,7.57008999999734,4.06858046533681));
#14557=DIRECTION('',(-1.0,0.0,0.0));
#14558=DIRECTION('',(0.0,1.0,0.0));
#14559=DIRECTION('',(0.0,1.0,0.0));
#14560=CARTESIAN_POINT('',(0.00057,6.33725065088586,4.07144046533681));
#14561=DIRECTION('',(1.0,0.0,0.0));
#14562=DIRECTION('',(0.0,-0.89579753600179,-0.444462343166575));
#14563=DIRECTION('',(0.0,1.0,0.0));
#14564=CARTESIAN_POINT('',(0.0305701383026238,8.07678999999997,5.73679));
#14565=DIRECTION('',(1.0,0.0,0.0));
#14566=DIRECTION('',(0.0,1.0,0.0));
#14567=DIRECTION('',(0.0,0.0,1.0));
#14568=CARTESIAN_POINT('',(0.0305701383026238,8.07678999999997,1.26021854700851));
#14569=DIRECTION('',(1.0,0.0,0.0));
#14570=DIRECTION('',(0.0,0.0,-1.0));
#14571=DIRECTION('',(0.0,1.0,0.0));
#14572=CARTESIAN_POINT('',(0.0305701383026238,3.42321000001517,1.26021854700851));
#14573=DIRECTION('',(1.0,0.0,0.0));
#14574=DIRECTION('',(0.0,-1.0,0.0));
#14575=DIRECTION('',(0.0,0.0,-1.0));
#14576=CARTESIAN_POINT('',(0.0305701383026238,3.42321000001517,5.73679));
#14577=DIRECTION('',(1.0,0.0,-0.0));
#14578=DIRECTION('',(0.0,0.0,1.0));
#14579=DIRECTION('',(0.0,1.0,0.0));
#14580=CARTESIAN_POINT('',(0.0305701383026238,7.57008999999734,4.06858046533681));
#14581=DIRECTION('',(-1.0,0.0,0.0));
#14582=DIRECTION('',(0.0,1.0,0.0));
#14583=DIRECTION('',(0.0,0.0,1.0));
#14584=CARTESIAN_POINT('',(0.0305701383026238,7.57008999999734,5.2497576163338));
#14585=DIRECTION('',(-1.0,0.0,0.0));
#14586=DIRECTION('',(0.0,0.0,1.0));
#14587=DIRECTION('',(0.0,1.0,0.0));
#14588=CARTESIAN_POINT('',(0.0305701383026238,3.92991000000381,5.2497576163338));
#14589=DIRECTION('',(-1.0,-0.0,0.0));
#14590=DIRECTION('',(0.0,-1.0,-2.5384685640388E-14));
#14591=DIRECTION('',(0.0,2.39538423096814E-14,-1.0));
#14592=CARTESIAN_POINT('',(0.0305701383026238,3.92991000000383,4.06858046533661));
#14593=DIRECTION('',(-1.0,-0.0,-0.0));
#14594=DIRECTION('',(0.0,0.0,-1.0));
#14595=DIRECTION('',(0.0,1.0,0.0));
#14596=CARTESIAN_POINT('',(0.0305701383026238,4.36274934913111,4.07144046533661));
#14597=DIRECTION('',(1.0,0.0,0.0));
#14598=DIRECTION('',(0.0,0.0,-1.0));
#14599=CARTESIAN_POINT('',(0.0305701383026238,6.33725065088586,4.07144046533681));
#14600=DIRECTION('',(1.0,0.0,0.0));
#14601=DIRECTION('',(0.0,-0.89579753600179,-0.444462343166575));
#14602=DIRECTION('',(0.0,-1.0,0.0));
#14603=CARTESIAN_POINT('',(0.0305701383026238,3.92991000000383,3.1218722095597));
#14604=DIRECTION('',(-1.0,0.0,0.0));
#14605=DIRECTION('',(0.0,-1.0,0.0));
#14606=DIRECTION('',(0.0,0.0,1.0));
#14607=DIRECTION('',(0.0,0.0,1.0));
#14608=CARTESIAN_POINT('',(0.0305701383026238,6.77009000001325,3.1218722095596));
#14609=DIRECTION('',(-1.0,0.0,0.0));
#14610=DIRECTION('',(0.0,-4.69616684347178E-13,1.0));
#14611=DIRECTION('',(0.0,-1.0,-4.63921820546114E-13));
#14612=CARTESIAN_POINT('',(0.0305701383026238,6.33725065088581,3.1190122095594));
#14613=DIRECTION('',(1.0,0.0,0.0));
#14614=DIRECTION('',(0.0,-4.6486687454687E-13,1.0));
#14615=CARTESIAN_POINT('',(0.0305701383026238,4.36274934913111,3.1190122095597));
#14616=DIRECTION('',(1.0,0.0,-0.0));
#14617=DIRECTION('',(0.0,0.895797536002187,0.444462343165774));
#14618=DIRECTION('',(1.0,0.0,0.0));
#14619=DIRECTION('',(-1.0,0.0,0.0));
#14620=DIRECTION('',(1.0,0.0,0.0));
#14621=DIRECTION('',(1.0,0.0,0.0));
#14622=DIRECTION('',(1.0,0.0,0.0));
#14623=DIRECTION('',(-1.0,0.0,0.0));
#14624=DIRECTION('',(1.0,0.0,0.0));
#14625=DIRECTION('',(1.0,0.0,0.0));
#14626=DIRECTION('',(1.0,0.0,0.0));
#14627=DIRECTION('',(-1.0,0.0,0.0));
#14628=DIRECTION('',(1.0,0.0,0.0));
#14629=DIRECTION('',(1.0,0.0,0.0));
#14630=DIRECTION('',(-1.0,0.0,0.0));
#14631=DIRECTION('',(-1.0,0.0,0.0));
#14632=DIRECTION('',(1.0,0.0,0.0));
#14633=DIRECTION('',(1.0,0.0,0.0));
#14634=DIRECTION('',(-1.0,0.0,0.0));
#14635=DIRECTION('',(1.0,0.0,0.0));
#14636=SURFACE_STYLE_FILL_AREA(#14971);
#14637=FILL_AREA_STYLE('',(#14972));
#14638=EDGE_CURVE('',#2920,#2927,#14973,.T.);
#14639=FILL_AREA_STYLE('',(#14974));
#14640=EDGE_CURVE('',#2930,#2936,#14975,.T.);
#14641=FILL_AREA_STYLE('',(#14976));
#14642=EDGE_CURVE('',#2939,#2942,#14977,.T.);
#14643=FILL_AREA_STYLE('',(#14978));
#14644=FILL_AREA_STYLE('',(#14979));
#14645=FILL_AREA_STYLE('',(#14980));
#14646=FILL_AREA_STYLE('',(#14981));
#14647=FILL_AREA_STYLE('',(#14982));
#14648=FILL_AREA_STYLE('',(#14983));
#14649=FILL_AREA_STYLE('',(#14984));
#14650=FILL_AREA_STYLE('',(#14985));
#14651=FILL_AREA_STYLE('',(#14986));
#14652=FILL_AREA_STYLE('',(#14987));
#14653=EDGE_CURVE('',#3130,#3139,#14988,.T.);
#14654=FILL_AREA_STYLE('',(#14989));
#14655=EDGE_CURVE('',#3129,#3154,#14990,.T.);
#14656=FILL_AREA_STYLE('',(#14991));
#14657=EDGE_CURVE('',#3157,#3164,#14992,.T.);
#14658=FILL_AREA_STYLE('',(#14993));
#14659=EDGE_CURVE('',#3167,#3174,#14994,.T.);
#14660=FILL_AREA_STYLE('',(#14995));
#14661=EDGE_CURVE('',#3178,#3199,#14996,.T.);
#14662=FILL_AREA_STYLE('',(#14997));
#14663=EDGE_CURVE('',#3203,#3218,#14998,.T.);
#14664=FILL_AREA_STYLE('',(#14999));
#14665=EDGE_CURVE('',#3221,#3231,#15000,.T.);
#14666=FILL_AREA_STYLE('',(#15001));
#14667=EDGE_CURVE('',#3177,#3240,#15002,.T.);
#14668=FILL_AREA_STYLE('',(#15003));
#14669=FILL_AREA_STYLE('',(#15004));
#14670=FILL_AREA_STYLE('',(#15005));
#14671=FILL_AREA_STYLE('',(#15006));
#14672=FILL_AREA_STYLE('',(#15007));
#14673=FILL_AREA_STYLE('',(#15008));
#14674=FILL_AREA_STYLE('',(#15009));
#14675=FILL_AREA_STYLE('',(#15010));
#14676=FILL_AREA_STYLE('',(#15011));
#14677=FILL_AREA_STYLE('',(#15012));
#14678=FILL_AREA_STYLE('',(#15013));
#14679=FILL_AREA_STYLE('',(#15014));
#14680=FILL_AREA_STYLE('',(#15015));
#14681=FILL_AREA_STYLE('',(#15016));
#14682=FILL_AREA_STYLE('',(#15017));
#14683=FILL_AREA_STYLE('',(#15018));
#14684=FILL_AREA_STYLE('',(#15019));
#14685=FILL_AREA_STYLE('',(#15020));
#14686=FILL_AREA_STYLE('',(#15021));
#14687=FILL_AREA_STYLE('',(#15022));
#14688=FILL_AREA_STYLE('',(#15023));
#14689=FILL_AREA_STYLE('',(#15024));
#14690=FILL_AREA_STYLE('',(#15025));
#14691=FILL_AREA_STYLE('',(#15026));
#14692=FILL_AREA_STYLE('',(#15027));
#14693=FILL_AREA_STYLE('',(#15028));
#14694=FILL_AREA_STYLE('',(#15029));
#14695=FILL_AREA_STYLE('',(#15030));
#14696=FILL_AREA_STYLE('',(#15031));
#14697=FILL_AREA_STYLE('',(#15032));
#14698=FILL_AREA_STYLE('',(#15033));
#14699=FILL_AREA_STYLE('',(#15034));
#14700=FILL_AREA_STYLE('',(#15035));
#14701=FILL_AREA_STYLE('',(#15036));
#14702=FILL_AREA_STYLE('',(#15037));
#14703=FILL_AREA_STYLE('',(#15038));
#14704=FILL_AREA_STYLE('',(#15039));
#14705=FILL_AREA_STYLE('',(#15040));
#14706=FILL_AREA_STYLE('',(#15041));
#14707=FILL_AREA_STYLE('',(#15042));
#14708=FILL_AREA_STYLE('',(#15043));
#14709=FILL_AREA_STYLE('',(#15044));
#14710=FILL_AREA_STYLE('',(#15045));
#14711=FILL_AREA_STYLE('',(#15046));
#14712=FILL_AREA_STYLE('',(#15047));
#14713=EDGE_CURVE('',#3528,#3535,#15048,.T.);
#14714=FILL_AREA_STYLE('',(#15049));
#14715=EDGE_CURVE('',#3538,#3544,#15050,.T.);
#14716=FILL_AREA_STYLE('',(#15051));
#14717=EDGE_CURVE('',#3547,#3550,#15052,.T.);
#14718=FILL_AREA_STYLE('',(#15053));
#14719=FILL_AREA_STYLE('',(#15054));
#14720=FILL_AREA_STYLE('',(#15055));
#14721=FILL_AREA_STYLE('',(#15056));
#14722=FILL_AREA_STYLE('',(#15057));
#14723=FILL_AREA_STYLE('',(#15058));
#14724=FILL_AREA_STYLE('',(#15059));
#14725=FILL_AREA_STYLE('',(#15060));
#14726=FILL_AREA_STYLE('',(#15061));
#14727=FILL_AREA_STYLE('',(#15062));
#14728=EDGE_CURVE('',#3738,#3747,#15063,.T.);
#14729=FILL_AREA_STYLE('',(#15064));
#14730=EDGE_CURVE('',#3737,#3762,#15065,.T.);
#14731=FILL_AREA_STYLE('',(#15066));
#14732=EDGE_CURVE('',#3765,#3772,#15067,.T.);
#14733=FILL_AREA_STYLE('',(#15068));
#14734=EDGE_CURVE('',#3775,#3782,#15069,.T.);
#14735=FILL_AREA_STYLE('',(#15070));
#14736=EDGE_CURVE('',#3786,#3807,#15071,.T.);
#14737=FILL_AREA_STYLE('',(#15072));
#14738=EDGE_CURVE('',#3811,#3826,#15073,.T.);
#14739=FILL_AREA_STYLE('',(#15074));
#14740=EDGE_CURVE('',#3829,#3839,#15075,.T.);
#14741=FILL_AREA_STYLE('',(#15076));
#14742=EDGE_CURVE('',#3785,#3848,#15077,.T.);
#14743=FILL_AREA_STYLE('',(#15078));
#14744=FILL_AREA_STYLE('',(#15079));
#14745=FILL_AREA_STYLE('',(#15080));
#14746=FILL_AREA_STYLE('',(#15081));
#14747=FILL_AREA_STYLE('',(#15082));
#14748=FILL_AREA_STYLE('',(#15083));
#14749=FILL_AREA_STYLE('',(#15084));
#14750=FILL_AREA_STYLE('',(#15085));
#14751=FILL_AREA_STYLE('',(#15086));
#14752=FILL_AREA_STYLE('',(#15087));
#14753=FILL_AREA_STYLE('',(#15088));
#14754=FILL_AREA_STYLE('',(#15089));
#14755=FILL_AREA_STYLE('',(#15090));
#14756=FILL_AREA_STYLE('',(#15091));
#14757=FILL_AREA_STYLE('',(#15092));
#14758=FILL_AREA_STYLE('',(#15093));
#14759=FILL_AREA_STYLE('',(#15094));
#14760=FILL_AREA_STYLE('',(#15095));
#14761=FILL_AREA_STYLE('',(#15096));
#14762=FILL_AREA_STYLE('',(#15097));
#14763=FILL_AREA_STYLE('',(#15098));
#14764=FILL_AREA_STYLE('',(#15099));
#14765=FILL_AREA_STYLE('',(#15100));
#14766=FILL_AREA_STYLE('',(#15101));
#14767=FILL_AREA_STYLE('',(#15102));
#14768=FILL_AREA_STYLE('',(#15103));
#14769=FILL_AREA_STYLE('',(#15104));
#14770=FILL_AREA_STYLE('',(#15105));
#14771=FILL_AREA_STYLE('',(#15106));
#14772=FILL_AREA_STYLE('',(#15107));
#14773=FILL_AREA_STYLE('',(#15108));
#14774=FILL_AREA_STYLE('',(#15109));
#14775=FILL_AREA_STYLE('',(#15110));
#14776=FILL_AREA_STYLE('',(#15111));
#14777=FILL_AREA_STYLE('',(#15112));
#14778=FILL_AREA_STYLE('',(#15113));
#14779=FILL_AREA_STYLE('',(#15114));
#14780=FILL_AREA_STYLE('',(#15115));
#14781=FILL_AREA_STYLE('',(#15116));
#14782=FILL_AREA_STYLE('',(#15117));
#14783=FILL_AREA_STYLE('',(#15118));
#14784=FILL_AREA_STYLE('',(#15119));
#14785=FILL_AREA_STYLE('',(#15120));
#14786=FILL_AREA_STYLE('',(#15121));
#14787=FILL_AREA_STYLE('',(#15122));
#14788=EDGE_CURVE('',#4555,#4562,#15123,.T.);
#14789=FILL_AREA_STYLE('',(#15124));
#14790=EDGE_CURVE('',#4565,#4572,#15125,.T.);
#14791=FILL_AREA_STYLE('',(#15126));
#14792=EDGE_CURVE('',#4575,#4582,#15127,.T.);
#14793=FILL_AREA_STYLE('',(#15128));
#14794=EDGE_CURVE('',#4585,#4592,#15129,.T.);
#14795=FILL_AREA_STYLE('',(#15130));
#14796=EDGE_CURVE('',#4595,#4602,#15131,.T.);
#14797=FILL_AREA_STYLE('',(#15132));
#14798=EDGE_CURVE('',#4605,#4612,#15133,.T.);
#14799=FILL_AREA_STYLE('',(#15134));
#14800=EDGE_CURVE('',#4615,#4622,#15135,.T.);
#14801=FILL_AREA_STYLE('',(#15136));
#14802=EDGE_CURVE('',#4625,#4632,#15137,.T.);
#14803=FILL_AREA_STYLE('',(#15138));
#14804=EDGE_CURVE('',#4635,#4642,#15139,.T.);
#14805=FILL_AREA_STYLE('',(#15140));
#14806=EDGE_CURVE('',#4645,#4652,#15141,.T.);
#14807=FILL_AREA_STYLE('',(#15142));
#14808=EDGE_CURVE('',#4655,#4662,#15143,.T.);
#14809=FILL_AREA_STYLE('',(#15144));
#14810=EDGE_CURVE('',#4665,#4672,#15145,.T.);
#14811=FILL_AREA_STYLE('',(#15146));
#14812=EDGE_CURVE('',#4675,#4682,#15147,.T.);
#14813=FILL_AREA_STYLE('',(#15148));
#14814=EDGE_CURVE('',#4685,#4692,#15149,.T.);
#14815=FILL_AREA_STYLE('',(#15150));
#14816=EDGE_CURVE('',#4695,#4699,#15151,.T.);
#14817=EDGE_CURVE('',#4700,#4696,#15152,.T.);
#14818=FILL_AREA_STYLE('',(#15153));
#14819=EDGE_CURVE('',#4703,#4713,#15154,.T.);
#14820=FILL_AREA_STYLE('',(#15155));
#14821=EDGE_CURVE('',#4716,#4726,#15156,.T.);
#14822=FILL_AREA_STYLE('',(#15157));
#14823=EDGE_CURVE('',#4729,#4723,#15158,.T.);
#14824=FILL_AREA_STYLE('',(#15159));
#14825=EDGE_CURVE('',#4738,#4745,#15160,.T.);
#14826=EDGE_CURVE('',#4746,#4742,#15161,.T.);
#14827=FILL_AREA_STYLE('',(#15162));
#14828=EDGE_CURVE('',#4750,#4759,#15163,.T.);
#14829=FILL_AREA_STYLE('',(#15164));
#14830=EDGE_CURVE('',#4762,#4739,#15165,.T.);
#14831=EDGE_CURVE('',#4766,#4763,#15166,.T.);
#14832=FILL_AREA_STYLE('',(#15167));
#14833=EDGE_CURVE('',#4769,#4773,#15168,.T.);
#14834=EDGE_CURVE('',#4774,#4770,#15169,.T.);
#14835=FILL_AREA_STYLE('',(#15170));
#14836=EDGE_CURVE('',#4777,#4781,#15171,.T.);
#14837=EDGE_CURVE('',#4782,#4778,#15172,.T.);
#14838=FILL_AREA_STYLE('',(#15173));
#14839=EDGE_CURVE('',#4785,#4795,#15174,.T.);
#14840=FILL_AREA_STYLE('',(#15175));
#14841=EDGE_CURVE('',#4798,#4805,#15176,.T.);
#14842=EDGE_CURVE('',#4806,#4802,#15177,.T.);
#14843=FILL_AREA_STYLE('',(#15178));
#14844=EDGE_CURVE('',#4809,#4799,#15179,.T.);
#14845=EDGE_CURVE('',#4813,#4810,#15180,.T.);
#14846=FILL_AREA_STYLE('',(#15181));
#14847=EDGE_CURVE('',#4816,#4820,#15182,.T.);
#14848=EDGE_CURVE('',#4821,#4817,#15183,.T.);
#14849=FILL_AREA_STYLE('',(#15184));
#14850=EDGE_CURVE('',#4825,#4834,#15185,.T.);
#14851=FILL_AREA_STYLE('',(#15186));
#14852=EDGE_CURVE('',#4837,#4847,#15187,.T.);
#14853=FILL_AREA_STYLE('',(#15188));
#14854=EDGE_CURVE('',#4850,#4792,#15189,.T.);
#14855=FILL_AREA_STYLE('',(#15190));
#14856=FILL_AREA_STYLE('',(#15191));
#14857=FILL_AREA_STYLE('',(#15192));
#14858=FILL_AREA_STYLE('',(#15193));
#14859=FILL_AREA_STYLE('',(#15194));
#14860=FILL_AREA_STYLE('',(#15195));
#14861=FILL_AREA_STYLE('',(#15196));
#14862=FILL_AREA_STYLE('',(#15197));
#14863=FILL_AREA_STYLE('',(#15198));
#14864=FILL_AREA_STYLE('',(#15199));
#14865=FILL_AREA_STYLE('',(#15200));
#14866=FILL_AREA_STYLE('',(#15201));
#14867=FILL_AREA_STYLE('',(#15202));
#14868=FILL_AREA_STYLE('',(#15203));
#14869=FILL_AREA_STYLE('',(#15204));
#14870=FILL_AREA_STYLE('',(#15205));
#14871=FILL_AREA_STYLE('',(#15206));
#14872=FILL_AREA_STYLE('',(#15207));
#14873=FILL_AREA_STYLE('',(#15208));
#14874=FILL_AREA_STYLE('',(#15209));
#14875=FILL_AREA_STYLE('',(#15210));
#14876=FILL_AREA_STYLE('',(#15211));
#14877=FILL_AREA_STYLE('',(#15212));
#14878=FILL_AREA_STYLE('',(#15213));
#14879=FILL_AREA_STYLE('',(#15214));
#14880=FILL_AREA_STYLE('',(#15215));
#14881=FILL_AREA_STYLE('',(#15216));
#14882=FILL_AREA_STYLE('',(#15217));
#14883=FILL_AREA_STYLE('',(#15218));
#14884=FILL_AREA_STYLE('',(#15219));
#14885=FILL_AREA_STYLE('',(#15220));
#14886=FILL_AREA_STYLE('',(#15221));
#14887=FILL_AREA_STYLE('',(#15222));
#14888=FILL_AREA_STYLE('',(#15223));
#14889=FILL_AREA_STYLE('',(#15224));
#14890=FILL_AREA_STYLE('',(#15225));
#14891=FILL_AREA_STYLE('',(#15226));
#14892=FILL_AREA_STYLE('',(#15227));
#14893=FILL_AREA_STYLE('',(#15228));
#14894=FILL_AREA_STYLE('',(#15229));
#14895=FILL_AREA_STYLE('',(#15230));
#14896=FILL_AREA_STYLE('',(#15231));
#14897=FILL_AREA_STYLE('',(#15232));
#14898=FILL_AREA_STYLE('',(#15233));
#14899=FILL_AREA_STYLE('',(#15234));
#14900=FILL_AREA_STYLE('',(#15235));
#14901=FILL_AREA_STYLE('',(#15236));
#14902=FILL_AREA_STYLE('',(#15237));
#14903=FILL_AREA_STYLE('',(#15238));
#14904=FILL_AREA_STYLE('',(#15239));
#14905=FILL_AREA_STYLE('',(#15240));
#14906=FILL_AREA_STYLE('',(#15241));
#14907=FILL_AREA_STYLE('',(#15242));
#14908=FILL_AREA_STYLE('',(#15243));
#14909=FILL_AREA_STYLE('',(#15244));
#14910=FILL_AREA_STYLE('',(#15245));
#14911=FILL_AREA_STYLE('',(#15246));
#14912=FILL_AREA_STYLE('',(#15247));
#14913=FILL_AREA_STYLE('',(#15248));
#14914=FILL_AREA_STYLE('',(#15249));
#14915=FILL_AREA_STYLE('',(#15250));
#14916=FILL_AREA_STYLE('',(#15251));
#14917=FILL_AREA_STYLE('',(#15252));
#14918=FILL_AREA_STYLE('',(#15253));
#14919=FILL_AREA_STYLE('',(#15254));
#14920=FILL_AREA_STYLE('',(#15255));
#14921=FILL_AREA_STYLE('',(#15256));
#14922=FILL_AREA_STYLE('',(#15257));
#14923=FILL_AREA_STYLE('',(#15258));
#14924=FILL_AREA_STYLE('',(#15259));
#14925=FILL_AREA_STYLE('',(#15260));
#14926=FILL_AREA_STYLE('',(#15261));
#14927=FILL_AREA_STYLE('',(#15262));
#14928=FILL_AREA_STYLE('',(#15263));
#14929=FILL_AREA_STYLE('',(#15264));
#14930=FILL_AREA_STYLE('',(#15265));
#14931=FILL_AREA_STYLE('',(#15266));
#14932=FILL_AREA_STYLE('',(#15267));
#14933=FILL_AREA_STYLE('',(#15268));
#14934=FILL_AREA_STYLE('',(#15269));
#14935=FILL_AREA_STYLE('',(#15270));
#14936=FILL_AREA_STYLE('',(#15271));
#14937=FILL_AREA_STYLE('',(#15272));
#14938=FILL_AREA_STYLE('',(#15273));
#14939=FILL_AREA_STYLE('',(#15274));
#14940=FILL_AREA_STYLE('',(#15275));
#14941=FILL_AREA_STYLE('',(#15276));
#14942=FILL_AREA_STYLE('',(#15277));
#14943=FILL_AREA_STYLE('',(#15278));
#14944=FILL_AREA_STYLE('',(#15279));
#14945=FILL_AREA_STYLE('',(#15280));
#14946=FILL_AREA_STYLE('',(#15281));
#14947=FILL_AREA_STYLE('',(#15282));
#14948=FILL_AREA_STYLE('',(#15283));
#14949=FILL_AREA_STYLE('',(#15284));
#14950=FILL_AREA_STYLE('',(#15285));
#14951=FILL_AREA_STYLE('',(#15286));
#14952=FILL_AREA_STYLE('',(#15287));
#14953=FILL_AREA_STYLE('',(#15288));
#14954=FILL_AREA_STYLE('',(#15289));
#14955=FILL_AREA_STYLE('',(#15290));
#14956=FILL_AREA_STYLE('',(#15291));
#14957=FILL_AREA_STYLE('',(#15292));
#14958=FILL_AREA_STYLE('',(#15293));
#14959=FILL_AREA_STYLE('',(#15294));
#14960=FILL_AREA_STYLE('',(#15295));
#14961=FILL_AREA_STYLE('',(#15296));
#14962=FILL_AREA_STYLE('',(#15297));
#14963=FILL_AREA_STYLE('',(#15298));
#14964=FILL_AREA_STYLE('',(#15299));
#14965=FILL_AREA_STYLE('',(#15300));
#14966=FILL_AREA_STYLE('',(#15301));
#14967=FILL_AREA_STYLE('',(#15302));
#14968=FILL_AREA_STYLE('',(#15303));
#14969=FILL_AREA_STYLE('',(#15304));
#14970=FILL_AREA_STYLE('',(#15305));
#14971=FILL_AREA_STYLE('',(#15306));
#14972=FILL_AREA_STYLE_COLOUR('',#15307);
#14973=LINE('',#15308,#15309);
#14974=FILL_AREA_STYLE_COLOUR('',#15310);
#14975=CIRCLE('',#15311,0.400000000000006);
#14976=FILL_AREA_STYLE_COLOUR('',#15312);
#14977=LINE('',#15313,#15314);
#14978=FILL_AREA_STYLE_COLOUR('',#15315);
#14979=FILL_AREA_STYLE_COLOUR('',#15316);
#14980=FILL_AREA_STYLE_COLOUR('',#15317);
#14981=FILL_AREA_STYLE_COLOUR('',#15318);
#14982=FILL_AREA_STYLE_COLOUR('',#15319);
#14983=FILL_AREA_STYLE_COLOUR('',#15320);
#14984=FILL_AREA_STYLE_COLOUR('',#15321);
#14985=FILL_AREA_STYLE_COLOUR('',#15322);
#14986=FILL_AREA_STYLE_COLOUR('',#15323);
#14987=FILL_AREA_STYLE_COLOUR('',#15324);
#14988=LINE('',#15325,#15326);
#14989=FILL_AREA_STYLE_COLOUR('',#15327);
#14990=LINE('',#15328,#15329);
#14991=FILL_AREA_STYLE_COLOUR('',#15330);
#14992=LINE('',#15331,#15332);
#14993=FILL_AREA_STYLE_COLOUR('',#15333);
#14994=LINE('',#15334,#15335);
#14995=FILL_AREA_STYLE_COLOUR('',#15336);
#14996=LINE('',#15337,#15338);
#14997=FILL_AREA_STYLE_COLOUR('',#15339);
#14998=CIRCLE('',#15340,0.149999999999999);
#14999=FILL_AREA_STYLE_COLOUR('',#15341);
#15000=CIRCLE('',#15342,0.599999999999999);
#15001=FILL_AREA_STYLE_COLOUR('',#15343);
#15002=LINE('',#15344,#15345);
#15003=FILL_AREA_STYLE_COLOUR('',#15346);
#15004=FILL_AREA_STYLE_COLOUR('',#15347);
#15005=FILL_AREA_STYLE_COLOUR('',#15348);
#15006=FILL_AREA_STYLE_COLOUR('',#15349);
#15007=FILL_AREA_STYLE_COLOUR('',#15350);
#15008=FILL_AREA_STYLE_COLOUR('',#15351);
#15009=FILL_AREA_STYLE_COLOUR('',#15352);
#15010=FILL_AREA_STYLE_COLOUR('',#15353);
#15011=FILL_AREA_STYLE_COLOUR('',#15354);
#15012=FILL_AREA_STYLE_COLOUR('',#15355);
#15013=FILL_AREA_STYLE_COLOUR('',#15356);
#15014=FILL_AREA_STYLE_COLOUR('',#15357);
#15015=FILL_AREA_STYLE_COLOUR('',#15358);
#15016=FILL_AREA_STYLE_COLOUR('',#15359);
#15017=FILL_AREA_STYLE_COLOUR('',#15360);
#15018=FILL_AREA_STYLE_COLOUR('',#15361);
#15019=FILL_AREA_STYLE_COLOUR('',#15362);
#15020=FILL_AREA_STYLE_COLOUR('',#15363);
#15021=FILL_AREA_STYLE_COLOUR('',#15364);
#15022=FILL_AREA_STYLE_COLOUR('',#15365);
#15023=FILL_AREA_STYLE_COLOUR('',#15366);
#15024=FILL_AREA_STYLE_COLOUR('',#15367);
#15025=FILL_AREA_STYLE_COLOUR('',#15368);
#15026=FILL_AREA_STYLE_COLOUR('',#15369);
#15027=FILL_AREA_STYLE_COLOUR('',#15370);
#15028=FILL_AREA_STYLE_COLOUR('',#15371);
#15029=FILL_AREA_STYLE_COLOUR('',#15372);
#15030=FILL_AREA_STYLE_COLOUR('',#15373);
#15031=FILL_AREA_STYLE_COLOUR('',#15374);
#15032=FILL_AREA_STYLE_COLOUR('',#15375);
#15033=FILL_AREA_STYLE_COLOUR('',#15376);
#15034=FILL_AREA_STYLE_COLOUR('',#15377);
#15035=FILL_AREA_STYLE_COLOUR('',#15378);
#15036=FILL_AREA_STYLE_COLOUR('',#15379);
#15037=FILL_AREA_STYLE_COLOUR('',#15380);
#15038=FILL_AREA_STYLE_COLOUR('',#15381);
#15039=FILL_AREA_STYLE_COLOUR('',#15382);
#15040=FILL_AREA_STYLE_COLOUR('',#15383);
#15041=FILL_AREA_STYLE_COLOUR('',#15384);
#15042=FILL_AREA_STYLE_COLOUR('',#15385);
#15043=FILL_AREA_STYLE_COLOUR('',#15386);
#15044=FILL_AREA_STYLE_COLOUR('',#15387);
#15045=FILL_AREA_STYLE_COLOUR('',#15388);
#15046=FILL_AREA_STYLE_COLOUR('',#15389);
#15047=FILL_AREA_STYLE_COLOUR('',#15390);
#15048=LINE('',#15391,#15392);
#15049=FILL_AREA_STYLE_COLOUR('',#15393);
#15050=CIRCLE('',#15394,0.400000000000006);
#15051=FILL_AREA_STYLE_COLOUR('',#15395);
#15052=LINE('',#15396,#15397);
#15053=FILL_AREA_STYLE_COLOUR('',#15398);
#15054=FILL_AREA_STYLE_COLOUR('',#15399);
#15055=FILL_AREA_STYLE_COLOUR('',#15400);
#15056=FILL_AREA_STYLE_COLOUR('',#15401);
#15057=FILL_AREA_STYLE_COLOUR('',#15402);
#15058=FILL_AREA_STYLE_COLOUR('',#15403);
#15059=FILL_AREA_STYLE_COLOUR('',#15404);
#15060=FILL_AREA_STYLE_COLOUR('',#15405);
#15061=FILL_AREA_STYLE_COLOUR('',#15406);
#15062=FILL_AREA_STYLE_COLOUR('',#15407);
#15063=LINE('',#15408,#15409);
#15064=FILL_AREA_STYLE_COLOUR('',#15410);
#15065=LINE('',#15411,#15412);
#15066=FILL_AREA_STYLE_COLOUR('',#15413);
#15067=LINE('',#15414,#15415);
#15068=FILL_AREA_STYLE_COLOUR('',#15416);
#15069=LINE('',#15417,#15418);
#15070=FILL_AREA_STYLE_COLOUR('',#15419);
#15071=LINE('',#15420,#15421);
#15072=FILL_AREA_STYLE_COLOUR('',#15422);
#15073=CIRCLE('',#15423,0.149999999999999);
#15074=FILL_AREA_STYLE_COLOUR('',#15424);
#15075=CIRCLE('',#15425,0.599999999999999);
#15076=FILL_AREA_STYLE_COLOUR('',#15426);
#15077=LINE('',#15427,#15428);
#15078=FILL_AREA_STYLE_COLOUR('',#15429);
#15079=FILL_AREA_STYLE_COLOUR('',#15430);
#15080=FILL_AREA_STYLE_COLOUR('',#15431);
#15081=FILL_AREA_STYLE_COLOUR('',#15432);
#15082=FILL_AREA_STYLE_COLOUR('',#15433);
#15083=FILL_AREA_STYLE_COLOUR('',#15434);
#15084=FILL_AREA_STYLE_COLOUR('',#15435);
#15085=FILL_AREA_STYLE_COLOUR('',#15436);
#15086=FILL_AREA_STYLE_COLOUR('',#15437);
#15087=FILL_AREA_STYLE_COLOUR('',#15438);
#15088=FILL_AREA_STYLE_COLOUR('',#15439);
#15089=FILL_AREA_STYLE_COLOUR('',#15440);
#15090=FILL_AREA_STYLE_COLOUR('',#15441);
#15091=FILL_AREA_STYLE_COLOUR('',#15442);
#15092=FILL_AREA_STYLE_COLOUR('',#15443);
#15093=FILL_AREA_STYLE_COLOUR('',#15444);
#15094=FILL_AREA_STYLE_COLOUR('',#15445);
#15095=FILL_AREA_STYLE_COLOUR('',#15446);
#15096=FILL_AREA_STYLE_COLOUR('',#15447);
#15097=FILL_AREA_STYLE_COLOUR('',#15448);
#15098=FILL_AREA_STYLE_COLOUR('',#15449);
#15099=FILL_AREA_STYLE_COLOUR('',#15450);
#15100=FILL_AREA_STYLE_COLOUR('',#15451);
#15101=FILL_AREA_STYLE_COLOUR('',#15452);
#15102=FILL_AREA_STYLE_COLOUR('',#15453);
#15103=FILL_AREA_STYLE_COLOUR('',#15454);
#15104=FILL_AREA_STYLE_COLOUR('',#15455);
#15105=FILL_AREA_STYLE_COLOUR('',#15456);
#15106=FILL_AREA_STYLE_COLOUR('',#15457);
#15107=FILL_AREA_STYLE_COLOUR('',#15458);
#15108=FILL_AREA_STYLE_COLOUR('',#15459);
#15109=FILL_AREA_STYLE_COLOUR('',#15460);
#15110=FILL_AREA_STYLE_COLOUR('',#15461);
#15111=FILL_AREA_STYLE_COLOUR('',#15462);
#15112=FILL_AREA_STYLE_COLOUR('',#15463);
#15113=FILL_AREA_STYLE_COLOUR('',#15464);
#15114=FILL_AREA_STYLE_COLOUR('',#15465);
#15115=FILL_AREA_STYLE_COLOUR('',#15466);
#15116=FILL_AREA_STYLE_COLOUR('',#15467);
#15117=FILL_AREA_STYLE_COLOUR('',#15468);
#15118=FILL_AREA_STYLE_COLOUR('',#15469);
#15119=FILL_AREA_STYLE_COLOUR('',#15470);
#15120=FILL_AREA_STYLE_COLOUR('',#15471);
#15121=FILL_AREA_STYLE_COLOUR('',#15472);
#15122=FILL_AREA_STYLE_COLOUR('',#15473);
#15123=LINE('',#15474,#15475);
#15124=FILL_AREA_STYLE_COLOUR('',#15476);
#15125=LINE('',#15477,#15478);
#15126=FILL_AREA_STYLE_COLOUR('',#15479);
#15127=LINE('',#15480,#15481);
#15128=FILL_AREA_STYLE_COLOUR('',#15482);
#15129=LINE('',#15483,#15484);
#15130=FILL_AREA_STYLE_COLOUR('',#15485);
#15131=LINE('',#15486,#15487);
#15132=FILL_AREA_STYLE_COLOUR('',#15488);
#15133=LINE('',#15489,#15490);
#15134=FILL_AREA_STYLE_COLOUR('',#15491);
#15135=LINE('',#15492,#15493);
#15136=FILL_AREA_STYLE_COLOUR('',#15494);
#15137=LINE('',#15495,#15496);
#15138=FILL_AREA_STYLE_COLOUR('',#15497);
#15139=LINE('',#15498,#15499);
#15140=FILL_AREA_STYLE_COLOUR('',#15500);
#15141=LINE('',#15501,#15502);
#15142=FILL_AREA_STYLE_COLOUR('',#15503);
#15143=LINE('',#15504,#15505);
#15144=FILL_AREA_STYLE_COLOUR('',#15506);
#15145=LINE('',#15507,#15508);
#15146=FILL_AREA_STYLE_COLOUR('',#15509);
#15147=LINE('',#15510,#15511);
#15148=FILL_AREA_STYLE_COLOUR('',#15512);
#15149=LINE('',#15513,#15514);
#15150=FILL_AREA_STYLE_COLOUR('',#15515);
#15151=LINE('',#15516,#15517);
#15152=LINE('',#15518,#15519);
#15153=FILL_AREA_STYLE_COLOUR('',#15520);
#15154=LINE('',#15521,#15522);
#15155=FILL_AREA_STYLE_COLOUR('',#15523);
#15156=LINE('',#15524,#15525);
#15157=FILL_AREA_STYLE_COLOUR('',#15526);
#15158=LINE('',#15527,#15528);
#15159=FILL_AREA_STYLE_COLOUR('',#15529);
#15160=CIRCLE('',#15530,0.500000000000001);
#15161=CIRCLE('',#15531,0.500000000000001);
#15162=FILL_AREA_STYLE_COLOUR('',#15532);
#15163=LINE('',#15533,#15534);
#15164=FILL_AREA_STYLE_COLOUR('',#15535);
#15165=LINE('',#15536,#15537);
#15166=LINE('',#15538,#15539);
#15167=FILL_AREA_STYLE_COLOUR('',#15540);
#15168=LINE('',#15541,#15542);
#15169=LINE('',#15543,#15544);
#15170=FILL_AREA_STYLE_COLOUR('',#15545);
#15171=LINE('',#15546,#15547);
#15172=LINE('',#15548,#15549);
#15173=FILL_AREA_STYLE_COLOUR('',#15550);
#15174=LINE('',#15551,#15552);
#15175=FILL_AREA_STYLE_COLOUR('',#15553);
#15176=CIRCLE('',#15554,0.499999999999996);
#15177=CIRCLE('',#15555,0.499999999999996);
#15178=FILL_AREA_STYLE_COLOUR('',#15556);
#15179=LINE('',#15557,#15558);
#15180=LINE('',#15559,#15560);
#15181=FILL_AREA_STYLE_COLOUR('',#15561);
#15182=LINE('',#15562,#15563);
#15183=LINE('',#15564,#15565);
#15184=FILL_AREA_STYLE_COLOUR('',#15566);
#15185=LINE('',#15567,#15568);
#15186=FILL_AREA_STYLE_COLOUR('',#15569);
#15187=LINE('',#15570,#15571);
#15188=FILL_AREA_STYLE_COLOUR('',#15572);
#15189=LINE('',#15573,#15574);
#15190=FILL_AREA_STYLE_COLOUR('',#15575);
#15191=FILL_AREA_STYLE_COLOUR('',#15576);
#15192=FILL_AREA_STYLE_COLOUR('',#15577);
#15193=FILL_AREA_STYLE_COLOUR('',#15578);
#15194=FILL_AREA_STYLE_COLOUR('',#15579);
#15195=FILL_AREA_STYLE_COLOUR('',#15580);
#15196=FILL_AREA_STYLE_COLOUR('',#15581);
#15197=FILL_AREA_STYLE_COLOUR('',#15582);
#15198=FILL_AREA_STYLE_COLOUR('',#15583);
#15199=FILL_AREA_STYLE_COLOUR('',#15584);
#15200=FILL_AREA_STYLE_COLOUR('',#15585);
#15201=FILL_AREA_STYLE_COLOUR('',#15586);
#15202=FILL_AREA_STYLE_COLOUR('',#15587);
#15203=FILL_AREA_STYLE_COLOUR('',#15588);
#15204=FILL_AREA_STYLE_COLOUR('',#15589);
#15205=FILL_AREA_STYLE_COLOUR('',#15590);
#15206=FILL_AREA_STYLE_COLOUR('',#15591);
#15207=FILL_AREA_STYLE_COLOUR('',#15592);
#15208=FILL_AREA_STYLE_COLOUR('',#15593);
#15209=FILL_AREA_STYLE_COLOUR('',#15594);
#15210=FILL_AREA_STYLE_COLOUR('',#15595);
#15211=FILL_AREA_STYLE_COLOUR('',#15596);
#15212=FILL_AREA_STYLE_COLOUR('',#15597);
#15213=FILL_AREA_STYLE_COLOUR('',#15598);
#15214=FILL_AREA_STYLE_COLOUR('',#15599);
#15215=FILL_AREA_STYLE_COLOUR('',#15600);
#15216=FILL_AREA_STYLE_COLOUR('',#15601);
#15217=FILL_AREA_STYLE_COLOUR('',#15602);
#15218=FILL_AREA_STYLE_COLOUR('',#15603);
#15219=FILL_AREA_STYLE_COLOUR('',#15604);
#15220=FILL_AREA_STYLE_COLOUR('',#15605);
#15221=FILL_AREA_STYLE_COLOUR('',#15606);
#15222=FILL_AREA_STYLE_COLOUR('',#15607);
#15223=FILL_AREA_STYLE_COLOUR('',#15608);
#15224=FILL_AREA_STYLE_COLOUR('',#15609);
#15225=FILL_AREA_STYLE_COLOUR('',#15610);
#15226=FILL_AREA_STYLE_COLOUR('',#15611);
#15227=FILL_AREA_STYLE_COLOUR('',#15612);
#15228=FILL_AREA_STYLE_COLOUR('',#15613);
#15229=FILL_AREA_STYLE_COLOUR('',#15614);
#15230=FILL_AREA_STYLE_COLOUR('',#15615);
#15231=FILL_AREA_STYLE_COLOUR('',#15616);
#15232=FILL_AREA_STYLE_COLOUR('',#15617);
#15233=FILL_AREA_STYLE_COLOUR('',#15618);
#15234=FILL_AREA_STYLE_COLOUR('',#15619);
#15235=FILL_AREA_STYLE_COLOUR('',#15620);
#15236=FILL_AREA_STYLE_COLOUR('',#15621);
#15237=FILL_AREA_STYLE_COLOUR('',#15622);
#15238=FILL_AREA_STYLE_COLOUR('',#15623);
#15239=FILL_AREA_STYLE_COLOUR('',#15624);
#15240=FILL_AREA_STYLE_COLOUR('',#15625);
#15241=FILL_AREA_STYLE_COLOUR('',#15626);
#15242=FILL_AREA_STYLE_COLOUR('',#15627);
#15243=FILL_AREA_STYLE_COLOUR('',#15628);
#15244=FILL_AREA_STYLE_COLOUR('',#15629);
#15245=FILL_AREA_STYLE_COLOUR('',#15630);
#15246=FILL_AREA_STYLE_COLOUR('',#15631);
#15247=FILL_AREA_STYLE_COLOUR('',#15632);
#15248=FILL_AREA_STYLE_COLOUR('',#15633);
#15249=FILL_AREA_STYLE_COLOUR('',#15634);
#15250=FILL_AREA_STYLE_COLOUR('',#15635);
#15251=FILL_AREA_STYLE_COLOUR('',#15636);
#15252=FILL_AREA_STYLE_COLOUR('',#15637);
#15253=FILL_AREA_STYLE_COLOUR('',#15638);
#15254=FILL_AREA_STYLE_COLOUR('',#15639);
#15255=FILL_AREA_STYLE_COLOUR('',#15640);
#15256=FILL_AREA_STYLE_COLOUR('',#15641);
#15257=FILL_AREA_STYLE_COLOUR('',#15642);
#15258=FILL_AREA_STYLE_COLOUR('',#15643);
#15259=FILL_AREA_STYLE_COLOUR('',#15644);
#15260=FILL_AREA_STYLE_COLOUR('',#15645);
#15261=FILL_AREA_STYLE_COLOUR('',#15646);
#15262=FILL_AREA_STYLE_COLOUR('',#15647);
#15263=FILL_AREA_STYLE_COLOUR('',#15648);
#15264=FILL_AREA_STYLE_COLOUR('',#15649);
#15265=FILL_AREA_STYLE_COLOUR('',#15650);
#15266=FILL_AREA_STYLE_COLOUR('',#15651);
#15267=FILL_AREA_STYLE_COLOUR('',#15652);
#15268=FILL_AREA_STYLE_COLOUR('',#15653);
#15269=FILL_AREA_STYLE_COLOUR('',#15654);
#15270=FILL_AREA_STYLE_COLOUR('',#15655);
#15271=FILL_AREA_STYLE_COLOUR('',#15656);
#15272=FILL_AREA_STYLE_COLOUR('',#15657);
#15273=FILL_AREA_STYLE_COLOUR('',#15658);
#15274=FILL_AREA_STYLE_COLOUR('',#15659);
#15275=FILL_AREA_STYLE_COLOUR('',#15660);
#15276=FILL_AREA_STYLE_COLOUR('',#15661);
#15277=FILL_AREA_STYLE_COLOUR('',#15662);
#15278=FILL_AREA_STYLE_COLOUR('',#15663);
#15279=FILL_AREA_STYLE_COLOUR('',#15664);
#15280=FILL_AREA_STYLE_COLOUR('',#15665);
#15281=FILL_AREA_STYLE_COLOUR('',#15666);
#15282=FILL_AREA_STYLE_COLOUR('',#15667);
#15283=FILL_AREA_STYLE_COLOUR('',#15668);
#15284=FILL_AREA_STYLE_COLOUR('',#15669);
#15285=FILL_AREA_STYLE_COLOUR('',#15670);
#15286=FILL_AREA_STYLE_COLOUR('',#15671);
#15287=FILL_AREA_STYLE_COLOUR('',#15672);
#15288=FILL_AREA_STYLE_COLOUR('',#15673);
#15289=FILL_AREA_STYLE_COLOUR('',#15674);
#15290=FILL_AREA_STYLE_COLOUR('',#15675);
#15291=FILL_AREA_STYLE_COLOUR('',#15676);
#15292=FILL_AREA_STYLE_COLOUR('',#15677);
#15293=FILL_AREA_STYLE_COLOUR('',#15678);
#15294=FILL_AREA_STYLE_COLOUR('',#15679);
#15295=FILL_AREA_STYLE_COLOUR('',#15680);
#15296=FILL_AREA_STYLE_COLOUR('',#15681);
#15297=FILL_AREA_STYLE_COLOUR('',#15682);
#15298=FILL_AREA_STYLE_COLOUR('',#15683);
#15299=FILL_AREA_STYLE_COLOUR('',#15684);
#15300=FILL_AREA_STYLE_COLOUR('',#15685);
#15301=FILL_AREA_STYLE_COLOUR('',#15686);
#15302=FILL_AREA_STYLE_COLOUR('',#15687);
#15303=FILL_AREA_STYLE_COLOUR('',#15688);
#15304=FILL_AREA_STYLE_COLOUR('',#15689);
#15305=FILL_AREA_STYLE_COLOUR('',#15690);
#15306=FILL_AREA_STYLE_COLOUR('',#15691);
#15307=COLOUR_RGB('',0.862745106220245,0.862745106220245,0.823529422283173);
#15308=CARTESIAN_POINT('',(5.7217879865202,6.85082909169299,2.08500000000001));
#15309=VECTOR('',#15692,1.0);
#15310=COLOUR_RGB('',0.862745106220245,0.862745106220245,0.823529422283173);
#15311=AXIS2_PLACEMENT_3D('',#15693,#15694,#15695);
#15312=COLOUR_RGB('',0.862745106220245,0.862745106220245,0.823529422283173);
#15313=CARTESIAN_POINT('',(5.7736786670465,6.85053429596485,2.08500000000001));
#15314=VECTOR('',#15696,1.0);
#15315=COLOUR_RGB('',0.862745106220245,0.862745106220245,0.823529422283173);
#15316=COLOUR_RGB('',0.862745106220245,0.862745106220245,0.823529422283173);
#15317=COLOUR_RGB('',0.862745106220245,0.862745106220245,0.823529422283173);
#15318=COLOUR_RGB('',0.862745106220245,0.862745106220245,0.823529422283173);
#15319=COLOUR_RGB('',0.862745106220245,0.862745106220245,0.823529422283173);
#15320=COLOUR_RGB('',0.862745106220245,0.862745106220245,0.823529422283173);
#15321=COLOUR_RGB('',0.862745106220245,0.862745106220245,0.823529422283173);
#15322=COLOUR_RGB('',0.862745106220245,0.862745106220245,0.823529422283173);
#15323=COLOUR_RGB('',0.862745106220245,0.862745106220245,0.823529422283173);
#15324=COLOUR_RGB('',0.980392158031464,0.517647087574005,0.168627455830574);
#15325=CARTESIAN_POINT('',(4.97467201347982,2.24999999999996,2.02582909169305));
#15326=VECTOR('',#15697,1.0);
#15327=COLOUR_RGB('',0.980392158031464,0.517647087574005,0.168627455830574);
#15328=CARTESIAN_POINT('',(6.07779473797046,1.39299209997794,1.87150071547096));
#15329=VECTOR('',#15698,1.0);
#15330=COLOUR_RGB('',0.980392158031464,0.517647087574005,0.168627455830574);
#15331=CARTESIAN_POINT('',(5.99842750849254,1.25000000000001,5.82499195123232));
#15332=VECTOR('',#15699,1.0);
#15333=COLOUR_RGB('',0.980392158031464,0.517647087574005,0.168627455830574);
#15334=CARTESIAN_POINT('',(6.3958819512323,1.24999999999995,1.57246249150741));
#15335=VECTOR('',#15700,1.0);
#15336=COLOUR_RGB('',0.980392158031464,0.517647087574005,0.168627455830574);
#15337=CARTESIAN_POINT('',(6.07817225725648,1.39255617168636,3.82128274147169));
#15338=VECTOR('',#15701,1.0);
#15339=COLOUR_RGB('',0.980392158031464,0.517647087574005,0.168627455830574);
#15340=AXIS2_PLACEMENT_3D('',#15702,#15703,#15704);
#15341=COLOUR_RGB('',0.980392158031464,0.517647087574005,0.168627455830574);
#15342=AXIS2_PLACEMENT_3D('',#15705,#15706,#15707);
#15343=COLOUR_RGB('',0.980392158031464,0.517647087574005,0.168627455830574);
#15344=CARTESIAN_POINT('',(4.97467201347982,2.24999999999998,3.97582909169287));
#15345=VECTOR('',#15708,1.0);
#15346=COLOUR_RGB('',0.980392158031464,0.517647087574005,0.168627455830574);
#15347=COLOUR_RGB('',0.980392158031464,0.517647087574005,0.168627455830574);
#15348=COLOUR_RGB('',0.980392158031464,0.517647087574005,0.168627455830574);
#15349=COLOUR_RGB('',0.980392158031464,0.517647087574005,0.168627455830574);
#15350=COLOUR_RGB('',0.980392158031464,0.517647087574005,0.168627455830574);
#15351=COLOUR_RGB('',0.980392158031464,0.517647087574005,0.168627455830574);
#15352=COLOUR_RGB('',0.980392158031464,0.517647087574005,0.168627455830574);
#15353=COLOUR_RGB('',0.980392158031464,0.517647087574005,0.168627455830574);
#15354=COLOUR_RGB('',0.980392158031464,0.517647087574005,0.168627455830574);
#15355=COLOUR_RGB('',0.980392158031464,0.517647087574005,0.168627455830574);
#15356=COLOUR_RGB('',0.980392158031464,0.517647087574005,0.168627455830574);
#15357=COLOUR_RGB('',0.980392158031464,0.517647087574005,0.168627455830574);
#15358=COLOUR_RGB('',0.980392158031464,0.517647087574005,0.168627455830574);
#15359=COLOUR_RGB('',0.980392158031464,0.517647087574005,0.168627455830574);
#15360=COLOUR_RGB('',0.980392158031464,0.517647087574005,0.168627455830574);
#15361=COLOUR_RGB('',0.980392158031464,0.517647087574005,0.168627455830574);
#15362=COLOUR_RGB('',0.980392158031464,0.517647087574005,0.168627455830574);
#15363=COLOUR_RGB('',0.980392158031464,0.517647087574005,0.168627455830574);
#15364=COLOUR_RGB('',0.980392158031464,0.517647087574005,0.168627455830574);
#15365=COLOUR_RGB('',0.980392158031464,0.517647087574005,0.168627455830574);
#15366=COLOUR_RGB('',0.980392158031464,0.517647087574005,0.168627455830574);
#15367=COLOUR_RGB('',0.980392158031464,0.517647087574005,0.168627455830574);
#15368=COLOUR_RGB('',0.980392158031464,0.517647087574005,0.168627455830574);
#15369=COLOUR_RGB('',0.980392158031464,0.517647087574005,0.168627455830574);
#15370=COLOUR_RGB('',0.980392158031464,0.517647087574005,0.168627455830574);
#15371=COLOUR_RGB('',0.980392158031464,0.517647087574005,0.168627455830574);
#15372=COLOUR_RGB('',0.980392158031464,0.517647087574005,0.168627455830574);
#15373=COLOUR_RGB('',0.980392158031464,0.517647087574005,0.168627455830574);
#15374=COLOUR_RGB('',0.980392158031464,0.517647087574005,0.168627455830574);
#15375=COLOUR_RGB('',0.980392158031464,0.517647087574005,0.168627455830574);
#15376=COLOUR_RGB('',0.980392158031464,0.517647087574005,0.168627455830574);
#15377=COLOUR_RGB('',0.980392158031464,0.517647087574005,0.168627455830574);
#15378=COLOUR_RGB('',0.980392158031464,0.517647087574005,0.168627455830574);
#15379=COLOUR_RGB('',0.980392158031464,0.517647087574005,0.168627455830574);
#15380=COLOUR_RGB('',0.980392158031464,0.517647087574005,0.168627455830574);
#15381=COLOUR_RGB('',0.980392158031464,0.517647087574005,0.168627455830574);
#15382=COLOUR_RGB('',0.980392158031464,0.517647087574005,0.168627455830574);
#15383=COLOUR_RGB('',0.980392158031464,0.517647087574005,0.168627455830574);
#15384=COLOUR_RGB('',0.980392158031464,0.517647087574005,0.168627455830574);
#15385=COLOUR_RGB('',0.980392158031464,0.517647087574005,0.168627455830574);
#15386=COLOUR_RGB('',0.980392158031464,0.517647087574005,0.168627455830574);
#15387=COLOUR_RGB('',0.980392158031464,0.517647087574005,0.168627455830574);
#15388=COLOUR_RGB('',0.980392158031464,0.517647087574005,0.168627455830574);
#15389=COLOUR_RGB('',0.980392158031464,0.517647087574005,0.168627455830574);
#15390=COLOUR_RGB('',0.862745106220245,0.862745106220245,0.823529422283173);
#15391=CARTESIAN_POINT('',(2.2217879865202,6.85082909169299,2.08500000000001));
#15392=VECTOR('',#15709,1.0);
#15393=COLOUR_RGB('',0.862745106220245,0.862745106220245,0.823529422283173);
#15394=AXIS2_PLACEMENT_3D('',#15710,#15711,#15712);
#15395=COLOUR_RGB('',0.862745106220245,0.862745106220245,0.823529422283173);
#15396=CARTESIAN_POINT('',(2.2736786670465,6.85053429596485,2.08500000000001));
#15397=VECTOR('',#15713,1.0);
#15398=COLOUR_RGB('',0.862745106220245,0.862745106220245,0.823529422283173);
#15399=COLOUR_RGB('',0.862745106220245,0.862745106220245,0.823529422283173);
#15400=COLOUR_RGB('',0.862745106220245,0.862745106220245,0.823529422283173);
#15401=COLOUR_RGB('',0.862745106220245,0.862745106220245,0.823529422283173);
#15402=COLOUR_RGB('',0.862745106220245,0.862745106220245,0.823529422283173);
#15403=COLOUR_RGB('',0.862745106220245,0.862745106220245,0.823529422283173);
#15404=COLOUR_RGB('',0.862745106220245,0.862745106220245,0.823529422283173);
#15405=COLOUR_RGB('',0.862745106220245,0.862745106220245,0.823529422283173);
#15406=COLOUR_RGB('',0.862745106220245,0.862745106220245,0.823529422283173);
#15407=COLOUR_RGB('',0.980392158031464,0.517647087574005,0.168627455830574);
#15408=CARTESIAN_POINT('',(1.47467401347982,2.24999999999996,2.02582909169305));
#15409=VECTOR('',#15714,1.0);
#15410=COLOUR_RGB('',0.980392158031464,0.517647087574005,0.168627455830574);
#15411=CARTESIAN_POINT('',(2.57779673797046,1.39299209997794,1.87150071547096));
#15412=VECTOR('',#15715,1.0);
#15413=COLOUR_RGB('',0.980392158031464,0.517647087574005,0.168627455830574);
#15414=CARTESIAN_POINT('',(2.49842950849254,1.25000000000001,5.82499195123232));
#15415=VECTOR('',#15716,1.0);
#15416=COLOUR_RGB('',0.980392158031464,0.517647087574005,0.168627455830574);
#15417=CARTESIAN_POINT('',(2.8958839512323,1.24999999999995,1.57246249150741));
#15418=VECTOR('',#15717,1.0);
#15419=COLOUR_RGB('',0.980392158031464,0.517647087574005,0.168627455830574);
#15420=CARTESIAN_POINT('',(2.57817425725648,1.39255617168636,3.82128274147169));
#15421=VECTOR('',#15718,1.0);
#15422=COLOUR_RGB('',0.980392158031464,0.517647087574005,0.168627455830574);
#15423=AXIS2_PLACEMENT_3D('',#15719,#15720,#15721);
#15424=COLOUR_RGB('',0.980392158031464,0.517647087574005,0.168627455830574);
#15425=AXIS2_PLACEMENT_3D('',#15722,#15723,#15724);
#15426=COLOUR_RGB('',0.980392158031464,0.517647087574005,0.168627455830574);
#15427=CARTESIAN_POINT('',(1.47467401347982,2.24999999999998,3.97582909169287));
#15428=VECTOR('',#15725,1.0);
#15429=COLOUR_RGB('',0.980392158031464,0.517647087574005,0.168627455830574);
#15430=COLOUR_RGB('',0.980392158031464,0.517647087574005,0.168627455830574);
#15431=COLOUR_RGB('',0.980392158031464,0.517647087574005,0.168627455830574);
#15432=COLOUR_RGB('',0.980392158031464,0.517647087574005,0.168627455830574);
#15433=COLOUR_RGB('',0.980392158031464,0.517647087574005,0.168627455830574);
#15434=COLOUR_RGB('',0.980392158031464,0.517647087574005,0.168627455830574);
#15435=COLOUR_RGB('',0.980392158031464,0.517647087574005,0.168627455830574);
#15436=COLOUR_RGB('',0.980392158031464,0.517647087574005,0.168627455830574);
#15437=COLOUR_RGB('',0.980392158031464,0.517647087574005,0.168627455830574);
#15438=COLOUR_RGB('',0.980392158031464,0.517647087574005,0.168627455830574);
#15439=COLOUR_RGB('',0.980392158031464,0.517647087574005,0.168627455830574);
#15440=COLOUR_RGB('',0.980392158031464,0.517647087574005,0.168627455830574);
#15441=COLOUR_RGB('',0.980392158031464,0.517647087574005,0.168627455830574);
#15442=COLOUR_RGB('',0.980392158031464,0.517647087574005,0.168627455830574);
#15443=COLOUR_RGB('',0.980392158031464,0.517647087574005,0.168627455830574);
#15444=COLOUR_RGB('',0.980392158031464,0.517647087574005,0.168627455830574);
#15445=COLOUR_RGB('',0.980392158031464,0.517647087574005,0.168627455830574);
#15446=COLOUR_RGB('',0.980392158031464,0.517647087574005,0.168627455830574);
#15447=COLOUR_RGB('',0.980392158031464,0.517647087574005,0.168627455830574);
#15448=COLOUR_RGB('',0.980392158031464,0.517647087574005,0.168627455830574);
#15449=COLOUR_RGB('',0.980392158031464,0.517647087574005,0.168627455830574);
#15450=COLOUR_RGB('',0.980392158031464,0.517647087574005,0.168627455830574);
#15451=COLOUR_RGB('',0.980392158031464,0.517647087574005,0.168627455830574);
#15452=COLOUR_RGB('',0.980392158031464,0.517647087574005,0.168627455830574);
#15453=COLOUR_RGB('',0.980392158031464,0.517647087574005,0.168627455830574);
#15454=COLOUR_RGB('',0.980392158031464,0.517647087574005,0.168627455830574);
#15455=COLOUR_RGB('',0.980392158031464,0.517647087574005,0.168627455830574);
#15456=COLOUR_RGB('',0.980392158031464,0.517647087574005,0.168627455830574);
#15457=COLOUR_RGB('',0.980392158031464,0.517647087574005,0.168627455830574);
#15458=COLOUR_RGB('',0.980392158031464,0.517647087574005,0.168627455830574);
#15459=COLOUR_RGB('',0.980392158031464,0.517647087574005,0.168627455830574);
#15460=COLOUR_RGB('',0.980392158031464,0.517647087574005,0.168627455830574);
#15461=COLOUR_RGB('',0.980392158031464,0.517647087574005,0.168627455830574);
#15462=COLOUR_RGB('',0.980392158031464,0.517647087574005,0.168627455830574);
#15463=COLOUR_RGB('',0.980392158031464,0.517647087574005,0.168627455830574);
#15464=COLOUR_RGB('',0.980392158031464,0.517647087574005,0.168627455830574);
#15465=COLOUR_RGB('',0.980392158031464,0.517647087574005,0.168627455830574);
#15466=COLOUR_RGB('',0.980392158031464,0.517647087574005,0.168627455830574);
#15467=COLOUR_RGB('',0.980392158031464,0.517647087574005,0.168627455830574);
#15468=COLOUR_RGB('',0.980392158031464,0.517647087574005,0.168627455830574);
#15469=COLOUR_RGB('',0.980392158031464,0.517647087574005,0.168627455830574);
#15470=COLOUR_RGB('',0.980392158031464,0.517647087574005,0.168627455830574);
#15471=COLOUR_RGB('',0.980392158031464,0.517647087574005,0.168627455830574);
#15472=COLOUR_RGB('',0.980392158031464,0.517647087574005,0.168627455830574);
#15473=COLOUR_RGB('',0.352941185235977,0.745098054409027,0.352941185235977);
#15474=CARTESIAN_POINT('',(0.0155700691513119,3.65000563233023,3.12364789456509));
#15475=VECTOR('',#15726,1.0);
#15476=COLOUR_RGB('',0.352941185235977,0.745098054409027,0.352941185235977);
#15477=CARTESIAN_POINT('',(0.0155700691513119,4.61338733262086,3.24993002397849));
#15478=VECTOR('',#15727,1.0);
#15479=COLOUR_RGB('',0.352941185235977,0.745098054409027,0.352941185235977);
#15480=CARTESIAN_POINT('',(0.0155700691513119,6.33137394073873,3.40172113615679));
#15481=VECTOR('',#15728,1.0);
#15482=COLOUR_RGB('',0.352941185235977,0.745098054409027,0.352941185235977);
#15483=CARTESIAN_POINT('',(0.0155700691513119,6.77186568501851,3.40177657723321));
#15484=VECTOR('',#15729,1.0);
#15485=COLOUR_RGB('',0.352941185235977,0.745098054409027,0.352941185235977);
#15486=CARTESIAN_POINT('',(0.0155700691513119,3.42084244115388,6.10999249029855));
#15487=VECTOR('',#15730,1.0);
#15488=COLOUR_RGB('',0.352941185235977,0.745098054409027,0.352941185235977);
#15489=CARTESIAN_POINT('',(0.0155700691513119,3.05000750971662,1.25785098814723));
#15490=VECTOR('',#15731,1.0);
#15491=COLOUR_RGB('',0.352941185235977,0.745098054409027,0.352941185235977);
#15492=CARTESIAN_POINT('',(0.0155700691513119,8.07915755886126,0.88701605670996));
#15493=VECTOR('',#15732,1.0);
#15494=COLOUR_RGB('',0.352941185235977,0.745098054409027,0.352941185235977);
#15495=CARTESIAN_POINT('',(0.0155700691513119,8.44999249029851,5.73915755886129));
#15496=VECTOR('',#15733,1.0);
#15497=COLOUR_RGB('',0.352941185235977,0.745098054409027,0.352941185235977);
#15498=CARTESIAN_POINT('',(0.0155700691513128,6.08661266739623,3.9405226509178));
#15499=VECTOR('',#15734,1.0);
#15500=COLOUR_RGB('',0.352941185235977,0.745098054409027,0.352941185235977);
#15501=CARTESIAN_POINT('',(0.0155700691513119,7.84999436767095,4.06680478033142));
#15502=VECTOR('',#15735,1.0);
#15503=COLOUR_RGB('',0.352941185235977,0.745098054409027,0.352941185235977);
#15504=CARTESIAN_POINT('',(0.0155700691513119,7.57186568500273,5.52966198400741));
#15505=VECTOR('',#15736,1.0);
#15506=COLOUR_RGB('',0.352941185235977,0.745098054409027,0.352941185235977);
#15507=CARTESIAN_POINT('',(0.0155700691513119,3.6500056323302,5.25153330133918));
#15508=VECTOR('',#15737,1.0);
#15509=COLOUR_RGB('',0.352941185235977,0.745098054409027,0.352941185235977);
#15510=CARTESIAN_POINT('',(0.0155700691513119,3.92813431499844,3.788676097663));
#15511=VECTOR('',#15738,1.0);
#15512=COLOUR_RGB('',0.352941185235977,0.745098054409027,0.352941185235977);
#15513=CARTESIAN_POINT('',(0.0155700691513119,4.36862605927805,3.78873153873922));
#15514=VECTOR('',#15739,1.0);
#15515=COLOUR_RGB('',0.352941185235977,0.745098054409027,0.352941185235977);
#15516=CARTESIAN_POINT('',(2.27367865756944,7.84946572117576,3.5));
#15517=VECTOR('',#15740,1.0);
#15518=CARTESIAN_POINT('',(2.22746206443061,6.85053427882417,3.5));
#15519=VECTOR('',#15741,1.0);
#15520=COLOUR_RGB('',0.352941185235977,0.745098054409027,0.352941185235977);
#15521=CARTESIAN_POINT('',(0.575199833183719,1.15000013707378,5.24038172372355));
#15522=VECTOR('',#15742,1.0);
#15523=COLOUR_RGB('',0.352941185235977,0.745098054409027,0.352941185235977);
#15524=CARTESIAN_POINT('',(1.24064392612264,7.33735364013581,-0.0100052500000065));
#15525=VECTOR('',#15743,1.0);
#15526=COLOUR_RGB('',0.352941185235977,0.745098054409027,0.352941185235977);
#15527=CARTESIAN_POINT('',(1.65058207310823,7.34619373724788,0.574999999999994));
#15528=VECTOR('',#15744,1.0);
#15529=COLOUR_RGB('',0.352941185235977,0.745098054409027,0.352941185235977);
#15530=AXIS2_PLACEMENT_3D('',#15745,#15746,#15747);
#15531=AXIS2_PLACEMENT_3D('',#15748,#15749,#15750);
#15532=COLOUR_RGB('',0.352941185235977,0.745098054409027,0.352941185235977);
#15533=CARTESIAN_POINT('',(0.571027613818583,1.1500001370698,3.28644185081593));
#15534=VECTOR('',#15751,1.0);
#15535=COLOUR_RGB('',0.352941185235977,0.745098054409027,0.352941185235977);
#15536=CARTESIAN_POINT('',(2.17573676490918,8.6478443615982,7.5));
#15537=VECTOR('',#15752,1.0);
#15538=CARTESIAN_POINT('',(2.32540323500406,6.05215563840173,7.5));
#15539=VECTOR('',#15753,1.0);
#15540=COLOUR_RGB('',0.352941185235977,0.745098054409027,0.352941185235977);
#15541=CARTESIAN_POINT('',(2.21603158378091,7.94900508996838,7.375));
#15542=VECTOR('',#15754,1.0);
#15543=CARTESIAN_POINT('',(2.28510841613239,6.75099491003155,7.375));
#15544=VECTOR('',#15755,1.0);
#15545=COLOUR_RGB('',0.352941185235977,0.745098054409027,0.352941185235977);
#15546=CARTESIAN_POINT('',(5.77367866704647,7.84946570403513,3.5));
#15547=VECTOR('',#15756,1.0);
#15548=CARTESIAN_POINT('',(5.72746133295359,6.85053429596481,3.5));
#15549=VECTOR('',#15757,1.0);
#15550=COLOUR_RGB('',0.352941185235977,0.745098054409027,0.352941185235977);
#15551=CARTESIAN_POINT('',(4.74064392616603,7.33735364013581,-0.0100052500000002));
#15552=VECTOR('',#15758,1.0);
#15553=COLOUR_RGB('',0.352941185235977,0.745098054409027,0.352941185235977);
#15554=AXIS2_PLACEMENT_3D('',#15759,#15760,#15761);
#15555=AXIS2_PLACEMENT_3D('',#15762,#15763,#15764);
#15556=COLOUR_RGB('',0.352941185235977,0.745098054409027,0.352941185235977);
#15557=CARTESIAN_POINT('',(5.67573676495256,8.6478443615982,7.5));
#15558=VECTOR('',#15765,1.0);
#15559=CARTESIAN_POINT('',(5.82540323504744,6.05215563840173,7.5));
#15560=VECTOR('',#15766,1.0);
#15561=COLOUR_RGB('',0.352941185235977,0.745098054409027,0.352941185235977);
#15562=CARTESIAN_POINT('',(5.71603158382429,7.94900508996838,7.375));
#15563=VECTOR('',#15767,1.0);
#15564=CARTESIAN_POINT('',(5.78510841617577,6.75099491003156,7.375));
#15565=VECTOR('',#15768,1.0);
#15566=COLOUR_RGB('',0.352941185235977,0.745098054409027,0.352941185235977);
#15567=CARTESIAN_POINT('',(4.07102761386056,1.15000013707379,3.28644185081462));
#15568=VECTOR('',#15769,1.0);
#15569=COLOUR_RGB('',0.352941185235977,0.745098054409027,0.352941185235977);
#15570=CARTESIAN_POINT('',(4.07519983321968,1.15000013707387,5.24038172371661));
#15571=VECTOR('',#15770,1.0);
#15572=COLOUR_RGB('',0.352941185235977,0.745098054409027,0.352941185235977);
#15573=CARTESIAN_POINT('',(5.15058207315162,7.34619373724789,0.575000000000003));
#15574=VECTOR('',#15771,1.0);
#15575=COLOUR_RGB('',0.352941185235977,0.745098054409027,0.352941185235977);
#15576=COLOUR_RGB('',0.352941185235977,0.745098054409027,0.352941185235977);
#15577=COLOUR_RGB('',0.352941185235977,0.745098054409027,0.352941185235977);
#15578=COLOUR_RGB('',0.352941185235977,0.745098054409027,0.352941185235977);
#15579=COLOUR_RGB('',0.352941185235977,0.745098054409027,0.352941185235977);
#15580=COLOUR_RGB('',0.352941185235977,0.745098054409027,0.352941185235977);
#15581=COLOUR_RGB('',0.352941185235977,0.745098054409027,0.352941185235977);
#15582=COLOUR_RGB('',0.352941185235977,0.745098054409027,0.352941185235977);
#15583=COLOUR_RGB('',0.352941185235977,0.745098054409027,0.352941185235977);
#15584=COLOUR_RGB('',0.352941185235977,0.745098054409027,0.352941185235977);
#15585=COLOUR_RGB('',0.352941185235977,0.745098054409027,0.352941185235977);
#15586=COLOUR_RGB('',0.352941185235977,0.745098054409027,0.352941185235977);
#15587=COLOUR_RGB('',0.352941185235977,0.745098054409027,0.352941185235977);
#15588=COLOUR_RGB('',0.352941185235977,0.745098054409027,0.352941185235977);
#15589=COLOUR_RGB('',0.352941185235977,0.745098054409027,0.352941185235977);
#15590=COLOUR_RGB('',0.352941185235977,0.745098054409027,0.352941185235977);
#15591=COLOUR_RGB('',0.352941185235977,0.745098054409027,0.352941185235977);
#15592=COLOUR_RGB('',0.352941185235977,0.745098054409027,0.352941185235977);
#15593=COLOUR_RGB('',0.352941185235977,0.745098054409027,0.352941185235977);
#15594=COLOUR_RGB('',0.352941185235977,0.745098054409027,0.352941185235977);
#15595=COLOUR_RGB('',0.352941185235977,0.745098054409027,0.352941185235977);
#15596=COLOUR_RGB('',0.352941185235977,0.745098054409027,0.352941185235977);
#15597=COLOUR_RGB('',0.352941185235977,0.745098054409027,0.352941185235977);
#15598=COLOUR_RGB('',0.352941185235977,0.745098054409027,0.352941185235977);
#15599=COLOUR_RGB('',0.352941185235977,0.745098054409027,0.352941185235977);
#15600=COLOUR_RGB('',0.352941185235977,0.745098054409027,0.352941185235977);
#15601=COLOUR_RGB('',0.352941185235977,0.745098054409027,0.352941185235977);
#15602=COLOUR_RGB('',0.352941185235977,0.745098054409027,0.352941185235977);
#15603=COLOUR_RGB('',0.352941185235977,0.745098054409027,0.352941185235977);
#15604=COLOUR_RGB('',0.352941185235977,0.745098054409027,0.352941185235977);
#15605=COLOUR_RGB('',0.352941185235977,0.745098054409027,0.352941185235977);
#15606=COLOUR_RGB('',0.352941185235977,0.745098054409027,0.352941185235977);
#15607=COLOUR_RGB('',0.352941185235977,0.745098054409027,0.352941185235977);
#15608=COLOUR_RGB('',0.352941185235977,0.745098054409027,0.352941185235977);
#15609=COLOUR_RGB('',0.352941185235977,0.745098054409027,0.352941185235977);
#15610=COLOUR_RGB('',0.352941185235977,0.745098054409027,0.352941185235977);
#15611=COLOUR_RGB('',0.352941185235977,0.745098054409027,0.352941185235977);
#15612=COLOUR_RGB('',0.352941185235977,0.745098054409027,0.352941185235977);
#15613=COLOUR_RGB('',0.352941185235977,0.745098054409027,0.352941185235977);
#15614=COLOUR_RGB('',0.352941185235977,0.745098054409027,0.352941185235977);
#15615=COLOUR_RGB('',0.352941185235977,0.745098054409027,0.352941185235977);
#15616=COLOUR_RGB('',0.352941185235977,0.745098054409027,0.352941185235977);
#15617=COLOUR_RGB('',0.352941185235977,0.745098054409027,0.352941185235977);
#15618=COLOUR_RGB('',0.352941185235977,0.745098054409027,0.352941185235977);
#15619=COLOUR_RGB('',0.352941185235977,0.745098054409027,0.352941185235977);
#15620=COLOUR_RGB('',0.352941185235977,0.745098054409027,0.352941185235977);
#15621=COLOUR_RGB('',0.352941185235977,0.745098054409027,0.352941185235977);
#15622=COLOUR_RGB('',0.352941185235977,0.745098054409027,0.352941185235977);
#15623=COLOUR_RGB('',0.352941185235977,0.745098054409027,0.352941185235977);
#15624=COLOUR_RGB('',0.352941185235977,0.745098054409027,0.352941185235977);
#15625=COLOUR_RGB('',0.352941185235977,0.745098054409027,0.352941185235977);
#15626=COLOUR_RGB('',0.352941185235977,0.745098054409027,0.352941185235977);
#15627=COLOUR_RGB('',0.352941185235977,0.745098054409027,0.352941185235977);
#15628=COLOUR_RGB('',0.352941185235977,0.745098054409027,0.352941185235977);
#15629=COLOUR_RGB('',0.352941185235977,0.745098054409027,0.352941185235977);
#15630=COLOUR_RGB('',0.352941185235977,0.745098054409027,0.352941185235977);
#15631=COLOUR_RGB('',0.352941185235977,0.745098054409027,0.352941185235977);
#15632=COLOUR_RGB('',0.352941185235977,0.745098054409027,0.352941185235977);
#15633=COLOUR_RGB('',0.352941185235977,0.745098054409027,0.352941185235977);
#15634=COLOUR_RGB('',0.352941185235977,0.745098054409027,0.352941185235977);
#15635=COLOUR_RGB('',0.352941185235977,0.745098054409027,0.352941185235977);
#15636=COLOUR_RGB('',0.352941185235977,0.745098054409027,0.352941185235977);
#15637=COLOUR_RGB('',0.352941185235977,0.745098054409027,0.352941185235977);
#15638=COLOUR_RGB('',0.352941185235977,0.745098054409027,0.352941185235977);
#15639=COLOUR_RGB('',0.352941185235977,0.745098054409027,0.352941185235977);
#15640=COLOUR_RGB('',0.352941185235977,0.745098054409027,0.352941185235977);
#15641=COLOUR_RGB('',0.352941185235977,0.745098054409027,0.352941185235977);
#15642=COLOUR_RGB('',0.352941185235977,0.745098054409027,0.352941185235977);
#15643=COLOUR_RGB('',0.352941185235977,0.745098054409027,0.352941185235977);
#15644=COLOUR_RGB('',0.352941185235977,0.745098054409027,0.352941185235977);
#15645=COLOUR_RGB('',0.352941185235977,0.745098054409027,0.352941185235977);
#15646=COLOUR_RGB('',0.352941185235977,0.745098054409027,0.352941185235977);
#15647=COLOUR_RGB('',0.352941185235977,0.745098054409027,0.352941185235977);
#15648=COLOUR_RGB('',0.352941185235977,0.745098054409027,0.352941185235977);
#15649=COLOUR_RGB('',0.352941185235977,0.745098054409027,0.352941185235977);
#15650=COLOUR_RGB('',0.352941185235977,0.745098054409027,0.352941185235977);
#15651=COLOUR_RGB('',0.352941185235977,0.745098054409027,0.352941185235977);
#15652=COLOUR_RGB('',0.352941185235977,0.745098054409027,0.352941185235977);
#15653=COLOUR_RGB('',0.352941185235977,0.745098054409027,0.352941185235977);
#15654=COLOUR_RGB('',0.352941185235977,0.745098054409027,0.352941185235977);
#15655=COLOUR_RGB('',0.352941185235977,0.745098054409027,0.352941185235977);
#15656=COLOUR_RGB('',0.352941185235977,0.745098054409027,0.352941185235977);
#15657=COLOUR_RGB('',0.352941185235977,0.745098054409027,0.352941185235977);
#15658=COLOUR_RGB('',0.352941185235977,0.745098054409027,0.352941185235977);
#15659=COLOUR_RGB('',0.352941185235977,0.745098054409027,0.352941185235977);
#15660=COLOUR_RGB('',0.352941185235977,0.745098054409027,0.352941185235977);
#15661=COLOUR_RGB('',0.352941185235977,0.745098054409027,0.352941185235977);
#15662=COLOUR_RGB('',0.352941185235977,0.745098054409027,0.352941185235977);
#15663=COLOUR_RGB('',0.352941185235977,0.745098054409027,0.352941185235977);
#15664=COLOUR_RGB('',0.352941185235977,0.745098054409027,0.352941185235977);
#15665=COLOUR_RGB('',0.352941185235977,0.745098054409027,0.352941185235977);
#15666=COLOUR_RGB('',0.352941185235977,0.745098054409027,0.352941185235977);
#15667=COLOUR_RGB('',0.352941185235977,0.745098054409027,0.352941185235977);
#15668=COLOUR_RGB('',0.352941185235977,0.745098054409027,0.352941185235977);
#15669=COLOUR_RGB('',0.352941185235977,0.745098054409027,0.352941185235977);
#15670=COLOUR_RGB('',0.352941185235977,0.745098054409027,0.352941185235977);
#15671=COLOUR_RGB('',0.352941185235977,0.745098054409027,0.352941185235977);
#15672=COLOUR_RGB('',0.352941185235977,0.745098054409027,0.352941185235977);
#15673=COLOUR_RGB('',0.352941185235977,0.745098054409027,0.352941185235977);
#15674=COLOUR_RGB('',0.352941185235977,0.745098054409027,0.352941185235977);
#15675=COLOUR_RGB('',0.352941185235977,0.745098054409027,0.352941185235977);
#15676=COLOUR_RGB('',0.352941185235977,0.745098054409027,0.352941185235977);
#15677=COLOUR_RGB('',0.352941185235977,0.745098054409027,0.352941185235977);
#15678=COLOUR_RGB('',0.352941185235977,0.745098054409027,0.352941185235977);
#15679=COLOUR_RGB('',0.352941185235977,0.745098054409027,0.352941185235977);
#15680=COLOUR_RGB('',0.352941185235977,0.745098054409027,0.352941185235977);
#15681=COLOUR_RGB('',0.352941185235977,0.745098054409027,0.352941185235977);
#15682=COLOUR_RGB('',0.352941185235977,0.745098054409027,0.352941185235977);
#15683=COLOUR_RGB('',0.352941185235977,0.745098054409027,0.352941185235977);
#15684=COLOUR_RGB('',0.352941185235977,0.745098054409027,0.352941185235977);
#15685=COLOUR_RGB('',0.352941185235977,0.745098054409027,0.352941185235977);
#15686=COLOUR_RGB('',0.352941185235977,0.745098054409027,0.352941185235977);
#15687=COLOUR_RGB('',0.352941185235977,0.745098054409027,0.352941185235977);
#15688=COLOUR_RGB('',0.352941185235977,0.745098054409027,0.352941185235977);
#15689=COLOUR_RGB('',0.352941185235977,0.745098054409027,0.352941185235977);
#15690=COLOUR_RGB('',0.352941185235977,0.745098054409027,0.352941185235977);
#15691=COLOUR_RGB('',0.352941185235977,0.745098054409027,0.352941185235977);
#15692=DIRECTION('',(0.0,0.0,-1.0));
#15693=CARTESIAN_POINT('',(5.76093432117822,7.25053854592601,7.0));
#15694=DIRECTION('',(-0.994614540740002,-0.103643211782322,6.30455660348519E-17));
#15695=DIRECTION('',(0.103643211782322,-0.994614540740002,3.55490718465099E-15));
#15696=DIRECTION('',(-0.0,-0.0,1.0));
#15697=DIRECTION('',(-4.22874444707991E-15,1.0,-4.22874444707991E-15));
#15698=DIRECTION('',(0.612373892967738,-0.707106781186552,-0.353550866512206));
#15699=DIRECTION('',(7.04898472709425E-16,1.0,-1.20839738178758E-14));
#15700=DIRECTION('',(-2.01399563631264E-16,1.0,-1.22853733815071E-14));
#15701=DIRECTION('',(0.612373889405206,-0.707106781186552,-0.353550872682751));
#15702=CARTESIAN_POINT('',(4.32584190527226,-0.550000000000055,1.49760506122316));
#15703=DIRECTION('',(-0.856162448980776,6.1995205008285E-15,0.516706745606481));
#15704=DIRECTION('',(-0.516706745606481,-1.06752708251863E-14,-0.856162448980776));
#15705=CARTESIAN_POINT('',(6.19589000000004,-1.09726847290646,3.50000000000001));
#15706=DIRECTION('',(-0.103643211782358,1.49896081714808E-14,0.994614540739998));
#15707=DIRECTION('',(2.72533592888813E-31,-1.0,1.50707711957724E-14));
#15708=DIRECTION('',(-1.05722839414055E-15,1.0,-8.45782715312439E-15));
#15709=DIRECTION('',(0.0,0.0,-1.0));
#15710=CARTESIAN_POINT('',(2.26093432117822,7.25053854592601,7.0));
#15711=DIRECTION('',(-0.994614540740002,-0.103643211782322,6.30455660348519E-17));
#15712=DIRECTION('',(0.103643211782322,-0.994614540740002,3.55490718465099E-15));
#15713=DIRECTION('',(-0.0,-0.0,1.0));
#15714=DIRECTION('',(-4.22874444707991E-15,1.0,-4.22874444707991E-15));
#15715=DIRECTION('',(0.612373892967738,-0.707106781186552,-0.353550866512206));
#15716=DIRECTION('',(7.04898472709425E-16,1.0,-1.20839738178758E-14));
#15717=DIRECTION('',(-2.01399563631264E-16,1.0,-1.22853733815071E-14));
#15718=DIRECTION('',(0.612373889405206,-0.707106781186552,-0.353550872682751));
#15719=CARTESIAN_POINT('',(0.825843905272257,-0.550000000000055,1.49760506122316));
#15720=DIRECTION('',(-0.856162448980776,6.1995205008285E-15,0.516706745606481));
#15721=DIRECTION('',(-0.516706745606481,-1.06752708251863E-14,-0.856162448980776));
#15722=CARTESIAN_POINT('',(2.69589200000004,-1.09726847290646,3.50000000000001));
#15723=DIRECTION('',(-0.103643211782358,1.49896081714808E-14,0.994614540739998));
#15724=DIRECTION('',(2.72533592888813E-31,-1.0,1.50707711957724E-14));
#15725=DIRECTION('',(-1.05722839414055E-15,1.0,-8.45782715312439E-15));
#15726=DIRECTION('',(-1.0,0.0,0.0));
#15727=DIRECTION('',(1.0,0.0,0.0));
#15728=DIRECTION('',(1.0,0.0,0.0));
#15729=DIRECTION('',(-1.0,0.0,0.0));
#15730=DIRECTION('',(-1.0,0.0,-0.0));
#15731=DIRECTION('',(-1.0,0.0,0.0));
#15732=DIRECTION('',(-1.0,-0.0,0.0));
#15733=DIRECTION('',(-1.0,-0.0,-0.0));
#15734=DIRECTION('',(1.0,0.0,0.0));
#15735=DIRECTION('',(-1.0,0.0,0.0));
#15736=DIRECTION('',(-1.0,0.0,0.0));
#15737=DIRECTION('',(-1.0,0.0,0.0));
#15738=DIRECTION('',(-1.0,0.0,0.0));
#15739=DIRECTION('',(1.0,0.0,0.0));
#15740=DIRECTION('',(-0.0,-0.0,-1.0));
#15741=DIRECTION('',(-0.0,-0.0,1.0));
#15742=DIRECTION('',(0.0,1.0,-0.0));
#15743=DIRECTION('',(0.707051349787661,0.0088537429060607,0.707106781186548));
#15744=DIRECTION('',(0.0,0.0,-1.0));
#15745=CARTESIAN_POINT('',(2.25056999995662,8.14999999999997,8.0));
#15746=DIRECTION('',(1.0,3.41607084500048E-16,2.80281655603973E-15));
#15747=DIRECTION('',(-3.41607084500046E-16,1.0,-6.83416883883813E-16));
#15748=CARTESIAN_POINT('',(2.25056999995662,6.54999999999996,8.0));
#15749=DIRECTION('',(1.0,3.41607084500048E-16,2.80281655603973E-15));
#15750=DIRECTION('',(3.41607084500046E-16,-1.0,6.83416883883813E-16));
#15751=DIRECTION('',(0.0,1.0,-0.0));
#15752=DIRECTION('',(0.0,0.0,1.0));
#15753=DIRECTION('',(-0.0,-0.0,-1.0));
#15754=DIRECTION('',(0.0,-0.0,-1.0));
#15755=DIRECTION('',(0.0,-0.0,1.0));
#15756=DIRECTION('',(-0.0,-0.0,-1.0));
#15757=DIRECTION('',(-0.0,-0.0,1.0));
#15758=DIRECTION('',(0.707051349787662,0.00885374290605953,0.707106781186546));
#15759=CARTESIAN_POINT('',(5.75057,8.14999999999998,8.0));
#15760=DIRECTION('',(1.0,-3.11150763893062E-61,1.3719153895908E-15));
#15761=DIRECTION('',(-6.43147171444658E-46,1.0,4.68795070253195E-31));
#15762=CARTESIAN_POINT('',(5.75057,6.54999999999995,8.0));
#15763=DIRECTION('',(1.0,-3.11150763893062E-61,1.3719153895908E-15));
#15764=DIRECTION('',(6.43147171444658E-46,-1.0,-4.68795070253195E-31));
#15765=DIRECTION('',(0.0,0.0,1.0));
#15766=DIRECTION('',(-0.0,-0.0,-1.0));
#15767=DIRECTION('',(0.0,-0.0,-1.0));
#15768=DIRECTION('',(0.0,-0.0,1.0));
#15769=DIRECTION('',(0.0,1.0,-0.0));
#15770=DIRECTION('',(0.0,1.0,-0.0));
#15771=DIRECTION('',(0.0,0.0,-1.0));
#15772=PRESENTATION_LAYER_ASSIGNMENT('','',(#977,#979,#981,#983,#985,#987,#989,#991,#993,#995,#997,#999,#1001,#1003,#1005,#1007,#1009,#1011,#1013,#1015,#1017,#1019,#1021,#1023,#1025,#1027,#1029,#1031,#1033,#1035,#1037,#1039,#1041,#1043,#1045,#1047,#1049,#1051,#1053,#1055,#1057,#1059,#1061,#1063,#1065,#1067,#1069,#1071,#1073,#1075,#1077,#1079,#1081,#1083,#1085,#1087,#1089,#1091,#1093,#1095,#1097,#1099,#1101,#1103,#1105,#1107,#1109,#1111,#1113,#1115,#1117,#1119,#1121,#1123,#1125,#1127,#1129,#1131,#1133,#1135,#1137,#1139,#1141,#1143,#1145,#1147,#1149,#1151,#1153,#1155,#1157,#1159,#1161,#1163,#1165,#1167,#1169,#1171,#1173,#1175,#1177,#1179,#1181,#1183,#1185,#1187,#1189,#1191,#1193,#1195,#1197,#1199,#1201,#1203,#1205,#1207,#1209,#1211,#1213,#1215,#1217,#1219,#1221,#1223,#1225,#1227,#1229,#1231,#1233,#1235,#1237,#1239,#1241,#1243,#1245,#1247,#1249,#1251,#1253,#1255,#1257,#1259,#1261,#1263,#1265,#1267,#1269,#1271,#1273,#1275,#1277,#1279,#1281,#1283,#1285,#1287,#1289,#1291,#1293,#1295,#1297,#1299,#1301,#1303,#1305,#1307,#1309,#1311,#1313,#1315,#1317,#1319,#1321,#1323,#1325,#1327,#1329,#1331,#1333,#1335,#1337,#1339,#1341,#1343,#1345,#1347,#1349,#1351,#1353,#1355,#1357,#1359,#1361,#1363,#1365,#1367,#1369,#1371,#1373,#1375,#1377,#1379,#1381,#1383,#1385,#1387,#1389,#1391,#1393,#1395,#1397,#1399,#1401,#1403,#1405,#1407,#1409,#1411,#1413,#1415,#1417,#1419,#1421,#1423,#1425,#1427,#1429,#1431,#1433,#1435,#1437,#1439,#1441,#1443,#1445,#1447,#1449,#1451,#1453,#1455,#1457,#1459,#1461,#1463,#1465,#1467,#1469,#1471,#1473,#1475,#1477,#1479,#1481,#1483,#1485,#1487,#1489,#1491,#1493,#1495,#1497,#1499,#1501,#1503,#1505,#1507,#1509,#1511,#1513,#1515,#1517,#1519,#1521,#1523,#1525,#1527,#1529,#1531,#1533,#1535,#1537,#1539,#1541,#1543,#1545,#1547,#1549,#1551,#1553,#1555,#1557,#1559,#1561,#1563,#1565,#1567,#1569,#1571,#1573,#1575,#1577,#1579,#1581,#1583,#1585,#1587,#1589,#1591,#1593,#1595,#1597,#1599,#1601,#1603,#1605,#1607,#1609,#1611,#1613,#1615,#1617,#1619,#1621,#1623,#1625,#1627,#1629,#1631,#1633,#1635,#1637,#1639,#1641,#1643,#1645,#1647,#1649,#1651,#1653,#1655,#1657,#1659,#1661,#1663,#1665,#1667,#1669,#1671,#1673,#1675,#1677,#1679,#1681,#1683,#1685,#1687,#1689,#1691,#1693,#1695,#1697,#1699,#1701,#1703,#1705,#1707,#1709,#1711,#1713,#1715,#1717,#1719,#1721,#1723,#1725,#1727,#1729,#1731,#1733,#1735,#1737,#1739,#1741,#1743,#1745,#1747,#1749,#1751,#1753,#1755,#1757,#1759,#1761,#1763,#1765,#1767,#1769,#1771,#1773,#1775,#1777,#1779,#1781,#1783,#1785,#1787,#1789,#1791,#1793,#1795,#1797,#1799,#1801,#1803,#1805,#1807,#1809,#1811,#1813,#1815,#1817,#1819,#1821,#1823,#1825,#1827,#1829,#1831,#1833,#1835,#1837,#1839,#1841,#1843,#1845,#1847,#1849,#1851,#1853,#1855,#1857,#1859,#1861,#1863,#1865,#1867,#1869,#1871,#1873,#1875,#1877,#1879,#1881,#1883,#1885,#1887,#1889,#1891,#1893,#1895,#1897,#1899,#1901,#1903,#1905,#1907,#1909,#1911,#1913,#1915,#1917,#1919,#1921,#1923,#1925,#1927,#1929,#1931,#1933,#1935,#1937,#1939,#1941,#1943,#1945,#1947,#1949,#1951,#1953,#1955,#1957,#1959,#1961,#1963,#1965,#1967,#1969,#1971,#1973,#1975,#1977,#1979,#1981,#1983,#1985,#1987,#1989,#1991,#1993,#1995,#1997,#1999,#2001,#2003,#2005,#2007,#2009,#2011,#2013,#2015,#2017,#2019,#2021,#2023,#2025,#2027,#2029,#2031,#2033,#2035,#2037,#2039,#2041,#2043,#2045,#2047,#2049,#2051,#2053,#2055,#2057,#2059,#2061,#2063,#2065,#2067,#2069,#2071,#2073,#2075,#2077,#2079,#2081,#2083,#2085,#2087,#2089,#2091,#2093,#2095,#2097,#2099,#2101,#2103,#2105,#2107,#2109,#2111,#2113,#2115,#2117,#2119,#2121,#2123,#2125,#2127,#2129,#2131,#2133,#2135,#2137,#2139,#2141,#2143,#2145,#2147,#2149,#2151,#2153,#2155,#2157,#2159,#2161,#2163,#2165,#2167,#2169,#2171,#2173,#2175,#2177,#2179,#2181,#2183,#2185,#2187,#2189,#2191,#2193,#2195,#2197,#2199,#2201,#2203,#2205,#2207,#2209,#2211,#2213,#2215,#2217,#2219,#2221,#2223,#2225,#2227,#2229,#2231,#2233,#2235,#2237,#2239,#2241,#2243,#2245,#2247,#2249,#2251,#2253,#2255,#2257,#2259,#2261,#2263,#2265,#2267,#2269,#2271,#2273,#2275,#2277,#2279,#2281,#2283,#2285,#2287,#2289,#2291,#2293,#2295,#2297,#2299,#2301,#2303,#2305,#2307,#2309,#2311,#2313,#2315,#2317,#2319,#2321,#2323,#2325,#2327,#2329,#2331,#2333,#2335,#2337,#2339,#2341,#2343,#2345,#2347,#2349,#2351,#2353,#2355,#2357,#2359,#2361,#2363,#2365,#2367,#2369,#2371,#2373,#2375,#2377,#2379,#2381,#2383,#2385,#2387,#2389,#2391,#2393,#2395,#2397,#2399,#2401,#2403,#2405,#2407,#2409,#2411,#2413,#2415,#2417,#2419,#2421,#2423,#2425,#2427,#2429,#2431,#2433,#2435,#2437,#2439,#2441,#2443,#2445,#2447,#2449,#2451,#2453,#2455,#2457,#2459,#2461,#2463,#2465,#2467,#2469,#2471,#2473,#2475,#2477,#2479,#2481,#2483,#2485,#2487,#2489,#2491,#2493,#2495,#2497,#2499,#2501,#2503,#2505,#2507,#2509,#2511,#2513,#2515,#2517,#2519,#2521,#2523,#2525,#2527,#2529,#2531,#2533,#2535,#2537,#2539,#2541,#2543,#2545,#2547,#2549,#2551,#2553,#2555,#2557,#2559,#2561,#2563,#2565,#2567,#2569,#2571,#2573,#2575,#2577,#2579,#2581,#2583,#2585,#2587,#2589,#2591,#2593,#2595,#2597,#2599,#2601,#2603,#2605,#2607,#2609,#2611,#2613,#2615,#2617,#2619,#2621,#2623,#2625,#2627,#2629,#2631,#2633,#2635,#2637,#2639,#2641,#2643,#2645,#2647,#2649,#2651,#2653,#2655,#2657,#2659,#2661,#2663,#2665,#2667,#2669,#2671,#2673,#2675,#2677,#2679,#2681,#2683,#2685,#2687,#2689,#2691,#2693,#2695,#2697,#2699,#2701,#2703,#2705,#2707,#2709,#2711,#2713,#2715,#2717,#2719,#2721,#2723,#2725,#2727,#2729,#2731,#2733,#2735,#2737,#2739,#2741,#2743,#2745,#2747,#2749,#2751,#2753,#2755,#2757,#2759,#2761,#2763,#2765,#2767,#2769,#2771,#2773,#2775,#2777,#2779,#2781,#2783,#2785,#2787,#2789,#2791,#2793,#2795,#2797,#2799,#2801,#2803,#2805,#2807,#2809,#2811,#2813,#2815,#2817,#2819,#2821,#2823,#2825,#2827,#2829,#2831,#2833,#2835,#2837,#2839,#2841,#2843,#2845,#2847,#2849,#2851,#2853,#2855,#2857,#2859,#2861,#2863,#2865,#2920,#2921,#2924,#2927,#2930,#2933,#2936,#2939,#2942,#2945,#2946,#2951,#2958,#2965,#3129,#3130,#3133,#3136,#3139,#3142,#3145,#3148,#3151,#3154,#3157,#3158,#3161,#3164,#3167,#3168,#3171,#3174,#3177,#3178,#3181,#3184,#3187,#3190,#3193,#3196,#3199,#3202,#3203,#3206,#3209,#3212,#3215,#3218,#3221,#3222,#3225,#3228,#3231,#3234,#3237,#3240,#3243,#3244,#3247,#3250,#3255,#3256,#3259,#3262,#3265,#3270,#3273,#3278,#3283,#3286,#3291,#3294,#3297,#3302,#3305,#3310,#3315,#3320,#3325,#3330,#3333,#3338,#3343,#3348,#3351,#3354,#3359,#3360,#3363,#3368,#3373,#3378,#3383,#3388,#3393,#3400,#3403,#3406,#3411,#3420,#3427,#3432,#3441,#3446,#3451,#3452,#3455,#3476,#3528,#3529,#3532,#3535,#3538,#3541,#3544,#3547,#3550,#3553,#3554,#3559,#3566,#3573,#3737,#3738,#3741,#3744,#3747,#3750,#3753,#3756,#3759,#3762,#3765,#3766,#3769,#3772,#3775,#3776,#3779,#3782,#3785,#3786,#3789,#3792,#3795,#3798,#3801,#3804,#3807,#3810,#3811,#3814,#3817,#3820,#3823,#3826,#3829,#3830,#3833,#3836,#3839,#3842,#3845,#3848,#3851,#3852,#3855,#3858,#3863,#3864,#3867,#3870,#3873,#3878,#3881,#3886,#3891,#3894,#3899,#3902,#3905,#3910,#3913,#3918,#3923,#3928,#3933,#3938,#3941,#3946,#3951,#3956,#3959,#3962,#3967,#3968,#3971,#3976,#3981,#3986,#3991,#3996,#4001,#4008,#4011,#4014,#4019,#4028,#4035,#4040,#4049,#4054,#4059,#4060,#4063,#4084,#4555,#4556,#4559,#4562,#4565,#4566,#4569,#4572,#4575,#4576,#4579,#4582,#4585,#4586,#4589,#4592,#4595,#4596,#4599,#4602,#4605,#4606,#4609,#4612,#4615,#4616,#4619,#4622,#4625,#4626,#4629,#4632,#4635,#4636,#4639,#4642,#4645,#4646,#4649,#4652,#4655,#4656,#4659,#4662,#4665,#4666,#4669,#4672,#4675,#4676,#4679,#4682,#4685,#4686,#4689,#4692,#4695,#4696,#4699,#4700,#4703,#4704,#4707,#4710,#4713,#4716,#4717,#4720,#4723,#4726,#4729,#4730,#4733,#4738,#4739,#4742,#4745,#4746,#4749,#4750,#4753,#4756,#4759,#4762,#4763,#4766,#4769,#4770,#4773,#4774,#4777,#4778,#4781,#4782,#4785,#4786,#4789,#4792,#4795,#4798,#4799,#4802,#4805,#4806,#4809,#4810,#4813,#4816,#4817,#4820,#4821,#4824,#4825,#4828,#4831,#4834,#4837,#4838,#4841,#4844,#4847,#4850,#4851,#4854,#4859,#4860,#4863,#4866,#4871,#4872,#4875,#4878,#4883,#4884,#4887,#4890,#4895,#4896,#4901,#4904,#4909,#4912,#4917,#4922,#4923,#4926,#4929,#4934,#4937,#4946,#4949,#4952,#4957,#4960,#4967,#4968,#4973,#4978,#4981,#4994,#4999,#5000,#5003,#5006,#5009,#5012,#5015,#5018,#5027,#5036,#5039,#5042,#5045,#5050,#5059,#5062,#5065,#5068,#5073,#5078,#5083,#5086,#5091,#5096,#5097,#5108,#5111,#5124,#5129,#5130,#5135,#5148,#5149,#5152,#5155,#5160,#5163,#5168,#5169,#5172,#5175,#5180,#5183,#5192,#5197,#5202,#5209,#5216,#5217,#5220,#5223,#5228,#5231,#5244,#5249,#5256,#5259,#5264,#5267,#5272,#5273,#5276,#5293,#5296,#5299,#5302,#5305,#5318,#5333,#5338,#5343,#5348,#5359,#5362,#5365,#5370,#5373,#5376,#5385,#5388,#5391,#5396,#5401,#5406,#5415,#5416,#5421,#5424,#5429,#5434,#5443,#5448,#5453,#5458,#5461,#5466,#5471,#5472,#5479,#5482,#5485,#5490,#5493,#5498,#14638,#14640,#14642,#14653,#14655,#14657,#14659,#14661,#14663,#14665,#14667,#14713,#14715,#14717,#14728,#14730,#14732,#14734,#14736,#14738,#14740,#14742,#14788,#14790,#14792,#14794,#14796,#14798,#14800,#14802,#14804,#14806,#14808,#14810,#14812,#14814,#14816,#14817,#14819,#14821,#14823,#14825,#14826,#14828,#14830,#14831,#14833,#14834,#14836,#14837,#14839,#14841,#14842,#14844,#14845,#14847,#14848,#14850,#14852,#14854));
ENDSEC;
END-ISO-10303-21;
