ISO-10303-21;
HEADER;
FILE_DESCRIPTION (( 'STEP AP214' ),
    '1' );
FILE_NAME ('VEML6030.STEP',
    '2021-11-21T06:08:06',
    ( '' ),
    ( '' ),
    'SwSTEP 2.0',
    'SolidWorks 2017',
    '' );
FILE_SCHEMA (( 'AUTOMOTIVE_DESIGN' ));
ENDSEC;

DATA;
#1 = ORIENTED_EDGE ( 'NONE', *, *, #3566, .F. ) ;
#2 = EDGE_CURVE ( 'NONE', #2533, #2353, #3623, .T. ) ;
#3 = CARTESIAN_POINT ( 'NONE',  ( 7.302933836468611300E-017, 0.3999999999999999700, -0.2000000000000002100 ) ) ;
#4 = DIRECTION ( 'NONE',  ( 0.0000000000000000000, 0.0000000000000000000, 1.000000000000000000 ) ) ;
#5 = DIRECTION ( 'NONE',  ( 0.0000000000000000000, -1.000000000000000000, 0.0000000000000000000 ) ) ;
#6 = VERTEX_POINT ( 'NONE', #437 ) ;
#7 = CARTESIAN_POINT ( 'NONE',  ( 0.5499999999999865000, 0.4000000000000000200, 0.7999999999999999300 ) ) ;
#8 = CIRCLE ( 'NONE', #436, 0.04999999999999996800 ) ;
#9 = ORIENTED_EDGE ( 'NONE', *, *, #1124, .F. ) ;
#10 = CARTESIAN_POINT ( 'NONE',  ( 0.5500000000000001600, 1.036396103067896100, -0.7999999999999999300 ) ) ;
#11 = LINE ( 'NONE', #1754, #3875 ) ;
#12 = CIRCLE ( 'NONE', #107, 0.04999999999999991300 ) ;
#13 = VERTEX_POINT ( 'NONE', #2387 ) ;
#14 = CARTESIAN_POINT ( 'NONE',  ( 0.5499999999999865000, 0.3999999999999999700, 0.5000000000000000000 ) ) ;
#15 = FACE_OUTER_BOUND ( 'NONE', #1654, .T. ) ;
#16 = CARTESIAN_POINT ( 'NONE',  ( -1.000000000000000000, 0.4000000000000000200, 1.000000000000000000 ) ) ;
#17 = CARTESIAN_POINT ( 'NONE',  ( 1.000000000000000000, 0.05000000000000002400, 1.000000000000000000 ) ) ;
#18 = EDGE_CURVE ( 'NONE', #837, #299, #1341, .T. ) ;
#19 = VERTEX_POINT ( 'NONE', #1026 ) ;
#20 = LINE ( 'NONE', #4135, #940 ) ;
#21 = AXIS2_PLACEMENT_3D ( 'NONE', #74, #731, #3013 ) ;
#22 = EDGE_LOOP ( 'NONE', ( #1470, #2212, #1493, #2821 ) ) ;
#23 = DIRECTION ( 'NONE',  ( -0.0000000000000000000, 1.000000000000000000, 0.0000000000000000000 ) ) ;
#24 = ORIENTED_EDGE ( 'NONE', *, *, #933, .T. ) ;
#25 = LINE ( 'NONE', #4091, #3692 ) ;
#26 = DIRECTION ( 'NONE',  ( 0.0000000000000000000, -1.000000000000000000, 0.0000000000000000000 ) ) ;
#27 = EDGE_CURVE ( 'NONE', #652, #2938, #1135, .T. ) ;
#28 = LINE ( 'NONE', #1747, #457 ) ;
#29 = ORIENTED_EDGE ( 'NONE', *, *, #215, .F. ) ;
#30 = LINE ( 'NONE', #173, #512 ) ;
#31 = CARTESIAN_POINT ( 'NONE',  ( 1.000000000000000000, 0.4000000000000000200, -0.6500000000000000200 ) ) ;
#32 = DIRECTION ( 'NONE',  ( 0.0000000000000000000, 0.0000000000000000000, -1.000000000000000000 ) ) ;
#33 = DIRECTION ( 'NONE',  ( -1.000000000000000000, 0.0000000000000000000, -0.0000000000000000000 ) ) ;
#34 = FACE_OUTER_BOUND ( 'NONE', #1641, .T. ) ;
#35 = EDGE_CURVE ( 'NONE', #1163, #1913, #3376, .T. ) ;
#36 = ORIENTED_EDGE ( 'NONE', *, *, #697, .F. ) ;
#37 = CYLINDRICAL_SURFACE ( 'NONE', #1274, 0.04999999999999996800 ) ;
#38 = ORIENTED_EDGE ( 'NONE', *, *, #1567, .F. ) ;
#39 = FACE_OUTER_BOUND ( 'NONE', #2908, .T. ) ;
#40 = ORIENTED_EDGE ( 'NONE', *, *, #587, .F. ) ;
#41 = DIRECTION ( 'NONE',  ( -0.0000000000000000000, 1.000000000000000000, -0.0000000000000000000 ) ) ;
#42 = CIRCLE ( 'NONE', #3124, 0.04999999999999996800 ) ;
#43 = EDGE_LOOP ( 'NONE', ( #1390, #3403, #1906, #91 ) ) ;
#44 = DIRECTION ( 'NONE',  ( 0.0000000000000000000, -1.000000000000000000, -0.0000000000000000000 ) ) ;
#45 = CYLINDRICAL_SURFACE ( 'NONE', #268, 0.04999999999999991300 ) ;
#46 = CARTESIAN_POINT ( 'NONE',  ( -0.5999999999999864300, 0.3999999999999999700, 0.4500000000000000700 ) ) ;
#47 = EDGE_LOOP ( 'NONE', ( #4109, #2687, #580, #4156 ) ) ;
#48 = CARTESIAN_POINT ( 'NONE',  ( 1.000000000000000000, 0.8700000000000001100, 1.000000000000000000 ) ) ;
#49 = CARTESIAN_POINT ( 'NONE',  ( -0.5999999999999932100, 1.036396103067896100, 0.1499999999999999700 ) ) ;
#50 = EDGE_CURVE ( 'NONE', #1800, #3448, #2299, .T. ) ;
#51 =( GEOMETRIC_REPRESENTATION_CONTEXT ( 3 ) GLOBAL_UNCERTAINTY_ASSIGNED_CONTEXT ( ( #2646 ) ) GLOBAL_UNIT_ASSIGNED_CONTEXT ( ( #955, #1276, #2618 ) ) REPRESENTATION_CONTEXT ( 'NONE', 'WORKASPACE' ) );
#52 = DIRECTION ( 'NONE',  ( 0.0000000000000000000, 1.000000000000000000, -0.0000000000000000000 ) ) ;
#53 = CARTESIAN_POINT ( 'NONE',  ( -0.5999999999999864300, 0.0000000000000000000, 0.8499999999999999800 ) ) ;
#54 = EDGE_CURVE ( 'NONE', #2991, #3806, #3732, .T. ) ;
#55 = ORIENTED_EDGE ( 'NONE', *, *, #2038, .T. ) ;
#56 = EDGE_CURVE ( 'NONE', #2461, #718, #2515, .T. ) ;
#57 = ORIENTED_EDGE ( 'NONE', *, *, #2120, .T. ) ;
#58 = CARTESIAN_POINT ( 'NONE',  ( 0.8969223593595446700, 0.4000000000000000200, 0.8499999999999998700 ) ) ;
#59 = CARTESIAN_POINT ( 'NONE',  ( 0.8969223593595515600, 0.4000000000000000200, 0.1999999999999999300 ) ) ;
#60 = ADVANCED_FACE ( 'NONE', ( #3521 ), #3310, .T. ) ;
#61 = CARTESIAN_POINT ( 'NONE',  ( 1.000000000000000000, 0.05000000000000000300, 1.000000000000000000 ) ) ;
#62 = VECTOR ( 'NONE', #3886, 1000.000000000000000 ) ;
#63 = ORIENTED_EDGE ( 'NONE', *, *, #1888, .F. ) ;
#64 = AXIS2_PLACEMENT_3D ( 'NONE', #1036, #2617, #2000 ) ;
#65 = CARTESIAN_POINT ( 'NONE',  ( -0.5499999999999932700, 0.4000000000000000200, 0.1499999999999999700 ) ) ;
#66 = DIRECTION ( 'NONE',  ( 1.000000000000000000, 0.0000000000000000000, -3.651466918234302200E-016 ) ) ;
#67 = CIRCLE ( 'NONE', #3281, 0.2249999999999999500 ) ;
#68 = CIRCLE ( 'NONE', #1093, 0.2249999999999999500 ) ;
#69 = EDGE_LOOP ( 'NONE', ( #1153, #2335, #3644, #650 ) ) ;
#70 = ORIENTED_EDGE ( 'NONE', *, *, #144, .T. ) ;
#71 = CIRCLE ( 'NONE', #3648, 0.04999999999999996800 ) ;
#72 = VERTEX_POINT ( 'NONE', #65 ) ;
#73 = DIRECTION ( 'NONE',  ( -0.0000000000000000000, -1.000000000000000000, 0.0000000000000000000 ) ) ;
#74 = CARTESIAN_POINT ( 'NONE',  ( 3.103746880499157700E-016, 1.036396103067896100, 0.8500000000000002000 ) ) ;
#75 = VERTEX_POINT ( 'NONE', #411 ) ;
#76 = VECTOR ( 'NONE', #3659, 1000.000000000000000 ) ;
#77 = VERTEX_POINT ( 'NONE', #2681 ) ;
#78 = DIRECTION ( 'NONE',  ( -0.0000000000000000000, -1.000000000000000000, 0.0000000000000000000 ) ) ;
#79 = EDGE_CURVE ( 'NONE', #3104, #1394, #1643, .T. ) ;
#80 = AXIS2_PLACEMENT_3D ( 'NONE', #2919, #922, #1603 ) ;
#81 = VERTEX_POINT ( 'NONE', #734 ) ;
#82 = CYLINDRICAL_SURFACE ( 'NONE', #250, 0.2250000000000015600 ) ;
#83 = ORIENTED_EDGE ( 'NONE', *, *, #3622, .F. ) ;
#84 = ADVANCED_FACE ( 'NONE', ( #4150 ), #121, .T. ) ;
#85 = CYLINDRICAL_SURFACE ( 'NONE', #1084, 0.04999999999999996800 ) ;
#86 = VERTEX_POINT ( 'NONE', #832 ) ;
#87 = CYLINDRICAL_SURFACE ( 'NONE', #1332, 0.04999999999999996800 ) ;
#88 = EDGE_CURVE ( 'NONE', #2689, #455, #67, .T. ) ;
#89 = CARTESIAN_POINT ( 'NONE',  ( -0.6000000000000000900, 0.0000000000000000000, -0.5000000000000000000 ) ) ;
#90 = FACE_OUTER_BOUND ( 'NONE', #4078, .T. ) ;
#91 = ORIENTED_EDGE ( 'NONE', *, *, #2565, .T. ) ;
#92 = ORIENTED_EDGE ( 'NONE', *, *, #1202, .T. ) ;
#93 = VERTEX_POINT ( 'NONE', #821 ) ;
#94 = LINE ( 'NONE', #2844, #818 ) ;
#95 = PLANE ( 'NONE',  #343 ) ;
#96 = DIRECTION ( 'NONE',  ( 0.0000000000000000000, -1.000000000000000000, 0.0000000000000000000 ) ) ;
#97 = CARTESIAN_POINT ( 'NONE',  ( 0.5499999999999865000, 0.4000000000000000200, 0.5000000000000000000 ) ) ;
#98 = CARTESIAN_POINT ( 'NONE',  ( -0.6000000000000000900, 0.05000000000000002400, -0.8499999999999998700 ) ) ;
#99 =( NAMED_UNIT ( * ) SI_UNIT ( $, .STERADIAN. ) SOLID_ANGLE_UNIT ( ) );
#100 = EDGE_CURVE ( 'NONE', #1370, #2801, #4199, .T. ) ;
#101 = DIRECTION ( 'NONE',  ( -0.0000000000000000000, -1.000000000000000000, -0.0000000000000000000 ) ) ;
#102 = ADVANCED_FACE ( 'NONE', ( #1904 ), #2442, .F. ) ;
#103 = AXIS2_PLACEMENT_3D ( 'NONE', #2154, #2845, #318 ) ;
#104 = CARTESIAN_POINT ( 'NONE',  ( -1.000000000000000000, 0.0000000000000000000, -0.6500000000000000200 ) ) ;
#105 = FILL_AREA_STYLE ('',( #1417 ) ) ;
#106 = EDGE_CURVE ( 'NONE', #1579, #3960, #2001, .T. ) ;
#107 = AXIS2_PLACEMENT_3D ( 'NONE', #850, #2424, #3125 ) ;
#108 = DIRECTION ( 'NONE',  ( 0.0000000000000000000, 1.000000000000000000, -0.0000000000000000000 ) ) ;
#109 = LINE ( 'NONE', #1527, #3269 ) ;
#110 = VERTEX_POINT ( 'NONE', #3378 ) ;
#111 = CARTESIAN_POINT ( 'NONE',  ( 1.000000000000000000, 0.4000000000000000200, 1.000000000000000000 ) ) ;
#112 = EDGE_CURVE ( 'NONE', #75, #3285, #3023, .T. ) ;
#113 = CARTESIAN_POINT ( 'NONE',  ( -1.000000000000000000, 0.4000000000000000200, -0.8749999999999998900 ) ) ;
#114 = FACE_OUTER_BOUND ( 'NONE', #1956, .T. ) ;
#115 = PLANE ( 'NONE',  #3003 ) ;
#116 = ORIENTED_EDGE ( 'NONE', *, *, #1908, .T. ) ;
#117 = DIRECTION ( 'NONE',  ( 3.651466918234302200E-016, 0.0000000000000000000, -1.000000000000000000 ) ) ;
#118 = EDGE_LOOP ( 'NONE', ( #2695, #4154, #944, #930 ) ) ;
#119 = LINE ( 'NONE', #1730, #3475 ) ;
#120 = CARTESIAN_POINT ( 'NONE',  ( -0.5500000000000001600, 1.036396103067896100, -0.5000000000000000000 ) ) ;
#121 = PLANE ( 'NONE',  #2050 ) ;
#122 = CARTESIAN_POINT ( 'NONE',  ( -0.5999999999999932100, 0.0000000000000000000, 0.1499999999999999700 ) ) ;
#123 = ORIENTED_EDGE ( 'NONE', *, *, #2917, .T. ) ;
#124 = ADVANCED_FACE ( 'NONE', ( #3879 ), #4042, .T. ) ;
#125 = VERTEX_POINT ( 'NONE', #1779 ) ;
#126 = ORIENTED_EDGE ( 'NONE', *, *, #2470, .F. ) ;
#127 = VECTOR ( 'NONE', #2007, 1000.000000000000000 ) ;
#128 =( GEOMETRIC_REPRESENTATION_CONTEXT ( 3 ) GLOBAL_UNCERTAINTY_ASSIGNED_CONTEXT ( ( #3083 ) ) GLOBAL_UNIT_ASSIGNED_CONTEXT ( ( #3549, #1606, #977 ) ) REPRESENTATION_CONTEXT ( 'NONE', 'WORKASPACE' ) );
#129 = ORIENTED_EDGE ( 'NONE', *, *, #3924, .T. ) ;
#130 = DIRECTION ( 'NONE',  ( 0.0000000000000000000, 0.0000000000000000000, -1.000000000000000000 ) ) ;
#131 = DIRECTION ( 'NONE',  ( 3.651466918234302200E-016, 0.0000000000000000000, 1.000000000000000000 ) ) ;
#132 = DIRECTION ( 'NONE',  ( -0.0000000000000000000, -1.000000000000000000, -0.0000000000000000000 ) ) ;
#133 = DIRECTION ( 'NONE',  ( 0.0000000000000000000, 0.0000000000000000000, -1.000000000000000000 ) ) ;
#134 = ORIENTED_EDGE ( 'NONE', *, *, #1065, .F. ) ;
#135 = CYLINDRICAL_SURFACE ( 'NONE', #3245, 0.2250000000000015600 ) ;
#136 = ORIENTED_EDGE ( 'NONE', *, *, #1261, .T. ) ;
#137 = EDGE_CURVE ( 'NONE', #1352, #3861, #4099, .T. ) ;
#138 = VECTOR ( 'NONE', #692, 1000.000000000000000 ) ;
#139 = SURFACE_STYLE_USAGE ( .BOTH. , #4043 ) ;
#140 = VERTEX_POINT ( 'NONE', #2118 ) ;
#141 = VECTOR ( 'NONE', #271, 1000.000000000000000 ) ;
#142 = ORIENTED_EDGE ( 'NONE', *, *, #2148, .F. ) ;
#143 = LINE ( 'NONE', #2860, #473 ) ;
#144 = EDGE_CURVE ( 'NONE', #646, #2301, #4049, .T. ) ;
#145 = ORIENTED_EDGE ( 'NONE', *, *, #3888, .T. ) ;
#146 = VECTOR ( 'NONE', #1841, 1000.000000000000000 ) ;
#147 = ORIENTED_EDGE ( 'NONE', *, *, #3586, .F. ) ;
#148 = CARTESIAN_POINT ( 'NONE',  ( 7.302933836468611300E-017, 0.0000000000000000000, -0.2000000000000002100 ) ) ;
#149 = LINE ( 'NONE', #355, #2119 ) ;
#150 = CARTESIAN_POINT ( 'NONE',  ( -0.9999999999999933400, 0.3999999999999999700, -0.1999999999999998700 ) ) ;
#151 = CARTESIAN_POINT ( 'NONE',  ( -0.5999999999999864300, 0.05000000000000002400, 0.7999999999999999300 ) ) ;
#152 = CARTESIAN_POINT ( 'NONE',  ( -3.103746880499157700E-016, 0.4000000000000000200, -0.8500000000000002000 ) ) ;
#153 = DIRECTION ( 'NONE',  ( 0.0000000000000000000, 0.0000000000000000000, -1.000000000000000000 ) ) ;
#154 = ADVANCED_FACE ( 'NONE', ( #3326 ), #278, .T. ) ;
#155 = AXIS2_PLACEMENT_3D ( 'NONE', #2336, #424, #1070 ) ;
#156 =( LENGTH_UNIT ( ) NAMED_UNIT ( * ) SI_UNIT ( .MILLI., .METRE. ) );
#157 = CARTESIAN_POINT ( 'NONE',  ( -0.6000000000000000900, 0.4000000000000000200, -0.4500000000000000100 ) ) ;
#158 = AXIS2_PLACEMENT_3D ( 'NONE', #4048, #1451, #2642 ) ;
#159 = VERTEX_POINT ( 'NONE', #807 ) ;
#160 = CARTESIAN_POINT ( 'NONE',  ( 0.9999999999999863400, 0.05000000000000002400, 0.8749999999999998900 ) ) ;
#161 = EDGE_LOOP ( 'NONE', ( #835, #1788, #706, #1920, #134, #1970, #92, #3593, #382, #2886 ) ) ;
#162 = EDGE_CURVE ( 'NONE', #440, #3950, #3126, .T. ) ;
#163 = ORIENTED_EDGE ( 'NONE', *, *, #4181, .F. ) ;
#164 = CARTESIAN_POINT ( 'NONE',  ( 0.8969223593595583300, 0.4000000000000000200, -0.8499999999999998700 ) ) ;
#165 = EDGE_CURVE ( 'NONE', #2991, #3574, #2409, .T. ) ;
#166 = CYLINDRICAL_SURFACE ( 'NONE', #1693, 0.2250000000000047000 ) ;
#167 = ORIENTED_EDGE ( 'NONE', *, *, #165, .F. ) ;
#168 = CARTESIAN_POINT ( 'NONE',  ( 1.643160113205435200E-016, 0.05000000000000000300, 0.4499999999999997900 ) ) ;
#169 = ORIENTED_EDGE ( 'NONE', *, *, #186, .T. ) ;
#170 = LINE ( 'NONE', #358, #3187 ) ;
#171 = ORIENTED_EDGE ( 'NONE', *, *, #2457, .F. ) ;
#172 = CARTESIAN_POINT ( 'NONE',  ( -3.103746880499157700E-016, 0.4000000000000000200, -0.8500000000000002000 ) ) ;
#173 = CARTESIAN_POINT ( 'NONE',  ( -1.000000000000000000, 0.05000000000000000300, 1.000000000000000000 ) ) ;
#174 = ORIENTED_EDGE ( 'NONE', *, *, #35, .T. ) ;
#175 = CIRCLE ( 'NONE', #2923, 0.04999999999999991300 ) ;
#176 = ORIENTED_EDGE ( 'NONE', *, *, #1494, .T. ) ;
#177 = AXIS2_PLACEMENT_3D ( 'NONE', #3634, #3619, #3286 ) ;
#178 = ORIENTED_EDGE ( 'NONE', *, *, #425, .T. ) ;
#179 = LINE ( 'NONE', #3038, #3085 ) ;
#180 = ORIENTED_EDGE ( 'NONE', *, *, #3429, .T. ) ;
#181 = DIRECTION ( 'NONE',  ( 3.854941057726238700E-015, 0.0000000000000000000, 1.000000000000000000 ) ) ;
#182 = ORIENTED_EDGE ( 'NONE', *, *, #162, .F. ) ;
#183 = ORIENTED_EDGE ( 'NONE', *, *, #1993, .F. ) ;
#184 = PLANE ( 'NONE',  #1554 ) ;
#185 = DIRECTION ( 'NONE',  ( 0.0000000000000000000, 0.0000000000000000000, -1.000000000000000000 ) ) ;
#186 = EDGE_CURVE ( 'NONE', #3407, #1964, #3427, .T. ) ;
#187 = AXIS2_PLACEMENT_3D ( 'NONE', #1563, #1545, #932 ) ;
#188 = CIRCLE ( 'NONE', #2966, 0.04999999999999996800 ) ;
#189 = VERTEX_POINT ( 'NONE', #1544 ) ;
#190 = ORIENTED_EDGE ( 'NONE', *, *, #3270, .F. ) ;
#191 = DIRECTION ( 'NONE',  ( -0.0000000000000000000, -1.000000000000000000, 0.0000000000000000000 ) ) ;
#192 = CARTESIAN_POINT ( 'NONE',  ( -0.9999999999999863400, 1.036396103067896100, 0.6500000000000000200 ) ) ;
#193 = DIRECTION ( 'NONE',  ( 3.651466918234302200E-016, 0.0000000000000000000, -1.000000000000000000 ) ) ;
#194 = ADVANCED_FACE ( 'NONE', ( #840 ), #1122, .T. ) ;
#195 = FILL_AREA_STYLE_COLOUR ( '', #3229 ) ;
#196 = FACE_OUTER_BOUND ( 'NONE', #1608, .T. ) ;
#197 = ORIENTED_EDGE ( 'NONE', *, *, #2313, .T. ) ;
#198 = ORIENTED_EDGE ( 'NONE', *, *, #4010, .F. ) ;
#199 = EDGE_CURVE ( 'NONE', #2143, #3568, #1442, .T. ) ;
#200 =( GEOMETRIC_REPRESENTATION_CONTEXT ( 3 ) GLOBAL_UNCERTAINTY_ASSIGNED_CONTEXT ( ( #3881 ) ) GLOBAL_UNIT_ASSIGNED_CONTEXT ( ( #156, #1158, #3082 ) ) REPRESENTATION_CONTEXT ( 'NONE', 'WORKASPACE' ) );
#201 = DIRECTION ( 'NONE',  ( -1.000000000000000000, 0.0000000000000000000, -4.162672286787051700E-014 ) ) ;
#202 = CARTESIAN_POINT ( 'NONE',  ( 0.9999999999999863400, 0.0000000000000000000, 0.6500000000000000200 ) ) ;
#203 = CIRCLE ( 'NONE', #3105, 0.2249999999999999500 ) ;
#204 = ORIENTED_EDGE ( 'NONE', *, *, #644, .F. ) ;
#205 = CARTESIAN_POINT ( 'NONE',  ( 1.000000000000000000, 0.4000000000000000200, 0.8749999999999998900 ) ) ;
#206 = ORIENTED_EDGE ( 'NONE', *, *, #3655, .T. ) ;
#207 = CARTESIAN_POINT ( 'NONE',  ( 0.5500000000000001600, 0.4000000000000000200, 0.0000000000000000000 ) ) ;
#208 = DIRECTION ( 'NONE',  ( 0.0000000000000000000, -1.000000000000000000, 0.0000000000000000000 ) ) ;
#209 = CARTESIAN_POINT ( 'NONE',  ( -1.000000000000000000, 0.05000000000000000300, 1.000000000000000000 ) ) ;
#210 = ADVANCED_FACE ( 'NONE', ( #2671 ), #2188, .F. ) ;
#211 = PLANE ( 'NONE',  #1164 ) ;
#212 = ORIENTED_EDGE ( 'NONE', *, *, #729, .T. ) ;
#213 = DIRECTION ( 'NONE',  ( -0.0000000000000000000, -1.000000000000000000, 0.0000000000000000000 ) ) ;
#214 = ADVANCED_FACE ( 'NONE', ( #2351 ), #3936, .F. ) ;
#215 = EDGE_CURVE ( 'NONE', #140, #899, #3186, .T. ) ;
#216 = STYLED_ITEM ( 'NONE', ( #3694 ), #2374 ) ;
#217 = CARTESIAN_POINT ( 'NONE',  ( -3.103746880499157700E-016, 0.0000000000000000000, 0.8500000000000002000 ) ) ;
#218 = ORIENTED_EDGE ( 'NONE', *, *, #2866, .F. ) ;
#219 = CARTESIAN_POINT ( 'NONE',  ( 0.8969223593595446700, 0.05000000000000002400, 0.8499999999999998700 ) ) ;
#220 = VECTOR ( 'NONE', #4053, 1000.000000000000000 ) ;
#221 = ORIENTED_EDGE ( 'NONE', *, *, #3813, .T. ) ;
#222 = DIRECTION ( 'NONE',  ( -0.0000000000000000000, -1.000000000000000000, -0.0000000000000000000 ) ) ;
#223 = EDGE_CURVE ( 'NONE', #1058, #1749, #1491, .T. ) ;
#224 = LINE ( 'NONE', #2674, #2615 ) ;
#225 = LINE ( 'NONE', #4039, #3024 ) ;
#226 = DIRECTION ( 'NONE',  ( 0.0000000000000000000, 0.0000000000000000000, 1.000000000000000000 ) ) ;
#227 = EDGE_CURVE ( 'NONE', #2287, #3627, #2246, .T. ) ;
#228 = FILL_AREA_STYLE ('',( #3818 ) ) ;
#229 = ORIENTED_EDGE ( 'NONE', *, *, #1593, .T. ) ;
#230 = LINE ( 'NONE', #802, #1548 ) ;
#231 = ADVANCED_FACE ( 'NONE', ( #1288 ), #1878, .F. ) ;
#232 = PLANE ( 'NONE',  #2918 ) ;
#233 = ORIENTED_EDGE ( 'NONE', *, *, #3244, .T. ) ;
#234 = AXIS2_PLACEMENT_3D ( 'NONE', #1843, #1205, #3775 ) ;
#235 = DIRECTION ( 'NONE',  ( 0.0000000000000000000, 0.0000000000000000000, -1.000000000000000000 ) ) ;
#236 = CARTESIAN_POINT ( 'NONE',  ( 0.8969223593595446700, 0.3999999999999999700, 0.4500000000000001200 ) ) ;
#237 = PLANE ( 'NONE',  #3261 ) ;
#238 = ORIENTED_EDGE ( 'NONE', *, *, #861, .F. ) ;
#239 = ORIENTED_EDGE ( 'NONE', *, *, #2457, .T. ) ;
#240 = DIRECTION ( 'NONE',  ( -0.0000000000000000000, 1.000000000000000000, 0.0000000000000000000 ) ) ;
#241 = CIRCLE ( 'NONE', #1884, 0.04999999999999996800 ) ;
#242 = CARTESIAN_POINT ( 'NONE',  ( 0.5499999999999932700, 0.05000000000000000300, 0.0000000000000000000 ) ) ;
#243 = ORIENTED_EDGE ( 'NONE', *, *, #2591, .T. ) ;
#244 = FACE_OUTER_BOUND ( 'NONE', #3096, .T. ) ;
#245 = PRESENTATION_STYLE_ASSIGNMENT (( #2249 ) ) ;
#246 = ORIENTED_EDGE ( 'NONE', *, *, #1020, .T. ) ;
#247 = LINE ( 'NONE', #4028, #2747 ) ;
#248 = ORIENTED_EDGE ( 'NONE', *, *, #18, .F. ) ;
#249 = EDGE_CURVE ( 'NONE', #2620, #2147, #547, .T. ) ;
#250 = AXIS2_PLACEMENT_3D ( 'NONE', #428, #3007, #2391 ) ;
#251 = FACE_OUTER_BOUND ( 'NONE', #4210, .T. ) ;
#252 = DIRECTION ( 'NONE',  ( 1.000000000000000000, 0.0000000000000000000, 1.825733459117151100E-016 ) ) ;
#253 = CARTESIAN_POINT ( 'NONE',  ( -0.9999999999999863400, 0.3999999999999999700, 0.8499999999999998700 ) ) ;
#254 = VECTOR ( 'NONE', #1197, 1000.000000000000000 ) ;
#255 = ORIENTED_EDGE ( 'NONE', *, *, #3674, .T. ) ;
#256 = DIRECTION ( 'NONE',  ( 1.000000000000000000, 0.0000000000000000000, 0.0000000000000000000 ) ) ;
#257 = VECTOR ( 'NONE', #2380, 1000.000000000000000 ) ;
#258 = EDGE_CURVE ( 'NONE', #1953, #1300, #439, .T. ) ;
#259 = DIRECTION ( 'NONE',  ( 0.0000000000000000000, -0.0000000000000000000, 1.000000000000000000 ) ) ;
#260 = CARTESIAN_POINT ( 'NONE',  ( -0.9999999999999933400, 1.036396103067896100, -0.1999999999999998700 ) ) ;
#261 = DIRECTION ( 'NONE',  ( 0.0000000000000000000, 0.0000000000000000000, 1.000000000000000000 ) ) ;
#262 = ADVANCED_FACE ( 'NONE', ( #794 ), #1501, .F. ) ;
#263 = DIRECTION ( 'NONE',  ( 0.0000000000000000000, 0.0000000000000000000, -1.000000000000000000 ) ) ;
#264 = ORIENTED_EDGE ( 'NONE', *, *, #2903, .T. ) ;
#265 = CARTESIAN_POINT ( 'NONE',  ( 0.0000000000000000000, 0.0000000000000000000, 0.0000000000000000000 ) ) ;
#266 = DIRECTION ( 'NONE',  ( 0.0000000000000000000, 0.0000000000000000000, 1.000000000000000000 ) ) ;
#267 = DIRECTION ( 'NONE',  ( 0.0000000000000000000, 0.0000000000000000000, 1.000000000000000000 ) ) ;
#268 = AXIS2_PLACEMENT_3D ( 'NONE', #3762, #2496, #3138 ) ;
#269 = ORIENTED_EDGE ( 'NONE', *, *, #362, .F. ) ;
#270 = PLANE ( 'NONE',  #4107 ) ;
#271 = DIRECTION ( 'NONE',  ( -0.0000000000000000000, -1.000000000000000000, -0.0000000000000000000 ) ) ;
#272 = CARTESIAN_POINT ( 'NONE',  ( 0.9999999999999863400, 0.4000000000000000200, 0.6500000000000000200 ) ) ;
#273 = ORIENTED_EDGE ( 'NONE', *, *, #779, .F. ) ;
#274 = VECTOR ( 'NONE', #1562, 1000.000000000000000 ) ;
#275 = ORIENTED_EDGE ( 'NONE', *, *, #2017, .F. ) ;
#276 = EDGE_CURVE ( 'NONE', #1464, #2608, #1385, .T. ) ;
#277 = CARTESIAN_POINT ( 'NONE',  ( -0.8969223593595583300, 0.4000000000000000200, -0.8499999999999998700 ) ) ;
#278 = CYLINDRICAL_SURFACE ( 'NONE', #2570, 0.04999999999999991300 ) ;
#279 = LINE ( 'NONE', #3887, #1858 ) ;
#280 = AXIS2_PLACEMENT_3D ( 'NONE', #2734, #3717, #2751 ) ;
#281 = EDGE_LOOP ( 'NONE', ( #2510, #2787, #1125, #1539 ) ) ;
#282 = SURFACE_STYLE_FILL_AREA ( #228 ) ;
#283 = CARTESIAN_POINT ( 'NONE',  ( -1.000000000000000000, 0.4000000000000000200, 1.000000000000000000 ) ) ;
#284 = DIRECTION ( 'NONE',  ( 1.000000000000000000, 0.0000000000000000000, -0.0000000000000000000 ) ) ;
#285 = EDGE_CURVE ( 'NONE', #3451, #299, #3073, .T. ) ;
#286 = ORIENTED_EDGE ( 'NONE', *, *, #2256, .F. ) ;
#287 = CARTESIAN_POINT ( 'NONE',  ( 0.9999999999999933400, 0.3999999999999999700, 0.0000000000000000000 ) ) ;
#288 = AXIS2_PLACEMENT_3D ( 'NONE', #3719, #4041, #515 ) ;
#289 = ORIENTED_EDGE ( 'NONE', *, *, #199, .T. ) ;
#290 = CYLINDRICAL_SURFACE ( 'NONE', #777, 0.04999999999999991300 ) ;
#291 = ORIENTED_EDGE ( 'NONE', *, *, #1346, .T. ) ;
#292 = CARTESIAN_POINT ( 'NONE',  ( 1.000000000000000000, 0.3999999999999999700, -0.8499999999999998700 ) ) ;
#293 = CARTESIAN_POINT ( 'NONE',  ( -0.5999999999999864300, 0.3999999999999999700, 0.7999999999999999300 ) ) ;
#294 = VECTOR ( 'NONE', #342, 1000.000000000000000 ) ;
#295 = VERTEX_POINT ( 'NONE', #2916 ) ;
#296 = ORIENTED_EDGE ( 'NONE', *, *, #3686, .T. ) ;
#297 = EDGE_CURVE ( 'NONE', #2353, #604, #1240, .T. ) ;
#298 = DIRECTION ( 'NONE',  ( 1.000000000000000000, 0.0000000000000000000, 3.651466918234302200E-016 ) ) ;
#299 = VERTEX_POINT ( 'NONE', #3240 ) ;
#300 = DIRECTION ( 'NONE',  ( -0.0000000000000000000, -1.000000000000000000, -0.0000000000000000000 ) ) ;
#301 = ADVANCED_FACE ( 'NONE', ( #3832 ), #2529, .T. ) ;
#302 = LINE ( 'NONE', #1489, #2592 ) ;
#303 = EDGE_LOOP ( 'NONE', ( #2430, #1972, #2666, #959, #2462, #3471, #1736, #1677, #2255, #3084 ) ) ;
#304 = CARTESIAN_POINT ( 'NONE',  ( -3.103746880499157700E-016, 0.3999999999999999700, 0.8500000000000002000 ) ) ;
#305 = EDGE_CURVE ( 'NONE', #1716, #2689, #2090, .T. ) ;
#306 = AXIS2_PLACEMENT_3D ( 'NONE', #967, #300, #636 ) ;
#307 = DIRECTION ( 'NONE',  ( -0.0000000000000000000, 1.000000000000000000, 0.0000000000000000000 ) ) ;
#308 = DIRECTION ( 'NONE',  ( 0.0000000000000000000, 0.0000000000000000000, -1.000000000000000000 ) ) ;
#309 = EDGE_CURVE ( 'NONE', #189, #1095, #2724, .T. ) ;
#310 = CARTESIAN_POINT ( 'NONE',  ( 0.8969223593595515600, 0.0000000000000000000, 0.1999999999999999300 ) ) ;
#311 = CARTESIAN_POINT ( 'NONE',  ( -0.5499999999999865000, 0.4000000000000000200, -0.0000000000000000000 ) ) ;
#312 = CARTESIAN_POINT ( 'NONE',  ( -0.5500000000000001600, 0.3999999999999999700, -0.7999999999999999300 ) ) ;
#313 = AXIS2_PLACEMENT_3D ( 'NONE', #2969, #52, #2985 ) ;
#314 = CARTESIAN_POINT ( 'NONE',  ( -0.9999999999999933400, 0.4000000000000000200, -0.2249999999999999500 ) ) ;
#315 = CARTESIAN_POINT ( 'NONE',  ( 0.8969223593595583300, 1.036396103067896100, -0.8499999999999998700 ) ) ;
#316 = DIRECTION ( 'NONE',  ( 0.0000000000000000000, 0.0000000000000000000, 1.000000000000000000 ) ) ;
#317 = ORIENTED_EDGE ( 'NONE', *, *, #3819, .F. ) ;
#318 = DIRECTION ( 'NONE',  ( 0.0000000000000000000, 0.0000000000000000000, 1.000000000000000000 ) ) ;
#319 = LINE ( 'NONE', #3764, #220 ) ;
#320 = CARTESIAN_POINT ( 'NONE',  ( 1.000000000000000000, 4.568427124746190100, 1.000000000000000000 ) ) ;
#321 = ADVANCED_FACE ( 'NONE', ( #2558 ), #166, .F. ) ;
#322 = CARTESIAN_POINT ( 'NONE',  ( 0.5999999999999932100, 0.4000000000000000200, -0.1499999999999999700 ) ) ;
#323 = FACE_OUTER_BOUND ( 'NONE', #3122, .T. ) ;
#324 = ORIENTED_EDGE ( 'NONE', *, *, #1176, .F. ) ;
#325 = EDGE_CURVE ( 'NONE', #718, #511, #1686, .T. ) ;
#326 = CARTESIAN_POINT ( 'NONE',  ( -0.5499999999999865000, 0.3999999999999999700, 0.0000000000000000000 ) ) ;
#327 = CIRCLE ( 'NONE', #4080, 0.04999999999999996800 ) ;
#328 = CARTESIAN_POINT ( 'NONE',  ( -0.8969223593595621000, 0.4000000000000000200, -0.4499999999999876300 ) ) ;
#329 = EDGE_CURVE ( 'NONE', #2531, #4092, #2048, .T. ) ;
#330 = CARTESIAN_POINT ( 'NONE',  ( -1.873202529054277000E-014, 0.05000000000000000300, -0.4500000000000249900 ) ) ;
#331 = ORIENTED_EDGE ( 'NONE', *, *, #1962, .T. ) ;
#332 = LINE ( 'NONE', #867, #2732 ) ;
#333 = CARTESIAN_POINT ( 'NONE',  ( -0.6000000000000000900, 0.4000000000000000200, -0.7999999999999999300 ) ) ;
#334 = DIRECTION ( 'NONE',  ( -1.000000000000000000, 0.0000000000000000000, 3.651466918234302200E-016 ) ) ;
#335 = EDGE_LOOP ( 'NONE', ( #2414, #221, #2419, #2250 ) ) ;
#336 = VECTOR ( 'NONE', #1807, 1000.000000000000000 ) ;
#337 = DIRECTION ( 'NONE',  ( -0.0000000000000000000, -1.000000000000000000, -0.0000000000000000000 ) ) ;
#338 = FACE_OUTER_BOUND ( 'NONE', #2884, .T. ) ;
#339 = DIRECTION ( 'NONE',  ( 0.0000000000000000000, 0.0000000000000000000, -1.000000000000000000 ) ) ;
#340 = ORIENTED_EDGE ( 'NONE', *, *, #1331, .T. ) ;
#341 = CIRCLE ( 'NONE', #1713, 0.2249999999999999500 ) ;
#342 = DIRECTION ( 'NONE',  ( 0.0000000000000000000, -1.000000000000000000, 0.0000000000000000000 ) ) ;
#343 = AXIS2_PLACEMENT_3D ( 'NONE', #2365, #2117, #1460 ) ;
#344 = FACE_OUTER_BOUND ( 'NONE', #2934, .T. ) ;
#345 = DIRECTION ( 'NONE',  ( 0.0000000000000000000, 0.0000000000000000000, -1.000000000000000000 ) ) ;
#346 = DIRECTION ( 'NONE',  ( 3.651466918234302200E-016, -0.0000000000000000000, 1.000000000000000000 ) ) ;
#347 = ORIENTED_EDGE ( 'NONE', *, *, #2113, .T. ) ;
#348 = FACE_OUTER_BOUND ( 'NONE', #1178, .T. ) ;
#349 = ORIENTED_EDGE ( 'NONE', *, *, #828, .T. ) ;
#350 = CARTESIAN_POINT ( 'NONE',  ( 0.9999999999999863400, 0.0000000000000000000, 0.6500000000000000200 ) ) ;
#351 = LINE ( 'NONE', #2606, #1828 ) ;
#352 = VERTEX_POINT ( 'NONE', #4171 ) ;
#353 = FACE_OUTER_BOUND ( 'NONE', #2163, .T. ) ;
#354 = ORIENTED_EDGE ( 'NONE', *, *, #4149, .T. ) ;
#355 = CARTESIAN_POINT ( 'NONE',  ( -1.000000000000000000, 0.3999999999999999700, 0.0000000000000000000 ) ) ;
#356 = DIRECTION ( 'NONE',  ( 0.0000000000000000000, 0.0000000000000000000, -1.000000000000000000 ) ) ;
#357 = CARTESIAN_POINT ( 'NONE',  ( -1.000000000000000000, 0.4000000000000000200, 1.000000000000000000 ) ) ;
#358 = CARTESIAN_POINT ( 'NONE',  ( -1.000000000000000000, 0.4000000000000000200, 1.000000000000000000 ) ) ;
#359 = CIRCLE ( 'NONE', #3826, 0.2249999999999999500 ) ;
#360 = DIRECTION ( 'NONE',  ( 0.0000000000000000000, 0.0000000000000000000, 1.000000000000000000 ) ) ;
#361 = DIRECTION ( 'NONE',  ( -1.000000000000000000, 0.0000000000000000000, 3.651466918234302200E-016 ) ) ;
#362 = EDGE_CURVE ( 'NONE', #1580, #1189, #1236, .T. ) ;
#363 = DIRECTION ( 'NONE',  ( 0.0000000000000000000, 0.0000000000000000000, -1.000000000000000000 ) ) ;
#364 = DIRECTION ( 'NONE',  ( 3.854941057726238700E-015, 0.0000000000000000000, 1.000000000000000000 ) ) ;
#365 = DIRECTION ( 'NONE',  ( 0.0000000000000000000, 0.0000000000000000000, 1.000000000000000000 ) ) ;
#366 = EDGE_LOOP ( 'NONE', ( #1575, #3001, #145, #2670, #1918, #2264, #2297, #4148, #3498, #3218 ) ) ;
#367 = CARTESIAN_POINT ( 'NONE',  ( 0.5999999999999932100, 0.0000000000000000000, -0.1999999999999999800 ) ) ;
#368 = DIRECTION ( 'NONE',  ( -0.0000000000000000000, -1.000000000000000000, -0.0000000000000000000 ) ) ;
#369 = CARTESIAN_POINT ( 'NONE',  ( -1.000000000000000000, 0.0000000000000000000, -0.8749999999999998900 ) ) ;
#370 = ADVANCED_FACE ( 'NONE', ( #1851 ), #2669, .T. ) ;
#371 = CARTESIAN_POINT ( 'NONE',  ( -0.5499999999999865000, 0.4000000000000000200, 0.5000000000000000000 ) ) ;
#372 = EDGE_LOOP ( 'NONE', ( #3817, #347, #4219, #4134 ) ) ;
#373 = AXIS2_PLACEMENT_3D ( 'NONE', #3750, #791, #3087 ) ;
#374 = DIRECTION ( 'NONE',  ( 0.0000000000000000000, -0.0000000000000000000, 1.000000000000000000 ) ) ;
#375 = MANIFOLD_SOLID_BREP ( 'Pin 2', #1040 ) ;
#376 = CARTESIAN_POINT ( 'NONE',  ( 0.8969223593595621000, 1.036396103067896100, -0.4499999999999876300 ) ) ;
#377 = ORIENTED_EDGE ( 'NONE', *, *, #481, .F. ) ;
#378 = DIRECTION ( 'NONE',  ( -4.162672286787051700E-014, 0.0000000000000000000, -1.000000000000000000 ) ) ;
#379 = CARTESIAN_POINT ( 'NONE',  ( -0.9999999999999863400, 0.05000000000000002400, 0.8749999999999998900 ) ) ;
#380 = EDGE_LOOP ( 'NONE', ( #1595, #286, #1409, #3996 ) ) ;
#381 = AXIS2_PLACEMENT_3D ( 'NONE', #479, #772, #2744 ) ;
#382 = ORIENTED_EDGE ( 'NONE', *, *, #1781, .T. ) ;
#383 = CARTESIAN_POINT ( 'NONE',  ( -0.6000000000000000900, 1.036396103067896100, -0.7999999999999999300 ) ) ;
#384 = CIRCLE ( 'NONE', #2114, 0.04999999999999991300 ) ;
#385 = VERTEX_POINT ( 'NONE', #1284 ) ;
#386 = CARTESIAN_POINT ( 'NONE',  ( 1.000000000000000000, 4.568427124746190100, 1.000000000000000000 ) ) ;
#387 = CARTESIAN_POINT ( 'NONE',  ( -3.103746880499157700E-016, 0.4000000000000000200, 0.8500000000000002000 ) ) ;
#388 = CARTESIAN_POINT ( 'NONE',  ( 0.5500000000000001600, 0.05000000000000000300, 0.0000000000000000000 ) ) ;
#389 = ADVANCED_FACE ( 'NONE', ( #2193 ), #270, .F. ) ;
#390 = EDGE_CURVE ( 'NONE', #4169, #2435, #3570, .T. ) ;
#391 = VECTOR ( 'NONE', #603, 1000.000000000000000 ) ;
#392 = MECHANICAL_DESIGN_GEOMETRIC_PRESENTATION_REPRESENTATION (  '', ( #3433 ), #3730 ) ;
#393 = PLANE ( 'NONE',  #2831 ) ;
#394 = CARTESIAN_POINT ( 'NONE',  ( -1.000000000000000000, 0.4000000000000000200, 6.933347799794049100E-029 ) ) ;
#395 = CARTESIAN_POINT ( 'NONE',  ( -1.000000000000000000, 0.3999999999999999700, -0.8749999999999998900 ) ) ;
#396 = ORIENTED_EDGE ( 'NONE', *, *, #1607, .T. ) ;
#397 = ORIENTED_EDGE ( 'NONE', *, *, #100, .F. ) ;
#398 = DIRECTION ( 'NONE',  ( 3.854941057726238700E-015, 0.0000000000000000000, 1.000000000000000000 ) ) ;
#399 = EDGE_CURVE ( 'NONE', #2673, #2504, #982, .T. ) ;
#400 = VERTEX_POINT ( 'NONE', #1357 ) ;
#401 = FACE_OUTER_BOUND ( 'NONE', #4069, .T. ) ;
#402 = VERTEX_POINT ( 'NONE', #2258 ) ;
#403 = DIRECTION ( 'NONE',  ( 0.0000000000000000000, 0.0000000000000000000, -1.000000000000000000 ) ) ;
#404 = DIRECTION ( 'NONE',  ( 0.0000000000000000000, 0.0000000000000000000, -1.000000000000000000 ) ) ;
#405 = LINE ( 'NONE', #2538, #3749 ) ;
#406 = EDGE_CURVE ( 'NONE', #2294, #534, #3424, .T. ) ;
#407 = EDGE_LOOP ( 'NONE', ( #2158, #3738, #1011, #2464 ) ) ;
#408 = LINE ( 'NONE', #2317, #2791 ) ;
#409 = ORIENTED_EDGE ( 'NONE', *, *, #1249, .F. ) ;
#410 = FACE_OUTER_BOUND ( 'NONE', #749, .T. ) ;
#411 = CARTESIAN_POINT ( 'NONE',  ( 0.5999999999999932100, 0.3999999999999999700, 0.1999999999999999800 ) ) ;
#412 = CARTESIAN_POINT ( 'NONE',  ( -0.5499999999999932700, 0.4000000000000000200, -0.1499999999999999700 ) ) ;
#413 = LINE ( 'NONE', #4136, #3757 ) ;
#414 = ORIENTED_EDGE ( 'NONE', *, *, #144, .F. ) ;
#415 = LINE ( 'NONE', #3273, #1419 ) ;
#416 = ADVANCED_FACE ( 'NONE', ( #114 ), #3369, .F. ) ;
#417 = VERTEX_POINT ( 'NONE', #2008 ) ;
#418 = DIRECTION ( 'NONE',  ( 0.0000000000000000000, 0.0000000000000000000, 1.000000000000000000 ) ) ;
#419 = EDGE_CURVE ( 'NONE', #903, #81, #1999, .T. ) ;
#420 = CARTESIAN_POINT ( 'NONE',  ( 0.5999999999999932100, 0.3999999999999999700, -0.1999999999999999300 ) ) ;
#421 = AXIS2_PLACEMENT_3D ( 'NONE', #3176, #920, #1592 ) ;
#422 = FILL_AREA_STYLE_COLOUR ( '', #4045 ) ;
#423 = CARTESIAN_POINT ( 'NONE',  ( 0.5999999999999932100, 0.05000000000000002400, 0.1499999999999999700 ) ) ;
#424 = DIRECTION ( 'NONE',  ( -0.0000000000000000000, 1.000000000000000000, 0.0000000000000000000 ) ) ;
#425 = EDGE_CURVE ( 'NONE', #1186, #2223, #836, .T. ) ;
#426 = AXIS2_PLACEMENT_3D ( 'NONE', #1740, #472, #761 ) ;
#427 = DIRECTION ( 'NONE',  ( 0.0000000000000000000, 0.0000000000000000000, 1.000000000000000000 ) ) ;
#428 = CARTESIAN_POINT ( 'NONE',  ( 1.000000000000000000, 1.036396103067896100, 6.933347799794049100E-029 ) ) ;
#429 = EDGE_CURVE ( 'NONE', #1792, #352, #792, .T. ) ;
#430 = EDGE_LOOP ( 'NONE', ( #36, #548, #879, #2841, #3313, #2880, #3564, #2347, #163, #198 ) ) ;
#431 = DIRECTION ( 'NONE',  ( 0.0000000000000000000, 0.0000000000000000000, 1.000000000000000000 ) ) ;
#432 = DIRECTION ( 'NONE',  ( 0.0000000000000000000, 0.0000000000000000000, 1.000000000000000000 ) ) ;
#433 = CARTESIAN_POINT ( 'NONE',  ( 0.5499999999999932700, 0.4000000000000000200, -0.1499999999999999700 ) ) ;
#434 = VECTOR ( 'NONE', #1772, 1000.000000000000000 ) ;
#435 = ADVANCED_FACE ( 'NONE', ( #4146 ), #3620, .F. ) ;
#436 = AXIS2_PLACEMENT_3D ( 'NONE', #3977, #3012, #3349 ) ;
#437 = CARTESIAN_POINT ( 'NONE',  ( 0.5999999999999932100, 0.4000000000000000200, 0.1999999999999999800 ) ) ;
#438 = PLANE ( 'NONE',  #504 ) ;
#439 = CIRCLE ( 'NONE', #1323, 0.2249999999999999500 ) ;
#440 = VERTEX_POINT ( 'NONE', #3903 ) ;
#441 = DIRECTION ( 'NONE',  ( -1.000000000000000000, 0.0000000000000000000, 4.162672286787051700E-014 ) ) ;
#442 = CARTESIAN_POINT ( 'NONE',  ( -0.9999999999999863400, 1.036396103067896100, 0.4250000000000000400 ) ) ;
#443 = PLANE ( 'NONE',  #3835 ) ;
#444 = LINE ( 'NONE', #1653, #2773 ) ;
#445 = AXIS2_PLACEMENT_3D ( 'NONE', #1961, #3532, #1984 ) ;
#446 = DIRECTION ( 'NONE',  ( -1.000000000000000000, 0.0000000000000000000, 3.651466918234302200E-016 ) ) ;
#447 = VECTOR ( 'NONE', #2095, 1000.000000000000000 ) ;
#448 = ORIENTED_EDGE ( 'NONE', *, *, #390, .F. ) ;
#449 = CARTESIAN_POINT ( 'NONE',  ( 0.5999999999999864300, 1.036396103067896100, 0.5000000000000000000 ) ) ;
#450 = EDGE_CURVE ( 'NONE', #983, #768, #3181, .T. ) ;
#451 = AXIS2_PLACEMENT_3D ( 'NONE', #480, #73, #431 ) ;
#452 = DIRECTION ( 'NONE',  ( -0.0000000000000000000, -1.000000000000000000, -0.0000000000000000000 ) ) ;
#453 = ORIENTED_EDGE ( 'NONE', *, *, #1711, .T. ) ;
#454 = CIRCLE ( 'NONE', #3789, 0.2250000000000046700 ) ;
#455 = VERTEX_POINT ( 'NONE', #369 ) ;
#456 = DIRECTION ( 'NONE',  ( 0.0000000000000000000, 1.000000000000000000, -0.0000000000000000000 ) ) ;
#457 = VECTOR ( 'NONE', #4031, 1000.000000000000000 ) ;
#458 = ORIENTED_EDGE ( 'NONE', *, *, #3735, .F. ) ;
#459 = VECTOR ( 'NONE', #3389, 1000.000000000000000 ) ;
#460 = ORIENTED_EDGE ( 'NONE', *, *, #3602, .T. ) ;
#461 = DIRECTION ( 'NONE',  ( -1.000000000000000000, 0.0000000000000000000, 1.825733459117151100E-016 ) ) ;
#462 = ADVANCED_FACE ( 'NONE', ( #1438 ), #2302, .F. ) ;
#463 = DIRECTION ( 'NONE',  ( 0.0000000000000000000, 0.0000000000000000000, -1.000000000000000000 ) ) ;
#464 = FACE_OUTER_BOUND ( 'NONE', #1462, .T. ) ;
#465 = ORIENTED_EDGE ( 'NONE', *, *, #3077, .F. ) ;
#466 = VECTOR ( 'NONE', #1764, 1000.000000000000000 ) ;
#467 = DIRECTION ( 'NONE',  ( -0.0000000000000000000, -1.000000000000000000, -0.0000000000000000000 ) ) ;
#468 = CARTESIAN_POINT ( 'NONE',  ( 1.000000000000000000, 0.4000000000000000200, -1.000000000000000000 ) ) ;
#469 = DIRECTION ( 'NONE',  ( 0.0000000000000000000, 0.0000000000000000000, -1.000000000000000000 ) ) ;
#470 = ADVANCED_FACE ( 'NONE', ( #1542 ), #4044, .T. ) ;
#471 = AXIS2_PLACEMENT_3D ( 'NONE', #1432, #484, #4088 ) ;
#472 = DIRECTION ( 'NONE',  ( -1.000000000000000000, 0.0000000000000000000, 0.0000000000000000000 ) ) ;
#473 = VECTOR ( 'NONE', #2881, 1000.000000000000000 ) ;
#474 = EDGE_LOOP ( 'NONE', ( #892, #2631, #3876, #29 ) ) ;
#475 = VECTOR ( 'NONE', #1759, 1000.000000000000000 ) ;
#476 = EDGE_LOOP ( 'NONE', ( #2194, #2625, #1312, #1534 ) ) ;
#477 =( NAMED_UNIT ( * ) PLANE_ANGLE_UNIT ( ) SI_UNIT ( $, .RADIAN. ) );
#478 = FACE_OUTER_BOUND ( 'NONE', #2357, .T. ) ;
#479 = CARTESIAN_POINT ( 'NONE',  ( 1.000000000000000000, 0.4000000000000000200, -0.6500000000000000200 ) ) ;
#480 = CARTESIAN_POINT ( 'NONE',  ( 1.000000000000000000, 0.4000000000000000200, 6.933347799794049100E-029 ) ) ;
#481 = EDGE_CURVE ( 'NONE', #1394, #4032, #3320, .T. ) ;
#482 = DIRECTION ( 'NONE',  ( 0.0000000000000000000, -1.000000000000000000, 0.0000000000000000000 ) ) ;
#483 = AXIS2_PLACEMENT_3D ( 'NONE', #786, #1774, #3430 ) ;
#484 = DIRECTION ( 'NONE',  ( -0.0000000000000000000, 1.000000000000000000, 0.0000000000000000000 ) ) ;
#485 = CARTESIAN_POINT ( 'NONE',  ( -0.8969223593595621000, 1.036396103067896100, -0.4499999999999876300 ) ) ;
#486 = ORIENTED_EDGE ( 'NONE', *, *, #1639, .T. ) ;
#487 = EDGE_CURVE ( 'NONE', #938, #417, #685, .T. ) ;
#488 = EDGE_LOOP ( 'NONE', ( #3678, #519, #2082, #1830 ) ) ;
#489 = DIRECTION ( 'NONE',  ( -0.0000000000000000000, -1.000000000000000000, -0.0000000000000000000 ) ) ;
#490 = EDGE_CURVE ( 'NONE', #1913, #804, #1131, .T. ) ;
#491 = FACE_OUTER_BOUND ( 'NONE', #1837, .T. ) ;
#492 = CARTESIAN_POINT ( 'NONE',  ( -1.000000000000000000, 0.0000000000000000000, 6.933347799794049100E-029 ) ) ;
#493 = ORIENTED_EDGE ( 'NONE', *, *, #3602, .F. ) ;
#494 = VECTOR ( 'NONE', #635, 1000.000000000000000 ) ;
#495 = FACE_OUTER_BOUND ( 'NONE', #3197, .T. ) ;
#496 = ORIENTED_EDGE ( 'NONE', *, *, #1628, .F. ) ;
#497 = AXIS2_PLACEMENT_3D ( 'NONE', #1819, #3364, #3649 ) ;
#498 = DIRECTION ( 'NONE',  ( -0.0000000000000000000, -1.000000000000000000, -0.0000000000000000000 ) ) ;
#499 = ORIENTED_EDGE ( 'NONE', *, *, #882, .F. ) ;
#500 = VERTEX_POINT ( 'NONE', #3291 ) ;
#501 = CARTESIAN_POINT ( 'NONE',  ( -1.000000000000000000, 0.8700000000000001100, 1.000000000000000000 ) ) ;
#502 = DIRECTION ( 'NONE',  ( -0.0000000000000000000, -1.000000000000000000, -0.0000000000000000000 ) ) ;
#503 = VERTEX_POINT ( 'NONE', #2290 ) ;
#504 = AXIS2_PLACEMENT_3D ( 'NONE', #1334, #3652, #66 ) ;
#505 = VERTEX_POINT ( 'NONE', #3331 ) ;
#506 = CARTESIAN_POINT ( 'NONE',  ( -0.9999999999999863400, 0.05000000000000002400, 0.6500000000000000200 ) ) ;
#507 = DIRECTION ( 'NONE',  ( -1.000000000000000000, 0.0000000000000000000, 0.0000000000000000000 ) ) ;
#508 = CARTESIAN_POINT ( 'NONE',  ( -0.9999999999999933400, 0.3999999999999999700, 0.0000000000000000000 ) ) ;
#509 = DIRECTION ( 'NONE',  ( 0.0000000000000000000, 0.0000000000000000000, 1.000000000000000000 ) ) ;
#510 = ADVANCED_FACE ( 'NONE', ( #491 ), #2965, .F. ) ;
#511 = VERTEX_POINT ( 'NONE', #3256 ) ;
#512 = VECTOR ( 'NONE', #2448, 1000.000000000000000 ) ;
#513 = EDGE_CURVE ( 'NONE', #4153, #2689, #1899, .T. ) ;
#514 = PRESENTATION_LAYER_ASSIGNMENT (  '', '', ( #4209 ) ) ;
#515 = DIRECTION ( 'NONE',  ( 0.0000000000000000000, 0.0000000000000000000, -1.000000000000000000 ) ) ;
#516 = CARTESIAN_POINT ( 'NONE',  ( 0.5999999999999932100, 0.3999999999999999700, 0.1499999999999999700 ) ) ;
#517 = ORIENTED_EDGE ( 'NONE', *, *, #1997, .F. ) ;
#518 = FACE_OUTER_BOUND ( 'NONE', #2501, .T. ) ;
#519 = ORIENTED_EDGE ( 'NONE', *, *, #1528, .T. ) ;
#520 = CIRCLE ( 'NONE', #2473, 0.1999999999999998700 ) ;
#521 = EDGE_CURVE ( 'NONE', #3278, #3407, #3827, .T. ) ;
#522 = CARTESIAN_POINT ( 'NONE',  ( -0.8969223593595446700, 0.0000000000000000000, 0.4500000000000001200 ) ) ;
#523 = ORIENTED_EDGE ( 'NONE', *, *, #3244, .F. ) ;
#524 = LINE ( 'NONE', #209, #254 ) ;
#525 = ORIENTED_EDGE ( 'NONE', *, *, #1836, .T. ) ;
#526 = CARTESIAN_POINT ( 'NONE',  ( -1.643160113205435200E-016, 0.0000000000000000000, 0.4499999999999997900 ) ) ;
#527 = CIRCLE ( 'NONE', #2441, 0.2000000000000072600 ) ;
#528 = CARTESIAN_POINT ( 'NONE',  ( -0.5500000000000001600, 0.4000000000000000200, -0.5000000000000000000 ) ) ;
#529 = DIRECTION ( 'NONE',  ( -0.0000000000000000000, -1.000000000000000000, -0.0000000000000000000 ) ) ;
#530 = ADVANCED_FACE ( 'NONE', ( #323 ), #3933, .T. ) ;
#531 = CARTESIAN_POINT ( 'NONE',  ( -0.5999999999999864300, 0.05000000000000002400, 0.5000000000000000000 ) ) ;
#532 = DIRECTION ( 'NONE',  ( -0.0000000000000000000, -1.000000000000000000, -0.0000000000000000000 ) ) ;
#533 = AXIS2_PLACEMENT_3D ( 'NONE', #1268, #2192, #2180 ) ;
#534 = VERTEX_POINT ( 'NONE', #1728 ) ;
#535 = DIRECTION ( 'NONE',  ( 0.0000000000000000000, -1.000000000000000000, 0.0000000000000000000 ) ) ;
#536 = DIRECTION ( 'NONE',  ( -0.0000000000000000000, -1.000000000000000000, -0.0000000000000000000 ) ) ;
#537 = PLANE ( 'NONE',  #3852 ) ;
#538 = CARTESIAN_POINT ( 'NONE',  ( 0.9999999999999933400, 1.036396103067896100, -0.1999999999999998700 ) ) ;
#539 = AXIS2_PLACEMENT_3D ( 'NONE', #3354, #3980, #2349 ) ;
#540 = ORIENTED_EDGE ( 'NONE', *, *, #1286, .F. ) ;
#541 = CARTESIAN_POINT ( 'NONE',  ( 1.643160113205435200E-016, 0.0000000000000000000, 0.4499999999999997900 ) ) ;
#542 = EDGE_CURVE ( 'NONE', #2320, #455, #11, .T. ) ;
#543 = CARTESIAN_POINT ( 'NONE',  ( 0.9999999999999933400, 0.4000000000000000200, 0.2250000000000000100 ) ) ;
#544 = VECTOR ( 'NONE', #1104, 1000.000000000000000 ) ;
#545 = DIRECTION ( 'NONE',  ( 1.000000000000000000, -0.0000000000000000000, 0.0000000000000000000 ) ) ;
#546 = CARTESIAN_POINT ( 'NONE',  ( 0.9999999999999933400, 0.0000000000000000000, 0.2250000000000000100 ) ) ;
#547 = CIRCLE ( 'NONE', #1237, 0.04999999999999991300 ) ;
#548 = ORIENTED_EDGE ( 'NONE', *, *, #1144, .T. ) ;
#549 = AXIS2_PLACEMENT_3D ( 'NONE', #1262, #2871, #1890 ) ;
#550 = CARTESIAN_POINT ( 'NONE',  ( 1.000000000000000000, 0.05000000000000002400, -0.6500000000000000200 ) ) ;
#551 = DIRECTION ( 'NONE',  ( 0.0000000000000000000, -1.000000000000000000, 0.0000000000000000000 ) ) ;
#552 = VERTEX_POINT ( 'NONE', #3358 ) ;
#553 = LINE ( 'NONE', #591, #391 ) ;
#554 = EDGE_LOOP ( 'NONE', ( #3333, #1115, #3025, #3342 ) ) ;
#555 = PRESENTATION_STYLE_ASSIGNMENT (( #1727 ) ) ;
#556 = CARTESIAN_POINT ( 'NONE',  ( -1.000000000000000000, 0.05000000000000002400, 6.933347799794049100E-029 ) ) ;
#557 = ORIENTED_EDGE ( 'NONE', *, *, #2243, .T. ) ;
#558 = ORIENTED_EDGE ( 'NONE', *, *, #325, .T. ) ;
#559 = DIRECTION ( 'NONE',  ( 1.000000000000000000, 0.0000000000000000000, 3.651466918234302200E-016 ) ) ;
#560 = CARTESIAN_POINT ( 'NONE',  ( -1.873202529054277000E-014, 0.3999999999999999700, -0.4500000000000249900 ) ) ;
#561 = EDGE_CURVE ( 'NONE', #1742, #2054, #224, .T. ) ;
#562 = AXIS2_PLACEMENT_3D ( 'NONE', #350, #1750, #4020 ) ;
#563 = COLOUR_RGB ( '',1.000000000000000000, 0.8117647058823529400, 0.5019607843137254800 ) ;
#564 = ORIENTED_EDGE ( 'NONE', *, *, #1823, .T. ) ;
#565 = VECTOR ( 'NONE', #1813, 1000.000000000000000 ) ;
#566 = DIRECTION ( 'NONE',  ( 2.891205793294679000E-015, 0.0000000000000000000, -1.000000000000000000 ) ) ;
#567 = DIRECTION ( 'NONE',  ( 0.0000000000000000000, 0.0000000000000000000, -1.000000000000000000 ) ) ;
#568 = PLANE ( 'NONE',  #2982 ) ;
#569 = CIRCLE ( 'NONE', #1225, 0.04999999999999996800 ) ;
#570 = ORIENTED_EDGE ( 'NONE', *, *, #782, .F. ) ;
#571 = FACE_OUTER_BOUND ( 'NONE', #3946, .T. ) ;
#572 = ORIENTED_EDGE ( 'NONE', *, *, #4128, .T. ) ;
#573 = EDGE_CURVE ( 'NONE', #632, #3448, #3778, .T. ) ;
#574 = CARTESIAN_POINT ( 'NONE',  ( 1.873202529054277000E-014, 0.05000000000000000300, -0.4500000000000249900 ) ) ;
#575 = CARTESIAN_POINT ( 'NONE',  ( 1.000000000000000000, 1.036396103067896100, -0.6500000000000000200 ) ) ;
#576 = UNCERTAINTY_MEASURE_WITH_UNIT (LENGTH_MEASURE( 1.000000000000000100E-005 ), #3044, 'distance_accuracy_value', 'NONE');
#577 = VECTOR ( 'NONE', #900, 1000.000000000000000 ) ;
#578 = EDGE_LOOP ( 'NONE', ( #2325, #564, #2843, #1923, #2929, #4061, #3264, #3189, #3617, #3384, #1387, #615, #174, #623, #2309, #3309, #1826, #4104, #354, #3631, #3962, #458, #3091, #448, #9, #1521, #715, #1171, #2311, #248, #3928, #2979, #3127, #3848, #2468, #2722, #264, #2303, #713, #2720, #1991, #2748, #2396, #3447, #2587, #2595, #1760, #1325, #2816, #1809, #1214, #3042 ) ) ;
#579 = VECTOR ( 'NONE', #1431, 1000.000000000000000 ) ;
#580 = ORIENTED_EDGE ( 'NONE', *, *, #3140, .T. ) ;
#581 = EDGE_CURVE ( 'NONE', #3938, #77, #2920, .T. ) ;
#582 = LINE ( 'NONE', #1646, #725 ) ;
#583 = DIRECTION ( 'NONE',  ( 0.0000000000000000000, -1.000000000000000000, 0.0000000000000000000 ) ) ;
#584 = CARTESIAN_POINT ( 'NONE',  ( -0.5999999999999932100, 0.05000000000000002400, 0.1999999999999999800 ) ) ;
#585 = CARTESIAN_POINT ( 'NONE',  ( 1.000000000000000000, 0.3999999999999999700, -0.8749999999999998900 ) ) ;
#586 = DIRECTION ( 'NONE',  ( 0.0000000000000000000, 0.0000000000000000000, -1.000000000000000000 ) ) ;
#587 = EDGE_CURVE ( 'NONE', #2989, #606, #8, .T. ) ;
#588 = AXIS2_PLACEMENT_3D ( 'NONE', #793, #2375, #812 ) ;
#589 = CLOSED_SHELL ( 'NONE', ( #389, #1659, #3057, #214, #84, #1514, #2932, #470, #3141, #2130, #1400, #301 ) ) ;
#590 = CARTESIAN_POINT ( 'NONE',  ( -0.5999999999999932100, 1.036396103067896100, 0.1999999999999999800 ) ) ;
#591 = CARTESIAN_POINT ( 'NONE',  ( 1.000000000000000000, 0.4000000000000000200, 1.000000000000000000 ) ) ;
#592 = EDGE_LOOP ( 'NONE', ( #1954, #3280, #1631, #1365 ) ) ;
#593 = CARTESIAN_POINT ( 'NONE',  ( 0.9999999999999933400, 0.0000000000000000000, 0.0000000000000000000 ) ) ;
#594 = EDGE_CURVE ( 'NONE', #1163, #2143, #737, .T. ) ;
#595 = ADVANCED_FACE ( 'NONE', ( #788 ), #2509, .T. ) ;
#596 = VECTOR ( 'NONE', #3665, 1000.000000000000000 ) ;
#597 = LINE ( 'NONE', #61, #2516 ) ;
#598 = VERTEX_POINT ( 'NONE', #468 ) ;
#599 = DIRECTION ( 'NONE',  ( -0.0000000000000000000, -1.000000000000000000, -0.0000000000000000000 ) ) ;
#600 = EDGE_LOOP ( 'NONE', ( #3893, #4122, #2849, #3889 ) ) ;
#601 = ORIENTED_EDGE ( 'NONE', *, *, #1366, .T. ) ;
#602 = DIRECTION ( 'NONE',  ( 0.0000000000000000000, 0.0000000000000000000, 1.000000000000000000 ) ) ;
#603 = DIRECTION ( 'NONE',  ( 0.0000000000000000000, 0.0000000000000000000, -1.000000000000000000 ) ) ;
#604 = VERTEX_POINT ( 'NONE', #2691 ) ;
#605 = VECTOR ( 'NONE', #2651, 1000.000000000000000 ) ;
#606 = VERTEX_POINT ( 'NONE', #3315 ) ;
#607 = CARTESIAN_POINT ( 'NONE',  ( 0.5499999999999932700, 0.05000000000000002400, 0.1499999999999999700 ) ) ;
#608 = VERTEX_POINT ( 'NONE', #785 ) ;
#609 = VECTOR ( 'NONE', #2286, 1000.000000000000000 ) ;
#610 = CARTESIAN_POINT ( 'NONE',  ( 0.9999999999999863400, 0.3999999999999999700, 0.8749999999999998900 ) ) ;
#611 = ADVANCED_FACE ( 'NONE', ( #1741 ), #1379, .T. ) ;
#612 = LINE ( 'NONE', #3797, #3642 ) ;
#613 = ORIENTED_EDGE ( 'NONE', *, *, #630, .T. ) ;
#614 = VECTOR ( 'NONE', #4089, 1000.000000000000000 ) ;
#615 = ORIENTED_EDGE ( 'NONE', *, *, #1868, .T. ) ;
#616 = CARTESIAN_POINT ( 'NONE',  ( 0.5499999999999865000, 1.036396103067896100, 0.5000000000000000000 ) ) ;
#617 = EDGE_CURVE ( 'NONE', #2191, #3954, #2721, .T. ) ;
#618 = AXIS2_PLACEMENT_3D ( 'NONE', #3802, #2522, #3508 ) ;
#619 = CIRCLE ( 'NONE', #3972, 0.04999999999999996800 ) ;
#620 = ORIENTED_EDGE ( 'NONE', *, *, #3869, .T. ) ;
#621 = DIRECTION ( 'NONE',  ( -1.000000000000000000, 0.0000000000000000000, 3.651466918234302200E-016 ) ) ;
#622 = VECTOR ( 'NONE', #1222, 1000.000000000000000 ) ;
#623 = ORIENTED_EDGE ( 'NONE', *, *, #490, .T. ) ;
#624 = PLANE ( 'NONE',  #3814 ) ;
#625 = CIRCLE ( 'NONE', #3550, 0.04999999999999991300 ) ;
#626 = EDGE_CURVE ( 'NONE', #1523, #938, #1181, .T. ) ;
#627 = ORIENTED_EDGE ( 'NONE', *, *, #1853, .T. ) ;
#628 = DIRECTION ( 'NONE',  ( 0.0000000000000000000, -1.000000000000000000, 0.0000000000000000000 ) ) ;
#629 = CARTESIAN_POINT ( 'NONE',  ( -0.5500000000000001600, 0.4000000000000000200, 0.0000000000000000000 ) ) ;
#630 = EDGE_CURVE ( 'NONE', #4021, #3425, #4094, .T. ) ;
#631 = CARTESIAN_POINT ( 'NONE',  ( -0.5999999999999932100, 1.036396103067896100, -0.1499999999999999700 ) ) ;
#632 = VERTEX_POINT ( 'NONE', #757 ) ;
#633 = DIRECTION ( 'NONE',  ( -0.0000000000000000000, -1.000000000000000000, -0.0000000000000000000 ) ) ;
#634 = ORIENTED_EDGE ( 'NONE', *, *, #1990, .T. ) ;
#635 = DIRECTION ( 'NONE',  ( -0.0000000000000000000, -0.0000000000000000000, 1.000000000000000000 ) ) ;
#636 = DIRECTION ( 'NONE',  ( 0.0000000000000000000, 0.0000000000000000000, -1.000000000000000000 ) ) ;
#637 = ORIENTED_EDGE ( 'NONE', *, *, #1781, .F. ) ;
#638 = EDGE_CURVE ( 'NONE', #3954, #1009, #884, .T. ) ;
#639 = AXIS2_PLACEMENT_3D ( 'NONE', #988, #1638, #2630 ) ;
#640 = CARTESIAN_POINT ( 'NONE',  ( 0.0000000000000000000, 0.4000000000000000200, 0.0000000000000000000 ) ) ;
#641 = FACE_OUTER_BOUND ( 'NONE', #3327, .T. ) ;
#642 = ORIENTED_EDGE ( 'NONE', *, *, #1783, .T. ) ;
#643 = CARTESIAN_POINT ( 'NONE',  ( -3.103746880499157700E-016, 0.05000000000000000300, 0.8500000000000002000 ) ) ;
#644 = EDGE_CURVE ( 'NONE', #2200, #2878, #3365, .T. ) ;
#645 = VECTOR ( 'NONE', #201, 1000.000000000000000 ) ;
#646 = VERTEX_POINT ( 'NONE', #817 ) ;
#647 = PLANE ( 'NONE',  #870 ) ;
#648 = EDGE_CURVE ( 'NONE', #2485, #3501, #1635, .T. ) ;
#649 = ADVANCED_FACE ( 'NONE', ( #641 ), #978, .F. ) ;
#650 = ORIENTED_EDGE ( 'NONE', *, *, #1682, .F. ) ;
#651 = ORIENTED_EDGE ( 'NONE', *, *, #1212, .T. ) ;
#652 = VERTEX_POINT ( 'NONE', #2749 ) ;
#653 = FACE_OUTER_BOUND ( 'NONE', #770, .T. ) ;
#654 = DIRECTION ( 'NONE',  ( -0.0000000000000000000, -1.000000000000000000, -0.0000000000000000000 ) ) ;
#655 = DIRECTION ( 'NONE',  ( 1.000000000000000000, 0.0000000000000000000, -4.162672286787051700E-014 ) ) ;
#656 = DIRECTION ( 'NONE',  ( 0.0000000000000000000, 0.0000000000000000000, -1.000000000000000000 ) ) ;
#657 = VECTOR ( 'NONE', #1946, 1000.000000000000000 ) ;
#658 = ORIENTED_EDGE ( 'NONE', *, *, #3095, .F. ) ;
#659 = VECTOR ( 'NONE', #744, 1000.000000000000000 ) ;
#660 = VERTEX_POINT ( 'NONE', #3716 ) ;
#661 = DIRECTION ( 'NONE',  ( -1.000000000000000000, 0.0000000000000000000, 0.0000000000000000000 ) ) ;
#662 = DIRECTION ( 'NONE',  ( 0.0000000000000000000, 0.0000000000000000000, -1.000000000000000000 ) ) ;
#663 = AXIS2_PLACEMENT_3D ( 'NONE', #3071, #1123, #3400 ) ;
#664 = CIRCLE ( 'NONE', #2805, 0.04999999999999991300 ) ;
#665 = CARTESIAN_POINT ( 'NONE',  ( 1.000000000000000000, 0.3999999999999999700, -0.4499999999999927400 ) ) ;
#666 = ORIENTED_EDGE ( 'NONE', *, *, #1381, .F. ) ;
#667 = EDGE_LOOP ( 'NONE', ( #2835, #1175, #3492, #698, #3986, #3081, #2067, #239, #809, #1317 ) ) ;
#668 = DIRECTION ( 'NONE',  ( 0.0000000000000000000, -1.000000000000000000, 0.0000000000000000000 ) ) ;
#669 = VECTOR ( 'NONE', #3916, 1000.000000000000000 ) ;
#670 = ORIENTED_EDGE ( 'NONE', *, *, #4051, .F. ) ;
#671 = EDGE_CURVE ( 'NONE', #2435, #1042, #1281, .T. ) ;
#672 = VECTOR ( 'NONE', #3724, 1000.000000000000000 ) ;
#673 = DIRECTION ( 'NONE',  ( 0.0000000000000000000, 0.0000000000000000000, 1.000000000000000000 ) ) ;
#674 = EDGE_CURVE ( 'NONE', #2780, #1601, #319, .T. ) ;
#675 = DIRECTION ( 'NONE',  ( -0.0000000000000000000, -1.000000000000000000, 0.0000000000000000000 ) ) ;
#676 = ADVANCED_FACE ( 'NONE', ( #4141 ), #4085, .F. ) ;
#677 = DIRECTION ( 'NONE',  ( -0.0000000000000000000, -1.000000000000000000, -0.0000000000000000000 ) ) ;
#678 = AXIS2_PLACEMENT_3D ( 'NONE', #2930, #3930, #2943 ) ;
#679 = CARTESIAN_POINT ( 'NONE',  ( 1.000000000000000000, 0.4000000000000000200, 1.000000000000000000 ) ) ;
#680 = CARTESIAN_POINT ( 'NONE',  ( -0.9999999999999863400, 1.036396103067896100, 0.0000000000000000000 ) ) ;
#681 = ORIENTED_EDGE ( 'NONE', *, *, #3063, .F. ) ;
#682 = DIRECTION ( 'NONE',  ( 0.0000000000000000000, -1.000000000000000000, 0.0000000000000000000 ) ) ;
#683 = DIRECTION ( 'NONE',  ( 1.000000000000000000, -0.0000000000000000000, 0.0000000000000000000 ) ) ;
#684 = CARTESIAN_POINT ( 'NONE',  ( -1.000000000000000000, 0.4000000000000000200, -1.000000000000000000 ) ) ;
#685 = LINE ( 'NONE', #16, #2926 ) ;
#686 = LINE ( 'NONE', #3335, #1087 ) ;
#687 = ADVANCED_FACE ( 'NONE', ( #2820 ), #537, .T. ) ;
#688 = ORIENTED_EDGE ( 'NONE', *, *, #1794, .T. ) ;
#689 = EDGE_CURVE ( 'NONE', #1234, #2527, #2240, .T. ) ;
#690 = AXIS2_PLACEMENT_3D ( 'NONE', #1649, #2663, #4 ) ;
#691 = UNCERTAINTY_MEASURE_WITH_UNIT (LENGTH_MEASURE( 1.000000000000000100E-005 ), #2443, 'distance_accuracy_value', 'NONE');
#692 = DIRECTION ( 'NONE',  ( -0.0000000000000000000, -1.000000000000000000, -0.0000000000000000000 ) ) ;
#693 = ORIENTED_EDGE ( 'NONE', *, *, #325, .F. ) ;
#694 = VECTOR ( 'NONE', #677, 1000.000000000000000 ) ;
#695 = ORIENTED_EDGE ( 'NONE', *, *, #1860, .T. ) ;
#696 = CARTESIAN_POINT ( 'NONE',  ( 0.8969223593595446700, 1.036396103067896100, 0.8499999999999998700 ) ) ;
#697 = EDGE_CURVE ( 'NONE', #3895, #295, #2047, .T. ) ;
#698 = ORIENTED_EDGE ( 'NONE', *, *, #689, .F. ) ;
#699 = ORIENTED_EDGE ( 'NONE', *, *, #2598, .T. ) ;
#700 = DIRECTION ( 'NONE',  ( -0.0000000000000000000, -1.000000000000000000, -0.0000000000000000000 ) ) ;
#701 = DIRECTION ( 'NONE',  ( 0.0000000000000000000, 0.0000000000000000000, -1.000000000000000000 ) ) ;
#702 = VERTEX_POINT ( 'NONE', #827 ) ;
#703 = FACE_OUTER_BOUND ( 'NONE', #2073, .T. ) ;
#704 = CARTESIAN_POINT ( 'NONE',  ( 0.5999999999999864300, 0.4000000000000000200, 0.7999999999999999300 ) ) ;
#705 = CARTESIAN_POINT ( 'NONE',  ( 0.5500000000000001600, 0.4000000000000000200, -0.7999999999999999300 ) ) ;
#706 = ORIENTED_EDGE ( 'NONE', *, *, #3088, .T. ) ;
#707 = LINE ( 'NONE', #3974, #609 ) ;
#708 = EDGE_LOOP ( 'NONE', ( #218, #296, #2446, #3633 ) ) ;
#709 = CARTESIAN_POINT ( 'NONE',  ( 1.643160113205435200E-016, 0.4000000000000000200, 0.4499999999999997900 ) ) ;
#710 = AXIS2_PLACEMENT_3D ( 'NONE', #4223, #1624, #2575 ) ;
#711 = LINE ( 'NONE', #2865, #1660 ) ;
#712 = DIRECTION ( 'NONE',  ( -0.0000000000000000000, -1.000000000000000000, -0.0000000000000000000 ) ) ;
#713 = ORIENTED_EDGE ( 'NONE', *, *, #2234, .F. ) ;
#714 = VECTOR ( 'NONE', #4139, 1000.000000000000000 ) ;
#715 = ORIENTED_EDGE ( 'NONE', *, *, #1743, .F. ) ;
#716 = DIRECTION ( 'NONE',  ( 0.0000000000000000000, 0.0000000000000000000, 1.000000000000000000 ) ) ;
#717 = LINE ( 'NONE', #2808, #3206 ) ;
#718 = VERTEX_POINT ( 'NONE', #528 ) ;
#719 = VECTOR ( 'NONE', #668, 1000.000000000000000 ) ;
#720 = VERTEX_POINT ( 'NONE', #848 ) ;
#721 = CARTESIAN_POINT ( 'NONE',  ( -0.6000000000000000900, 0.3999999999999999700, -0.7999999999999999300 ) ) ;
#722 = CARTESIAN_POINT ( 'NONE',  ( 0.5500000000000001600, 1.036396103067896100, 0.0000000000000000000 ) ) ;
#723 = STYLED_ITEM ( 'NONE', ( #1978 ), #2235 ) ;
#724 = CARTESIAN_POINT ( 'NONE',  ( -0.5999999999999932100, 0.4000000000000000200, -0.1999999999999999800 ) ) ;
#725 = VECTOR ( 'NONE', #2298, 1000.000000000000000 ) ;
#726 = ORIENTED_EDGE ( 'NONE', *, *, #1120, .F. ) ;
#727 = EDGE_CURVE ( 'NONE', #1107, #3837, #3985, .T. ) ;
#728 = ORIENTED_EDGE ( 'NONE', *, *, #3027, .T. ) ;
#729 = EDGE_CURVE ( 'NONE', #702, #2223, #3677, .T. ) ;
#730 = DIRECTION ( 'NONE',  ( 0.0000000000000000000, -1.000000000000000000, 0.0000000000000000000 ) ) ;
#731 = DIRECTION ( 'NONE',  ( 3.651466918234302200E-016, -0.0000000000000000000, 1.000000000000000000 ) ) ;
#732 = AXIS2_PLACEMENT_3D ( 'NONE', #1630, #2306, #2658 ) ;
#733 = DIRECTION ( 'NONE',  ( 0.0000000000000000000, 0.0000000000000000000, 1.000000000000000000 ) ) ;
#734 = CARTESIAN_POINT ( 'NONE',  ( 0.5500000000000001600, 0.05000000000000002400, -0.7999999999999999300 ) ) ;
#735 = ORIENTED_EDGE ( 'NONE', *, *, #4181, .T. ) ;
#736 = PLANE ( 'NONE',  #1676 ) ;
#737 = LINE ( 'NONE', #1089, #3224 ) ;
#738 = AXIS2_PLACEMENT_3D ( 'NONE', #872, #3751, #1519 ) ;
#739 = VECTOR ( 'NONE', #1763, 1000.000000000000000 ) ;
#740 = CARTESIAN_POINT ( 'NONE',  ( 0.6000000000000000900, 0.4000000000000000200, -0.4500000000000000100 ) ) ;
#741 = VECTOR ( 'NONE', #133, 1000.000000000000000 ) ;
#742 = VERTEX_POINT ( 'NONE', #3199 ) ;
#743 = DIRECTION ( 'NONE',  ( -0.0000000000000000000, 1.000000000000000000, -0.0000000000000000000 ) ) ;
#744 = DIRECTION ( 'NONE',  ( 0.0000000000000000000, 0.0000000000000000000, -1.000000000000000000 ) ) ;
#745 = EDGE_CURVE ( 'NONE', #2896, #608, #3466, .T. ) ;
#746 = EDGE_LOOP ( 'NONE', ( #540, #1199, #820, #517 ) ) ;
#747 = CIRCLE ( 'NONE', #878, 0.2250000000000015600 ) ;
#748 = CARTESIAN_POINT ( 'NONE',  ( -0.8969223593595621000, 0.4000000000000000200, -0.4499999999999876300 ) ) ;
#749 = EDGE_LOOP ( 'NONE', ( #1348, #1025, #1423, #3533 ) ) ;
#750 = FACE_OUTER_BOUND ( 'NONE', #3329, .T. ) ;
#751 = EDGE_CURVE ( 'NONE', #2921, #1397, #109, .T. ) ;
#752 = CARTESIAN_POINT ( 'NONE',  ( -1.000000000000000000, 0.4000000000000000200, 1.000000000000000000 ) ) ;
#753 = ADVANCED_FACE ( 'NONE', ( #3120 ), #1265, .F. ) ;
#754 = ORIENTED_EDGE ( 'NONE', *, *, #4079, .F. ) ;
#755 = FACE_OUTER_BOUND ( 'NONE', #3639, .T. ) ;
#756 = DIRECTION ( 'NONE',  ( 0.0000000000000000000, -1.000000000000000000, 0.0000000000000000000 ) ) ;
#757 = CARTESIAN_POINT ( 'NONE',  ( -1.000000000000000000, 0.05000000000000002400, -0.4249999999999999900 ) ) ;
#758 = ADVANCED_FACE ( 'NONE', ( #2434 ), #237, .T. ) ;
#759 = FACE_OUTER_BOUND ( 'NONE', #2828, .T. ) ;
#760 = MECHANICAL_DESIGN_GEOMETRIC_PRESENTATION_REPRESENTATION (  '', ( #3014 ), #2262 ) ;
#761 = DIRECTION ( 'NONE',  ( 0.0000000000000000000, 0.0000000000000000000, 1.000000000000000000 ) ) ;
#762 = VERTEX_POINT ( 'NONE', #2869 ) ;
#763 = VECTOR ( 'NONE', #3350, 1000.000000000000000 ) ;
#764 = EDGE_LOOP ( 'NONE', ( #1472, #3046, #1733, #2868 ) ) ;
#765 = VECTOR ( 'NONE', #2228, 1000.000000000000000 ) ;
#766 = CARTESIAN_POINT ( 'NONE',  ( -0.6000000000000000900, 0.4000000000000000200, -0.5000000000000000000 ) ) ;
#767 = DIRECTION ( 'NONE',  ( 3.651466918234302200E-016, 0.0000000000000000000, 1.000000000000000000 ) ) ;
#768 = VERTEX_POINT ( 'NONE', #3174 ) ;
#769 = VECTOR ( 'NONE', #3971, 1000.000000000000000 ) ;
#770 = EDGE_LOOP ( 'NONE', ( #4142, #3891, #4059, #523 ) ) ;
#771 = VECTOR ( 'NONE', #1311, 1000.000000000000000 ) ;
#772 = DIRECTION ( 'NONE',  ( -0.0000000000000000000, -1.000000000000000000, 0.0000000000000000000 ) ) ;
#773 = FACE_OUTER_BOUND ( 'NONE', #2766, .T. ) ;
#774 = CARTESIAN_POINT ( 'NONE',  ( -0.5499999999999932700, 0.4000000000000000200, 0.1499999999999999700 ) ) ;
#775 = DIRECTION ( 'NONE',  ( 0.0000000000000000000, -1.000000000000000000, 0.0000000000000000000 ) ) ;
#776 = EDGE_CURVE ( 'NONE', #3568, #1498, #1364, .T. ) ;
#777 = AXIS2_PLACEMENT_3D ( 'NONE', #2030, #2692, #1358 ) ;
#778 = PLANE ( 'NONE',  #426 ) ;
#779 = EDGE_CURVE ( 'NONE', #632, #3305, #524, .T. ) ;
#780 = ADVANCED_FACE ( 'NONE', ( #353 ), #2138, .F. ) ;
#781 = ORIENTED_EDGE ( 'NONE', *, *, #3175, .T. ) ;
#782 = EDGE_CURVE ( 'NONE', #2275, #604, #3961, .T. ) ;
#783 = VERTEX_POINT ( 'NONE', #888 ) ;
#784 = CARTESIAN_POINT ( 'NONE',  ( -0.9999999999999863400, 1.036396103067896100, 0.6500000000000000200 ) ) ;
#785 = CARTESIAN_POINT ( 'NONE',  ( -0.5499999999999865000, 0.0000000000000000000, 0.7999999999999999300 ) ) ;
#786 = CARTESIAN_POINT ( 'NONE',  ( -3.651466918234303800E-017, 1.036396103067896100, 0.2000000000000000900 ) ) ;
#787 = CARTESIAN_POINT ( 'NONE',  ( -0.6000000000000000900, 0.0000000000000000000, -0.8499999999999999800 ) ) ;
#788 = FACE_OUTER_BOUND ( 'NONE', #407, .T. ) ;
#789 = ORIENTED_EDGE ( 'NONE', *, *, #594, .T. ) ;
#790 =( NAMED_UNIT ( * ) PLANE_ANGLE_UNIT ( ) SI_UNIT ( $, .RADIAN. ) );
#791 = DIRECTION ( 'NONE',  ( -1.000000000000000000, 0.0000000000000000000, 0.0000000000000000000 ) ) ;
#792 = LINE ( 'NONE', #1328, #1185 ) ;
#793 = CARTESIAN_POINT ( 'NONE',  ( 1.873202529054277000E-014, 0.4000000000000000200, -0.4500000000000249900 ) ) ;
#794 = FACE_OUTER_BOUND ( 'NONE', #1894, .T. ) ;
#795 = LINE ( 'NONE', #433, #1342 ) ;
#796 = ORIENTED_EDGE ( 'NONE', *, *, #3387, .F. ) ;
#797 = AXIS2_PLACEMENT_3D ( 'NONE', #631, #599, #1217 ) ;
#798 = DIRECTION ( 'NONE',  ( -0.0000000000000000000, -1.000000000000000000, -0.0000000000000000000 ) ) ;
#799 = ORIENTED_EDGE ( 'NONE', *, *, #644, .T. ) ;
#800 = CIRCLE ( 'NONE', #4097, 0.04999999999999991300 ) ;
#801 = ORIENTED_EDGE ( 'NONE', *, *, #3528, .T. ) ;
#802 = CARTESIAN_POINT ( 'NONE',  ( 1.000000000000000000, 0.4000000000000000200, 1.000000000000000000 ) ) ;
#803 = EDGE_CURVE ( 'NONE', #4163, #2504, #1881, .T. ) ;
#804 = VERTEX_POINT ( 'NONE', #876 ) ;
#805 = VECTOR ( 'NONE', #3656, 1000.000000000000000 ) ;
#806 = ORIENTED_EDGE ( 'NONE', *, *, #2140, .F. ) ;
#807 = CARTESIAN_POINT ( 'NONE',  ( -1.000000000000000000, 0.0000000000000000000, -0.4499999999999853600 ) ) ;
#808 =( NAMED_UNIT ( * ) SI_UNIT ( $, .STERADIAN. ) SOLID_ANGLE_UNIT ( ) );
#809 = ORIENTED_EDGE ( 'NONE', *, *, #2619, .T. ) ;
#810 = CIRCLE ( 'NONE', #1629, 0.2250000000000015600 ) ;
#811 = ORIENTED_EDGE ( 'NONE', *, *, #362, .T. ) ;
#812 = DIRECTION ( 'NONE',  ( 1.000000000000000000, 0.0000000000000000000, 4.162672286787051700E-014 ) ) ;
#813 = EDGE_LOOP ( 'NONE', ( #3434, #2151, #3758, #1605 ) ) ;
#814 = ORIENTED_EDGE ( 'NONE', *, *, #776, .T. ) ;
#815 = CARTESIAN_POINT ( 'NONE',  ( 1.000000000000000000, 1.036396103067896100, 0.0000000000000000000 ) ) ;
#816 = CARTESIAN_POINT ( 'NONE',  ( 1.000000000000000000, 0.0000000000000000000, 0.0000000000000000000 ) ) ;
#817 = CARTESIAN_POINT ( 'NONE',  ( -0.8969223593595446700, 0.4000000000000000200, 0.4500000000000001200 ) ) ;
#818 = VECTOR ( 'NONE', #3198, 1000.000000000000000 ) ;
#819 = LINE ( 'NONE', #1855, #2222 ) ;
#820 = ORIENTED_EDGE ( 'NONE', *, *, #2817, .T. ) ;
#821 = CARTESIAN_POINT ( 'NONE',  ( 0.5499999999999932700, 0.0000000000000000000, -0.1499999999999999700 ) ) ;
#822 = FACE_OUTER_BOUND ( 'NONE', #2857, .T. ) ;
#823 = ADVANCED_FACE ( 'NONE', ( #2116 ), #568, .T. ) ;
#824 = CARTESIAN_POINT ( 'NONE',  ( 3.651466918234303800E-017, 1.036396103067896100, 0.2000000000000000900 ) ) ;
#825 = PLANE ( 'NONE',  #4231 ) ;
#826 = CARTESIAN_POINT ( 'NONE',  ( -0.9999999999999863400, 0.3999999999999999700, 0.4500000000000001200 ) ) ;
#827 = CARTESIAN_POINT ( 'NONE',  ( -1.000000000000000000, 0.4000000000000000200, 1.000000000000000000 ) ) ;
#828 = EDGE_CURVE ( 'NONE', #742, #4032, #819, .T. ) ;
#829 = AXIS2_PLACEMENT_3D ( 'NONE', #2064, #2399, #3117 ) ;
#830 = SURFACE_SIDE_STYLE ('',( #2405 ) ) ;
#831 = ORIENTED_EDGE ( 'NONE', *, *, #1915, .T. ) ;
#832 = CARTESIAN_POINT ( 'NONE',  ( -1.000000000000000000, 0.0000000000000000000, -0.4249999999999999900 ) ) ;
#833 = VERTEX_POINT ( 'NONE', #3162 ) ;
#834 = EDGE_CURVE ( 'NONE', #2795, #1137, #413, .T. ) ;
#835 = ORIENTED_EDGE ( 'NONE', *, *, #3779, .T. ) ;
#836 = LINE ( 'NONE', #386, #4196 ) ;
#837 = VERTEX_POINT ( 'NONE', #2523 ) ;
#838 = DIRECTION ( 'NONE',  ( 0.0000000000000000000, -1.000000000000000000, -0.0000000000000000000 ) ) ;
#839 = DIRECTION ( 'NONE',  ( 0.0000000000000000000, 0.0000000000000000000, 1.000000000000000000 ) ) ;
#840 = FACE_OUTER_BOUND ( 'NONE', #1027, .T. ) ;
#841 = ORIENTED_EDGE ( 'NONE', *, *, #1607, .F. ) ;
#842 = DIRECTION ( 'NONE',  ( 1.825733459117151100E-016, 0.0000000000000000000, -1.000000000000000000 ) ) ;
#843 = DIRECTION ( 'NONE',  ( 0.0000000000000000000, 0.0000000000000000000, 1.000000000000000000 ) ) ;
#844 = LINE ( 'NONE', #543, #4205 ) ;
#845 = EDGE_CURVE ( 'NONE', #385, #961, #3913, .T. ) ;
#846 = VERTEX_POINT ( 'NONE', #1872 ) ;
#847 = DIRECTION ( 'NONE',  ( -0.0000000000000000000, -1.000000000000000000, -0.0000000000000000000 ) ) ;
#848 = CARTESIAN_POINT ( 'NONE',  ( 1.000000000000000000, 0.3999999999999999700, 0.2250000000000015600 ) ) ;
#849 = CARTESIAN_POINT ( 'NONE',  ( -1.000000000000000000, 0.4000000000000000200, -0.4249999999999999900 ) ) ;
#850 = CARTESIAN_POINT ( 'NONE',  ( -0.5999999999999864300, 0.4000000000000000200, 0.7999999999999999300 ) ) ;
#851 = ORIENTED_EDGE ( 'NONE', *, *, #1533, .T. ) ;
#852 = FACE_OUTER_BOUND ( 'NONE', #1049, .T. ) ;
#853 = ORIENTED_EDGE ( 'NONE', *, *, #3489, .F. ) ;
#854 = EDGE_CURVE ( 'NONE', #604, #3968, #4175, .T. ) ;
#855 = STYLED_ITEM ( 'NONE', ( #1492 ), #2508 ) ;
#856 = ORIENTED_EDGE ( 'NONE', *, *, #845, .T. ) ;
#857 = LINE ( 'NONE', #242, #714 ) ;
#858 = ORIENTED_EDGE ( 'NONE', *, *, #4187, .T. ) ;
#859 = DIRECTION ( 'NONE',  ( 0.0000000000000000000, -1.000000000000000000, 0.0000000000000000000 ) ) ;
#860 = LINE ( 'NONE', #3896, #3347 ) ;
#861 = EDGE_CURVE ( 'NONE', #938, #2801, #3856, .T. ) ;
#862 = ORIENTED_EDGE ( 'NONE', *, *, #1935, .F. ) ;
#863 = VECTOR ( 'NONE', #3666, 1000.000000000000000 ) ;
#864 = DIRECTION ( 'NONE',  ( 0.0000000000000000000, -1.000000000000000000, 0.0000000000000000000 ) ) ;
#865 = LINE ( 'NONE', #3311, #4227 ) ;
#866 = DIRECTION ( 'NONE',  ( -0.0000000000000000000, 1.000000000000000000, -0.0000000000000000000 ) ) ;
#867 = CARTESIAN_POINT ( 'NONE',  ( -0.5499999999999865000, 0.05000000000000000300, 0.0000000000000000000 ) ) ;
#868 = ORIENTED_EDGE ( 'NONE', *, *, #285, .F. ) ;
#869 = CARTESIAN_POINT ( 'NONE',  ( 0.9999999999999863400, 0.4000000000000000200, 0.6500000000000000200 ) ) ;
#870 = AXIS2_PLACEMENT_3D ( 'NONE', #3239, #2218, #1283 ) ;
#871 = DIRECTION ( 'NONE',  ( 1.000000000000000000, 0.0000000000000000000, 1.825733459117151100E-016 ) ) ;
#872 = CARTESIAN_POINT ( 'NONE',  ( -1.000000000000000000, 0.3999999999999999700, 6.933347799794049100E-029 ) ) ;
#873 = CARTESIAN_POINT ( 'NONE',  ( -0.5999999999999864300, 0.3999999999999999700, 0.5000000000000000000 ) ) ;
#874 = ADVANCED_FACE ( 'NONE', ( #3301 ), #2993, .F. ) ;
#875 = ORIENTED_EDGE ( 'NONE', *, *, #2038, .F. ) ;
#876 = CARTESIAN_POINT ( 'NONE',  ( 0.5500000000000001600, 0.4000000000000000200, -0.5000000000000000000 ) ) ;
#877 = EDGE_CURVE ( 'NONE', #13, #4040, #2856, .T. ) ;
#878 = AXIS2_PLACEMENT_3D ( 'NONE', #556, #1503, #1224 ) ;
#879 = ORIENTED_EDGE ( 'NONE', *, *, #4132, .T. ) ;
#880 = DIRECTION ( 'NONE',  ( 3.651466918234302200E-016, 0.0000000000000000000, -1.000000000000000000 ) ) ;
#881 = CARTESIAN_POINT ( 'NONE',  ( -3.651466918234303800E-017, 0.3999999999999999700, 0.2000000000000000900 ) ) ;
#882 = EDGE_CURVE ( 'NONE', #983, #2555, #1574, .T. ) ;
#883 =( NAMED_UNIT ( * ) PLANE_ANGLE_UNIT ( ) SI_UNIT ( $, .RADIAN. ) );
#884 = LINE ( 'NONE', #3773, #3020 ) ;
#885 = ORIENTED_EDGE ( 'NONE', *, *, #3674, .F. ) ;
#886 = VECTOR ( 'NONE', #1626, 1000.000000000000000 ) ;
#887 = FACE_OUTER_BOUND ( 'NONE', #2725, .T. ) ;
#888 = CARTESIAN_POINT ( 'NONE',  ( 0.5499999999999865000, 0.05000000000000002400, 0.5000000000000000000 ) ) ;
#889 = ORIENTED_EDGE ( 'NONE', *, *, #2809, .F. ) ;
#890 = CIRCLE ( 'NONE', #280, 0.1999999999999998700 ) ;
#891 = ADVANCED_FACE ( 'NONE', ( #2796 ), #393, .T. ) ;
#892 = ORIENTED_EDGE ( 'NONE', *, *, #3058, .F. ) ;
#893 = FACE_OUTER_BOUND ( 'NONE', #1752, .T. ) ;
#894 = DIRECTION ( 'NONE',  ( 1.000000000000000000, 0.0000000000000000000, 1.825733459117151100E-016 ) ) ;
#895 = CARTESIAN_POINT ( 'NONE',  ( 0.5999999999999932100, 0.05000000000000002400, 0.1999999999999999800 ) ) ;
#896 = ORIENTED_EDGE ( 'NONE', *, *, #2854, .T. ) ;
#897 = ORIENTED_EDGE ( 'NONE', *, *, #186, .F. ) ;
#898 = EDGE_CURVE ( 'NONE', #720, #2266, #4077, .T. ) ;
#899 = VERTEX_POINT ( 'NONE', #3268 ) ;
#900 = DIRECTION ( 'NONE',  ( -0.0000000000000000000, -1.000000000000000000, -0.0000000000000000000 ) ) ;
#901 = DIRECTION ( 'NONE',  ( 0.0000000000000000000, 0.0000000000000000000, -1.000000000000000000 ) ) ;
#902 = CARTESIAN_POINT ( 'NONE',  ( 1.000000000000000000, 1.036396103067896100, 6.933347799794049100E-029 ) ) ;
#903 = VERTEX_POINT ( 'NONE', #705 ) ;
#904 = VECTOR ( 'NONE', #334, 1000.000000000000000 ) ;
#905 = VERTEX_POINT ( 'NONE', #1324 ) ;
#906 = EDGE_CURVE ( 'NONE', #606, #534, #2754, .T. ) ;
#907 = CARTESIAN_POINT ( 'NONE',  ( -0.5500000000000001600, 0.4000000000000000200, -0.5000000000000000000 ) ) ;
#908 = DIRECTION ( 'NONE',  ( -1.000000000000000000, 0.0000000000000000000, 1.825733459117151100E-016 ) ) ;
#909 = LINE ( 'NONE', #3005, #2800 ) ;
#910 = CARTESIAN_POINT ( 'NONE',  ( 0.8969223593595446700, 0.4000000000000000200, 0.4500000000000001200 ) ) ;
#911 = LINE ( 'NONE', #3829, #2971 ) ;
#912 = EDGE_LOOP ( 'NONE', ( #142, #627, #3009, #1416 ) ) ;
#913 = VECTOR ( 'NONE', #3714, 1000.000000000000000 ) ;
#914 = DIRECTION ( 'NONE',  ( -1.000000000000000000, 0.0000000000000000000, -4.162672286787051700E-014 ) ) ;
#915 = CARTESIAN_POINT ( 'NONE',  ( -0.9999999999999863400, 0.4000000000000000200, 0.6500000000000000200 ) ) ;
#916 = DIRECTION ( 'NONE',  ( 1.000000000000000000, 0.0000000000000000000, 0.0000000000000000000 ) ) ;
#917 = CARTESIAN_POINT ( 'NONE',  ( -0.5999999999999864300, 0.4000000000000000200, 0.4500000000000000100 ) ) ;
#918 = AXIS2_PLACEMENT_3D ( 'NONE', #680, #2576, #3917 ) ;
#919 = DIRECTION ( 'NONE',  ( 0.0000000000000000000, 0.0000000000000000000, -1.000000000000000000 ) ) ;
#920 = DIRECTION ( 'NONE',  ( -0.0000000000000000000, 1.000000000000000000, 0.0000000000000000000 ) ) ;
#921 = ORIENTED_EDGE ( 'NONE', *, *, #199, .F. ) ;
#922 = DIRECTION ( 'NONE',  ( 0.0000000000000000000, -1.000000000000000000, 0.0000000000000000000 ) ) ;
#923 = AXIS2_PLACEMENT_3D ( 'NONE', #122, #4013, #3414 ) ;
#924 = ORIENTED_EDGE ( 'NONE', *, *, #1806, .F. ) ;
#925 = CARTESIAN_POINT ( 'NONE',  ( -1.000000000000000000, 0.0000000000000000000, -0.6500000000000000200 ) ) ;
#926 = ORIENTED_EDGE ( 'NONE', *, *, #3924, .F. ) ;
#927 = EDGE_CURVE ( 'NONE', #2776, #2989, #3103, .T. ) ;
#928 = DIRECTION ( 'NONE',  ( 0.0000000000000000000, 0.0000000000000000000, 1.000000000000000000 ) ) ;
#929 = LINE ( 'NONE', #2818, #1081 ) ;
#930 = ORIENTED_EDGE ( 'NONE', *, *, #1494, .F. ) ;
#931 = CARTESIAN_POINT ( 'NONE',  ( -0.9999999999999863400, 0.0000000000000000000, -0.0000000000000000000 ) ) ;
#932 = DIRECTION ( 'NONE',  ( 0.0000000000000000000, 0.0000000000000000000, -1.000000000000000000 ) ) ;
#933 = EDGE_CURVE ( 'NONE', #4125, #455, #3406, .T. ) ;
#934 = CARTESIAN_POINT ( 'NONE',  ( 1.000000000000000000, 0.05000000000000000300, 1.000000000000000000 ) ) ;
#935 = VECTOR ( 'NONE', #1699, 1000.000000000000000 ) ;
#936 = VECTOR ( 'NONE', #3293, 1000.000000000000000 ) ;
#937 = ADVANCED_FACE ( 'NONE', ( #1985 ), #2680, .F. ) ;
#938 = VERTEX_POINT ( 'NONE', #3995 ) ;
#939 = ORIENTED_EDGE ( 'NONE', *, *, #2360, .F. ) ;
#940 = VECTOR ( 'NONE', #3823, 1000.000000000000000 ) ;
#941 = ORIENTED_EDGE ( 'NONE', *, *, #3680, .F. ) ;
#942 = AXIS2_PLACEMENT_3D ( 'NONE', #1916, #2231, #965 ) ;
#943 = MANIFOLD_SOLID_BREP ( 'Housing', #1681 ) ;
#944 = ORIENTED_EDGE ( 'NONE', *, *, #3058, .T. ) ;
#945 = FACE_OUTER_BOUND ( 'NONE', #1435, .T. ) ;
#946 = ORIENTED_EDGE ( 'NONE', *, *, #3517, .F. ) ;
#947 = DIRECTION ( 'NONE',  ( -1.000000000000000000, 0.0000000000000000000, 3.651466918234302200E-016 ) ) ;
#948 = EDGE_LOOP ( 'NONE', ( #3727, #1216, #3172, #3850 ) ) ;
#949 = PRESENTATION_LAYER_ASSIGNMENT (  '', '', ( #216 ) ) ;
#950 = ORIENTED_EDGE ( 'NONE', *, *, #3888, .F. ) ;
#951 = DIRECTION ( 'NONE',  ( 0.0000000000000000000, 0.0000000000000000000, -1.000000000000000000 ) ) ;
#952 = VECTOR ( 'NONE', #2557, 1000.000000000000000 ) ;
#953 = EDGE_LOOP ( 'NONE', ( #2963, #2957, #3615, #1130 ) ) ;
#954 = FACE_OUTER_BOUND ( 'NONE', #3684, .T. ) ;
#955 =( LENGTH_UNIT ( ) NAMED_UNIT ( * ) SI_UNIT ( .MILLI., .METRE. ) );
#956 = EDGE_CURVE ( 'NONE', #3801, #2700, #1415, .T. ) ;
#957 = AXIS2_PLACEMENT_3D ( 'NONE', #784, #798, #1392 ) ;
#958 = CYLINDRICAL_SURFACE ( 'NONE', #1902, 0.2250000000000047000 ) ;
#959 = ORIENTED_EDGE ( 'NONE', *, *, #1993, .T. ) ;
#960 = DIRECTION ( 'NONE',  ( 1.825733459117151100E-016, 0.0000000000000000000, 1.000000000000000000 ) ) ;
#961 = VERTEX_POINT ( 'NONE', #1745 ) ;
#962 = FACE_OUTER_BOUND ( 'NONE', #3799, .T. ) ;
#963 = EDGE_CURVE ( 'NONE', #2266, #1053, #1777, .T. ) ;
#964 = EDGE_LOOP ( 'NONE', ( #1248, #2559, #1896, #2215 ) ) ;
#965 = DIRECTION ( 'NONE',  ( 0.0000000000000000000, 0.0000000000000000000, 1.000000000000000000 ) ) ;
#966 = DIRECTION ( 'NONE',  ( 1.000000000000000000, 0.0000000000000000000, -3.651466918234302200E-016 ) ) ;
#967 = CARTESIAN_POINT ( 'NONE',  ( 0.6000000000000000900, 1.036396103067896100, -0.7999999999999999300 ) ) ;
#968 = AXIS2_PLACEMENT_3D ( 'NONE', #2612, #675, #1648 ) ;
#969 = CARTESIAN_POINT ( 'NONE',  ( 0.5999999999999864300, 0.05000000000000002400, 0.8499999999999999800 ) ) ;
#970 = CARTESIAN_POINT ( 'NONE',  ( -0.6000000000000000900, 0.0000000000000000000, -0.7999999999999999300 ) ) ;
#971 = CARTESIAN_POINT ( 'NONE',  ( 0.9999999999999863400, 1.036396103067896100, 0.6500000000000000200 ) ) ;
#972 = DIRECTION ( 'NONE',  ( 0.0000000000000000000, 0.0000000000000000000, 1.000000000000000000 ) ) ;
#973 = ORIENTED_EDGE ( 'NONE', *, *, #3869, .F. ) ;
#974 = ADVANCED_FACE ( 'NONE', ( #4022 ), #95, .F. ) ;
#975 = EDGE_CURVE ( 'NONE', #1816, #1704, #3052, .T. ) ;
#976 = DIRECTION ( 'NONE',  ( -0.0000000000000000000, 1.000000000000000000, 0.0000000000000000000 ) ) ;
#977 =( NAMED_UNIT ( * ) SI_UNIT ( $, .STERADIAN. ) SOLID_ANGLE_UNIT ( ) );
#978 = CYLINDRICAL_SURFACE ( 'NONE', #3043, 0.1999999999999998700 ) ;
#979 = ORIENTED_EDGE ( 'NONE', *, *, #3416, .F. ) ;
#980 = CARTESIAN_POINT ( 'NONE',  ( -0.5499999999999865000, 0.3999999999999999700, 0.5000000000000000000 ) ) ;
#981 = EDGE_CURVE ( 'NONE', #1749, #352, #42, .T. ) ;
#982 = CIRCLE ( 'NONE', #2495, 0.2250000000000015000 ) ;
#983 = VERTEX_POINT ( 'NONE', #164 ) ;
#984 = ORIENTED_EDGE ( 'NONE', *, *, #3957, .F. ) ;
#985 = LINE ( 'NONE', #934, #3685 ) ;
#986 = VERTEX_POINT ( 'NONE', #3748 ) ;
#987 = DIRECTION ( 'NONE',  ( 1.000000000000000000, 0.0000000000000000000, -3.651466918234302200E-016 ) ) ;
#988 = CARTESIAN_POINT ( 'NONE',  ( 0.5999999999999864300, 0.0000000000000000000, 0.7999999999999999300 ) ) ;
#989 = EDGE_CURVE ( 'NONE', #608, #3658, #2169, .T. ) ;
#990 = CARTESIAN_POINT ( 'NONE',  ( -0.9999999999999863400, 1.036396103067896100, 0.8749999999999998900 ) ) ;
#991 = ORIENTED_EDGE ( 'NONE', *, *, #309, .T. ) ;
#992 = UNCERTAINTY_MEASURE_WITH_UNIT (LENGTH_MEASURE( 1.000000000000000100E-005 ), #1898, 'distance_accuracy_value', 'NONE');
#993 = SURFACE_SIDE_STYLE ('',( #1056 ) ) ;
#994 = CLOSED_SHELL ( 'NONE', ( #1584, #1090, #2585, #1169, #2230, #1938 ) ) ;
#995 = LINE ( 'NONE', #1046, #1706 ) ;
#996 = ORIENTED_EDGE ( 'NONE', *, *, #1411, .F. ) ;
#997 = DIRECTION ( 'NONE',  ( -1.000000000000000000, 0.0000000000000000000, 3.651466918234302200E-016 ) ) ;
#998 = ADVANCED_FACE ( 'NONE', ( #3161 ), #1172, .T. ) ;
#999 = SURFACE_STYLE_FILL_AREA ( #2723 ) ;
#1000 = ORIENTED_EDGE ( 'NONE', *, *, #3220, .F. ) ;
#1001 = LINE ( 'NONE', #277, #2426 ) ;
#1002 = ORIENTED_EDGE ( 'NONE', *, *, #1450, .F. ) ;
#1003 = DIRECTION ( 'NONE',  ( 0.0000000000000000000, 0.0000000000000000000, -1.000000000000000000 ) ) ;
#1004 = CARTESIAN_POINT ( 'NONE',  ( -0.9999999999999863400, 0.3999999999999999700, 0.0000000000000000000 ) ) ;
#1005 = CARTESIAN_POINT ( 'NONE',  ( 1.000000000000000000, 0.0000000000000000000, 6.933347799794049100E-029 ) ) ;
#1006 = AXIS2_PLACEMENT_3D ( 'NONE', #2123, #864, #2798 ) ;
#1007 = VECTOR ( 'NONE', #361, 1000.000000000000000 ) ;
#1008 = DIRECTION ( 'NONE',  ( 0.0000000000000000000, -1.000000000000000000, 0.0000000000000000000 ) ) ;
#1009 = VERTEX_POINT ( 'NONE', #3165 ) ;
#1010 = CIRCLE ( 'NONE', #738, 0.2250000000000015600 ) ;
#1011 = ORIENTED_EDGE ( 'NONE', *, *, #1888, .T. ) ;
#1012 = CARTESIAN_POINT ( 'NONE',  ( 0.8969223593595583300, 0.4000000000000000200, -0.8499999999999998700 ) ) ;
#1013 = FACE_OUTER_BOUND ( 'NONE', #813, .T. ) ;
#1014 = DIRECTION ( 'NONE',  ( 0.0000000000000000000, 0.0000000000000000000, -1.000000000000000000 ) ) ;
#1015 = CIRCLE ( 'NONE', #3336, 0.2000000000000072600 ) ;
#1016 = ORIENTED_EDGE ( 'NONE', *, *, #3647, .F. ) ;
#1017 = EDGE_CURVE ( 'NONE', #2191, #3086, #2951, .T. ) ;
#1018 = AXIS2_PLACEMENT_3D ( 'NONE', #2032, #117, #2384 ) ;
#1019 = CIRCLE ( 'NONE', #2004, 0.2249999999999999500 ) ;
#1020 = EDGE_CURVE ( 'NONE', #552, #762, #1015, .T. ) ;
#1021 = CARTESIAN_POINT ( 'NONE',  ( -0.5999999999999932100, 0.4000000000000000200, 0.1999999999999999800 ) ) ;
#1022 = CARTESIAN_POINT ( 'NONE',  ( -1.000000000000000000, 0.3999999999999999700, 6.933347799794049100E-029 ) ) ;
#1023 = AXIS2_PLACEMENT_3D ( 'NONE', #2487, #880, #3166 ) ;
#1024 = CARTESIAN_POINT ( 'NONE',  ( -0.5999999999999932100, 0.4000000000000000200, 0.1999999999999999800 ) ) ;
#1025 = ORIENTED_EDGE ( 'NONE', *, *, #419, .F. ) ;
#1026 = CARTESIAN_POINT ( 'NONE',  ( -0.9999999999999863400, 0.3999999999999999700, 0.8749999999999998900 ) ) ;
#1027 = EDGE_LOOP ( 'NONE', ( #2091, #4204, #1865, #3439 ) ) ;
#1028 = PLANE ( 'NONE',  #2733 ) ;
#1029 = ORIENTED_EDGE ( 'NONE', *, *, #898, .T. ) ;
#1030 = CARTESIAN_POINT ( 'NONE',  ( 0.9999999999999863400, 0.3999999999999999700, 0.0000000000000000000 ) ) ;
#1031 = DIRECTION ( 'NONE',  ( 0.0000000000000000000, -1.000000000000000000, 0.0000000000000000000 ) ) ;
#1032 = VECTOR ( 'NONE', #446, 1000.000000000000000 ) ;
#1033 = ORIENTED_EDGE ( 'NONE', *, *, #3297, .T. ) ;
#1034 = EDGE_CURVE ( 'NONE', #3895, #13, #911, .T. ) ;
#1035 = PRESENTATION_LAYER_ASSIGNMENT (  '', '', ( #1683 ) ) ;
#1036 = CARTESIAN_POINT ( 'NONE',  ( -0.5999999999999932100, 0.0000000000000000000, -0.1499999999999999700 ) ) ;
#1037 = DIRECTION ( 'NONE',  ( 0.0000000000000000000, 1.000000000000000000, -0.0000000000000000000 ) ) ;
#1038 = ORIENTED_EDGE ( 'NONE', *, *, #854, .T. ) ;
#1039 = CYLINDRICAL_SURFACE ( 'NONE', #2252, 0.04999999999999996800 ) ;
#1040 = CLOSED_SHELL ( 'NONE', ( #2078, #2702, #3168, #3265, #2517, #823, #1549, #758, #611, #676, #3008, #2543 ) ) ;
#1041 = EDGE_CURVE ( 'NONE', #1792, #846, #929, .T. ) ;
#1042 = VERTEX_POINT ( 'NONE', #4198 ) ;
#1043 = LINE ( 'NONE', #1522, #2520 ) ;
#1044 = ORIENTED_EDGE ( 'NONE', *, *, #981, .F. ) ;
#1045 = DIRECTION ( 'NONE',  ( -0.0000000000000000000, 1.000000000000000000, 0.0000000000000000000 ) ) ;
#1046 = CARTESIAN_POINT ( 'NONE',  ( 0.6000000000000000900, 1.036396103067896100, -0.4500000000000000100 ) ) ;
#1047 = DIRECTION ( 'NONE',  ( 1.000000000000000000, 0.0000000000000000000, -0.0000000000000000000 ) ) ;
#1048 = DIRECTION ( 'NONE',  ( 0.0000000000000000000, -1.000000000000000000, 0.0000000000000000000 ) ) ;
#1049 = EDGE_LOOP ( 'NONE', ( #414, #243, #2101, #1992 ) ) ;
#1050 = VECTOR ( 'NONE', #2708, 1000.000000000000000 ) ;
#1051 = AXIS2_PLACEMENT_3D ( 'NONE', #766, #1383, #3970 ) ;
#1052 = DIRECTION ( 'NONE',  ( 0.0000000000000000000, -1.000000000000000000, 0.0000000000000000000 ) ) ;
#1053 = VERTEX_POINT ( 'NONE', #310 ) ;
#1054 = ORIENTED_EDGE ( 'NONE', *, *, #4123, .F. ) ;
#1055 = DIRECTION ( 'NONE',  ( -0.0000000000000000000, -1.000000000000000000, -0.0000000000000000000 ) ) ;
#1056 = SURFACE_STYLE_FILL_AREA ( #3560 ) ;
#1057 = CARTESIAN_POINT ( 'NONE',  ( 1.000000000000000000, 0.0000000000000000000, -0.6500000000000000200 ) ) ;
#1058 = VERTEX_POINT ( 'NONE', #3472 ) ;
#1059 = LINE ( 'NONE', #1739, #763 ) ;
#1060 = PLANE ( 'NONE',  #4038 ) ;
#1061 = ORIENTED_EDGE ( 'NONE', *, *, #3897, .F. ) ;
#1062 = CARTESIAN_POINT ( 'NONE',  ( 0.8969223593595621000, 0.4000000000000000200, -0.4499999999999876300 ) ) ;
#1063 = CARTESIAN_POINT ( 'NONE',  ( -1.000000000000000000, 0.3999999999999999700, 6.933347799794049100E-029 ) ) ;
#1064 = DIRECTION ( 'NONE',  ( -0.0000000000000000000, -1.000000000000000000, 0.0000000000000000000 ) ) ;
#1065 = EDGE_CURVE ( 'NONE', #3589, #1402, #1318, .T. ) ;
#1066 = DIRECTION ( 'NONE',  ( 0.0000000000000000000, 0.0000000000000000000, 1.000000000000000000 ) ) ;
#1067 = AXIS2_PLACEMENT_3D ( 'NONE', #2978, #2332, #1066 ) ;
#1068 = VECTOR ( 'NONE', #2659, 1000.000000000000000 ) ;
#1069 = VERTEX_POINT ( 'NONE', #2915 ) ;
#1070 = DIRECTION ( 'NONE',  ( 0.0000000000000000000, -0.0000000000000000000, 1.000000000000000000 ) ) ;
#1071 = EDGE_CURVE ( 'NONE', #2991, #1684, #1673, .T. ) ;
#1072 = AXIS2_PLACEMENT_3D ( 'NONE', #2465, #1577, #256 ) ;
#1073 = ADVANCED_FACE ( 'NONE', ( #4177 ), #647, .F. ) ;
#1074 = PRODUCT ( 'VEML6030', 'VEML6030', '', ( #3803 ) ) ;
#1075 = CARTESIAN_POINT ( 'NONE',  ( -0.6000000000000000900, 0.05000000000000002400, -0.4500000000000000100 ) ) ;
#1076 = CARTESIAN_POINT ( 'NONE',  ( -1.000000000000000000, 0.4000000000000000200, 1.000000000000000000 ) ) ;
#1077 = DIRECTION ( 'NONE',  ( 0.0000000000000000000, 0.0000000000000000000, 1.000000000000000000 ) ) ;
#1078 = ORIENTED_EDGE ( 'NONE', *, *, #2482, .T. ) ;
#1079 = DIRECTION ( 'NONE',  ( -1.000000000000000000, 0.0000000000000000000, 3.651466918234302200E-016 ) ) ;
#1080 = ORIENTED_EDGE ( 'NONE', *, *, #3175, .F. ) ;
#1081 = VECTOR ( 'NONE', #3214, 1000.000000000000000 ) ;
#1082 = ORIENTED_EDGE ( 'NONE', *, *, #2764, .T. ) ;
#1083 = CARTESIAN_POINT ( 'NONE',  ( 0.9999999999999863400, 1.036396103067896100, 0.8499999999999998700 ) ) ;
#1084 = AXIS2_PLACEMENT_3D ( 'NONE', #3260, #3892, #3923 ) ;
#1085 = CARTESIAN_POINT ( 'NONE',  ( -1.643160113205435200E-016, 0.05000000000000000300, 0.4499999999999997900 ) ) ;
#1086 = DIRECTION ( 'NONE',  ( 0.0000000000000000000, -1.000000000000000000, 0.0000000000000000000 ) ) ;
#1087 = VECTOR ( 'NONE', #2814, 1000.000000000000000 ) ;
#1088 = ORIENTED_EDGE ( 'NONE', *, *, #3982, .F. ) ;
#1089 = CARTESIAN_POINT ( 'NONE',  ( 0.8969223593595621000, 0.4000000000000000200, -0.4499999999999876300 ) ) ;
#1090 = ADVANCED_FACE ( 'NONE', ( #822 ), #2257, .F. ) ;
#1091 = EDGE_CURVE ( 'NONE', #4165, #3407, #3107, .T. ) ;
#1092 = CYLINDRICAL_SURFACE ( 'NONE', #1203, 0.04999999999999991300 ) ;
#1093 = AXIS2_PLACEMENT_3D ( 'NONE', #272, #2588, #3527 ) ;
#1094 = DIRECTION ( 'NONE',  ( -0.0000000000000000000, -1.000000000000000000, -0.0000000000000000000 ) ) ;
#1095 = VERTEX_POINT ( 'NONE', #14 ) ;
#1096 = ORIENTED_EDGE ( 'NONE', *, *, #1261, .F. ) ;
#1097 = EDGE_CURVE ( 'NONE', #762, #2320, #149, .T. ) ;
#1098 = CARTESIAN_POINT ( 'NONE',  ( -0.9999999999999863400, 0.4000000000000000200, 0.6500000000000000200 ) ) ;
#1099 = PLANE ( 'NONE',  #3449 ) ;
#1100 = ORIENTED_EDGE ( 'NONE', *, *, #745, .T. ) ;
#1101 = VECTOR ( 'NONE', #2289, 1000.000000000000000 ) ;
#1102 = ORIENTED_EDGE ( 'NONE', *, *, #3006, .F. ) ;
#1103 = CARTESIAN_POINT ( 'NONE',  ( 1.000000000000000000, 0.4000000000000000200, 6.933347799794049100E-029 ) ) ;
#1104 = DIRECTION ( 'NONE',  ( 1.000000000000000000, 0.0000000000000000000, 3.651466918234302200E-016 ) ) ;
#1105 = LINE ( 'NONE', #3324, #769 ) ;
#1106 = DIRECTION ( 'NONE',  ( 0.0000000000000000000, 0.0000000000000000000, -1.000000000000000000 ) ) ;
#1107 = VERTEX_POINT ( 'NONE', #1987 ) ;
#1108 = LINE ( 'NONE', #1796, #3149 ) ;
#1109 = ORIENTED_EDGE ( 'NONE', *, *, #4149, .F. ) ;
#1110 = ADVANCED_FACE ( 'NONE', ( #2075 ), #2690, .F. ) ;
#1111 =( NAMED_UNIT ( * ) SI_UNIT ( $, .STERADIAN. ) SOLID_ANGLE_UNIT ( ) );
#1112 = VECTOR ( 'NONE', #1925, 1000.000000000000000 ) ;
#1113 = ORIENTED_EDGE ( 'NONE', *, *, #2975, .T. ) ;
#1114 = LINE ( 'NONE', #1076, #3849 ) ;
#1115 = ORIENTED_EDGE ( 'NONE', *, *, #2738, .T. ) ;
#1116 = VECTOR ( 'NONE', #252, 1000.000000000000000 ) ;
#1117 = CARTESIAN_POINT ( 'NONE',  ( 0.5499999999999932700, 0.3999999999999999700, -0.1499999999999999700 ) ) ;
#1118 = VECTOR ( 'NONE', #2404, 1000.000000000000000 ) ;
#1119 = ORIENTED_EDGE ( 'NONE', *, *, #88, .T. ) ;
#1120 = EDGE_CURVE ( 'NONE', #2639, #2778, #625, .T. ) ;
#1121 = CARTESIAN_POINT ( 'NONE',  ( -0.5500000000000001600, 0.4000000000000000200, -0.7999999999999999300 ) ) ;
#1122 = PLANE ( 'NONE',  #2799 ) ;
#1123 = DIRECTION ( 'NONE',  ( 3.651466918234302200E-016, 0.0000000000000000000, -1.000000000000000000 ) ) ;
#1124 = EDGE_CURVE ( 'NONE', #718, #4169, #582, .T. ) ;
#1125 = ORIENTED_EDGE ( 'NONE', *, *, #2202, .T. ) ;
#1126 = DIRECTION ( 'NONE',  ( -1.000000000000000000, 0.0000000000000000000, 0.0000000000000000000 ) ) ;
#1127 = ORIENTED_EDGE ( 'NONE', *, *, #542, .T. ) ;
#1128 = CARTESIAN_POINT ( 'NONE',  ( -0.8969223593595515600, 0.4000000000000000200, -0.1999999999999998700 ) ) ;
#1129 = DIRECTION ( 'NONE',  ( 0.0000000000000000000, 1.000000000000000000, -0.0000000000000000000 ) ) ;
#1130 = ORIENTED_EDGE ( 'NONE', *, *, #2490, .F. ) ;
#1131 = CIRCLE ( 'NONE', #1536, 0.04999999999999996800 ) ;
#1132 = ORIENTED_EDGE ( 'NONE', *, *, #2656, .F. ) ;
#1133 = DIRECTION ( 'NONE',  ( 1.825733459117151100E-016, -0.0000000000000000000, 1.000000000000000000 ) ) ;
#1134 = DIRECTION ( 'NONE',  ( 0.0000000000000000000, 0.0000000000000000000, -1.000000000000000000 ) ) ;
#1135 = CIRCLE ( 'NONE', #2124, 0.2250000000000015600 ) ;
#1136 = LINE ( 'NONE', #990, #694 ) ;
#1137 = VERTEX_POINT ( 'NONE', #367 ) ;
#1138 = AXIS2_PLACEMENT_3D ( 'NONE', #531, #3115, #2144 ) ;
#1139 = DIRECTION ( 'NONE',  ( 0.0000000000000000000, 0.0000000000000000000, -1.000000000000000000 ) ) ;
#1140 = CARTESIAN_POINT ( 'NONE',  ( -0.8969223593595515600, 0.4000000000000000200, 0.1999999999999999300 ) ) ;
#1141 = VERTEX_POINT ( 'NONE', #1974 ) ;
#1142 = CIRCLE ( 'NONE', #3949, 0.2250000000000015000 ) ;
#1143 =( NAMED_UNIT ( * ) SI_UNIT ( $, .STERADIAN. ) SOLID_ANGLE_UNIT ( ) );
#1144 = EDGE_CURVE ( 'NONE', #3895, #3810, #1986, .T. ) ;
#1145 =( GEOMETRIC_REPRESENTATION_CONTEXT ( 3 ) GLOBAL_UNCERTAINTY_ASSIGNED_CONTEXT ( ( #992 ) ) GLOBAL_UNIT_ASSIGNED_CONTEXT ( ( #1898, #2883, #4185 ) ) REPRESENTATION_CONTEXT ( 'NONE', 'WORKASPACE' ) );
#1146 = ORIENTED_EDGE ( 'NONE', *, *, #2058, .T. ) ;
#1147 = ORIENTED_EDGE ( 'NONE', *, *, #1152, .F. ) ;
#1148 = DIRECTION ( 'NONE',  ( 0.0000000000000000000, -1.000000000000000000, -0.0000000000000000000 ) ) ;
#1149 = ADVANCED_FACE ( 'NONE', ( #4082 ), #3860, .F. ) ;
#1150 = ORIENTED_EDGE ( 'NONE', *, *, #2397, .F. ) ;
#1151 = VECTOR ( 'NONE', #3661, 1000.000000000000000 ) ;
#1152 = EDGE_CURVE ( 'NONE', #3868, #1397, #3500, .T. ) ;
#1153 = ORIENTED_EDGE ( 'NONE', *, *, #2026, .F. ) ;
#1154 = CIRCLE ( 'NONE', #421, 0.04999999999999996800 ) ;
#1155 = ORIENTED_EDGE ( 'NONE', *, *, #2292, .T. ) ;
#1156 = DIRECTION ( 'NONE',  ( 0.0000000000000000000, 0.0000000000000000000, -1.000000000000000000 ) ) ;
#1157 = AXIS2_PLACEMENT_3D ( 'NONE', #3554, #1941, #3882 ) ;
#1158 =( NAMED_UNIT ( * ) PLANE_ANGLE_UNIT ( ) SI_UNIT ( $, .RADIAN. ) );
#1159 = VECTOR ( 'NONE', #2825, 1000.000000000000000 ) ;
#1160 = ORIENTED_EDGE ( 'NONE', *, *, #3297, .F. ) ;
#1161 = VERTEX_POINT ( 'NONE', #1995 ) ;
#1162 = CIRCLE ( 'NONE', #3607, 0.2249999999999999500 ) ;
#1163 = VERTEX_POINT ( 'NONE', #1062 ) ;
#1164 = AXIS2_PLACEMENT_3D ( 'NONE', #2488, #1173, #843 ) ;
#1165 = CARTESIAN_POINT ( 'NONE',  ( 0.5499999999999865000, 0.05000000000000002400, 0.7999999999999999300 ) ) ;
#1166 = DIRECTION ( 'NONE',  ( 0.0000000000000000000, -1.000000000000000000, -0.0000000000000000000 ) ) ;
#1167 = DIRECTION ( 'NONE',  ( -0.0000000000000000000, -1.000000000000000000, -0.0000000000000000000 ) ) ;
#1168 = EDGE_CURVE ( 'NONE', #3627, #402, #3210, .T. ) ;
#1169 = ADVANCED_FACE ( 'NONE', ( #2654 ), #3010, .F. ) ;
#1170 = AXIS2_PLACEMENT_3D ( 'NONE', #2782, #3076, #2768 ) ;
#1171 = ORIENTED_EDGE ( 'NONE', *, *, #3330, .F. ) ;
#1172 = PLANE ( 'NONE',  #2099 ) ;
#1173 = DIRECTION ( 'NONE',  ( -1.000000000000000000, 0.0000000000000000000, 0.0000000000000000000 ) ) ;
#1174 = UNCERTAINTY_MEASURE_WITH_UNIT (LENGTH_MEASURE( 1.000000000000000100E-005 ), #2450, 'distance_accuracy_value', 'NONE');
#1175 = ORIENTED_EDGE ( 'NONE', *, *, #1657, .T. ) ;
#1176 = EDGE_CURVE ( 'NONE', #4032, #1953, #1223, .T. ) ;
#1177 = CARTESIAN_POINT ( 'NONE',  ( -0.8969223593595446700, 1.036396103067896100, 0.4500000000000001200 ) ) ;
#1178 = EDGE_LOOP ( 'NONE', ( #1454, #4016, #2372, #4115 ) ) ;
#1179 = AXIS2_PLACEMENT_3D ( 'NONE', #2454, #3147, #3459 ) ;
#1180 = CARTESIAN_POINT ( 'NONE',  ( 0.9999999999999933400, 1.036396103067896100, 0.2250000000000000100 ) ) ;
#1181 = LINE ( 'NONE', #3371, #1487 ) ;
#1182 = DIRECTION ( 'NONE',  ( 0.0000000000000000000, 0.0000000000000000000, 1.000000000000000000 ) ) ;
#1183 = DIRECTION ( 'NONE',  ( 0.0000000000000000000, -1.000000000000000000, 0.0000000000000000000 ) ) ;
#1184 = ADVANCED_FACE ( 'NONE', ( #1322 ), #2995, .F. ) ;
#1185 = VECTOR ( 'NONE', #2316, 1000.000000000000000 ) ;
#1186 = VERTEX_POINT ( 'NONE', #48 ) ;
#1187 = CARTESIAN_POINT ( 'NONE',  ( 1.873202529054277000E-014, 0.0000000000000000000, -0.4500000000000249900 ) ) ;
#1188 = DIRECTION ( 'NONE',  ( -1.000000000000000000, 0.0000000000000000000, 0.0000000000000000000 ) ) ;
#1189 = VERTEX_POINT ( 'NONE', #3022 ) ;
#1190 = CIRCLE ( 'NONE', #2334, 0.2249999999999999500 ) ;
#1191 = EDGE_CURVE ( 'NONE', #804, #903, #415, .T. ) ;
#1192 = ORIENTED_EDGE ( 'NONE', *, *, #3897, .T. ) ;
#1193 = PRODUCT_DEFINITION_SHAPE ( 'NONE', 'NONE',  #3618 ) ;
#1194 = AXIS2_PLACEMENT_3D ( 'NONE', #1930, #2904, #928 ) ;
#1195 = DIRECTION ( 'NONE',  ( 0.0000000000000000000, -1.000000000000000000, 0.0000000000000000000 ) ) ;
#1196 = CARTESIAN_POINT ( 'NONE',  ( -0.9999999999999933400, 0.3999999999999999700, 0.2250000000000000100 ) ) ;
#1197 = DIRECTION ( 'NONE',  ( -0.0000000000000000000, -0.0000000000000000000, 1.000000000000000000 ) ) ;
#1198 = CARTESIAN_POINT ( 'NONE',  ( 1.000000000000000000, 0.4000000000000000200, 6.933347799794049100E-029 ) ) ;
#1199 = ORIENTED_EDGE ( 'NONE', *, *, #1806, .T. ) ;
#1200 = LINE ( 'NONE', #2474, #336 ) ;
#1201 = ORIENTED_EDGE ( 'NONE', *, *, #2660, .T. ) ;
#1202 = EDGE_CURVE ( 'NONE', #19, #4021, #1524, .T. ) ;
#1203 = AXIS2_PLACEMENT_3D ( 'NONE', #704, #1680, #2998 ) ;
#1204 = FACE_OUTER_BOUND ( 'NONE', #948, .T. ) ;
#1205 = DIRECTION ( 'NONE',  ( -0.0000000000000000000, 1.000000000000000000, -0.0000000000000000000 ) ) ;
#1206 = CARTESIAN_POINT ( 'NONE',  ( 0.8969223593595583300, 0.05000000000000002400, -0.8499999999999998700 ) ) ;
#1207 = ORIENTED_EDGE ( 'NONE', *, *, #1152, .T. ) ;
#1208 = LINE ( 'NONE', #2343, #659 ) ;
#1209 = ORIENTED_EDGE ( 'NONE', *, *, #1711, .F. ) ;
#1210 =( NAMED_UNIT ( * ) SI_UNIT ( $, .STERADIAN. ) SOLID_ANGLE_UNIT ( ) );
#1211 = FACE_OUTER_BOUND ( 'NONE', #281, .T. ) ;
#1212 = EDGE_CURVE ( 'NONE', #846, #3723, #2326, .T. ) ;
#1213 = CARTESIAN_POINT ( 'NONE',  ( -0.9999999999999933400, 0.05000000000000002400, -0.2249999999999999500 ) ) ;
#1214 = ORIENTED_EDGE ( 'NONE', *, *, #3114, .T. ) ;
#1215 = LINE ( 'NONE', #485, #466 ) ;
#1216 = ORIENTED_EDGE ( 'NONE', *, *, #4096, .T. ) ;
#1217 = DIRECTION ( 'NONE',  ( 0.0000000000000000000, 0.0000000000000000000, -1.000000000000000000 ) ) ;
#1218 = VECTOR ( 'NONE', #3867, 1000.000000000000000 ) ;
#1219 = ORIENTED_EDGE ( 'NONE', *, *, #4037, .T. ) ;
#1220 = CARTESIAN_POINT ( 'NONE',  ( -0.9999999999999863400, 0.3999999999999999700, 0.4250000000000000400 ) ) ;
#1221 = VECTOR ( 'NONE', #2203, 1000.000000000000000 ) ;
#1222 = DIRECTION ( 'NONE',  ( 0.0000000000000000000, 0.0000000000000000000, -1.000000000000000000 ) ) ;
#1223 = LINE ( 'NONE', #1678, #3355 ) ;
#1224 = DIRECTION ( 'NONE',  ( 0.0000000000000000000, 0.0000000000000000000, -1.000000000000000000 ) ) ;
#1225 = AXIS2_PLACEMENT_3D ( 'NONE', #1808, #3769, #1827 ) ;
#1226 = CARTESIAN_POINT ( 'NONE',  ( -0.5499999999999932700, 0.4000000000000000200, 0.0000000000000000000 ) ) ;
#1227 = ORIENTED_EDGE ( 'NONE', *, *, #581, .F. ) ;
#1228 = DIRECTION ( 'NONE',  ( -0.0000000000000000000, -1.000000000000000000, -0.0000000000000000000 ) ) ;
#1229 = CARTESIAN_POINT ( 'NONE',  ( 0.5499999999999932700, 1.036396103067896100, 0.0000000000000000000 ) ) ;
#1230 = EDGE_CURVE ( 'NONE', #402, #1816, #3967, .T. ) ;
#1231 = CARTESIAN_POINT ( 'NONE',  ( -0.5499999999999932700, 1.036396103067896100, -0.1499999999999999700 ) ) ;
#1232 = EDGE_CURVE ( 'NONE', #417, #899, #3811, .T. ) ;
#1233 = DIRECTION ( 'NONE',  ( -1.000000000000000000, 0.0000000000000000000, -0.0000000000000000000 ) ) ;
#1234 = VERTEX_POINT ( 'NONE', #150 ) ;
#1235 = DIRECTION ( 'NONE',  ( -4.162672286787051700E-014, 0.0000000000000000000, 1.000000000000000000 ) ) ;
#1236 = LINE ( 'NONE', #931, #1337 ) ;
#1237 = AXIS2_PLACEMENT_3D ( 'NONE', #2546, #3555, #4212 ) ;
#1238 = CARTESIAN_POINT ( 'NONE',  ( 7.302933836468611300E-017, 1.036396103067896100, -0.2000000000000002100 ) ) ;
#1239 = DIRECTION ( 'NONE',  ( 1.000000000000000000, 0.0000000000000000000, -4.162672286787051700E-014 ) ) ;
#1240 = LINE ( 'NONE', #1231, #62 ) ;
#1241 = FACE_OUTER_BOUND ( 'NONE', #2217, .T. ) ;
#1242 = ORIENTED_EDGE ( 'NONE', *, *, #3372, .T. ) ;
#1243 = FACE_OUTER_BOUND ( 'NONE', #1825, .T. ) ;
#1244 = CARTESIAN_POINT ( 'NONE',  ( -0.8969223593595583300, 1.036396103067896100, -0.8499999999999998700 ) ) ;
#1245 = AXIS2_PLACEMENT_3D ( 'NONE', #550, #535, #1511 ) ;
#1246 = EDGE_LOOP ( 'NONE', ( #2437, #3975, #3381, #2731 ) ) ;
#1247 = CYLINDRICAL_SURFACE ( 'NONE', #1382, 0.2250000000000015600 ) ;
#1248 = ORIENTED_EDGE ( 'NONE', *, *, #50, .F. ) ;
#1249 = EDGE_CURVE ( 'NONE', #2891, #6, #1780, .T. ) ;
#1250 = AXIS2_PLACEMENT_3D ( 'NONE', #3462, #3796, #2503 ) ;
#1251 = ORIENTED_EDGE ( 'NONE', *, *, #2482, .F. ) ;
#1252 = LINE ( 'NONE', #3958, #1871 ) ;
#1253 = UNCERTAINTY_MEASURE_WITH_UNIT (LENGTH_MEASURE( 1.000000000000000100E-005 ), #2394, 'distance_accuracy_value', 'NONE');
#1254 = VERTEX_POINT ( 'NONE', #2393 ) ;
#1255 = DIRECTION ( 'NONE',  ( 0.0000000000000000000, 0.0000000000000000000, 1.000000000000000000 ) ) ;
#1256 = DIRECTION ( 'NONE',  ( 0.0000000000000000000, 0.0000000000000000000, 1.000000000000000000 ) ) ;
#1257 = FACE_OUTER_BOUND ( 'NONE', #3443, .T. ) ;
#1258 = ORIENTED_EDGE ( 'NONE', *, *, #3793, .T. ) ;
#1259 = LINE ( 'NONE', #1802, #614 ) ;
#1260 = ORIENTED_EDGE ( 'NONE', *, *, #3304, .T. ) ;
#1261 = EDGE_CURVE ( 'NONE', #189, #2537, #2225, .T. ) ;
#1262 = CARTESIAN_POINT ( 'NONE',  ( -0.9999999999999863400, 1.036396103067896100, 0.6500000000000000200 ) ) ;
#1263 = LINE ( 'NONE', #696, #2484 ) ;
#1264 = ORIENTED_EDGE ( 'NONE', *, *, #3786, .T. ) ;
#1265 = CYLINDRICAL_SURFACE ( 'NONE', #1731, 0.2249999999999999500 ) ;
#1266 = ORIENTED_EDGE ( 'NONE', *, *, #2598, .F. ) ;
#1267 = VECTOR ( 'NONE', #1670, 1000.000000000000000 ) ;
#1268 = CARTESIAN_POINT ( 'NONE',  ( 1.000000000000000000, 0.0000000000000000000, 6.933347799794049100E-029 ) ) ;
#1269 = ORIENTED_EDGE ( 'NONE', *, *, #1091, .T. ) ;
#1270 = AXIS2_PLACEMENT_3D ( 'NONE', #1057, #2355, #3328 ) ;
#1271 = DIRECTION ( 'NONE',  ( 0.0000000000000000000, 0.0000000000000000000, -1.000000000000000000 ) ) ;
#1272 = ADVANCED_FACE ( 'NONE', ( #478 ), #1708, .F. ) ;
#1273 = EDGE_CURVE ( 'NONE', #2301, #3960, #359, .T. ) ;
#1274 = AXIS2_PLACEMENT_3D ( 'NONE', #1374, #101, #2383 ) ;
#1275 = ORIENTED_EDGE ( 'NONE', *, *, #3207, .T. ) ;
#1276 =( NAMED_UNIT ( * ) PLANE_ANGLE_UNIT ( ) SI_UNIT ( $, .RADIAN. ) );
#1277 = CARTESIAN_POINT ( 'NONE',  ( 0.5999999999999932100, 1.036396103067896100, -0.1499999999999999700 ) ) ;
#1278 = CARTESIAN_POINT ( 'NONE',  ( 3.651466918234303800E-017, 0.4000000000000000200, 0.2000000000000000900 ) ) ;
#1279 = ORIENTED_EDGE ( 'NONE', *, *, #4187, .F. ) ;
#1280 = EDGE_CURVE ( 'NONE', #1948, #783, #1469, .T. ) ;
#1281 = LINE ( 'NONE', #172, #2135 ) ;
#1282 = ORIENTED_EDGE ( 'NONE', *, *, #258, .F. ) ;
#1283 = DIRECTION ( 'NONE',  ( -0.0000000000000000000, 0.0000000000000000000, 1.000000000000000000 ) ) ;
#1284 = CARTESIAN_POINT ( 'NONE',  ( 1.000000000000000000, 0.3999999999999999700, 0.1999999999999999000 ) ) ;
#1285 = CARTESIAN_POINT ( 'NONE',  ( 1.000000000000000000, 0.4000000000000000200, 6.933347799794049100E-029 ) ) ;
#1286 = EDGE_CURVE ( 'NONE', #2466, #2838, #1368, .T. ) ;
#1287 = DIRECTION ( 'NONE',  ( 0.0000000000000000000, 0.0000000000000000000, 1.000000000000000000 ) ) ;
#1288 = FACE_OUTER_BOUND ( 'NONE', #708, .T. ) ;
#1289 = EDGE_LOOP ( 'NONE', ( #3700, #340, #2973, #1983 ) ) ;
#1290 = VECTOR ( 'NONE', #1640, 1000.000000000000000 ) ;
#1291 = ORIENTED_EDGE ( 'NONE', *, *, #3453, .F. ) ;
#1292 = AXIS2_PLACEMENT_3D ( 'NONE', #49, #2977, #701 ) ;
#1293 = CARTESIAN_POINT ( 'NONE',  ( -0.9999999999999863400, 0.4000000000000000200, 0.4250000000000000400 ) ) ;
#1294 = CARTESIAN_POINT ( 'NONE',  ( -0.5999999999999864300, 1.036396103067896100, 0.4500000000000000100 ) ) ;
#1295 = DIRECTION ( 'NONE',  ( 0.0000000000000000000, 0.0000000000000000000, 1.000000000000000000 ) ) ;
#1296 = ADVANCED_FACE ( 'NONE', ( #4024 ), #45, .F. ) ;
#1297 = ORIENTED_EDGE ( 'NONE', *, *, #3110, .F. ) ;
#1298 = DIRECTION ( 'NONE',  ( -0.0000000000000000000, -1.000000000000000000, 0.0000000000000000000 ) ) ;
#1299 = CARTESIAN_POINT ( 'NONE',  ( -3.103746880499157700E-016, 0.3999999999999999700, -0.8500000000000002000 ) ) ;
#1300 = VERTEX_POINT ( 'NONE', #219 ) ;
#1301 = LINE ( 'NONE', #442, #805 ) ;
#1302 = AXIS2_PLACEMENT_3D ( 'NONE', #1399, #2737, #3061 ) ;
#1303 = ORIENTED_EDGE ( 'NONE', *, *, #2764, .F. ) ;
#1304 = CARTESIAN_POINT ( 'NONE',  ( 1.000000000000000000, 0.05000000000000002400, -0.6500000000000000200 ) ) ;
#1305 = VECTOR ( 'NONE', #1433, 1000.000000000000000 ) ;
#1306 = ORIENTED_EDGE ( 'NONE', *, *, #249, .F. ) ;
#1307 = VECTOR ( 'NONE', #529, 1000.000000000000000 ) ;
#1308 = ORIENTED_EDGE ( 'NONE', *, *, #906, .F. ) ;
#1309 =( GEOMETRIC_REPRESENTATION_CONTEXT ( 3 ) GLOBAL_UNCERTAINTY_ASSIGNED_CONTEXT ( ( #3969 ) ) GLOBAL_UNIT_ASSIGNED_CONTEXT ( ( #4118, #883, #1210 ) ) REPRESENTATION_CONTEXT ( 'NONE', 'WORKASPACE' ) );
#1310 = LINE ( 'NONE', #3855, #765 ) ;
#1311 = DIRECTION ( 'NONE',  ( -0.0000000000000000000, -1.000000000000000000, -0.0000000000000000000 ) ) ;
#1312 = ORIENTED_EDGE ( 'NONE', *, *, #617, .F. ) ;
#1313 = ORIENTED_EDGE ( 'NONE', *, *, #3114, .F. ) ;
#1314 = DIRECTION ( 'NONE',  ( -0.0000000000000000000, 1.000000000000000000, 0.0000000000000000000 ) ) ;
#1315 = CIRCLE ( 'NONE', #710, 0.04999999999999991300 ) ;
#1316 = EDGE_CURVE ( 'NONE', #837, #833, #3761, .T. ) ;
#1317 = ORIENTED_EDGE ( 'NONE', *, *, #2, .T. ) ;
#1318 = CIRCLE ( 'NONE', #942, 0.1999999999999998700 ) ;
#1319 = ORIENTED_EDGE ( 'NONE', *, *, #648, .F. ) ;
#1320 = DIRECTION ( 'NONE',  ( 1.000000000000000000, 0.0000000000000000000, 3.651466918234302200E-016 ) ) ;
#1321 = DIRECTION ( 'NONE',  ( -0.0000000000000000000, 1.000000000000000000, 0.0000000000000000000 ) ) ;
#1322 = FACE_OUTER_BOUND ( 'NONE', #4056, .T. ) ;
#1323 = AXIS2_PLACEMENT_3D ( 'NONE', #1581, #628, #3525 ) ;
#1324 = CARTESIAN_POINT ( 'NONE',  ( 0.8969223593595515600, 0.3999999999999999700, -0.1999999999999998700 ) ) ;
#1325 = ORIENTED_EDGE ( 'NONE', *, *, #3845, .T. ) ;
#1326 = CARTESIAN_POINT ( 'NONE',  ( -1.873202529054277000E-014, 1.036396103067896100, -0.4500000000000249900 ) ) ;
#1327 = DIRECTION ( 'NONE',  ( 0.0000000000000000000, 0.0000000000000000000, -1.000000000000000000 ) ) ;
#1328 = CARTESIAN_POINT ( 'NONE',  ( 0.5500000000000001600, 1.036396103067896100, -0.5000000000000000000 ) ) ;
#1329 = DIRECTION ( 'NONE',  ( -0.0000000000000000000, -1.000000000000000000, -0.0000000000000000000 ) ) ;
#1330 = ORIENTED_EDGE ( 'NONE', *, *, #803, .T. ) ;
#1331 = EDGE_CURVE ( 'NONE', #720, #2021, #2493, .T. ) ;
#1332 = AXIS2_PLACEMENT_3D ( 'NONE', #2514, #3437, #3792 ) ;
#1333 = CARTESIAN_POINT ( 'NONE',  ( 0.9999999999999863400, 0.0000000000000000000, 0.0000000000000000000 ) ) ;
#1334 = CARTESIAN_POINT ( 'NONE',  ( -3.103746880499157700E-016, 1.036396103067896100, -0.8500000000000002000 ) ) ;
#1335 = CARTESIAN_POINT ( 'NONE',  ( 0.5999999999999932100, 1.036396103067896100, 0.1999999999999999800 ) ) ;
#1336 = EDGE_CURVE ( 'NONE', #3806, #1404, #527, .T. ) ;
#1337 = VECTOR ( 'NONE', #1591, 1000.000000000000000 ) ;
#1338 = PRESENTATION_STYLE_ASSIGNMENT (( #2483 ) ) ;
#1339 = ORIENTED_EDGE ( 'NONE', *, *, #2088, .F. ) ;
#1340 = DIRECTION ( 'NONE',  ( 0.0000000000000000000, 0.0000000000000000000, -1.000000000000000000 ) ) ;
#1341 = CIRCLE ( 'NONE', #313, 0.2250000000000015000 ) ;
#1342 = VECTOR ( 'NONE', #2710, 1000.000000000000000 ) ;
#1343 = VERTEX_POINT ( 'NONE', #3455 ) ;
#1344 = CARTESIAN_POINT ( 'NONE',  ( 0.5500000000000001600, 0.4000000000000000200, -0.7999999999999999300 ) ) ;
#1345 = PLANE ( 'NONE',  #690 ) ;
#1346 = EDGE_CURVE ( 'NONE', #77, #2143, #1885, .T. ) ;
#1347 = ORIENTED_EDGE ( 'NONE', *, *, #3815, .T. ) ;
#1348 = ORIENTED_EDGE ( 'NONE', *, *, #3978, .T. ) ;
#1349 = DIRECTION ( 'NONE',  ( 0.0000000000000000000, 0.0000000000000000000, -1.000000000000000000 ) ) ;
#1350 = CARTESIAN_POINT ( 'NONE',  ( 0.5999999999999864300, 0.4000000000000000200, 0.8499999999999999800 ) ) ;
#1351 = AXIS2_PLACEMENT_3D ( 'NONE', #4193, #3233, #1969 ) ;
#1352 = VERTEX_POINT ( 'NONE', #3771 ) ;
#1353 = LINE ( 'NONE', #2086, #2467 ) ;
#1354 = ORIENTED_EDGE ( 'NONE', *, *, #1316, .T. ) ;
#1355 = FACE_OUTER_BOUND ( 'NONE', #1636, .T. ) ;
#1356 = PLANE ( 'NONE',  #1475 ) ;
#1357 = CARTESIAN_POINT ( 'NONE',  ( -0.5999999999999864300, 0.0000000000000000000, 0.4500000000000000100 ) ) ;
#1358 = DIRECTION ( 'NONE',  ( 0.0000000000000000000, 0.0000000000000000000, -1.000000000000000000 ) ) ;
#1359 = MECHANICAL_DESIGN_GEOMETRIC_PRESENTATION_REPRESENTATION (  '', ( #2707 ), #128 ) ;
#1360 = ORIENTED_EDGE ( 'NONE', *, *, #3179, .F. ) ;
#1361 = LINE ( 'NONE', #1299, #904 ) ;
#1362 = LINE ( 'NONE', #1936, #3543 ) ;
#1363 = EDGE_LOOP ( 'NONE', ( #3854, #2637, #3840, #3334 ) ) ;
#1364 = CIRCLE ( 'NONE', #1873, 0.04999999999999991300 ) ;
#1365 = ORIENTED_EDGE ( 'NONE', *, *, #1634, .F. ) ;
#1366 = EDGE_CURVE ( 'NONE', #3572, #986, #1019, .T. ) ;
#1367 = CARTESIAN_POINT ( 'NONE',  ( 1.000000000000000000, 0.0000000000000000000, -0.6500000000000000200 ) ) ;
#1368 = LINE ( 'NONE', #2110, #2999 ) ;
#1369 = CARTESIAN_POINT ( 'NONE',  ( -0.5499999999999932700, 1.036396103067896100, 0.0000000000000000000 ) ) ;
#1370 = VERTEX_POINT ( 'NONE', #1829 ) ;
#1371 = EDGE_CURVE ( 'NONE', #352, #2620, #3408, .T. ) ;
#1372 = DIRECTION ( 'NONE',  ( -4.162672286787051700E-014, 0.0000000000000000000, -1.000000000000000000 ) ) ;
#1373 = CARTESIAN_POINT ( 'NONE',  ( -0.8969223593595446700, 1.036396103067896100, 0.8499999999999998700 ) ) ;
#1374 = CARTESIAN_POINT ( 'NONE',  ( -0.5999999999999864300, 1.036396103067896100, 0.5000000000000000000 ) ) ;
#1375 = DIRECTION ( 'NONE',  ( 1.000000000000000000, 0.0000000000000000000, -3.651466918234302200E-016 ) ) ;
#1376 = ORIENTED_EDGE ( 'NONE', *, *, #3207, .F. ) ;
#1377 = DIRECTION ( 'NONE',  ( 0.0000000000000000000, 0.0000000000000000000, -1.000000000000000000 ) ) ;
#1378 = DIRECTION ( 'NONE',  ( 0.0000000000000000000, -1.000000000000000000, -0.0000000000000000000 ) ) ;
#1379 = CYLINDRICAL_SURFACE ( 'NONE', #2549, 0.2250000000000015000 ) ;
#1380 = ORIENTED_EDGE ( 'NONE', *, *, #1371, .F. ) ;
#1381 = EDGE_CURVE ( 'NONE', #2161, #1141, #1625, .T. ) ;
#1382 = AXIS2_PLACEMENT_3D ( 'NONE', #1103, #2111, #3726 ) ;
#1383 = DIRECTION ( 'NONE',  ( 0.0000000000000000000, 1.000000000000000000, -0.0000000000000000000 ) ) ;
#1384 = CARTESIAN_POINT ( 'NONE',  ( -0.9999999999999863400, 1.036396103067896100, 0.8499999999999998700 ) ) ;
#1385 = LINE ( 'NONE', #3215, #2198 ) ;
#1386 = SHAPE_DEFINITION_REPRESENTATION ( #1193, #2508 ) ;
#1387 = ORIENTED_EDGE ( 'NONE', *, *, #4201, .T. ) ;
#1388 = CARTESIAN_POINT ( 'NONE',  ( 1.000000000000000000, 0.3999999999999999700, 6.933347799794049100E-029 ) ) ;
#1389 = EDGE_CURVE ( 'NONE', #2608, #3182, #2389, .T. ) ;
#1390 = ORIENTED_EDGE ( 'NONE', *, *, #258, .T. ) ;
#1391 = CYLINDRICAL_SURFACE ( 'NONE', #2042, 0.2000000000000072600 ) ;
#1392 = DIRECTION ( 'NONE',  ( 0.0000000000000000000, 0.0000000000000000000, -1.000000000000000000 ) ) ;
#1393 = CARTESIAN_POINT ( 'NONE',  ( 0.9999999999999863400, 1.036396103067896100, 0.6500000000000000200 ) ) ;
#1394 = VERTEX_POINT ( 'NONE', #3739 ) ;
#1395 = COLOUR_RGB ( '',1.000000000000000000, 0.8117647058823529400, 0.5019607843137254800 ) ;
#1396 = DIRECTION ( 'NONE',  ( 0.0000000000000000000, 0.0000000000000000000, 1.000000000000000000 ) ) ;
#1397 = VERTEX_POINT ( 'NONE', #3112 ) ;
#1398 = CARTESIAN_POINT ( 'NONE',  ( 1.000000000000000000, 0.3999999999999999700, 0.0000000000000000000 ) ) ;
#1399 = CARTESIAN_POINT ( 'NONE',  ( -1.000000000000000000, 0.4000000000000000200, -0.6500000000000000200 ) ) ;
#1400 = ADVANCED_FACE ( 'NONE', ( #773 ), #2479, .F. ) ;
#1401 = LINE ( 'NONE', #881, #3146 ) ;
#1402 = VERTEX_POINT ( 'NONE', #826 ) ;
#1403 = FACE_OUTER_BOUND ( 'NONE', #2572, .T. ) ;
#1404 = VERTEX_POINT ( 'NONE', #292 ) ;
#1405 = DIRECTION ( 'NONE',  ( -1.000000000000000000, 0.0000000000000000000, 0.0000000000000000000 ) ) ;
#1406 = DIRECTION ( 'NONE',  ( -1.000000000000000000, 0.0000000000000000000, -3.651466918234302200E-016 ) ) ;
#1407 = FACE_OUTER_BOUND ( 'NONE', #2952, .T. ) ;
#1408 = ORIENTED_EDGE ( 'NONE', *, *, #803, .F. ) ;
#1409 = ORIENTED_EDGE ( 'NONE', *, *, #450, .F. ) ;
#1410 = CARTESIAN_POINT ( 'NONE',  ( -0.8969223593595446700, 0.0000000000000000000, 0.8499999999999998700 ) ) ;
#1411 = EDGE_CURVE ( 'NONE', #1069, #4228, #2436, .T. ) ;
#1412 = DIRECTION ( 'NONE',  ( -0.0000000000000000000, -0.0000000000000000000, 1.000000000000000000 ) ) ;
#1413 = CARTESIAN_POINT ( 'NONE',  ( -0.5999999999999932100, 0.4000000000000000200, -0.1499999999999999700 ) ) ;
#1414 = LINE ( 'NONE', #1294, #771 ) ;
#1415 = CIRCLE ( 'NONE', #2911, 0.04999999999999996800 ) ;
#1416 = ORIENTED_EDGE ( 'NONE', *, *, #3170, .F. ) ;
#1417 = FILL_AREA_STYLE_COLOUR ( '', #3208 ) ;
#1418 = DIRECTION ( 'NONE',  ( -0.0000000000000000000, -1.000000000000000000, -0.0000000000000000000 ) ) ;
#1419 = VECTOR ( 'NONE', #3941, 1000.000000000000000 ) ;
#1420 = EDGE_CURVE ( 'NONE', #3723, #2323, #2545, .T. ) ;
#1421 = DIRECTION ( 'NONE',  ( 0.0000000000000000000, -1.000000000000000000, 0.0000000000000000000 ) ) ;
#1422 = CARTESIAN_POINT ( 'NONE',  ( 0.9999999999999863400, 0.4000000000000000200, 0.6500000000000000200 ) ) ;
#1423 = ORIENTED_EDGE ( 'NONE', *, *, #1191, .F. ) ;
#1424 = CARTESIAN_POINT ( 'NONE',  ( 3.651466918234303800E-017, 0.4000000000000000200, 0.2000000000000000900 ) ) ;
#1425 = DIRECTION ( 'NONE',  ( -0.0000000000000000000, 1.000000000000000000, 0.0000000000000000000 ) ) ;
#1426 = CARTESIAN_POINT ( 'NONE',  ( -0.8969223593595515600, 1.036396103067896100, 0.1999999999999999300 ) ) ;
#1427 = DIRECTION ( 'NONE',  ( -1.000000000000000000, 0.0000000000000000000, 3.651466918234302200E-016 ) ) ;
#1428 = DIRECTION ( 'NONE',  ( 0.0000000000000000000, 0.0000000000000000000, 1.000000000000000000 ) ) ;
#1429 = ORIENTED_EDGE ( 'NONE', *, *, #3866, .F. ) ;
#1430 =( GEOMETRIC_REPRESENTATION_CONTEXT ( 3 ) GLOBAL_UNCERTAINTY_ASSIGNED_CONTEXT ( ( #576 ) ) GLOBAL_UNIT_ASSIGNED_CONTEXT ( ( #3044, #790, #1111 ) ) REPRESENTATION_CONTEXT ( 'NONE', 'WORKASPACE' ) );
#1431 = DIRECTION ( 'NONE',  ( -0.0000000000000000000, -1.000000000000000000, -0.0000000000000000000 ) ) ;
#1432 = CARTESIAN_POINT ( 'NONE',  ( 0.0000000000000000000, 0.4000000000000000200, 0.0000000000000000000 ) ) ;
#1433 = DIRECTION ( 'NONE',  ( 0.0000000000000000000, -1.000000000000000000, 0.0000000000000000000 ) ) ;
#1434 = DIRECTION ( 'NONE',  ( -0.0000000000000000000, -1.000000000000000000, 0.0000000000000000000 ) ) ;
#1435 = EDGE_LOOP ( 'NONE', ( #1909, #3148, #1192, #1227 ) ) ;
#1436 = DIRECTION ( 'NONE',  ( 0.0000000000000000000, 0.0000000000000000000, 1.000000000000000000 ) ) ;
#1437 = PRESENTATION_LAYER_ASSIGNMENT (  '', '', ( #723 ) ) ;
#1438 = FACE_OUTER_BOUND ( 'NONE', #1600, .T. ) ;
#1439 = ORIENTED_EDGE ( 'NONE', *, *, #1017, .F. ) ;
#1440 = DIRECTION ( 'NONE',  ( -0.0000000000000000000, -1.000000000000000000, -0.0000000000000000000 ) ) ;
#1441 = EDGE_CURVE ( 'NONE', #2938, #2776, #2385, .T. ) ;
#1442 = LINE ( 'NONE', #574, #2460 ) ;
#1443 = LINE ( 'NONE', #724, #3074 ) ;
#1444 = ORIENTED_EDGE ( 'NONE', *, *, #4190, .F. ) ;
#1445 = DIRECTION ( 'NONE',  ( 3.651466918234302200E-016, 0.0000000000000000000, 1.000000000000000000 ) ) ;
#1446 = CARTESIAN_POINT ( 'NONE',  ( -0.9999999999999863400, 0.4000000000000000200, 0.4250000000000000400 ) ) ;
#1447 = ORIENTED_EDGE ( 'NONE', *, *, #1612, .T. ) ;
#1448 = VECTOR ( 'NONE', #532, 1000.000000000000000 ) ;
#1449 = ADVANCED_FACE ( 'NONE', ( #962 ), #3049, .F. ) ;
#1450 = EDGE_CURVE ( 'NONE', #3048, #4159, #143, .T. ) ;
#1451 = DIRECTION ( 'NONE',  ( 0.0000000000000000000, -1.000000000000000000, -0.0000000000000000000 ) ) ;
#1452 = ORIENTED_EDGE ( 'NONE', *, *, #3412, .F. ) ;
#1453 = VECTOR ( 'NONE', #2458, 1000.000000000000000 ) ;
#1454 = ORIENTED_EDGE ( 'NONE', *, *, #2760, .F. ) ;
#1455 = DIRECTION ( 'NONE',  ( 0.0000000000000000000, 0.0000000000000000000, 1.000000000000000000 ) ) ;
#1456 = CARTESIAN_POINT ( 'NONE',  ( 3.103746880499157700E-016, 0.0000000000000000000, -0.8500000000000002000 ) ) ;
#1457 = AXIS2_PLACEMENT_3D ( 'NONE', #1791, #3106, #4081 ) ;
#1458 = ORIENTED_EDGE ( 'NONE', *, *, #963, .T. ) ;
#1459 = LINE ( 'NONE', #2024, #2741 ) ;
#1460 = DIRECTION ( 'NONE',  ( 0.0000000000000000000, 0.0000000000000000000, -1.000000000000000000 ) ) ;
#1461 = FACE_OUTER_BOUND ( 'NONE', #3283, .T. ) ;
#1462 = EDGE_LOOP ( 'NONE', ( #182, #1347, #858, #2170 ) ) ;
#1463 = FACE_OUTER_BOUND ( 'NONE', #1289, .T. ) ;
#1464 = VERTEX_POINT ( 'NONE', #1537 ) ;
#1465 = AXIS2_PLACEMENT_3D ( 'NONE', #31, #1688, #1003 ) ;
#1466 = LINE ( 'NONE', #2494, #2220 ) ;
#1467 = CARTESIAN_POINT ( 'NONE',  ( -0.5500000000000001600, 0.0000000000000000000, -0.7999999999999999300 ) ) ;
#1468 = ADVANCED_FACE ( 'NONE', ( #251 ), #2227, .T. ) ;
#1469 = LINE ( 'NONE', #2447, #672 ) ;
#1470 = ORIENTED_EDGE ( 'NONE', *, *, #1230, .T. ) ;
#1471 = CARTESIAN_POINT ( 'NONE',  ( 0.9999999999999863400, 0.0000000000000000000, 0.0000000000000000000 ) ) ;
#1472 = ORIENTED_EDGE ( 'NONE', *, *, #3200, .F. ) ;
#1473 = EDGE_CURVE ( 'NONE', #385, #3478, #94, .T. ) ;
#1474 = CARTESIAN_POINT ( 'NONE',  ( -1.000000000000000000, 0.4000000000000000200, 6.933347799794049100E-029 ) ) ;
#1475 = AXIS2_PLACEMENT_3D ( 'NONE', #2330, #2996, #3976 ) ;
#1476 = DIRECTION ( 'NONE',  ( 0.0000000000000000000, -1.000000000000000000, 0.0000000000000000000 ) ) ;
#1477 = DIRECTION ( 'NONE',  ( -0.0000000000000000000, -1.000000000000000000, -0.0000000000000000000 ) ) ;
#1478 = EDGE_CURVE ( 'NONE', #903, #2200, #2539, .T. ) ;
#1479 = VERTEX_POINT ( 'NONE', #3838 ) ;
#1480 = DIRECTION ( 'NONE',  ( -0.0000000000000000000, -0.0000000000000000000, 1.000000000000000000 ) ) ;
#1481 = ORIENTED_EDGE ( 'NONE', *, *, #2172, .F. ) ;
#1482 = CARTESIAN_POINT ( 'NONE',  ( -1.000000000000000000, 0.05000000000000002400, 6.933347799794049100E-029 ) ) ;
#1483 = FILL_AREA_STYLE ('',( #422 ) ) ;
#1484 = AXIS2_PLACEMENT_3D ( 'NONE', #3263, #346, #4237 ) ;
#1485 = CARTESIAN_POINT ( 'NONE',  ( -3.651466918234303800E-017, 0.0000000000000000000, 0.2000000000000000900 ) ) ;
#1486 = CARTESIAN_POINT ( 'NONE',  ( 3.103746880499157700E-016, 0.05000000000000000300, -0.8500000000000002000 ) ) ;
#1487 = VECTOR ( 'NONE', #2709, 1000.000000000000000 ) ;
#1488 = ORIENTED_EDGE ( 'NONE', *, *, #223, .T. ) ;
#1489 = CARTESIAN_POINT ( 'NONE',  ( -0.6000000000000000900, 1.036396103067896100, -0.4500000000000000100 ) ) ;
#1490 = DIRECTION ( 'NONE',  ( -1.000000000000000000, 0.0000000000000000000, 3.651466918234302200E-016 ) ) ;
#1491 = LINE ( 'NONE', #1187, #645 ) ;
#1492 = PRESENTATION_STYLE_ASSIGNMENT (( #2174 ) ) ;
#1493 = ORIENTED_EDGE ( 'NONE', *, *, #2823, .F. ) ;
#1494 = EDGE_CURVE ( 'NONE', #3190, #140, #1520, .T. ) ;
#1495 = AXIS2_PLACEMENT_3D ( 'NONE', #3641, #3979, #432 ) ;
#1496 = CYLINDRICAL_SURFACE ( 'NONE', #3271, 0.2250000000000047000 ) ;
#1497 = EDGE_CURVE ( 'NONE', #1161, #598, #4124, .T. ) ;
#1498 = VERTEX_POINT ( 'NONE', #2551 ) ;
#1499 = CYLINDRICAL_SURFACE ( 'NONE', #4182, 0.2249999999999999500 ) ;
#1500 = ORIENTED_EDGE ( 'NONE', *, *, #3561, .T. ) ;
#1501 = PLANE ( 'NONE',  #2345 ) ;
#1502 = DIRECTION ( 'NONE',  ( -1.000000000000000000, 0.0000000000000000000, 3.651466918234302200E-016 ) ) ;
#1503 = DIRECTION ( 'NONE',  ( -0.0000000000000000000, 1.000000000000000000, -0.0000000000000000000 ) ) ;
#1504 = ORIENTED_EDGE ( 'NONE', *, *, #2565, .F. ) ;
#1505 = VECTOR ( 'NONE', #2718, 1000.000000000000000 ) ;
#1506 = ORIENTED_EDGE ( 'NONE', *, *, #3253, .T. ) ;
#1507 = LINE ( 'NONE', #1384, #1869 ) ;
#1508 = ORIENTED_EDGE ( 'NONE', *, *, #1783, .F. ) ;
#1509 = LINE ( 'NONE', #1977, #3592 ) ;
#1510 = VERTEX_POINT ( 'NONE', #1220 ) ;
#1511 = DIRECTION ( 'NONE',  ( 0.0000000000000000000, 0.0000000000000000000, -1.000000000000000000 ) ) ;
#1512 = CARTESIAN_POINT ( 'NONE',  ( 1.000000000000000000, 0.4000000000000000200, 1.000000000000000000 ) ) ;
#1513 = DIRECTION ( 'NONE',  ( -0.0000000000000000000, -1.000000000000000000, -0.0000000000000000000 ) ) ;
#1514 = ADVANCED_FACE ( 'NONE', ( #3494 ), #1932, .T. ) ;
#1515 = AXIS2_PLACEMENT_3D ( 'NONE', #1675, #3308, #2263 ) ;
#1516 = FACE_OUTER_BOUND ( 'NONE', #4225, .T. ) ;
#1517 = ORIENTED_EDGE ( 'NONE', *, *, #3965, .T. ) ;
#1518 = ORIENTED_EDGE ( 'NONE', *, *, #2927, .F. ) ;
#1519 = DIRECTION ( 'NONE',  ( 0.0000000000000000000, 0.0000000000000000000, 1.000000000000000000 ) ) ;
#1520 = LINE ( 'NONE', #1895, #2071 ) ;
#1521 = ORIENTED_EDGE ( 'NONE', *, *, #56, .F. ) ;
#1522 = CARTESIAN_POINT ( 'NONE',  ( -0.5500000000000001600, 0.05000000000000000300, 0.0000000000000000000 ) ) ;
#1523 = VERTEX_POINT ( 'NONE', #1854 ) ;
#1524 = CIRCLE ( 'NONE', #4058, 0.2249999999999999500 ) ;
#1525 = ORIENTED_EDGE ( 'NONE', *, *, #1420, .T. ) ;
#1526 = CARTESIAN_POINT ( 'NONE',  ( -0.5999999999999932100, 0.05000000000000002400, -0.1999999999999999300 ) ) ;
#1527 = CARTESIAN_POINT ( 'NONE',  ( 3.103746880499157700E-016, 0.0000000000000000000, 0.8500000000000002000 ) ) ;
#1528 = EDGE_CURVE ( 'NONE', #1664, #1964, #2033, .T. ) ;
#1529 = AXIS2_PLACEMENT_3D ( 'NONE', #1304, #5, #951 ) ;
#1530 = ADVANCED_FACE ( 'NONE', ( #3158 ), #2647, .T. ) ;
#1531 = DIRECTION ( 'NONE',  ( -1.000000000000000000, 0.0000000000000000000, -4.162672286787051700E-014 ) ) ;
#1532 = ORIENTED_EDGE ( 'NONE', *, *, #3272, .T. ) ;
#1533 = EDGE_CURVE ( 'NONE', #2537, #1768, #3404, .T. ) ;
#1534 = ORIENTED_EDGE ( 'NONE', *, *, #1017, .T. ) ;
#1535 = CARTESIAN_POINT ( 'NONE',  ( -0.9999999999999863400, 0.0000000000000000000, 0.8749999999999998900 ) ) ;
#1536 = AXIS2_PLACEMENT_3D ( 'NONE', #3611, #1064, #2342 ) ;
#1537 = CARTESIAN_POINT ( 'NONE',  ( 0.9999999999999863400, 0.3999999999999999700, 0.4500000000000001200 ) ) ;
#1538 = DIRECTION ( 'NONE',  ( -0.0000000000000000000, -1.000000000000000000, -0.0000000000000000000 ) ) ;
#1539 = ORIENTED_EDGE ( 'NONE', *, *, #2958, .F. ) ;
#1540 = DIRECTION ( 'NONE',  ( -1.000000000000000000, 0.0000000000000000000, -3.651466918234302200E-016 ) ) ;
#1541 = APPLICATION_CONTEXT ( 'automotive_design' ) ;
#1542 = FACE_OUTER_BOUND ( 'NONE', #488, .T. ) ;
#1543 = ORIENTED_EDGE ( 'NONE', *, *, #2560, .F. ) ;
#1544 = CARTESIAN_POINT ( 'NONE',  ( 0.5499999999999865000, 0.3999999999999999700, 0.7999999999999999300 ) ) ;
#1545 = DIRECTION ( 'NONE',  ( -0.0000000000000000000, 1.000000000000000000, -0.0000000000000000000 ) ) ;
#1546 = SURFACE_STYLE_USAGE ( .BOTH. , #4131 ) ;
#1547 = VECTOR ( 'NONE', #1349, 1000.000000000000000 ) ;
#1548 = VECTOR ( 'NONE', #1106, 1000.000000000000000 ) ;
#1549 = ADVANCED_FACE ( 'NONE', ( #1013 ), #3910, .T. ) ;
#1550 = CARTESIAN_POINT ( 'NONE',  ( 0.0000000000000000000, 0.4000000000000000200, 0.0000000000000000000 ) ) ;
#1551 = EDGE_CURVE ( 'NONE', #720, #385, #3595, .T. ) ;
#1552 = VERTEX_POINT ( 'NONE', #1949 ) ;
#1553 = CIRCLE ( 'NONE', #539, 0.04999999999999996800 ) ;
#1554 = AXIS2_PLACEMENT_3D ( 'NONE', #2092, #545, #3133 ) ;
#1555 = ORIENTED_EDGE ( 'NONE', *, *, #2224, .T. ) ;
#1556 = CARTESIAN_POINT ( 'NONE',  ( -0.5500000000000001600, 0.0000000000000000000, -0.0000000000000000000 ) ) ;
#1557 = DIRECTION ( 'NONE',  ( 0.0000000000000000000, -1.000000000000000000, 0.0000000000000000000 ) ) ;
#1558 = FILL_AREA_STYLE ('',( #195 ) ) ;
#1559 = ORIENTED_EDGE ( 'NONE', *, *, #3512, .F. ) ;
#1560 = ORIENTED_EDGE ( 'NONE', *, *, #3998, .T. ) ;
#1561 = EDGE_CURVE ( 'NONE', #2093, #3190, #1315, .T. ) ;
#1562 = DIRECTION ( 'NONE',  ( 0.0000000000000000000, 0.0000000000000000000, -1.000000000000000000 ) ) ;
#1563 = CARTESIAN_POINT ( 'NONE',  ( -0.9999999999999863400, 0.05000000000000002400, 0.6500000000000000200 ) ) ;
#1564 = EDGE_LOOP ( 'NONE', ( #841, #651, #2041, #1306 ) ) ;
#1565 = CIRCLE ( 'NONE', #2060, 0.2249999999999999500 ) ;
#1566 = FACE_OUTER_BOUND ( 'NONE', #372, .T. ) ;
#1567 = EDGE_CURVE ( 'NONE', #2531, #3900, #2950, .T. ) ;
#1568 = ORIENTED_EDGE ( 'NONE', *, *, #2132, .T. ) ;
#1569 = VECTOR ( 'NONE', #298, 1000.000000000000000 ) ;
#1570 = ORIENTED_EDGE ( 'NONE', *, *, #2307, .F. ) ;
#1571 = CARTESIAN_POINT ( 'NONE',  ( 1.873202529054277000E-014, 1.036396103067896100, -0.4500000000000249900 ) ) ;
#1572 = LINE ( 'NONE', #1083, #2586 ) ;
#1573 = ORIENTED_EDGE ( 'NONE', *, *, #927, .F. ) ;
#1574 = LINE ( 'NONE', #1012, #719 ) ;
#1575 = ORIENTED_EDGE ( 'NONE', *, *, #1120, .T. ) ;
#1576 = DIRECTION ( 'NONE',  ( 0.0000000000000000000, 0.0000000000000000000, -1.000000000000000000 ) ) ;
#1577 = DIRECTION ( 'NONE',  ( 0.0000000000000000000, 0.0000000000000000000, 1.000000000000000000 ) ) ;
#1578 = VECTOR ( 'NONE', #2650, 1000.000000000000000 ) ;
#1579 = VERTEX_POINT ( 'NONE', #1293 ) ;
#1580 = VERTEX_POINT ( 'NONE', #3262 ) ;
#1581 = CARTESIAN_POINT ( 'NONE',  ( 0.9999999999999863400, 0.05000000000000002400, 0.6500000000000000200 ) ) ;
#1582 = DIRECTION ( 'NONE',  ( 0.0000000000000000000, 0.0000000000000000000, 1.000000000000000000 ) ) ;
#1583 = CARTESIAN_POINT ( 'NONE',  ( 0.5999999999999864300, 0.3999999999999999700, 0.8499999999999999800 ) ) ;
#1584 = ADVANCED_FACE ( 'NONE', ( #2167 ), #2596, .F. ) ;
#1585 = EDGE_CURVE ( 'NONE', #2323, #110, #4173, .T. ) ;
#1586 = AXIS2_PLACEMENT_3D ( 'NONE', #3379, #3712, #2081 ) ;
#1587 = DIRECTION ( 'NONE',  ( 0.0000000000000000000, -0.0000000000000000000, 1.000000000000000000 ) ) ;
#1588 = ORIENTED_EDGE ( 'NONE', *, *, #573, .F. ) ;
#1589 = EDGE_CURVE ( 'NONE', #762, #4125, #351, .T. ) ;
#1590 = VERTEX_POINT ( 'NONE', #2912 ) ;
#1591 = DIRECTION ( 'NONE',  ( 0.0000000000000000000, 0.0000000000000000000, -1.000000000000000000 ) ) ;
#1592 = DIRECTION ( 'NONE',  ( 0.0000000000000000000, 0.0000000000000000000, 1.000000000000000000 ) ) ;
#1593 = EDGE_CURVE ( 'NONE', #905, #1343, #3706, .T. ) ;
#1594 = CARTESIAN_POINT ( 'NONE',  ( 0.5999999999999864300, 0.0000000000000000000, 0.4500000000000000100 ) ) ;
#1595 = ORIENTED_EDGE ( 'NONE', *, *, #3819, .T. ) ;
#1596 = PLANE ( 'NONE',  #1735 ) ;
#1597 = VECTOR ( 'NONE', #916, 1000.000000000000000 ) ;
#1598 = PLANE ( 'NONE',  #4172 ) ;
#1599 = VECTOR ( 'NONE', #4062, 1000.000000000000000 ) ;
#1600 = EDGE_LOOP ( 'NONE', ( #3929, #3795, #1000, #1979 ) ) ;
#1601 = VERTEX_POINT ( 'NONE', #2238 ) ;
#1602 = AXIS2_PLACEMENT_3D ( 'NONE', #3032, #41, #2324 ) ;
#1603 = DIRECTION ( 'NONE',  ( 0.0000000000000000000, 0.0000000000000000000, -1.000000000000000000 ) ) ;
#1604 = VERTEX_POINT ( 'NONE', #2686 ) ;
#1605 = ORIENTED_EDGE ( 'NONE', *, *, #2058, .F. ) ;
#1606 =( NAMED_UNIT ( * ) PLANE_ANGLE_UNIT ( ) SI_UNIT ( $, .RADIAN. ) );
#1607 = EDGE_CURVE ( 'NONE', #846, #2620, #3450, .T. ) ;
#1608 = EDGE_LOOP ( 'NONE', ( #781, #1701, #409, #3143 ) ) ;
#1609 = LINE ( 'NONE', #58, #3242 ) ;
#1610 = ORIENTED_EDGE ( 'NONE', *, *, #429, .T. ) ;
#1611 = VECTOR ( 'NONE', #4188, 1000.000000000000000 ) ;
#1612 = EDGE_CURVE ( 'NONE', #2894, #2989, #3299, .T. ) ;
#1613 = DIRECTION ( 'NONE',  ( 3.651466918234302200E-016, 0.0000000000000000000, 1.000000000000000000 ) ) ;
#1614 = FACE_OUTER_BOUND ( 'NONE', #554, .T. ) ;
#1615 = CARTESIAN_POINT ( 'NONE',  ( -0.5499999999999865000, 0.05000000000000002400, 0.7999999999999999300 ) ) ;
#1616 = ORIENTED_EDGE ( 'NONE', *, *, #27, .T. ) ;
#1617 = FACE_OUTER_BOUND ( 'NONE', #474, .T. ) ;
#1618 = VERTEX_POINT ( 'NONE', #2045 ) ;
#1619 = ADVANCED_FACE ( 'NONE', ( #2853 ), #2906, .F. ) ;
#1620 = CYLINDRICAL_SURFACE ( 'NONE', #497, 0.04999999999999991300 ) ;
#1621 = SURFACE_STYLE_USAGE ( .BOTH. , #993 ) ;
#1622 = ORIENTED_EDGE ( 'NONE', *, *, #419, .T. ) ;
#1623 = ADVANCED_FACE ( 'NONE', ( #1981 ), #736, .T. ) ;
#1624 = DIRECTION ( 'NONE',  ( -0.0000000000000000000, 1.000000000000000000, -0.0000000000000000000 ) ) ;
#1625 = LINE ( 'NONE', #3099, #3164 ) ;
#1626 = DIRECTION ( 'NONE',  ( 0.0000000000000000000, -1.000000000000000000, 0.0000000000000000000 ) ) ;
#1627 = ORIENTED_EDGE ( 'NONE', *, *, #2745, .F. ) ;
#1628 = EDGE_CURVE ( 'NONE', #3225, #1704, #909, .T. ) ;
#1629 = AXIS2_PLACEMENT_3D ( 'NONE', #2997, #1048, #1692 ) ;
#1630 = CARTESIAN_POINT ( 'NONE',  ( 1.000000000000000000, 0.3999999999999999700, 6.933347799794049100E-029 ) ) ;
#1631 = ORIENTED_EDGE ( 'NONE', *, *, #648, .T. ) ;
#1632 = CARTESIAN_POINT ( 'NONE',  ( 0.5499999999999865000, 0.0000000000000000000, 0.0000000000000000000 ) ) ;
#1633 = EDGE_LOOP ( 'NONE', ( #1882, #3651, #55, #2830 ) ) ;
#1634 = EDGE_CURVE ( 'NONE', #110, #3501, #1162, .T. ) ;
#1635 = LINE ( 'NONE', #3026, #2456 ) ;
#1636 = EDGE_LOOP ( 'NONE', ( #2108, #3737, #4216, #3021 ) ) ;
#1637 = CARTESIAN_POINT ( 'NONE',  ( -1.000000000000000000, 0.4000000000000000200, 1.000000000000000000 ) ) ;
#1638 = DIRECTION ( 'NONE',  ( -0.0000000000000000000, -1.000000000000000000, 0.0000000000000000000 ) ) ;
#1639 = EDGE_CURVE ( 'NONE', #660, #125, #1880, .T. ) ;
#1640 = DIRECTION ( 'NONE',  ( -0.0000000000000000000, -1.000000000000000000, -0.0000000000000000000 ) ) ;
#1641 = EDGE_LOOP ( 'NONE', ( #3911, #204, #4176, #1622 ) ) ;
#1642 = DIRECTION ( 'NONE',  ( 0.0000000000000000000, -0.0000000000000000000, 1.000000000000000000 ) ) ;
#1643 = LINE ( 'NONE', #3952, #596 ) ;
#1644 = CARTESIAN_POINT ( 'NONE',  ( -3.103746880499157700E-016, 0.4000000000000000200, 0.8500000000000002000 ) ) ;
#1645 = VERTEX_POINT ( 'NONE', #2703 ) ;
#1646 = CARTESIAN_POINT ( 'NONE',  ( -0.5500000000000001600, 0.4000000000000000200, -0.0000000000000000000 ) ) ;
#1647 = CARTESIAN_POINT ( 'NONE',  ( -0.6000000000000000900, 1.036396103067896100, -0.8499999999999999800 ) ) ;
#1648 = DIRECTION ( 'NONE',  ( 3.854941057726238700E-015, 0.0000000000000000000, 1.000000000000000000 ) ) ;
#1649 = CARTESIAN_POINT ( 'NONE',  ( 0.0000000000000000000, 0.0000000000000000000, 0.0000000000000000000 ) ) ;
#1650 = ORIENTED_EDGE ( 'NONE', *, *, #3710, .F. ) ;
#1651 = MECHANICAL_DESIGN_GEOMETRIC_PRESENTATION_REPRESENTATION (  '', ( #723 ), #51 ) ;
#1652 = ORIENTED_EDGE ( 'NONE', *, *, #834, .F. ) ;
#1653 = CARTESIAN_POINT ( 'NONE',  ( 0.6000000000000000900, 1.036396103067896100, -0.8499999999999999800 ) ) ;
#1654 = EDGE_LOOP ( 'NONE', ( #693, #3251, #3539, #1650 ) ) ;
#1655 = LINE ( 'NONE', #3552, #2788 ) ;
#1656 = CARTESIAN_POINT ( 'NONE',  ( -0.9999999999999863400, 0.4000000000000000200, 0.8749999999999998900 ) ) ;
#1657 = EDGE_CURVE ( 'NONE', #3156, #1552, #3654, .T. ) ;
#1658 = AXIS2_PLACEMENT_3D ( 'NONE', #2279, #78, #4006 ) ;
#1659 = ADVANCED_FACE ( 'NONE', ( #3548 ), #2274, .T. ) ;
#1660 = VECTOR ( 'NONE', #914, 1000.000000000000000 ) ;
#1661 = CARTESIAN_POINT ( 'NONE',  ( 0.5499999999999932700, 0.4000000000000000200, 0.1499999999999999700 ) ) ;
#1662 = VERTEX_POINT ( 'NONE', #2070 ) ;
#1663 = VECTOR ( 'NONE', #908, 1000.000000000000000 ) ;
#1664 = VERTEX_POINT ( 'NONE', #3062 ) ;
#1665 = CARTESIAN_POINT ( 'NONE',  ( 3.103746880499157700E-016, 0.4000000000000000200, -0.8500000000000002000 ) ) ;
#1666 = VECTOR ( 'NONE', #363, 1000.000000000000000 ) ;
#1667 = EDGE_CURVE ( 'NONE', #2323, #2485, #203, .T. ) ;
#1668 = VECTOR ( 'NONE', #2602, 1000.000000000000000 ) ;
#1669 = ORIENTED_EDGE ( 'NONE', *, *, #4010, .T. ) ;
#1670 = DIRECTION ( 'NONE',  ( -0.0000000000000000000, -1.000000000000000000, -0.0000000000000000000 ) ) ;
#1671 = CARTESIAN_POINT ( 'NONE',  ( -0.5499999999999932700, 0.4000000000000000200, -0.1499999999999999700 ) ) ;
#1672 = CARTESIAN_POINT ( 'NONE',  ( -0.9999999999999863400, 0.05000000000000002400, 0.4250000000000000400 ) ) ;
#1673 = CIRCLE ( 'NONE', #1157, 0.2250000000000046700 ) ;
#1674 = EDGE_LOOP ( 'NONE', ( #3487, #2774, #1038, #1518 ) ) ;
#1675 = CARTESIAN_POINT ( 'NONE',  ( -0.5999999999999864300, 0.4000000000000000200, 0.7999999999999999300 ) ) ;
#1676 = AXIS2_PLACEMENT_3D ( 'NONE', #2715, #378, #441 ) ;
#1677 = ORIENTED_EDGE ( 'NONE', *, *, #1041, .F. ) ;
#1678 = CARTESIAN_POINT ( 'NONE',  ( 1.000000000000000000, 0.05000000000000000300, 1.000000000000000000 ) ) ;
#1679 = PLANE ( 'NONE',  #1067 ) ;
#1680 = DIRECTION ( 'NONE',  ( 0.0000000000000000000, -1.000000000000000000, 0.0000000000000000000 ) ) ;
#1681 = CLOSED_SHELL ( 'NONE', ( #3243, #3188, #2777, #974, #2578, #1814, #2499, #3510, #3134, #1849, #510, #462, #753, #2432, #2164, #1073, #4017, #262, #3390, #2247, #3163, #1449, #1897, #874, #2059, #3553, #998, #1966, #2947, #194, #416, #2044, #2427, #687, #2401, #321, #1623, #2846, #3898, #2031, #1149, #3382, #2186, #1988, #1296, #1883, #3571, #2987, #3361, #3877, #3729, #3858, #1729, #3490 ) ) ;
#1682 = EDGE_CURVE ( 'NONE', #3344, #1645, #302, .T. ) ;
#1683 = STYLED_ITEM ( 'NONE', ( #2205 ), #3705 ) ;
#1684 = VERTEX_POINT ( 'NONE', #2153 ) ;
#1685 = EDGE_CURVE ( 'NONE', #19, #3589, #865, .T. ) ;
#1686 = LINE ( 'NONE', #907, #2296 ) ;
#1687 = ORIENTED_EDGE ( 'NONE', *, *, #2148, .T. ) ;
#1688 = DIRECTION ( 'NONE',  ( 0.0000000000000000000, -1.000000000000000000, 0.0000000000000000000 ) ) ;
#1689 = VECTOR ( 'NONE', #96, 1000.000000000000000 ) ;
#1690 = LINE ( 'NONE', #4108, #3988 ) ;
#1691 = CARTESIAN_POINT ( 'NONE',  ( 7.302933836468611300E-017, 0.4000000000000000200, -0.2000000000000002100 ) ) ;
#1692 = DIRECTION ( 'NONE',  ( 0.0000000000000000000, 0.0000000000000000000, -1.000000000000000000 ) ) ;
#1693 = AXIS2_PLACEMENT_3D ( 'NONE', #2862, #3862, #919 ) ;
#1694 = CARTESIAN_POINT ( 'NONE',  ( 3.103746880499157700E-016, 0.3999999999999999700, 0.8500000000000002000 ) ) ;
#1695 = ADVANCED_FACE ( 'NONE', ( #39 ), #1620, .T. ) ;
#1696 = ORIENTED_EDGE ( 'NONE', *, *, #165, .T. ) ;
#1697 = VECTOR ( 'NONE', #3177, 1000.000000000000000 ) ;
#1698 = VERTEX_POINT ( 'NONE', #980 ) ;
#1699 = DIRECTION ( 'NONE',  ( -1.000000000000000000, 0.0000000000000000000, -4.162672286787051700E-014 ) ) ;
#1700 = AXIS2_PLACEMENT_3D ( 'NONE', #1388, #44, #427 ) ;
#1701 = ORIENTED_EDGE ( 'NONE', *, *, #4208, .F. ) ;
#1702 = LINE ( 'NONE', #740, #76 ) ;
#1703 = ADVANCED_FACE ( 'NONE', ( #2704 ), #3563, .T. ) ;
#1704 = VERTEX_POINT ( 'NONE', #3551 ) ;
#1705 = ORIENTED_EDGE ( 'NONE', *, *, #638, .T. ) ;
#1706 = VECTOR ( 'NONE', #368, 1000.000000000000000 ) ;
#1707 = EDGE_LOOP ( 'NONE', ( #2156, #4178, #1354, #1570 ) ) ;
#1708 = PLANE ( 'NONE',  #2554 ) ;
#1709 = CARTESIAN_POINT ( 'NONE',  ( 0.5499999999999865000, 0.4000000000000000200, 0.5000000000000000000 ) ) ;
#1710 = DIRECTION ( 'NONE',  ( -0.0000000000000000000, -1.000000000000000000, -0.0000000000000000000 ) ) ;
#1711 = EDGE_CURVE ( 'NONE', #3098, #400, #1414, .T. ) ;
#1712 = CARTESIAN_POINT ( 'NONE',  ( 0.5999999999999932100, 0.0000000000000000000, 0.1999999999999999800 ) ) ;
#1713 = AXIS2_PLACEMENT_3D ( 'NONE', #3078, #3411, #509 ) ;
#1714 = VECTOR ( 'NONE', #1014, 1000.000000000000000 ) ;
#1715 = DIRECTION ( 'NONE',  ( 0.0000000000000000000, 0.0000000000000000000, -1.000000000000000000 ) ) ;
#1716 = VERTEX_POINT ( 'NONE', #2913 ) ;
#1717 = CIRCLE ( 'NONE', #2281, 0.2250000000000015600 ) ;
#1718 = ORIENTED_EDGE ( 'NONE', *, *, #3965, .F. ) ;
#1719 = LINE ( 'NONE', #148, #2268 ) ;
#1720 = ORIENTED_EDGE ( 'NONE', *, *, #3353, .T. ) ;
#1721 = EDGE_CURVE ( 'NONE', #505, #837, #2489, .T. ) ;
#1722 = AXIS2_PLACEMENT_3D ( 'NONE', #3030, #1378, #1077 ) ;
#1723 = CARTESIAN_POINT ( 'NONE',  ( -3.651466918234303800E-017, 0.05000000000000000300, 0.2000000000000000900 ) ) ;
#1724 = DIRECTION ( 'NONE',  ( 0.0000000000000000000, 0.0000000000000000000, -1.000000000000000000 ) ) ;
#1725 = EDGE_LOOP ( 'NONE', ( #275, #3690, #233, #2792, #728, #1146, #831, #3989, #1408, #875 ) ) ;
#1726 = EDGE_CURVE ( 'NONE', #1590, #1601, #2945, .T. ) ;
#1727 = SURFACE_STYLE_USAGE ( .BOTH. , #2049 ) ;
#1728 = CARTESIAN_POINT ( 'NONE',  ( -0.5499999999999932700, 0.05000000000000002400, -0.1499999999999999700 ) ) ;
#1729 = ADVANCED_FACE ( 'NONE', ( #196 ), #1950, .F. ) ;
#1730 = CARTESIAN_POINT ( 'NONE',  ( -1.000000000000000000, 0.0000000000000000000, -0.0000000000000000000 ) ) ;
#1731 = AXIS2_PLACEMENT_3D ( 'NONE', #869, #1557, #3825 ) ;
#1732 = CARTESIAN_POINT ( 'NONE',  ( 0.0000000000000000000, 0.0000000000000000000, 0.0000000000000000000 ) ) ;
#1733 = ORIENTED_EDGE ( 'NONE', *, *, #4217, .T. ) ;
#1734 = CARTESIAN_POINT ( 'NONE',  ( 0.6000000000000000900, 0.4000000000000000200, -0.4500000000000000100 ) ) ;
#1735 = AXIS2_PLACEMENT_3D ( 'NONE', #640, #23, #1642 ) ;
#1736 = ORIENTED_EDGE ( 'NONE', *, *, #1212, .F. ) ;
#1737 = DIRECTION ( 'NONE',  ( 0.0000000000000000000, -1.000000000000000000, -0.0000000000000000000 ) ) ;
#1738 = CARTESIAN_POINT ( 'NONE',  ( -0.8969223593595515600, 0.0000000000000000000, 0.1999999999999999300 ) ) ;
#1739 = CARTESIAN_POINT ( 'NONE',  ( -1.000000000000000000, 0.4000000000000000200, -1.000000000000000000 ) ) ;
#1740 = CARTESIAN_POINT ( 'NONE',  ( -0.5499999999999865000, 1.036396103067896100, 0.0000000000000000000 ) ) ;
#1741 = FACE_OUTER_BOUND ( 'NONE', #2519, .T. ) ;
#1742 = VERTEX_POINT ( 'NONE', #3878 ) ;
#1743 = EDGE_CURVE ( 'NONE', #1800, #2461, #1362, .T. ) ;
#1744 = AXIS2_PLACEMENT_3D ( 'NONE', #2824, #2955, #3920 ) ;
#1745 = CARTESIAN_POINT ( 'NONE',  ( 0.9999999999999933400, 0.3999999999999999700, -0.1999999999999998700 ) ) ;
#1746 = CARTESIAN_POINT ( 'NONE',  ( -0.9999999999999863400, 0.4000000000000000200, 0.8749999999999998900 ) ) ;
#1747 = CARTESIAN_POINT ( 'NONE',  ( -0.9999999999999863400, 1.036396103067896100, 0.4500000000000001200 ) ) ;
#1748 = PRESENTATION_STYLE_ASSIGNMENT (( #2206 ) ) ;
#1749 = VERTEX_POINT ( 'NONE', #2597 ) ;
#1750 = DIRECTION ( 'NONE',  ( -0.0000000000000000000, -1.000000000000000000, 0.0000000000000000000 ) ) ;
#1751 = PLANE ( 'NONE',  #588 ) ;
#1752 = EDGE_LOOP ( 'NONE', ( #291, #3787, #4063, #2581 ) ) ;
#1753 = VECTOR ( 'NONE', #1031, 1000.000000000000000 ) ;
#1754 = CARTESIAN_POINT ( 'NONE',  ( -1.000000000000000000, 1.036396103067896100, -0.8749999999999998900 ) ) ;
#1755 = CARTESIAN_POINT ( 'NONE',  ( -0.9999999999999933400, 0.4000000000000000200, 0.2250000000000000100 ) ) ;
#1756 = ORIENTED_EDGE ( 'NONE', *, *, #2292, .F. ) ;
#1757 = ORIENTED_EDGE ( 'NONE', *, *, #1832, .T. ) ;
#1758 = AXIS2_PLACEMENT_3D ( 'NONE', #971, #3601, #356 ) ;
#1759 = DIRECTION ( 'NONE',  ( 0.0000000000000000000, 0.0000000000000000000, -1.000000000000000000 ) ) ;
#1760 = ORIENTED_EDGE ( 'NONE', *, *, #3512, .T. ) ;
#1761 = LINE ( 'NONE', #168, #3036 ) ;
#1762 = ORIENTED_EDGE ( 'NONE', *, *, #2178, .F. ) ;
#1763 = DIRECTION ( 'NONE',  ( 0.0000000000000000000, -1.000000000000000000, 0.0000000000000000000 ) ) ;
#1764 = DIRECTION ( 'NONE',  ( -0.0000000000000000000, -1.000000000000000000, -0.0000000000000000000 ) ) ;
#1765 = CIRCLE ( 'NONE', #1138, 0.04999999999999996800 ) ;
#1766 = ORIENTED_EDGE ( 'NONE', *, *, #3948, .T. ) ;
#1767 = FACE_OUTER_BOUND ( 'NONE', #2150, .T. ) ;
#1768 = VERTEX_POINT ( 'NONE', #2925 ) ;
#1769 = FACE_OUTER_BOUND ( 'NONE', #592, .T. ) ;
#1770 = VERTEX_POINT ( 'NONE', #969 ) ;
#1771 = CARTESIAN_POINT ( 'NONE',  ( 0.6000000000000000900, 0.3999999999999999700, -0.7999999999999999300 ) ) ;
#1772 = DIRECTION ( 'NONE',  ( 0.0000000000000000000, 0.0000000000000000000, -1.000000000000000000 ) ) ;
#1773 = EDGE_CURVE ( 'NONE', #81, #2878, #4222, .T. ) ;
#1774 = DIRECTION ( 'NONE',  ( 1.825733459117151100E-016, 0.0000000000000000000, -1.000000000000000000 ) ) ;
#1775 = AXIS2_PLACEMENT_3D ( 'NONE', #1787, #193, #3741 ) ;
#1776 = VECTOR ( 'NONE', #3667, 1000.000000000000000 ) ;
#1777 = LINE ( 'NONE', #3060, #579 ) ;
#1778 = ORIENTED_EDGE ( 'NONE', *, *, #1773, .F. ) ;
#1779 = CARTESIAN_POINT ( 'NONE',  ( 1.000000000000000000, 0.0000000000000000000, -0.8499999999999998700 ) ) ;
#1780 = LINE ( 'NONE', #1424, #1118 ) ;
#1781 = EDGE_CURVE ( 'NONE', #3035, #2896, #664, .T. ) ;
#1782 = CARTESIAN_POINT ( 'NONE',  ( -1.000000000000000000, 1.036396103067896100, -0.6500000000000000200 ) ) ;
#1783 = EDGE_CURVE ( 'NONE', #1300, #1770, #1310, .T. ) ;
#1784 = DIRECTION ( 'NONE',  ( 0.0000000000000000000, 0.0000000000000000000, -1.000000000000000000 ) ) ;
#1785 = CARTESIAN_POINT ( 'NONE',  ( 1.000000000000000000, 0.0000000000000000000, -0.8749999999999998900 ) ) ;
#1786 = CARTESIAN_POINT ( 'NONE',  ( 0.6000000000000000900, 0.4000000000000000200, -0.8499999999999999800 ) ) ;
#1787 = CARTESIAN_POINT ( 'NONE',  ( 3.103746880499157700E-016, 1.036396103067896100, -0.8500000000000002000 ) ) ;
#1788 = ORIENTED_EDGE ( 'NONE', *, *, #2948, .T. ) ;
#1789 = ADVANCED_FACE ( 'NONE', ( #344 ), #4207, .F. ) ;
#1790 = DIRECTION ( 'NONE',  ( -0.0000000000000000000, -1.000000000000000000, 0.0000000000000000000 ) ) ;
#1791 = CARTESIAN_POINT ( 'NONE',  ( -1.000000000000000000, 0.3999999999999999700, -0.6500000000000000200 ) ) ;
#1792 = VERTEX_POINT ( 'NONE', #3221 ) ;
#1793 = ORIENTED_EDGE ( 'NONE', *, *, #3330, .T. ) ;
#1794 = EDGE_CURVE ( 'NONE', #2639, #3294, #3650, .T. ) ;
#1795 = AXIS2_PLACEMENT_3D ( 'NONE', #970, #2577, #1295 ) ;
#1796 = CARTESIAN_POINT ( 'NONE',  ( 1.000000000000000000, 0.4000000000000000200, 1.000000000000000000 ) ) ;
#1797 = EDGE_CURVE ( 'NONE', #2353, #3156, #619, .T. ) ;
#1798 = ORIENTED_EDGE ( 'NONE', *, *, #1639, .F. ) ;
#1799 = FACE_OUTER_BOUND ( 'NONE', #1564, .T. ) ;
#1800 = VERTEX_POINT ( 'NONE', #328 ) ;
#1801 = CARTESIAN_POINT ( 'NONE',  ( -1.000000000000000000, 0.0000000000000000000, -0.6500000000000000200 ) ) ;
#1802 = CARTESIAN_POINT ( 'NONE',  ( 1.000000000000000000, 0.4000000000000000200, -1.000000000000000000 ) ) ;
#1803 = ORIENTED_EDGE ( 'NONE', *, *, #573, .T. ) ;
#1804 = CIRCLE ( 'NONE', #2173, 0.04999999999999991300 ) ;
#1805 = ORIENTED_EDGE ( 'NONE', *, *, #2009, .F. ) ;
#1806 = EDGE_CURVE ( 'NONE', #2466, #3951, #860, .T. ) ;
#1807 = DIRECTION ( 'NONE',  ( 1.000000000000000000, 0.0000000000000000000, 0.0000000000000000000 ) ) ;
#1808 = CARTESIAN_POINT ( 'NONE',  ( 0.6000000000000000900, 0.3999999999999999700, -0.5000000000000000000 ) ) ;
#1809 = ORIENTED_EDGE ( 'NONE', *, *, #3566, .T. ) ;
#1810 = FACE_OUTER_BOUND ( 'NONE', #3523, .T. ) ;
#1811 = ORIENTED_EDGE ( 'NONE', *, *, #1685, .T. ) ;
#1812 = DIRECTION ( 'NONE',  ( 0.0000000000000000000, -1.000000000000000000, 0.0000000000000000000 ) ) ;
#1813 = DIRECTION ( 'NONE',  ( -0.0000000000000000000, -0.0000000000000000000, 1.000000000000000000 ) ) ;
#1814 = ADVANCED_FACE ( 'NONE', ( #2848 ), #1598, .T. ) ;
#1815 = AXIS2_PLACEMENT_3D ( 'NONE', #2314, #3599, #418 ) ;
#1816 = VERTEX_POINT ( 'NONE', #2962 ) ;
#1817 = FACE_OUTER_BOUND ( 'NONE', #476, .T. ) ;
#1818 = VERTEX_POINT ( 'NONE', #2074 ) ;
#1819 = CARTESIAN_POINT ( 'NONE',  ( 0.6000000000000000900, 1.036396103067896100, -0.5000000000000000000 ) ) ;
#1820 = CARTESIAN_POINT ( 'NONE',  ( 0.9999999999999863400, 0.4000000000000000200, 0.8749999999999998900 ) ) ;
#1821 = EDGE_LOOP ( 'NONE', ( #2567, #1504, #1559, #349 ) ) ;
#1822 = CIRCLE ( 'NONE', #187, 0.2249999999999999500 ) ;
#1823 = EDGE_CURVE ( 'NONE', #3783, #3225, #2794, .T. ) ;
#1824 = FACE_OUTER_BOUND ( 'NONE', #1821, .T. ) ;
#1825 = EDGE_LOOP ( 'NONE', ( #658, #246, #3883, #806 ) ) ;
#1826 = ORIENTED_EDGE ( 'NONE', *, *, #3118, .T. ) ;
#1827 = DIRECTION ( 'NONE',  ( 0.0000000000000000000, 0.0000000000000000000, 1.000000000000000000 ) ) ;
#1828 = VECTOR ( 'NONE', #654, 1000.000000000000000 ) ;
#1829 = CARTESIAN_POINT ( 'NONE',  ( 1.000000000000000000, 0.05000000000000000300, -1.000000000000000000 ) ) ;
#1830 = ORIENTED_EDGE ( 'NONE', *, *, #1860, .F. ) ;
#1831 = CARTESIAN_POINT ( 'NONE',  ( 3.103746880499157700E-016, 0.4000000000000000200, 0.8500000000000002000 ) ) ;
#1832 = EDGE_CURVE ( 'NONE', #4092, #503, #4012, .T. ) ;
#1833 =( NAMED_UNIT ( * ) PLANE_ANGLE_UNIT ( ) SI_UNIT ( $, .RADIAN. ) );
#1834 = DIRECTION ( 'NONE',  ( -1.000000000000000000, 0.0000000000000000000, 0.0000000000000000000 ) ) ;
#1835 = CARTESIAN_POINT ( 'NONE',  ( -0.5499999999999932700, 0.3999999999999999700, 0.1499999999999999700 ) ) ;
#1836 = EDGE_CURVE ( 'NONE', #2776, #72, #4119, .T. ) ;
#1837 = EDGE_LOOP ( 'NONE', ( #4200, #238, #3075, #1720 ) ) ;
#1838 = DIRECTION ( 'NONE',  ( -1.000000000000000000, 0.0000000000000000000, 1.825733459117151100E-016 ) ) ;
#1839 = DIRECTION ( 'NONE',  ( 0.0000000000000000000, -0.0000000000000000000, 1.000000000000000000 ) ) ;
#1840 = VERTEX_POINT ( 'NONE', #1117 ) ;
#1841 = DIRECTION ( 'NONE',  ( 0.0000000000000000000, 0.0000000000000000000, -1.000000000000000000 ) ) ;
#1842 = ORIENTED_EDGE ( 'NONE', *, *, #2627, .F. ) ;
#1843 = CARTESIAN_POINT ( 'NONE',  ( -1.000000000000000000, 0.05000000000000002400, -0.6500000000000000200 ) ) ;
#1844 = CARTESIAN_POINT ( 'NONE',  ( -0.9999999999999933400, 0.3999999999999999700, -0.2249999999999999500 ) ) ;
#1845 = PLANE ( 'NONE',  #2561 ) ;
#1846 = VECTOR ( 'NONE', #3420, 1000.000000000000000 ) ;
#1847 = ORIENTED_EDGE ( 'NONE', *, *, #2397, .T. ) ;
#1848 = CARTESIAN_POINT ( 'NONE',  ( -0.5999999999999864300, 0.0000000000000000000, 0.7999999999999999300 ) ) ;
#1849 = ADVANCED_FACE ( 'NONE', ( #1824 ), #1099, .F. ) ;
#1850 = DIRECTION ( 'NONE',  ( 0.0000000000000000000, 0.0000000000000000000, -1.000000000000000000 ) ) ;
#1851 = FACE_OUTER_BOUND ( 'NONE', #2740, .T. ) ;
#1852 = ORIENTED_EDGE ( 'NONE', *, *, #3438, .T. ) ;
#1853 = EDGE_CURVE ( 'NONE', #1095, #1352, #2165, .T. ) ;
#1854 = CARTESIAN_POINT ( 'NONE',  ( 1.000000000000000000, 0.4000000000000000200, -1.000000000000000000 ) ) ;
#1855 = CARTESIAN_POINT ( 'NONE',  ( 1.000000000000000000, 0.4000000000000000200, 1.000000000000000000 ) ) ;
#1856 = DIRECTION ( 'NONE',  ( 0.0000000000000000000, -1.000000000000000000, 0.0000000000000000000 ) ) ;
#1857 = ORIENTED_EDGE ( 'NONE', *, *, #2377, .T. ) ;
#1858 = VECTOR ( 'NONE', #3515, 1000.000000000000000 ) ;
#1859 = ADVANCED_FACE ( 'NONE', ( #90 ), #958, .T. ) ;
#1860 = EDGE_CURVE ( 'NONE', #2533, #2275, #2065, .T. ) ;
#1861 = ORIENTED_EDGE ( 'NONE', *, *, #3429, .F. ) ;
#1862 = LINE ( 'NONE', #2057, #3237 ) ;
#1863 = CARTESIAN_POINT ( 'NONE',  ( 0.5999999999999864300, 0.4000000000000000200, 0.5000000000000000000 ) ) ;
#1864 = CARTESIAN_POINT ( 'NONE',  ( 0.9999999999999933400, 1.036396103067896100, 0.0000000000000000000 ) ) ;
#1865 = ORIENTED_EDGE ( 'NONE', *, *, #927, .T. ) ;
#1866 = LINE ( 'NONE', #3963, #127 ) ;
#1867 = ORIENTED_EDGE ( 'NONE', *, *, #329, .T. ) ;
#1868 = EDGE_CURVE ( 'NONE', #3938, #1163, #3152, .T. ) ;
#1869 = VECTOR ( 'NONE', #3616, 1000.000000000000000 ) ;
#1870 = EDGE_LOOP ( 'NONE', ( #3834, #1616, #2832, #3693 ) ) ;
#1871 = VECTOR ( 'NONE', #3608, 1000.000000000000000 ) ;
#1872 = CARTESIAN_POINT ( 'NONE',  ( 0.5500000000000001600, 0.3999999999999999700, -0.7999999999999999300 ) ) ;
#1873 = AXIS2_PLACEMENT_3D ( 'NONE', #2481, #551, #4167 ) ;
#1874 = CIRCLE ( 'NONE', #3613, 0.04999999999999996800 ) ;
#1875 = ORIENTED_EDGE ( 'NONE', *, *, #3655, .F. ) ;
#1876 = LINE ( 'NONE', #3842, #3248 ) ;
#1877 = ORIENTED_EDGE ( 'NONE', *, *, #79, .F. ) ;
#1878 = PLANE ( 'NONE',  #4029 ) ;
#1879 = DIRECTION ( 'NONE',  ( 0.0000000000000000000, 1.000000000000000000, -0.0000000000000000000 ) ) ;
#1880 = CIRCLE ( 'NONE', #1270, 0.2000000000000072600 ) ;
#1881 = LINE ( 'NONE', #593, #622 ) ;
#1882 = ORIENTED_EDGE ( 'NONE', *, *, #845, .F. ) ;
#1883 = ADVANCED_FACE ( 'NONE', ( #1407 ), #1751, .F. ) ;
#1884 = AXIS2_PLACEMENT_3D ( 'NONE', #2714, #2337, #2350 ) ;
#1885 = CIRCLE ( 'NONE', #1245, 0.2250000000000047000 ) ;
#1886 = DIRECTION ( 'NONE',  ( 0.0000000000000000000, 0.0000000000000000000, 1.000000000000000000 ) ) ;
#1887 = DIRECTION ( 'NONE',  ( 3.651466918234302200E-016, 0.0000000000000000000, -1.000000000000000000 ) ) ;
#1888 = EDGE_CURVE ( 'NONE', #295, #2921, #1263, .T. ) ;
#1889 = AXIS2_PLACEMENT_3D ( 'NONE', #2100, #3731, #839 ) ;
#1890 = DIRECTION ( 'NONE',  ( 0.0000000000000000000, 0.0000000000000000000, -1.000000000000000000 ) ) ;
#1891 = CARTESIAN_POINT ( 'NONE',  ( -0.5999999999999864300, 0.0000000000000000000, 0.5000000000000000000 ) ) ;
#1892 = ORIENTED_EDGE ( 'NONE', *, *, #1336, .F. ) ;
#1893 = DIRECTION ( 'NONE',  ( 0.0000000000000000000, 1.000000000000000000, -0.0000000000000000000 ) ) ;
#1894 = EDGE_LOOP ( 'NONE', ( #642, #3431, #2937, #1242 ) ) ;
#1895 = CARTESIAN_POINT ( 'NONE',  ( -3.103746880499157700E-016, 0.05000000000000000300, -0.8500000000000002000 ) ) ;
#1896 = ORIENTED_EDGE ( 'NONE', *, *, #4123, .T. ) ;
#1897 = ADVANCED_FACE ( 'NONE', ( #1614 ), #443, .T. ) ;
#1898 =( LENGTH_UNIT ( ) NAMED_UNIT ( * ) SI_UNIT ( .MILLI., .METRE. ) );
#1899 = LINE ( 'NONE', #3307, #1032 ) ;
#1900 = ORIENTED_EDGE ( 'NONE', *, *, #2717, .F. ) ;
#1901 = DIRECTION ( 'NONE',  ( -0.0000000000000000000, 1.000000000000000000, 0.0000000000000000000 ) ) ;
#1902 = AXIS2_PLACEMENT_3D ( 'NONE', #2719, #3383, #463 ) ;
#1903 = PLANE ( 'NONE',  #2544 ) ;
#1904 = FACE_OUTER_BOUND ( 'NONE', #3577, .T. ) ;
#1905 = LINE ( 'NONE', #1998, #3522 ) ;
#1906 = ORIENTED_EDGE ( 'NONE', *, *, #3845, .F. ) ;
#1907 = DIRECTION ( 'NONE',  ( -0.0000000000000000000, -1.000000000000000000, 0.0000000000000000000 ) ) ;
#1908 = EDGE_CURVE ( 'NONE', #1069, #2700, #3250, .T. ) ;
#1909 = ORIENTED_EDGE ( 'NONE', *, *, #4201, .F. ) ;
#1910 = CIRCLE ( 'NONE', #2398, 0.2249999999999999500 ) ;
#1911 = AXIS2_PLACEMENT_3D ( 'NONE', #1063, #1425, #3011 ) ;
#1912 = DIRECTION ( 'NONE',  ( 1.000000000000000000, 0.0000000000000000000, 3.651466918234302200E-016 ) ) ;
#1913 = VERTEX_POINT ( 'NONE', #1734 ) ;
#1914 = EDGE_LOOP ( 'NONE', ( #726, #688, #3774, #3999 ) ) ;
#1915 = EDGE_CURVE ( 'NONE', #1137, #2673, #1719, .T. ) ;
#1916 = CARTESIAN_POINT ( 'NONE',  ( -0.9999999999999863400, 0.3999999999999999700, 0.6500000000000000200 ) ) ;
#1917 =( LENGTH_UNIT ( ) NAMED_UNIT ( * ) SI_UNIT ( .MILLI., .METRE. ) );
#1918 = ORIENTED_EDGE ( 'NONE', *, *, #1020, .F. ) ;
#1919 = VECTOR ( 'NONE', #2310, 1000.000000000000000 ) ;
#1920 = ORIENTED_EDGE ( 'NONE', *, *, #3316, .F. ) ;
#1921 = CARTESIAN_POINT ( 'NONE',  ( 0.5999999999999932100, 0.4000000000000000200, 0.1499999999999999700 ) ) ;
#1922 = COLOUR_RGB ( '',1.000000000000000000, 0.8117647058823529400, 0.5019607843137254800 ) ;
#1923 = ORIENTED_EDGE ( 'NONE', *, *, #2717, .T. ) ;
#1924 = FACE_OUTER_BOUND ( 'NONE', #3222, .T. ) ;
#1925 = DIRECTION ( 'NONE',  ( 0.0000000000000000000, -1.000000000000000000, 0.0000000000000000000 ) ) ;
#1926 = CIRCLE ( 'NONE', #533, 0.1999999999999999000 ) ;
#1927 = DIRECTION ( 'NONE',  ( 1.000000000000000000, 0.0000000000000000000, -1.825733459117151100E-016 ) ) ;
#1928 = ORIENTED_EDGE ( 'NONE', *, *, #2339, .T. ) ;
#1929 = ORIENTED_EDGE ( 'NONE', *, *, #1634, .T. ) ;
#1930 = CARTESIAN_POINT ( 'NONE',  ( -0.9999999999999933400, 1.036396103067896100, 0.0000000000000000000 ) ) ;
#1931 = AXIS2_PLACEMENT_3D ( 'NONE', #3212, #3465, #1255 ) ;
#1932 = CYLINDRICAL_SURFACE ( 'NONE', #2214, 0.2250000000000015600 ) ;
#1933 = FILL_AREA_STYLE ('',( #3204 ) ) ;
#1934 = CARTESIAN_POINT ( 'NONE',  ( 0.5999999999999864300, 0.05000000000000002400, 0.7999999999999999300 ) ) ;
#1935 = EDGE_CURVE ( 'NONE', #3810, #4040, #1572, .T. ) ;
#1936 = CARTESIAN_POINT ( 'NONE',  ( -1.873202529054277000E-014, 0.4000000000000000200, -0.4500000000000249900 ) ) ;
#1937 = EDGE_CURVE ( 'NONE', #75, #2876, #2376, .T. ) ;
#1938 = ADVANCED_FACE ( 'NONE', ( #1516 ), #3426, .T. ) ;
#1939 =( GEOMETRIC_REPRESENTATION_CONTEXT ( 3 ) GLOBAL_UNCERTAINTY_ASSIGNED_CONTEXT ( ( #1174 ) ) GLOBAL_UNIT_ASSIGNED_CONTEXT ( ( #2450, #1833, #1143 ) ) REPRESENTATION_CONTEXT ( 'NONE', 'WORKASPACE' ) );
#1940 = EDGE_LOOP ( 'NONE', ( #1967, #1861, #1313, #3065 ) ) ;
#1941 = DIRECTION ( 'NONE',  ( 0.0000000000000000000, -1.000000000000000000, -0.0000000000000000000 ) ) ;
#1942 = DIRECTION ( 'NONE',  ( -0.0000000000000000000, -1.000000000000000000, 0.0000000000000000000 ) ) ;
#1943 = CARTESIAN_POINT ( 'NONE',  ( 0.8969223593595446700, 0.0000000000000000000, 0.4500000000000001200 ) ) ;
#1944 = VERTEX_POINT ( 'NONE', #3782 ) ;
#1945 = CARTESIAN_POINT ( 'NONE',  ( -0.5499999999999932700, 0.05000000000000000300, 0.0000000000000000000 ) ) ;
#1946 = DIRECTION ( 'NONE',  ( -0.0000000000000000000, -1.000000000000000000, -0.0000000000000000000 ) ) ;
#1947 = VECTOR ( 'NONE', #1812, 1000.000000000000000 ) ;
#1948 = VERTEX_POINT ( 'NONE', #1165 ) ;
#1949 = CARTESIAN_POINT ( 'NONE',  ( -0.8969223593595515600, 0.3999999999999999700, -0.1999999999999998700 ) ) ;
#1950 = PLANE ( 'NONE',  #2127 ) ;
#1951 = VECTOR ( 'NONE', #2029, 1000.000000000000000 ) ;
#1952 = CIRCLE ( 'NONE', #1722, 0.04999999999999991300 ) ;
#1953 = VERTEX_POINT ( 'NONE', #160 ) ;
#1954 = ORIENTED_EDGE ( 'NONE', *, *, #1585, .F. ) ;
#1955 = CIRCLE ( 'NONE', #1658, 0.2249999999999999500 ) ;
#1956 = EDGE_LOOP ( 'NONE', ( #1573, #525, #1852, #40 ) ) ;
#1957 = ADVANCED_FACE ( 'NONE', ( #464 ), #3045, .T. ) ;
#1958 = EDGE_LOOP ( 'NONE', ( #1102, #1793, #3763, #1588 ) ) ;
#1959 = LINE ( 'NONE', #816, #2210 ) ;
#1960 = ORIENTED_EDGE ( 'NONE', *, *, #1034, .T. ) ;
#1961 = CARTESIAN_POINT ( 'NONE',  ( 0.6000000000000000900, 0.4000000000000000200, -0.7999999999999999300 ) ) ;
#1962 = EDGE_CURVE ( 'NONE', #3861, #3824, #3804, .T. ) ;
#1963 = AXIS2_PLACEMENT_3D ( 'NONE', #3445, #507, #2421 ) ;
#1964 = VERTEX_POINT ( 'NONE', #3464 ) ;
#1965 = VECTOR ( 'NONE', #461, 1000.000000000000000 ) ;
#1966 = ADVANCED_FACE ( 'NONE', ( #1211 ), #3102, .F. ) ;
#1967 = ORIENTED_EDGE ( 'NONE', *, *, #1280, .T. ) ;
#1968 = DIRECTION ( 'NONE',  ( -0.0000000000000000000, -1.000000000000000000, -0.0000000000000000000 ) ) ;
#1969 = DIRECTION ( 'NONE',  ( 0.0000000000000000000, 0.0000000000000000000, -1.000000000000000000 ) ) ;
#1970 = ORIENTED_EDGE ( 'NONE', *, *, #1685, .F. ) ;
#1971 = LINE ( 'NONE', #2784, #2984 ) ;
#1972 = ORIENTED_EDGE ( 'NONE', *, *, #54, .T. ) ;
#1973 = EDGE_CURVE ( 'NONE', #2863, #1792, #569, .T. ) ;
#1974 = CARTESIAN_POINT ( 'NONE',  ( -0.9999999999999863400, 0.0000000000000000000, 0.8499999999999998700 ) ) ;
#1975 = CARTESIAN_POINT ( 'NONE',  ( -0.6000000000000000900, 0.3999999999999999700, -0.4500000000000000100 ) ) ;
#1976 = DIRECTION ( 'NONE',  ( 1.000000000000000000, 0.0000000000000000000, 0.0000000000000000000 ) ) ;
#1977 = CARTESIAN_POINT ( 'NONE',  ( -0.9999999999999933400, 0.3999999999999999700, 0.0000000000000000000 ) ) ;
#1978 = PRESENTATION_STYLE_ASSIGNMENT (( #1621 ) ) ;
#1979 = ORIENTED_EDGE ( 'NONE', *, *, #4079, .T. ) ;
#1980 = ORIENTED_EDGE ( 'NONE', *, *, #3765, .T. ) ;
#1981 = FACE_OUTER_BOUND ( 'NONE', #964, .T. ) ;
#1982 = DIRECTION ( 'NONE',  ( -0.0000000000000000000, -1.000000000000000000, -0.0000000000000000000 ) ) ;
#1983 = ORIENTED_EDGE ( 'NONE', *, *, #1473, .F. ) ;
#1984 = DIRECTION ( 'NONE',  ( 0.0000000000000000000, 0.0000000000000000000, -1.000000000000000000 ) ) ;
#1985 = FACE_OUTER_BOUND ( 'NONE', #2016, .T. ) ;
#1986 = LINE ( 'NONE', #1030, #1578 ) ;
#1987 = CARTESIAN_POINT ( 'NONE',  ( 0.8969223593595446700, 0.4000000000000000200, 0.8499999999999998700 ) ) ;
#1988 = ADVANCED_FACE ( 'NONE', ( #410 ), #825, .F. ) ;
#1989 = CARTESIAN_POINT ( 'NONE',  ( -0.5999999999999932100, 0.0000000000000000000, -0.1999999999999999800 ) ) ;
#1990 = EDGE_CURVE ( 'NONE', #72, #2294, #717, .T. ) ;
#1991 = ORIENTED_EDGE ( 'NONE', *, *, #329, .F. ) ;
#1992 = ORIENTED_EDGE ( 'NONE', *, *, #1273, .F. ) ;
#1993 = EDGE_CURVE ( 'NONE', #1404, #2485, #4075, .T. ) ;
#1994 = CARTESIAN_POINT ( 'NONE',  ( -0.9999999999999863400, 0.3999999999999999700, 0.6500000000000000200 ) ) ;
#1995 = CARTESIAN_POINT ( 'NONE',  ( 1.000000000000000000, 0.8700000000000001100, -1.000000000000000000 ) ) ;
#1996 = DIRECTION ( 'NONE',  ( -2.987579319737813700E-014, 0.0000000000000000000, 1.000000000000000000 ) ) ;
#1997 = EDGE_CURVE ( 'NONE', #2838, #702, #1466, .T. ) ;
#1998 = CARTESIAN_POINT ( 'NONE',  ( 1.000000000000000000, 0.8700000000000001100, -1.000000000000000000 ) ) ;
#1999 = LINE ( 'NONE', #1344, #3681 ) ;
#2000 = DIRECTION ( 'NONE',  ( 0.0000000000000000000, 0.0000000000000000000, 1.000000000000000000 ) ) ;
#2001 = LINE ( 'NONE', #1446, #739 ) ;
#2002 = LINE ( 'NONE', #388, #2300 ) ;
#2003 = ORIENTED_EDGE ( 'NONE', *, *, #2307, .T. ) ;
#2004 = AXIS2_PLACEMENT_3D ( 'NONE', #2438, #4072, #2134 ) ;
#2005 = PLANE ( 'NONE',  #2949 ) ;
#2006 = DIRECTION ( 'NONE',  ( 0.0000000000000000000, 0.0000000000000000000, -1.000000000000000000 ) ) ;
#2007 = DIRECTION ( 'NONE',  ( -0.0000000000000000000, -1.000000000000000000, -0.0000000000000000000 ) ) ;
#2008 = CARTESIAN_POINT ( 'NONE',  ( -1.000000000000000000, 0.4000000000000000200, -0.8749999999999998900 ) ) ;
#2009 = EDGE_CURVE ( 'NONE', #1141, #1580, #520, .T. ) ;
#2010 = ORIENTED_EDGE ( 'NONE', *, *, #3978, .F. ) ;
#2011 = AXIS2_PLACEMENT_3D ( 'NONE', #902, #4226, #656 ) ;
#2012 = ORIENTED_EDGE ( 'NONE', *, *, #3438, .F. ) ;
#2013 = CARTESIAN_POINT ( 'NONE',  ( -1.000000000000000000, 0.4000000000000000200, 1.000000000000000000 ) ) ;
#2014 = ORIENTED_EDGE ( 'NONE', *, *, #3253, .F. ) ;
#2015 = CIRCLE ( 'NONE', #1795, 0.04999999999999991300 ) ;
#2016 = EDGE_LOOP ( 'NONE', ( #2753, #1842, #3939, #2367, #2028, #1160, #2643, #2052, #811, #885 ) ) ;
#2017 = EDGE_CURVE ( 'NONE', #2021, #3478, #3959, .T. ) ;
#2018 = AXIS2_PLACEMENT_3D ( 'NONE', #1022, #1321, #3585 ) ;
#2019 = LINE ( 'NONE', #314, #1112 ) ;
#2020 = CARTESIAN_POINT ( 'NONE',  ( -1.000000000000000000, 1.036396103067896100, 6.933347799794049100E-029 ) ) ;
#2021 = VERTEX_POINT ( 'NONE', #546 ) ;
#2022 = LINE ( 'NONE', #4157, #1569 ) ;
#2023 = ORIENTED_EDGE ( 'NONE', *, *, #3027, .F. ) ;
#2024 = CARTESIAN_POINT ( 'NONE',  ( -0.9999999999999933400, 0.0000000000000000000, -0.0000000000000000000 ) ) ;
#2025 = LINE ( 'NONE', #560, #1159 ) ;
#2026 = EDGE_CURVE ( 'NONE', #3950, #3344, #2025, .T. ) ;
#2027 = SURFACE_STYLE_FILL_AREA ( #105 ) ;
#2028 = ORIENTED_EDGE ( 'NONE', *, *, #3304, .F. ) ;
#2029 = DIRECTION ( 'NONE',  ( -0.0000000000000000000, -1.000000000000000000, -0.0000000000000000000 ) ) ;
#2030 = CARTESIAN_POINT ( 'NONE',  ( -0.6000000000000000900, 0.4000000000000000200, -0.5000000000000000000 ) ) ;
#2031 = ADVANCED_FACE ( 'NONE', ( #3755 ), #2428, .F. ) ;
#2032 = CARTESIAN_POINT ( 'NONE',  ( -1.643160113205435200E-016, 1.036396103067896100, 0.4499999999999997900 ) ) ;
#2033 = LINE ( 'NONE', #590, #577 ) ;
#2034 = ORIENTED_EDGE ( 'NONE', *, *, #227, .F. ) ;
#2035 = ORIENTED_EDGE ( 'NONE', *, *, #877, .F. ) ;
#2036 = AXIS2_PLACEMENT_3D ( 'NONE', #2861, #2812, #1182 ) ;
#2037 = DIRECTION ( 'NONE',  ( 0.0000000000000000000, 0.0000000000000000000, -1.000000000000000000 ) ) ;
#2038 = EDGE_CURVE ( 'NONE', #3478, #4163, #1926, .T. ) ;
#2039 = DIRECTION ( 'NONE',  ( -0.0000000000000000000, -1.000000000000000000, -0.0000000000000000000 ) ) ;
#2040 = CARTESIAN_POINT ( 'NONE',  ( 0.6000000000000000900, 0.05000000000000002400, -0.8499999999999999800 ) ) ;
#2041 = ORIENTED_EDGE ( 'NONE', *, *, #4051, .T. ) ;
#2042 = AXIS2_PLACEMENT_3D ( 'NONE', #3173, #1538, #567 ) ;
#2043 = ORIENTED_EDGE ( 'NONE', *, *, #2195, .F. ) ;
#2044 = ADVANCED_FACE ( 'NONE', ( #2898 ), #232, .T. ) ;
#2045 = CARTESIAN_POINT ( 'NONE',  ( -0.8969223593595446700, 0.4000000000000000200, 0.8499999999999998700 ) ) ;
#2046 = EDGE_CURVE ( 'NONE', #2204, #1370, #3398, .T. ) ;
#2047 = CIRCLE ( 'NONE', #4137, 0.2249999999999999500 ) ;
#2048 = LINE ( 'NONE', #311, #3725 ) ;
#2049 = SURFACE_SIDE_STYLE ('',( #3136 ) ) ;
#2050 = AXIS2_PLACEMENT_3D ( 'NONE', #2066, #3399, #2400 ) ;
#2051 = FACE_OUTER_BOUND ( 'NONE', #2271, .T. ) ;
#2052 = ORIENTED_EDGE ( 'NONE', *, *, #2009, .T. ) ;
#2053 = DIRECTION ( 'NONE',  ( 0.0000000000000000000, 0.0000000000000000000, -1.000000000000000000 ) ) ;
#2054 = VERTEX_POINT ( 'NONE', #2518 ) ;
#2055 = LINE ( 'NONE', #2743, #1505 ) ;
#2056 = ORIENTED_EDGE ( 'NONE', *, *, #3170, .T. ) ;
#2057 = CARTESIAN_POINT ( 'NONE',  ( -0.9999999999999933400, 1.036396103067896100, -0.2249999999999999500 ) ) ;
#2058 = EDGE_CURVE ( 'NONE', #93, #1137, #188, .T. ) ;
#2059 = ADVANCED_FACE ( 'NONE', ( #3292 ), #4162, .T. ) ;
#2060 = AXIS2_PLACEMENT_3D ( 'NONE', #1994, #1314, #365 ) ;
#2061 = VECTOR ( 'NONE', #1079, 1000.000000000000000 ) ;
#2062 = ORIENTED_EDGE ( 'NONE', *, *, #2729, .F. ) ;
#2063 = ORIENTED_EDGE ( 'NONE', *, *, #399, .F. ) ;
#2064 = CARTESIAN_POINT ( 'NONE',  ( -0.9999999999999863400, 0.0000000000000000000, 0.6500000000000000200 ) ) ;
#2065 = LINE ( 'NONE', #2084, #3446 ) ;
#2066 = CARTESIAN_POINT ( 'NONE',  ( -0.9999999999999933400, 1.036396103067896100, 0.0000000000000000000 ) ) ;
#2067 = ORIENTED_EDGE ( 'NONE', *, *, #2512, .T. ) ;
#2068 = LINE ( 'NONE', #541, #3798 ) ;
#2069 = EDGE_CURVE ( 'NONE', #2891, #1818, #405, .T. ) ;
#2070 = CARTESIAN_POINT ( 'NONE',  ( -0.9999999999999933400, 0.0000000000000000000, -0.1999999999999998700 ) ) ;
#2071 = VECTOR ( 'NONE', #621, 1000.000000000000000 ) ;
#2072 = VECTOR ( 'NONE', #3934, 1000.000000000000000 ) ;
#2073 = EDGE_LOOP ( 'NONE', ( #2983, #1506, #2803, #2679 ) ) ;
#2074 = CARTESIAN_POINT ( 'NONE',  ( 0.8969223593595515600, 0.05000000000000002400, 0.1999999999999999300 ) ) ;
#2075 = FACE_OUTER_BOUND ( 'NONE', #69, .T. ) ;
#2076 = DIRECTION ( 'NONE',  ( 0.0000000000000000000, -1.000000000000000000, 0.0000000000000000000 ) ) ;
#2077 = CARTESIAN_POINT ( 'NONE',  ( -0.5999999999999864300, 0.05000000000000002400, 0.4500000000000000700 ) ) ;
#2078 = ADVANCED_FACE ( 'NONE', ( #1461 ), #3477, .T. ) ;
#2079 = AXIS2_PLACEMENT_3D ( 'NONE', #2382, #2039, #1377 ) ;
#2080 = CARTESIAN_POINT ( 'NONE',  ( 0.5999999999999864300, 1.036396103067896100, 0.4500000000000000100 ) ) ;
#2081 = DIRECTION ( 'NONE',  ( 0.0000000000000000000, 0.0000000000000000000, -1.000000000000000000 ) ) ;
#2082 = ORIENTED_EDGE ( 'NONE', *, *, #2370, .T. ) ;
#2083 = CARTESIAN_POINT ( 'NONE',  ( 1.000000000000000000, 0.05000000000000002400, 0.2250000000000015600 ) ) ;
#2084 = CARTESIAN_POINT ( 'NONE',  ( -0.5499999999999932700, 1.036396103067896100, 0.1499999999999999700 ) ) ;
#2085 =( GEOMETRIC_REPRESENTATION_CONTEXT ( 3 ) GLOBAL_UNCERTAINTY_ASSIGNED_CONTEXT ( ( #691 ) ) GLOBAL_UNIT_ASSIGNED_CONTEXT ( ( #2443, #477, #808 ) ) REPRESENTATION_CONTEXT ( 'NONE', 'WORKASPACE' ) );
#2086 = CARTESIAN_POINT ( 'NONE',  ( 1.000000000000000000, 1.036396103067896100, -0.4499999999999853600 ) ) ;
#2087 = DIRECTION ( 'NONE',  ( -1.000000000000000000, 0.0000000000000000000, 0.0000000000000000000 ) ) ;
#2088 = EDGE_CURVE ( 'NONE', #961, #1343, #3246, .T. ) ;
#2089 = DIRECTION ( 'NONE',  ( 0.0000000000000000000, -1.000000000000000000, 0.0000000000000000000 ) ) ;
#2090 = LINE ( 'NONE', #1244, #3470 ) ;
#2091 = ORIENTED_EDGE ( 'NONE', *, *, #3380, .F. ) ;
#2092 = CARTESIAN_POINT ( 'NONE',  ( -1.000000000000000000, 0.4000000000000000200, 1.000000000000000000 ) ) ;
#2093 = VERTEX_POINT ( 'NONE', #4192 ) ;
#2094 = DIRECTION ( 'NONE',  ( 0.0000000000000000000, 0.0000000000000000000, 1.000000000000000000 ) ) ;
#2095 = DIRECTION ( 'NONE',  ( 0.0000000000000000000, 0.0000000000000000000, -1.000000000000000000 ) ) ;
#2096 = CARTESIAN_POINT ( 'NONE',  ( 0.9999999999999933400, 1.036396103067896100, 0.0000000000000000000 ) ) ;
#2097 = ORIENTED_EDGE ( 'NONE', *, *, #429, .F. ) ;
#2098 = ORIENTED_EDGE ( 'NONE', *, *, #2927, .T. ) ;
#2099 = AXIS2_PLACEMENT_3D ( 'NONE', #3397, #1445, #3734 ) ;
#2100 = CARTESIAN_POINT ( 'NONE',  ( 0.5499999999999865000, 1.036396103067896100, 0.0000000000000000000 ) ) ;
#2101 = ORIENTED_EDGE ( 'NONE', *, *, #106, .T. ) ;
#2102 = CYLINDRICAL_SURFACE ( 'NONE', #957, 0.2249999999999999500 ) ;
#2103 = EDGE_LOOP ( 'NONE', ( #3395, #1029, #1458, #3193 ) ) ;
#2104 = CARTESIAN_POINT ( 'NONE',  ( -1.000000000000000000, 0.05000000000000000300, -1.000000000000000000 ) ) ;
#2105 = EDGE_LOOP ( 'NONE', ( #2574, #496, #2209, #2603 ) ) ;
#2106 = FACE_OUTER_BOUND ( 'NONE', #1633, .T. ) ;
#2107 = CARTESIAN_POINT ( 'NONE',  ( -0.9999999999999863400, 0.0000000000000000000, 0.6500000000000000200 ) ) ;
#2108 = ORIENTED_EDGE ( 'NONE', *, *, #3906, .F. ) ;
#2109 = FACE_OUTER_BOUND ( 'NONE', #578, .T. ) ;
#2110 = CARTESIAN_POINT ( 'NONE',  ( -1.000000000000000000, 0.8700000000000001100, -1.000000000000000000 ) ) ;
#2111 = DIRECTION ( 'NONE',  ( 0.0000000000000000000, -1.000000000000000000, 0.0000000000000000000 ) ) ;
#2112 = DIRECTION ( 'NONE',  ( 0.0000000000000000000, 0.0000000000000000000, 1.000000000000000000 ) ) ;
#2113 = EDGE_CURVE ( 'NONE', #1684, #2863, #711, .T. ) ;
#2114 = AXIS2_PLACEMENT_3D ( 'NONE', #1934, #3864, #1271 ) ;
#2115 = VECTOR ( 'NONE', #2239, 1000.000000000000000 ) ;
#2116 = FACE_OUTER_BOUND ( 'NONE', #2981, .T. ) ;
#2117 = DIRECTION ( 'NONE',  ( 1.000000000000000000, -0.0000000000000000000, 0.0000000000000000000 ) ) ;
#2118 = CARTESIAN_POINT ( 'NONE',  ( -0.8969223593595583300, 0.05000000000000002400, -0.8499999999999998700 ) ) ;
#2119 = VECTOR ( 'NONE', #1340, 1000.000000000000000 ) ;
#2120 = EDGE_CURVE ( 'NONE', #4165, #500, #612, .T. ) ;
#2121 = ORIENTED_EDGE ( 'NONE', *, *, #1551, .T. ) ;
#2122 = CARTESIAN_POINT ( 'NONE',  ( 0.9999999999999863400, 0.4000000000000000200, 0.4250000000000000400 ) ) ;
#2123 = CARTESIAN_POINT ( 'NONE',  ( -0.6000000000000000900, 0.4000000000000000200, -0.7999999999999999300 ) ) ;
#2124 = AXIS2_PLACEMENT_3D ( 'NONE', #394, #1037, #3981 ) ;
#2125 = DIRECTION ( 'NONE',  ( 0.0000000000000000000, 0.0000000000000000000, -1.000000000000000000 ) ) ;
#2126 = UNCERTAINTY_MEASURE_WITH_UNIT (LENGTH_MEASURE( 1.000000000000000100E-005 ), #1917, 'distance_accuracy_value', 'NONE');
#2127 = AXIS2_PLACEMENT_3D ( 'NONE', #1278, #960, #1927 ) ;
#2128 = DIRECTION ( 'NONE',  ( 1.000000000000000000, 0.0000000000000000000, 3.651466918234302200E-016 ) ) ;
#2129 = ORIENTED_EDGE ( 'NONE', *, *, #906, .T. ) ;
#2130 = ADVANCED_FACE ( 'NONE', ( #3341 ), #2580, .T. ) ;
#2131 = CARTESIAN_POINT ( 'NONE',  ( 1.000000000000000000, 0.3999999999999999700, 0.0000000000000000000 ) ) ;
#2132 = EDGE_CURVE ( 'NONE', #905, #2673, #2693, .T. ) ;
#2133 = AXIS2_PLACEMENT_3D ( 'NONE', #2547, #2530, #2244 ) ;
#2134 = DIRECTION ( 'NONE',  ( 3.854941057726238700E-015, 0.0000000000000000000, 1.000000000000000000 ) ) ;
#2135 = VECTOR ( 'NONE', #3728, 1000.000000000000000 ) ;
#2136 = DIRECTION ( 'NONE',  ( 0.0000000000000000000, 0.0000000000000000000, 1.000000000000000000 ) ) ;
#2137 = EDGE_LOOP ( 'NONE', ( #1109, #3016, #2552, #2960 ) ) ;
#2138 = PLANE ( 'NONE',  #2036 ) ;
#2139 = ADVANCED_FACE ( 'NONE', ( #1566 ), #3180, .T. ) ;
#2140 = EDGE_CURVE ( 'NONE', #159, #4125, #2641, .T. ) ;
#2141 = VECTOR ( 'NONE', #498, 1000.000000000000000 ) ;
#2142 = PRODUCT_RELATED_PRODUCT_CATEGORY ( 'part', '', ( #1074 ) ) ;
#2143 = VERTEX_POINT ( 'NONE', #2548 ) ;
#2144 = DIRECTION ( 'NONE',  ( 0.0000000000000000000, 0.0000000000000000000, -1.000000000000000000 ) ) ;
#2145 = ORIENTED_EDGE ( 'NONE', *, *, #3489, .T. ) ;
#2146 = LINE ( 'NONE', #3319, #1753 ) ;
#2147 = VERTEX_POINT ( 'NONE', #2859 ) ;
#2148 = EDGE_CURVE ( 'NONE', #1095, #1768, #2318, .T. ) ;
#2149 = DIRECTION ( 'NONE',  ( 0.0000000000000000000, -1.000000000000000000, 0.0000000000000000000 ) ) ;
#2150 = EDGE_LOOP ( 'NONE', ( #171, #2611, #169, #2361 ) ) ;
#2151 = ORIENTED_EDGE ( 'NONE', *, *, #2280, .T. ) ;
#2152 = CARTESIAN_POINT ( 'NONE',  ( 0.5500000000000001600, 0.0000000000000000000, 0.0000000000000000000 ) ) ;
#2153 = CARTESIAN_POINT ( 'NONE',  ( 0.8969223593595621000, 0.3999999999999999700, -0.4499999999999876300 ) ) ;
#2154 = CARTESIAN_POINT ( 'NONE',  ( -0.5999999999999864300, 0.4000000000000000200, 0.5000000000000000000 ) ) ;
#2155 = AXIS2_PLACEMENT_3D ( 'NONE', #1732, #2348, #733 ) ;
#2156 = ORIENTED_EDGE ( 'NONE', *, *, #4019, .F. ) ;
#2157 = LINE ( 'NONE', #3, #1101 ) ;
#2158 = ORIENTED_EDGE ( 'NONE', *, *, #1034, .F. ) ;
#2159 = CARTESIAN_POINT ( 'NONE',  ( -1.000000000000000000, 0.3999999999999999700, -0.6500000000000000200 ) ) ;
#2160 = LINE ( 'NONE', #3300, #2061 ) ;
#2161 = VERTEX_POINT ( 'NONE', #1535 ) ;
#2162 = LINE ( 'NONE', #849, #2638 ) ;
#2163 = EDGE_LOOP ( 'NONE', ( #3691, #681, #147, #2477, #3348, #1279, #572, #2406, #24, #2899 ) ) ;
#2164 = ADVANCED_FACE ( 'NONE', ( #2789 ), #85, .F. ) ;
#2165 = CIRCLE ( 'NONE', #158, 0.04999999999999991300 ) ;
#2166 = EDGE_LOOP ( 'NONE', ( #3668, #499, #3559, #799 ) ) ;
#2167 = FACE_OUTER_BOUND ( 'NONE', #3519, .T. ) ;
#2168 = DIRECTION ( 'NONE',  ( -0.0000000000000000000, -1.000000000000000000, -0.0000000000000000000 ) ) ;
#2169 = LINE ( 'NONE', #3128, #475 ) ;
#2170 = ORIENTED_EDGE ( 'NONE', *, *, #2422, .F. ) ;
#2171 = CARTESIAN_POINT ( 'NONE',  ( 1.000000000000000000, 0.3999999999999999700, 6.933347799794049100E-029 ) ) ;
#2172 = EDGE_CURVE ( 'NONE', #2876, #3794, #1874, .T. ) ;
#2173 = AXIS2_PLACEMENT_3D ( 'NONE', #151, #3139, #2125 ) ;
#2174 = SURFACE_STYLE_USAGE ( .BOTH. , #2187 ) ;
#2175 = VECTOR ( 'NONE', #4025, 1000.000000000000000 ) ;
#2176 = DIRECTION ( 'NONE',  ( -0.0000000000000000000, -1.000000000000000000, 0.0000000000000000000 ) ) ;
#2177 = DIRECTION ( 'NONE',  ( 0.0000000000000000000, 0.0000000000000000000, 1.000000000000000000 ) ) ;
#2178 = EDGE_CURVE ( 'NONE', #2896, #1698, #3442, .T. ) ;
#2179 = DIRECTION ( 'NONE',  ( -0.0000000000000000000, 1.000000000000000000, 0.0000000000000000000 ) ) ;
#2180 = DIRECTION ( 'NONE',  ( -3.361026734705065600E-014, 0.0000000000000000000, 1.000000000000000000 ) ) ;
#2181 = AXIS2_PLACEMENT_3D ( 'NONE', #1637, #2652, #33 ) ;
#2182 = MANIFOLD_SOLID_BREP ( 'Pin 4', #3000 ) ;
#2183 = ORIENTED_EDGE ( 'NONE', *, *, #2793, .T. ) ;
#2184 = DIRECTION ( 'NONE',  ( 0.0000000000000000000, -1.000000000000000000, 0.0000000000000000000 ) ) ;
#2185 = DIRECTION ( 'NONE',  ( 0.0000000000000000000, 0.0000000000000000000, -1.000000000000000000 ) ) ;
#2186 = ADVANCED_FACE ( 'NONE', ( #34 ), #4112, .F. ) ;
#2187 = SURFACE_SIDE_STYLE ('',( #2352 ) ) ;
#2188 = PLANE ( 'NONE',  #1023 ) ;
#2189 = CARTESIAN_POINT ( 'NONE',  ( -0.8969223593595446700, 0.3999999999999999700, 0.4500000000000001200 ) ) ;
#2190 = PLANE ( 'NONE',  #2847 ) ;
#2191 = VERTEX_POINT ( 'NONE', #2594 ) ;
#2192 = DIRECTION ( 'NONE',  ( -0.0000000000000000000, -1.000000000000000000, 0.0000000000000000000 ) ) ;
#2193 = FACE_OUTER_BOUND ( 'NONE', #3154, .T. ) ;
#2194 = ORIENTED_EDGE ( 'NONE', *, *, #2656, .T. ) ;
#2195 = EDGE_CURVE ( 'NONE', #4021, #3035, #4218, .T. ) ;
#2196 = CARTESIAN_POINT ( 'NONE',  ( -3.651466918234303800E-017, 0.4000000000000000200, 0.2000000000000000900 ) ) ;
#2197 = DIRECTION ( 'NONE',  ( 0.0000000000000000000, 1.000000000000000000, -0.0000000000000000000 ) ) ;
#2198 = VECTOR ( 'NONE', #3192, 1000.000000000000000 ) ;
#2199 = LINE ( 'NONE', #3558, #3788 ) ;
#2200 = VERTEX_POINT ( 'NONE', #3912 ) ;
#2201 = APPLICATION_PROTOCOL_DEFINITION ( 'draft international standard', 'automotive_design', 1998, #2525 ) ;
#2202 = EDGE_CURVE ( 'NONE', #299, #3305, #2019, .T. ) ;
#2203 = DIRECTION ( 'NONE',  ( 0.0000000000000000000, -1.000000000000000000, 0.0000000000000000000 ) ) ;
#2204 = VERTEX_POINT ( 'NONE', #2571 ) ;
#2205 = PRESENTATION_STYLE_ASSIGNMENT (( #1546 ) ) ;
#2206 = SURFACE_STYLE_USAGE ( .BOTH. , #3870 ) ;
#2207 = DIRECTION ( 'NONE',  ( 0.0000000000000000000, 1.000000000000000000, -0.0000000000000000000 ) ) ;
#2208 = CARTESIAN_POINT ( 'NONE',  ( -0.5500000000000001600, 0.0000000000000000000, -0.5000000000000000000 ) ) ;
#2209 = ORIENTED_EDGE ( 'NONE', *, *, #1823, .F. ) ;
#2210 = VECTOR ( 'NONE', #3456, 1000.000000000000000 ) ;
#2211 = ORIENTED_EDGE ( 'NONE', *, *, #542, .F. ) ;
#2212 = ORIENTED_EDGE ( 'NONE', *, *, #2954, .F. ) ;
#2213 = CARTESIAN_POINT ( 'NONE',  ( 1.000000000000000000, 4.568427124746190100, -1.000000000000000000 ) ) ;
#2214 = AXIS2_PLACEMENT_3D ( 'NONE', #2521, #2168, #3822 ) ;
#2215 = ORIENTED_EDGE ( 'NONE', *, *, #3033, .F. ) ;
#2216 = VECTOR ( 'NONE', #3931, 1000.000000000000000 ) ;
#2217 = EDGE_LOOP ( 'NONE', ( #620, #1439, #2062, #3546 ) ) ;
#2218 = DIRECTION ( 'NONE',  ( -1.000000000000000000, 0.0000000000000000000, -0.0000000000000000000 ) ) ;
#2219 = DIRECTION ( 'NONE',  ( -0.0000000000000000000, -1.000000000000000000, -0.0000000000000000000 ) ) ;
#2220 = VECTOR ( 'NONE', #4093, 1000.000000000000000 ) ;
#2221 = DIRECTION ( 'NONE',  ( 0.0000000000000000000, 0.0000000000000000000, -1.000000000000000000 ) ) ;
#2222 = VECTOR ( 'NONE', #222, 1000.000000000000000 ) ;
#2223 = VERTEX_POINT ( 'NONE', #679 ) ;
#2224 = EDGE_CURVE ( 'NONE', #1840, #93, #3847, .T. ) ;
#2225 = LINE ( 'NONE', #2420, #257 ) ;
#2226 = CARTESIAN_POINT ( 'NONE',  ( 0.5999999999999932100, 0.0000000000000000000, -0.1499999999999999700 ) ) ;
#2227 = PLANE ( 'NONE',  #3638 ) ;
#2228 = DIRECTION ( 'NONE',  ( -1.000000000000000000, 0.0000000000000000000, 3.651466918234302200E-016 ) ) ;
#2229 = EDGE_CURVE ( 'NONE', #4014, #1948, #2476, .T. ) ;
#2230 = ADVANCED_FACE ( 'NONE', ( #759 ), #1596, .F. ) ;
#2231 = DIRECTION ( 'NONE',  ( -0.0000000000000000000, 1.000000000000000000, 0.0000000000000000000 ) ) ;
#2232 = CARTESIAN_POINT ( 'NONE',  ( -7.302933836468611300E-017, 1.036396103067896100, -0.2000000000000002100 ) ) ;
#2233 = CARTESIAN_POINT ( 'NONE',  ( 0.0000000000000000000, 0.4000000000000000200, 0.0000000000000000000 ) ) ;
#2234 = EDGE_CURVE ( 'NONE', #3048, #646, #2371, .T. ) ;
#2235 = MANIFOLD_SOLID_BREP ( 'Pin 3', #4100 ) ;
#2236 = FILL_AREA_STYLE_COLOUR ( '', #1922 ) ;
#2237 = AXIS2_PLACEMENT_3D ( 'NONE', #320, #661, #3255 ) ;
#2238 = CARTESIAN_POINT ( 'NONE',  ( -0.5999999999999864300, 0.05000000000000002400, 0.8499999999999999800 ) ) ;
#2239 = DIRECTION ( 'NONE',  ( -0.0000000000000000000, -1.000000000000000000, -0.0000000000000000000 ) ) ;
#2240 = LINE ( 'NONE', #508, #434 ) ;
#2241 = ORIENTED_EDGE ( 'NONE', *, *, #1280, .F. ) ;
#2242 = CARTESIAN_POINT ( 'NONE',  ( 3.103746880499157700E-016, 0.4000000000000000200, 0.8500000000000002000 ) ) ;
#2243 = EDGE_CURVE ( 'NONE', #1254, #500, #3155, .T. ) ;
#2244 = DIRECTION ( 'NONE',  ( 0.0000000000000000000, 0.0000000000000000000, -1.000000000000000000 ) ) ;
#2245 = CARTESIAN_POINT ( 'NONE',  ( 0.5999999999999864300, 0.4000000000000000200, 0.8499999999999999800 ) ) ;
#2246 = CIRCLE ( 'NONE', #2636, 0.04999999999999991300 ) ;
#2247 = ADVANCED_FACE ( 'NONE', ( #1257 ), #3630, .T. ) ;
#2248 = ORIENTED_EDGE ( 'NONE', *, *, #79, .T. ) ;
#2249 = SURFACE_STYLE_USAGE ( .BOTH. , #4221 ) ;
#2250 = ORIENTED_EDGE ( 'NONE', *, *, #1962, .F. ) ;
#2251 = LINE ( 'NONE', #4084, #2415 ) ;
#2252 = AXIS2_PLACEMENT_3D ( 'NONE', #322, #3227, #3545 ) ;
#2253 = ADVANCED_FACE ( 'NONE', ( #348 ), #438, .F. ) ;
#2254 = CARTESIAN_POINT ( 'NONE',  ( -0.5999999999999932100, 0.3999999999999999700, -0.1499999999999999700 ) ) ;
#2255 = ORIENTED_EDGE ( 'NONE', *, *, #1973, .F. ) ;
#2256 = EDGE_CURVE ( 'NONE', #768, #2204, #1105, .T. ) ;
#2257 = PLANE ( 'NONE',  #2237 ) ;
#2258 = CARTESIAN_POINT ( 'NONE',  ( 0.5999999999999864300, 0.05000000000000002400, 0.4500000000000000100 ) ) ;
#2259 = CARTESIAN_POINT ( 'NONE',  ( -0.6000000000000000900, 0.3999999999999999700, -0.8499999999999998700 ) ) ;
#2260 = ORIENTED_EDGE ( 'NONE', *, *, #1915, .F. ) ;
#2261 = EDGE_LOOP ( 'NONE', ( #1892, #2145, #486, #1627 ) ) ;
#2262 =( GEOMETRIC_REPRESENTATION_CONTEXT ( 3 ) GLOBAL_UNCERTAINTY_ASSIGNED_CONTEXT ( ( #2126 ) ) GLOBAL_UNIT_ASSIGNED_CONTEXT ( ( #1917, #3841, #3514 ) ) REPRESENTATION_CONTEXT ( 'NONE', 'WORKASPACE' ) );
#2263 = DIRECTION ( 'NONE',  ( 0.0000000000000000000, 0.0000000000000000000, -1.000000000000000000 ) ) ;
#2264 = ORIENTED_EDGE ( 'NONE', *, *, #2711, .F. ) ;
#2265 = VECTOR ( 'NONE', #1239, 1000.000000000000000 ) ;
#2266 = VERTEX_POINT ( 'NONE', #3004 ) ;
#2267 = DIRECTION ( 'NONE',  ( 0.0000000000000000000, 0.0000000000000000000, 1.000000000000000000 ) ) ;
#2268 = VECTOR ( 'NONE', #3287, 1000.000000000000000 ) ;
#2269 = CARTESIAN_POINT ( 'NONE',  ( -0.5499999999999865000, 0.4000000000000000200, 0.7999999999999999300 ) ) ;
#2270 = CARTESIAN_POINT ( 'NONE',  ( -0.5500000000000001600, 1.036396103067896100, -0.7999999999999999300 ) ) ;
#2271 = EDGE_LOOP ( 'NONE', ( #3582, #4117, #3150, #3752 ) ) ;
#2272 = CYLINDRICAL_SURFACE ( 'NONE', #1302, 0.2249999999999999500 ) ;
#2273 = CLOSED_SHELL ( 'NONE', ( #891, #1184, #595, #2815, #3663, #4233, #4098, #4086, #1530, #2890, #435, #102 ) ) ;
#2274 = CYLINDRICAL_SURFACE ( 'NONE', #3940, 0.2250000000000015000 ) ;
#2275 = VERTEX_POINT ( 'NONE', #2369 ) ;
#2276 = ORIENTED_EDGE ( 'NONE', *, *, #2285, .T. ) ;
#2277 = CARTESIAN_POINT ( 'NONE',  ( -1.000000000000000000, 0.05000000000000000300, 1.000000000000000000 ) ) ;
#2278 = PLANE ( 'NONE',  #2810 ) ;
#2279 = CARTESIAN_POINT ( 'NONE',  ( 0.9999999999999863400, 0.0000000000000000000, 0.6500000000000000200 ) ) ;
#2280 = EDGE_CURVE ( 'NONE', #1840, #2795, #241, .T. ) ;
#2281 = AXIS2_PLACEMENT_3D ( 'NONE', #1285, #1942, #1996 ) ;
#2282 = CARTESIAN_POINT ( 'NONE',  ( 1.643160113205435200E-016, 0.4000000000000000200, 0.4499999999999997900 ) ) ;
#2283 = DIRECTION ( 'NONE',  ( -0.0000000000000000000, -1.000000000000000000, -0.0000000000000000000 ) ) ;
#2284 = DIRECTION ( 'NONE',  ( 0.0000000000000000000, 0.0000000000000000000, 1.000000000000000000 ) ) ;
#2285 = EDGE_CURVE ( 'NONE', #986, #3182, #2850, .T. ) ;
#2286 = DIRECTION ( 'NONE',  ( -0.0000000000000000000, -1.000000000000000000, -0.0000000000000000000 ) ) ;
#2287 = VERTEX_POINT ( 'NONE', #97 ) ;
#2288 = DIRECTION ( 'NONE',  ( 0.0000000000000000000, 0.0000000000000000000, 1.000000000000000000 ) ) ;
#2289 = DIRECTION ( 'NONE',  ( 1.000000000000000000, 0.0000000000000000000, 3.651466918234302200E-016 ) ) ;
#2290 = CARTESIAN_POINT ( 'NONE',  ( -0.5499999999999865000, 0.05000000000000002400, 0.5000000000000000000 ) ) ;
#2291 = CARTESIAN_POINT ( 'NONE',  ( -0.9999999999999933400, 1.036396103067896100, 0.2250000000000000100 ) ) ;
#2292 = EDGE_CURVE ( 'NONE', #3436, #511, #3047, .T. ) ;
#2293 = CARTESIAN_POINT ( 'NONE',  ( 0.5999999999999932100, 0.0000000000000000000, 0.1499999999999999700 ) ) ;
#2294 = VERTEX_POINT ( 'NONE', #412 ) ;
#2295 = CARTESIAN_POINT ( 'NONE',  ( -0.5999999999999932100, 0.4000000000000000200, 0.1499999999999999700 ) ) ;
#2296 = VECTOR ( 'NONE', #3541, 1000.000000000000000 ) ;
#2297 = ORIENTED_EDGE ( 'NONE', *, *, #162, .T. ) ;
#2298 = DIRECTION ( 'NONE',  ( 0.0000000000000000000, 0.0000000000000000000, -1.000000000000000000 ) ) ;
#2299 = LINE ( 'NONE', #748, #1689 ) ;
#2300 = VECTOR ( 'NONE', #3266, 1000.000000000000000 ) ;
#2301 = VERTEX_POINT ( 'NONE', #2699 ) ;
#2302 = PLANE ( 'NONE',  #2181 ) ;
#2303 = ORIENTED_EDGE ( 'NONE', *, *, #2591, .F. ) ;
#2304 = FACE_OUTER_BOUND ( 'NONE', #953, .T. ) ;
#2305 = ORIENTED_EDGE ( 'NONE', *, *, #2202, .F. ) ;
#2306 = DIRECTION ( 'NONE',  ( 0.0000000000000000000, -1.000000000000000000, -0.0000000000000000000 ) ) ;
#2307 = EDGE_CURVE ( 'NONE', #3598, #833, #2160, .T. ) ;
#2308 = ORIENTED_EDGE ( 'NONE', *, *, #3686, .F. ) ;
#2309 = ORIENTED_EDGE ( 'NONE', *, *, #1191, .T. ) ;
#2310 = DIRECTION ( 'NONE',  ( 1.000000000000000000, 0.0000000000000000000, 3.651466918234302200E-016 ) ) ;
#2311 = ORIENTED_EDGE ( 'NONE', *, *, #285, .T. ) ;
#2312 = VECTOR ( 'NONE', #1427, 1000.000000000000000 ) ;
#2313 = EDGE_CURVE ( 'NONE', #3837, #1770, #2940, .T. ) ;
#2314 = CARTESIAN_POINT ( 'NONE',  ( -1.000000000000000000, 0.0000000000000000000, 6.933347799794049100E-029 ) ) ;
#2315 = DIRECTION ( 'NONE',  ( 0.0000000000000000000, 1.000000000000000000, -0.0000000000000000000 ) ) ;
#2316 = DIRECTION ( 'NONE',  ( -0.0000000000000000000, -1.000000000000000000, -0.0000000000000000000 ) ) ;
#2317 = CARTESIAN_POINT ( 'NONE',  ( -1.000000000000000000, 0.3999999999999999700, 0.0000000000000000000 ) ) ;
#2318 = LINE ( 'NONE', #616, #3094 ) ;
#2319 = VERTEX_POINT ( 'NONE', #53 ) ;
#2320 = VERTEX_POINT ( 'NONE', #395 ) ;
#2321 = AXIS2_PLACEMENT_3D ( 'NONE', #4027, #743, #404 ) ;
#2322 = VECTOR ( 'NONE', #1134, 1000.000000000000000 ) ;
#2323 = VERTEX_POINT ( 'NONE', #2986 ) ;
#2324 = DIRECTION ( 'NONE',  ( 0.0000000000000000000, 0.0000000000000000000, -1.000000000000000000 ) ) ;
#2325 = ORIENTED_EDGE ( 'NONE', *, *, #2823, .T. ) ;
#2326 = CIRCLE ( 'NONE', #3747, 0.04999999999999991300 ) ;
#2327 = ORIENTED_EDGE ( 'NONE', *, *, #4083, .T. ) ;
#2328 = AXIS2_PLACEMENT_3D ( 'NONE', #3290, #3306, #2006 ) ;
#2329 = DIRECTION ( 'NONE',  ( 0.0000000000000000000, -1.000000000000000000, 0.0000000000000000000 ) ) ;
#2330 = CARTESIAN_POINT ( 'NONE',  ( 7.302933836468611300E-017, 0.4000000000000000200, -0.2000000000000002100 ) ) ;
#2331 = DIRECTION ( 'NONE',  ( 0.0000000000000000000, 0.0000000000000000000, 1.000000000000000000 ) ) ;
#2332 = DIRECTION ( 'NONE',  ( -1.000000000000000000, 0.0000000000000000000, 0.0000000000000000000 ) ) ;
#2333 = DIRECTION ( 'NONE',  ( -1.000000000000000000, 0.0000000000000000000, 3.651466918234302200E-016 ) ) ;
#2334 = AXIS2_PLACEMENT_3D ( 'NONE', #3872, #4189, #1287 ) ;
#2335 = ORIENTED_EDGE ( 'NONE', *, *, #2422, .T. ) ;
#2336 = CARTESIAN_POINT ( 'NONE',  ( 0.0000000000000000000, 0.4000000000000000200, 0.0000000000000000000 ) ) ;
#2337 = DIRECTION ( 'NONE',  ( 0.0000000000000000000, -1.000000000000000000, -0.0000000000000000000 ) ) ;
#2338 = DIRECTION ( 'NONE',  ( 0.0000000000000000000, 0.0000000000000000000, -1.000000000000000000 ) ) ;
#2339 = EDGE_CURVE ( 'NONE', #1684, #1058, #2528, .T. ) ;
#2340 = CARTESIAN_POINT ( 'NONE',  ( -0.5999999999999932100, 0.3999999999999999700, -0.1999999999999999300 ) ) ;
#2341 = CARTESIAN_POINT ( 'NONE',  ( -1.000000000000000000, 0.4000000000000000200, -0.4249999999999999900 ) ) ;
#2342 = DIRECTION ( 'NONE',  ( 0.0000000000000000000, 0.0000000000000000000, 1.000000000000000000 ) ) ;
#2343 = CARTESIAN_POINT ( 'NONE',  ( -0.5500000000000001600, 0.3999999999999999700, 0.0000000000000000000 ) ) ;
#2344 = PRODUCT_DEFINITION_CONTEXT ( 'detailed design', #2525, 'design' ) ;
#2345 = AXIS2_PLACEMENT_3D ( 'NONE', #2242, #1613, #966 ) ;
#2346 = VECTOR ( 'NONE', #1710, 1000.000000000000000 ) ;
#2347 = ORIENTED_EDGE ( 'NONE', *, *, #309, .F. ) ;
#2348 = DIRECTION ( 'NONE',  ( 0.0000000000000000000, 1.000000000000000000, -0.0000000000000000000 ) ) ;
#2349 = DIRECTION ( 'NONE',  ( 0.0000000000000000000, 0.0000000000000000000, -1.000000000000000000 ) ) ;
#2350 = DIRECTION ( 'NONE',  ( 0.0000000000000000000, 0.0000000000000000000, 1.000000000000000000 ) ) ;
#2351 = FACE_OUTER_BOUND ( 'NONE', #3695, .T. ) ;
#2352 = SURFACE_STYLE_FILL_AREA ( #1558 ) ;
#2353 = VERTEX_POINT ( 'NONE', #3606 ) ;
#2354 = AXIS2_PLACEMENT_3D ( 'NONE', #3579, #3919, #2288 ) ;
#2355 = DIRECTION ( 'NONE',  ( -0.0000000000000000000, -1.000000000000000000, 0.0000000000000000000 ) ) ;
#2356 = CARTESIAN_POINT ( 'NONE',  ( 0.9999999999999863400, 0.0000000000000000000, 0.4250000000000000400 ) ) ;
#2357 = EDGE_LOOP ( 'NONE', ( #2540, #1696, #3944, #853 ) ) ;
#2358 = LINE ( 'NONE', #1556, #3993 ) ;
#2359 = CARTESIAN_POINT ( 'NONE',  ( 3.103746880499157700E-016, 0.4000000000000000200, -0.8500000000000002000 ) ) ;
#2360 = EDGE_CURVE ( 'NONE', #3589, #1141, #1507, .T. ) ;
#2361 = ORIENTED_EDGE ( 'NONE', *, *, #1528, .F. ) ;
#2362 = LINE ( 'NONE', #1512, #447 ) ;
#2363 = AXIS2_PLACEMENT_3D ( 'NONE', #1198, #1856, #2185 ) ;
#2364 = DIRECTION ( 'NONE',  ( 0.0000000000000000000, 1.000000000000000000, -0.0000000000000000000 ) ) ;
#2365 = CARTESIAN_POINT ( 'NONE',  ( -1.000000000000000000, 0.4000000000000000200, 1.000000000000000000 ) ) ;
#2366 = CARTESIAN_POINT ( 'NONE',  ( 0.5999999999999864300, 1.036396103067896100, 0.7999999999999999300 ) ) ;
#2367 = ORIENTED_EDGE ( 'NONE', *, *, #3272, .F. ) ;
#2368 = LINE ( 'NONE', #4033, #1965 ) ;
#2369 = CARTESIAN_POINT ( 'NONE',  ( -0.5499999999999932700, 0.0000000000000000000, 0.1499999999999999700 ) ) ;
#2370 = EDGE_CURVE ( 'NONE', #1964, #2275, #4121, .T. ) ;
#2371 = LINE ( 'NONE', #2282, #1007 ) ;
#2372 = ORIENTED_EDGE ( 'NONE', *, *, #513, .T. ) ;
#2373 = LINE ( 'NONE', #3612, #4220 ) ;
#2374 = MANIFOLD_SOLID_BREP ( 'Pin 6', #2907 ) ;
#2375 = DIRECTION ( 'NONE',  ( -4.162672286787051700E-014, 0.0000000000000000000, 1.000000000000000000 ) ) ;
#2376 = LINE ( 'NONE', #1335, #3853 ) ;
#2377 = EDGE_CURVE ( 'NONE', #1402, #1580, #28, .T. ) ;
#2378 = EDGE_LOOP ( 'NONE', ( #63, #1669, #1207, #3828 ) ) ;
#2379 = CIRCLE ( 'NONE', #4001, 0.2249999999999999500 ) ;
#2380 = DIRECTION ( 'NONE',  ( -0.0000000000000000000, -1.000000000000000000, -0.0000000000000000000 ) ) ;
#2381 = DIRECTION ( 'NONE',  ( 0.0000000000000000000, -1.000000000000000000, 0.0000000000000000000 ) ) ;
#2382 = CARTESIAN_POINT ( 'NONE',  ( -0.5999999999999864300, 1.036396103067896100, 0.7999999999999999300 ) ) ;
#2383 = DIRECTION ( 'NONE',  ( 0.0000000000000000000, 0.0000000000000000000, -1.000000000000000000 ) ) ;
#2384 = DIRECTION ( 'NONE',  ( -1.000000000000000000, 0.0000000000000000000, -3.651466918234302200E-016 ) ) ;
#2385 = LINE ( 'NONE', #2196, #1116 ) ;
#2386 = EDGE_LOOP ( 'NONE', ( #4214, #3463, #1766, #1481 ) ) ;
#2387 = CARTESIAN_POINT ( 'NONE',  ( 0.9999999999999863400, 0.0000000000000000000, 0.8749999999999998900 ) ) ;
#2388 = FILL_AREA_STYLE_COLOUR ( '', #563 ) ;
#2389 = LINE ( 'NONE', #1471, #2858 ) ;
#2390 = ORIENTED_EDGE ( 'NONE', *, *, #1997, .T. ) ;
#2391 = DIRECTION ( 'NONE',  ( 0.0000000000000000000, 0.0000000000000000000, -1.000000000000000000 ) ) ;
#2392 = AXIS2_PLACEMENT_3D ( 'NONE', #1782, #502, #3109 ) ;
#2393 = CARTESIAN_POINT ( 'NONE',  ( -0.9999999999999933400, 0.3999999999999999700, 0.1999999999999999300 ) ) ;
#2394 =( LENGTH_UNIT ( ) NAMED_UNIT ( * ) SI_UNIT ( .MILLI., .METRE. ) );
#2395 = DIRECTION ( 'NONE',  ( 0.0000000000000000000, 0.0000000000000000000, -1.000000000000000000 ) ) ;
#2396 = ORIENTED_EDGE ( 'NONE', *, *, #2738, .F. ) ;
#2397 = EDGE_CURVE ( 'NONE', #3664, #3104, #3485, .T. ) ;
#2398 = AXIS2_PLACEMENT_3D ( 'NONE', #2502, #1893, #261 ) ;
#2399 = DIRECTION ( 'NONE',  ( 0.0000000000000000000, 1.000000000000000000, -0.0000000000000000000 ) ) ;
#2400 = DIRECTION ( 'NONE',  ( 0.0000000000000000000, 0.0000000000000000000, 1.000000000000000000 ) ) ;
#2401 = ADVANCED_FACE ( 'NONE', ( #1617 ), #2272, .F. ) ;
#2402 = EDGE_LOOP ( 'NONE', ( #1339, #3873, #1330, #1251 ) ) ;
#2403 = DIRECTION ( 'NONE',  ( -0.0000000000000000000, -1.000000000000000000, -0.0000000000000000000 ) ) ;
#2404 = DIRECTION ( 'NONE',  ( -1.000000000000000000, 0.0000000000000000000, 1.825733459117151100E-016 ) ) ;
#2405 = SURFACE_STYLE_FILL_AREA ( #1483 ) ;
#2406 = ORIENTED_EDGE ( 'NONE', *, *, #2140, .T. ) ;
#2407 = CARTESIAN_POINT ( 'NONE',  ( 0.8969223593595446700, 0.0000000000000000000, 0.8499999999999998700 ) ) ;
#2408 = CARTESIAN_POINT ( 'NONE',  ( -1.000000000000000000, 0.0000000000000000000, -0.8499999999999998700 ) ) ;
#2409 = LINE ( 'NONE', #3070, #3228 ) ;
#2410 = VECTOR ( 'NONE', #3359, 1000.000000000000000 ) ;
#2411 = DIRECTION ( 'NONE',  ( 0.0000000000000000000, 0.0000000000000000000, 1.000000000000000000 ) ) ;
#2412 = CARTESIAN_POINT ( 'NONE',  ( -0.8969223593595446700, 0.4000000000000000200, 0.4500000000000001200 ) ) ;
#2413 = CARTESIAN_POINT ( 'NONE',  ( -0.6000000000000000900, 0.4000000000000000200, -0.8499999999999999800 ) ) ;
#2414 = ORIENTED_EDGE ( 'NONE', *, *, #137, .F. ) ;
#2415 = VECTOR ( 'NONE', #1167, 1000.000000000000000 ) ;
#2416 = ORIENTED_EDGE ( 'NONE', *, *, #3768, .T. ) ;
#2417 = ORIENTED_EDGE ( 'NONE', *, *, #2600, .F. ) ;
#2418 = LINE ( 'NONE', #3781, #4000 ) ;
#2419 = ORIENTED_EDGE ( 'NONE', *, *, #3622, .T. ) ;
#2420 = CARTESIAN_POINT ( 'NONE',  ( 0.5499999999999865000, 1.036396103067896100, 0.7999999999999999300 ) ) ;
#2421 = DIRECTION ( 'NONE',  ( 0.0000000000000000000, 0.0000000000000000000, 1.000000000000000000 ) ) ;
#2422 = EDGE_CURVE ( 'NONE', #3950, #2964, #1215, .T. ) ;
#2423 = AXIS2_PLACEMENT_3D ( 'NONE', #4230, #3904, #3557 ) ;
#2424 = DIRECTION ( 'NONE',  ( 0.0000000000000000000, 1.000000000000000000, -0.0000000000000000000 ) ) ;
#2425 = ORIENTED_EDGE ( 'NONE', *, *, #3325, .F. ) ;
#2426 = VECTOR ( 'NONE', #2599, 1000.000000000000000 ) ;
#2427 = ADVANCED_FACE ( 'NONE', ( #1204 ), #3899, .F. ) ;
#2428 = CYLINDRICAL_SURFACE ( 'NONE', #1006, 0.04999999999999991300 ) ;
#2429 = PLANE ( 'NONE',  #2534 ) ;
#2430 = ORIENTED_EDGE ( 'NONE', *, *, #1071, .F. ) ;
#2431 = FACE_OUTER_BOUND ( 'NONE', #2968, .T. ) ;
#2432 = ADVANCED_FACE ( 'NONE', ( #3041 ), #3720, .F. ) ;
#2433 = VECTOR ( 'NONE', #1912, 1000.000000000000000 ) ;
#2434 = FACE_OUTER_BOUND ( 'NONE', #3506, .T. ) ;
#2435 = VERTEX_POINT ( 'NONE', #2413 ) ;
#2436 = LINE ( 'NONE', #3507, #3258 ) ;
#2437 = ORIENTED_EDGE ( 'NONE', *, *, #1232, .F. ) ;
#2438 = CARTESIAN_POINT ( 'NONE',  ( 0.9999999999999863400, 0.3999999999999999700, 0.6500000000000000200 ) ) ;
#2439 = DIRECTION ( 'NONE',  ( 1.000000000000000000, 0.0000000000000000000, -3.651466918234302200E-016 ) ) ;
#2440 = CARTESIAN_POINT ( 'NONE',  ( -1.000000000000000000, 0.4000000000000000200, 1.000000000000000000 ) ) ;
#2441 = AXIS2_PLACEMENT_3D ( 'NONE', #3784, #1166, #1455 ) ;
#2442 = PLANE ( 'NONE',  #373 ) ;
#2443 =( LENGTH_UNIT ( ) NAMED_UNIT ( * ) SI_UNIT ( .MILLI., .METRE. ) );
#2444 = CARTESIAN_POINT ( 'NONE',  ( 0.9999999999999933400, 0.0000000000000000000, 0.0000000000000000000 ) ) ;
#2445 = EDGE_CURVE ( 'NONE', #3824, #3182, #2379, .T. ) ;
#2446 = ORIENTED_EDGE ( 'NONE', *, *, #3586, .T. ) ;
#2447 = CARTESIAN_POINT ( 'NONE',  ( 0.5499999999999865000, 0.05000000000000000300, 0.0000000000000000000 ) ) ;
#2448 = DIRECTION ( 'NONE',  ( -0.0000000000000000000, -0.0000000000000000000, 1.000000000000000000 ) ) ;
#2449 = ADVANCED_FACE ( 'NONE', ( #571 ), #2429, .T. ) ;
#2450 =( LENGTH_UNIT ( ) NAMED_UNIT ( * ) SI_UNIT ( .MILLI., .METRE. ) );
#2451 = ORIENTED_EDGE ( 'NONE', *, *, #1657, .F. ) ;
#2452 = EDGE_CURVE ( 'NONE', #400, #3209, #2068, .T. ) ;
#2453 = PRODUCT_DEFINITION_FORMATION_WITH_SPECIFIED_SOURCE ( 'ANY', '', #1074, .NOT_KNOWN. ) ;
#2454 = CARTESIAN_POINT ( 'NONE',  ( -1.000000000000000000, 1.036396103067896100, 6.933347799794049100E-029 ) ) ;
#2455 = CARTESIAN_POINT ( 'NONE',  ( -0.5999999999999864300, 1.036396103067896100, 0.8499999999999999800 ) ) ;
#2456 = VECTOR ( 'NONE', #4073, 1000.000000000000000 ) ;
#2457 = EDGE_CURVE ( 'NONE', #3278, #1664, #1401, .T. ) ;
#2458 = DIRECTION ( 'NONE',  ( 1.000000000000000000, -0.0000000000000000000, 0.0000000000000000000 ) ) ;
#2459 = DIRECTION ( 'NONE',  ( 0.0000000000000000000, 0.0000000000000000000, -1.000000000000000000 ) ) ;
#2460 = VECTOR ( 'NONE', #1531, 1000.000000000000000 ) ;
#2461 = VERTEX_POINT ( 'NONE', #157 ) ;
#2462 = ORIENTED_EDGE ( 'NONE', *, *, #1667, .F. ) ;
#2463 = FACE_OUTER_BOUND ( 'NONE', #4194, .T. ) ;
#2464 = ORIENTED_EDGE ( 'NONE', *, *, #4083, .F. ) ;
#2465 = CARTESIAN_POINT ( 'NONE',  ( 0.0000000000000000000, 0.0000000000000000000, 0.0000000000000000000 ) ) ;
#2466 = VERTEX_POINT ( 'NONE', #3423 ) ;
#2467 = VECTOR ( 'NONE', #536, 1000.000000000000000 ) ;
#2468 = ORIENTED_EDGE ( 'NONE', *, *, #1441, .F. ) ;
#2469 = DIRECTION ( 'NONE',  ( -1.000000000000000000, 0.0000000000000000000, 0.0000000000000000000 ) ) ;
#2470 = EDGE_CURVE ( 'NONE', #2878, #2555, #3588, .T. ) ;
#2471 = EDGE_LOOP ( 'NONE', ( #3360, #4076, #1, #197 ) ) ;
#2472 = LINE ( 'NONE', #1647, #605 ) ;
#2473 = AXIS2_PLACEMENT_3D ( 'NONE', #2107, #2779, #4066 ) ;
#2474 = CARTESIAN_POINT ( 'NONE',  ( -1.000000000000000000, 0.4000000000000000200, 1.000000000000000000 ) ) ;
#2475 = DIRECTION ( 'NONE',  ( -0.0000000000000000000, 0.0000000000000000000, 1.000000000000000000 ) ) ;
#2476 = LINE ( 'NONE', #7, #294 ) ;
#2477 = ORIENTED_EDGE ( 'NONE', *, *, #3151, .F. ) ;
#2478 = CIRCLE ( 'NONE', #639, 0.04999999999999991300 ) ;
#2479 = PLANE ( 'NONE',  #4195 ) ;
#2480 = CARTESIAN_POINT ( 'NONE',  ( 0.9999999999999933400, 0.0000000000000000000, 0.1999999999999999300 ) ) ;
#2481 = CARTESIAN_POINT ( 'NONE',  ( 0.6000000000000000900, 0.05000000000000002400, -0.5000000000000000000 ) ) ;
#2482 = EDGE_CURVE ( 'NONE', #1343, #2504, #4015, .T. ) ;
#2483 = SURFACE_STYLE_USAGE ( .BOTH. , #830 ) ;
#2484 = VECTOR ( 'NONE', #489, 1000.000000000000000 ) ;
#2485 = VERTEX_POINT ( 'NONE', #585 ) ;
#2486 = DIRECTION ( 'NONE',  ( -0.0000000000000000000, -1.000000000000000000, -0.0000000000000000000 ) ) ;
#2487 = CARTESIAN_POINT ( 'NONE',  ( -3.103746880499157700E-016, 1.036396103067896100, 0.8500000000000002000 ) ) ;
#2488 = CARTESIAN_POINT ( 'NONE',  ( 1.000000000000000000, 0.4000000000000000200, 1.000000000000000000 ) ) ;
#2489 = LINE ( 'NONE', #2562, #3254 ) ;
#2490 = EDGE_CURVE ( 'NONE', #503, #4159, #1765, .T. ) ;
#2491 = DIRECTION ( 'NONE',  ( 0.0000000000000000000, 0.0000000000000000000, 1.000000000000000000 ) ) ;
#2492 = ORIENTED_EDGE ( 'NONE', *, *, #3544, .F. ) ;
#2493 = LINE ( 'NONE', #1180, #3713 ) ;
#2494 = CARTESIAN_POINT ( 'NONE',  ( -1.000000000000000000, 4.568427124746190100, 1.000000000000000000 ) ) ;
#2495 = AXIS2_PLACEMENT_3D ( 'NONE', #1005, #1298, #3569 ) ;
#2496 = DIRECTION ( 'NONE',  ( 0.0000000000000000000, -1.000000000000000000, 0.0000000000000000000 ) ) ;
#2497 = DIRECTION ( 'NONE',  ( -1.000000000000000000, 0.0000000000000000000, 0.0000000000000000000 ) ) ;
#2498 = DIRECTION ( 'NONE',  ( 0.0000000000000000000, 0.0000000000000000000, -1.000000000000000000 ) ) ;
#2499 = ADVANCED_FACE ( 'NONE', ( #338 ), #211, .F. ) ;
#2500 = CARTESIAN_POINT ( 'NONE',  ( -0.5499999999999865000, 0.4000000000000000200, 0.7999999999999999300 ) ) ;
#2501 = EDGE_LOOP ( 'NONE', ( #1718, #3992, #2935, #924 ) ) ;
#2502 = CARTESIAN_POINT ( 'NONE',  ( -1.000000000000000000, 0.4000000000000000200, -0.6500000000000000200 ) ) ;
#2503 = DIRECTION ( 'NONE',  ( 0.0000000000000000000, 0.0000000000000000000, -1.000000000000000000 ) ) ;
#2504 = VERTEX_POINT ( 'NONE', #4114 ) ;
#2505 = DIRECTION ( 'NONE',  ( -1.000000000000000000, 0.0000000000000000000, -0.0000000000000000000 ) ) ;
#2506 = EDGE_CURVE ( 'NONE', #2700, #1944, #857, .T. ) ;
#2507 = AXIS2_PLACEMENT_3D ( 'NONE', #1864, #1188, #226 ) ;
#2508 = ADVANCED_BREP_SHAPE_REPRESENTATION ( 'VEML6030', ( #3705, #943, #4211, #375, #2235, #2182, #3394, #2374, #1072 ), #200 ) ;
#2509 = CYLINDRICAL_SURFACE ( 'NONE', #2524, 0.2249999999999999500 ) ;
#2510 = ORIENTED_EDGE ( 'NONE', *, *, #1316, .F. ) ;
#2511 = DIRECTION ( 'NONE',  ( 0.0000000000000000000, -1.000000000000000000, -0.0000000000000000000 ) ) ;
#2512 = EDGE_CURVE ( 'NONE', #3596, #3278, #1010, .T. ) ;
#2513 = ORIENTED_EDGE ( 'NONE', *, *, #2280, .F. ) ;
#2514 = CARTESIAN_POINT ( 'NONE',  ( 0.5999999999999932100, 1.036396103067896100, 0.1499999999999999700 ) ) ;
#2515 = CIRCLE ( 'NONE', #1051, 0.04999999999999996800 ) ;
#2516 = VECTOR ( 'NONE', #3922, 1000.000000000000000 ) ;
#2517 = ADVANCED_FACE ( 'NONE', ( #2990 ), #87, .T. ) ;
#2518 = CARTESIAN_POINT ( 'NONE',  ( 0.9999999999999933400, 0.05000000000000002400, -0.2249999999999999500 ) ) ;
#2519 = EDGE_LOOP ( 'NONE', ( #3370, #229, #1078, #2063 ) ) ;
#2520 = VECTOR ( 'NONE', #586, 1000.000000000000000 ) ;
#2521 = CARTESIAN_POINT ( 'NONE',  ( -1.000000000000000000, 1.036396103067896100, 6.933347799794049100E-029 ) ) ;
#2522 = DIRECTION ( 'NONE',  ( -0.0000000000000000000, 1.000000000000000000, 0.0000000000000000000 ) ) ;
#2523 = CARTESIAN_POINT ( 'NONE',  ( -0.8969223593595515600, 0.4000000000000000200, -0.1999999999999998700 ) ) ;
#2524 = AXIS2_PLACEMENT_3D ( 'NONE', #1393, #2728, #2395 ) ;
#2525 = APPLICATION_CONTEXT ( 'automotive_design' ) ;
#2526 = ORIENTED_EDGE ( 'NONE', *, *, #854, .F. ) ;
#2527 = VERTEX_POINT ( 'NONE', #1844 ) ;
#2528 = LINE ( 'NONE', #376, #4005 ) ;
#2529 = PLANE ( 'NONE',  #3493 ) ;
#2530 = DIRECTION ( 'NONE',  ( 0.0000000000000000000, -1.000000000000000000, 0.0000000000000000000 ) ) ;
#2531 = VERTEX_POINT ( 'NONE', #2500 ) ;
#2532 = LINE ( 'NONE', #3067, #3393 ) ;
#2533 = VERTEX_POINT ( 'NONE', #1835 ) ;
#2534 = AXIS2_PLACEMENT_3D ( 'NONE', #2762, #2469, #2177 ) ;
#2535 = ORIENTED_EDGE ( 'NONE', *, *, #2783, .T. ) ;
#2536 = VECTOR ( 'NONE', #1320, 1000.000000000000000 ) ;
#2537 = VERTEX_POINT ( 'NONE', #4130 ) ;
#2538 = CARTESIAN_POINT ( 'NONE',  ( 0.8969223593595515600, 0.4000000000000000200, 0.1999999999999999300 ) ) ;
#2539 = CIRCLE ( 'NONE', #1931, 0.04999999999999991300 ) ;
#2540 = ORIENTED_EDGE ( 'NONE', *, *, #54, .F. ) ;
#2541 = CARTESIAN_POINT ( 'NONE',  ( -0.5499999999999932700, 0.0000000000000000000, -0.0000000000000000000 ) ) ;
#2542 = EDGE_CURVE ( 'NONE', #3035, #2319, #4116, .T. ) ;
#2543 = ADVANCED_FACE ( 'NONE', ( #1463 ), #4102, .F. ) ;
#2544 = AXIS2_PLACEMENT_3D ( 'NONE', #629, #3217, #3626 ) ;
#2545 = LINE ( 'NONE', #3159, #3303 ) ;
#2546 = CARTESIAN_POINT ( 'NONE',  ( 0.6000000000000000900, 0.0000000000000000000, -0.7999999999999999300 ) ) ;
#2547 = CARTESIAN_POINT ( 'NONE',  ( 1.000000000000000000, 0.05000000000000002400, 6.933347799794049100E-029 ) ) ;
#2548 = CARTESIAN_POINT ( 'NONE',  ( 0.8969223593595621000, 0.05000000000000002400, -0.4499999999999876300 ) ) ;
#2549 = AXIS2_PLACEMENT_3D ( 'NONE', #3640, #3055, #4036 ) ;
#2550 = ORIENTED_EDGE ( 'NONE', *, *, #2, .F. ) ;
#2551 = CARTESIAN_POINT ( 'NONE',  ( 0.5500000000000001600, 0.05000000000000002400, -0.5000000000000000000 ) ) ;
#2552 = ORIENTED_EDGE ( 'NONE', *, *, #2046, .T. ) ;
#2553 = CARTESIAN_POINT ( 'NONE',  ( 0.5499999999999865000, 0.3999999999999999700, 0.0000000000000000000 ) ) ;
#2554 = AXIS2_PLACEMENT_3D ( 'NONE', #815, #3357, #2094 ) ;
#2555 = VERTEX_POINT ( 'NONE', #1206 ) ;
#2556 = ADVANCED_FACE ( 'NONE', ( #1769 ), #3753, .T. ) ;
#2557 = DIRECTION ( 'NONE',  ( 0.0000000000000000000, 0.0000000000000000000, -1.000000000000000000 ) ) ;
#2558 = FACE_OUTER_BOUND ( 'NONE', #1958, .T. ) ;
#2559 = ORIENTED_EDGE ( 'NONE', *, *, #1743, .T. ) ;
#2560 = EDGE_CURVE ( 'NONE', #598, #3951, #1259, .T. ) ;
#2561 = AXIS2_PLACEMENT_3D ( 'NONE', #2834, #3461, #2491 ) ;
#2562 = CARTESIAN_POINT ( 'NONE',  ( -7.302933836468611300E-017, 0.4000000000000000200, -0.2000000000000002100 ) ) ;
#2563 = CARTESIAN_POINT ( 'NONE',  ( -0.8969223593595515600, 0.0000000000000000000, -0.1999999999999998700 ) ) ;
#2564 = ORIENTED_EDGE ( 'NONE', *, *, #3140, .F. ) ;
#2565 = EDGE_CURVE ( 'NONE', #3718, #1953, #2895, .T. ) ;
#2566 = CIRCLE ( 'NONE', #3298, 0.2250000000000046700 ) ;
#2567 = ORIENTED_EDGE ( 'NONE', *, *, #1176, .T. ) ;
#2568 = CARTESIAN_POINT ( 'NONE',  ( 0.8969223593595515600, 0.0000000000000000000, -0.1999999999999998700 ) ) ;
#2569 = ORIENTED_EDGE ( 'NONE', *, *, #956, .F. ) ;
#2570 = AXIS2_PLACEMENT_3D ( 'NONE', #2757, #1094, #3413 ) ;
#2571 = CARTESIAN_POINT ( 'NONE',  ( 1.000000000000000000, 0.05000000000000002400, -0.8749999999999998900 ) ) ;
#2572 = EDGE_LOOP ( 'NONE', ( #2550, #695, #3145, #4138 ) ) ;
#2573 = FACE_OUTER_BOUND ( 'NONE', #4174, .T. ) ;
#2574 = ORIENTED_EDGE ( 'NONE', *, *, #975, .T. ) ;
#2575 = DIRECTION ( 'NONE',  ( 0.0000000000000000000, 0.0000000000000000000, -1.000000000000000000 ) ) ;
#2576 = DIRECTION ( 'NONE',  ( -1.000000000000000000, 0.0000000000000000000, 0.0000000000000000000 ) ) ;
#2577 = DIRECTION ( 'NONE',  ( 0.0000000000000000000, 1.000000000000000000, -0.0000000000000000000 ) ) ;
#2578 = ADVANCED_FACE ( 'NONE', ( #2109 ), #2584, .F. ) ;
#2579 = AXIS2_PLACEMENT_3D ( 'NONE', #3536, #4206, #2924 ) ;
#2580 = CYLINDRICAL_SURFACE ( 'NONE', #797, 0.04999999999999996800 ) ;
#2581 = ORIENTED_EDGE ( 'NONE', *, *, #581, .T. ) ;
#2582 = CIRCLE ( 'NONE', #2423, 0.04999999999999996800 ) ;
#2583 = ORIENTED_EDGE ( 'NONE', *, *, #3948, .F. ) ;
#2584 = PLANE ( 'NONE',  #2657 ) ;
#2585 = ADVANCED_FACE ( 'NONE', ( #518 ), #3503, .F. ) ;
#2586 = VECTOR ( 'NONE', #2403, 1000.000000000000000 ) ;
#2587 = ORIENTED_EDGE ( 'NONE', *, *, #2809, .T. ) ;
#2588 = DIRECTION ( 'NONE',  ( -0.0000000000000000000, -1.000000000000000000, 0.0000000000000000000 ) ) ;
#2589 = EDGE_LOOP ( 'NONE', ( #38, #1867, #1757, #946 ) ) ;
#2590 = ORIENTED_EDGE ( 'NONE', *, *, #2452, .T. ) ;
#2591 = EDGE_CURVE ( 'NONE', #646, #1579, #2696, .T. ) ;
#2592 = VECTOR ( 'NONE', #1982, 1000.000000000000000 ) ;
#2593 = VERTEX_POINT ( 'NONE', #2189 ) ;
#2594 = CARTESIAN_POINT ( 'NONE',  ( 0.5999999999999932100, 0.4000000000000000200, -0.1999999999999999800 ) ) ;
#2595 = ORIENTED_EDGE ( 'NONE', *, *, #3220, .T. ) ;
#2596 = PLANE ( 'NONE',  #2579 ) ;
#2597 = CARTESIAN_POINT ( 'NONE',  ( 0.6000000000000000900, 0.0000000000000000000, -0.4500000000000000100 ) ) ;
#2598 = EDGE_CURVE ( 'NONE', #3104, #1590, #1822, .T. ) ;
#2599 = DIRECTION ( 'NONE',  ( 0.0000000000000000000, -1.000000000000000000, 0.0000000000000000000 ) ) ;
#2600 = EDGE_CURVE ( 'NONE', #3968, #3053, #1876, .T. ) ;
#2601 = CARTESIAN_POINT ( 'NONE',  ( 0.5999999999999932100, 0.05000000000000002400, -0.1499999999999999700 ) ) ;
#2602 = DIRECTION ( 'NONE',  ( -0.0000000000000000000, -1.000000000000000000, -0.0000000000000000000 ) ) ;
#2603 = ORIENTED_EDGE ( 'NONE', *, *, #2954, .T. ) ;
#2604 = DIRECTION ( 'NONE',  ( -0.0000000000000000000, -1.000000000000000000, -0.0000000000000000000 ) ) ;
#2605 = MECHANICAL_DESIGN_GEOMETRIC_PRESENTATION_REPRESENTATION (  '', ( #3469 ), #1430 ) ;
#2606 = CARTESIAN_POINT ( 'NONE',  ( -1.000000000000000000, 1.036396103067896100, -0.8499999999999998700 ) ) ;
#2607 = DIRECTION ( 'NONE',  ( -0.0000000000000000000, 1.000000000000000000, 0.0000000000000000000 ) ) ;
#2608 = VERTEX_POINT ( 'NONE', #2872 ) ;
#2609 = DIRECTION ( 'NONE',  ( -1.000000000000000000, 0.0000000000000000000, 0.0000000000000000000 ) ) ;
#2610 = VECTOR ( 'NONE', #3499, 1000.000000000000000 ) ;
#2611 = ORIENTED_EDGE ( 'NONE', *, *, #521, .T. ) ;
#2612 = CARTESIAN_POINT ( 'NONE',  ( 1.000000000000000000, 0.4000000000000000200, -0.6500000000000000200 ) ) ;
#2613 = AXIS2_PLACEMENT_3D ( 'NONE', #2897, #2505, #3219 ) ;
#2614 = CARTESIAN_POINT ( 'NONE',  ( 0.5499999999999865000, 0.4000000000000000200, 0.7999999999999999300 ) ) ;
#2615 = VECTOR ( 'NONE', #775, 1000.000000000000000 ) ;
#2616 = EDGE_LOOP ( 'NONE', ( #1147, #735, #136, #1303 ) ) ;
#2617 = DIRECTION ( 'NONE',  ( 0.0000000000000000000, 1.000000000000000000, -0.0000000000000000000 ) ) ;
#2618 =( NAMED_UNIT ( * ) SI_UNIT ( $, .STERADIAN. ) SOLID_ANGLE_UNIT ( ) );
#2619 = EDGE_CURVE ( 'NONE', #1664, #2533, #1154, .T. ) ;
#2620 = VERTEX_POINT ( 'NONE', #3863 ) ;
#2621 = CIRCLE ( 'NONE', #2622, 0.04999999999999996800 ) ;
#2622 = AXIS2_PLACEMENT_3D ( 'NONE', #1921, #3257, #4232 ) ;
#2623 = ORIENTED_EDGE ( 'NONE', *, *, #1497, .F. ) ;
#2624 = CARTESIAN_POINT ( 'NONE',  ( 0.9999999999999933400, 0.3999999999999999700, 0.0000000000000000000 ) ) ;
#2625 = ORIENTED_EDGE ( 'NONE', *, *, #638, .F. ) ;
#2626 = COLOUR_RGB ( '',1.000000000000000000, 1.000000000000000000, 1.000000000000000000 ) ;
#2627 = EDGE_CURVE ( 'NONE', #3658, #400, #3444, .T. ) ;
#2628 = CARTESIAN_POINT ( 'NONE',  ( 0.5999999999999864300, 1.036396103067896100, 0.8499999999999999800 ) ) ;
#2629 = DIRECTION ( 'NONE',  ( -0.0000000000000000000, -0.0000000000000000000, 1.000000000000000000 ) ) ;
#2630 = DIRECTION ( 'NONE',  ( 0.0000000000000000000, 0.0000000000000000000, 1.000000000000000000 ) ) ;
#2631 = ORIENTED_EDGE ( 'NONE', *, *, #3735, .T. ) ;
#2632 = CYLINDRICAL_SURFACE ( 'NONE', #3059, 0.04999999999999991300 ) ;
#2633 = ORIENTED_EDGE ( 'NONE', *, *, #2793, .F. ) ;
#2634 = CARTESIAN_POINT ( 'NONE',  ( 1.000000000000000000, 0.4000000000000000200, -0.4249999999999999900 ) ) ;
#2635 = VECTOR ( 'NONE', #2128, 1000.000000000000000 ) ;
#2636 = AXIS2_PLACEMENT_3D ( 'NONE', #1863, #2176, #2852 ) ;
#2637 = ORIENTED_EDGE ( 'NONE', *, *, #4236, .T. ) ;
#2638 = VECTOR ( 'NONE', #1183, 1000.000000000000000 ) ;
#2639 = VERTEX_POINT ( 'NONE', #312 ) ;
#2640 = CARTESIAN_POINT ( 'NONE',  ( 0.5499999999999932700, 1.036396103067896100, -0.1499999999999999700 ) ) ;
#2641 = CIRCLE ( 'NONE', #4144, 0.2000000000000072600 ) ;
#2642 = DIRECTION ( 'NONE',  ( 0.0000000000000000000, 0.0000000000000000000, 1.000000000000000000 ) ) ;
#2643 = ORIENTED_EDGE ( 'NONE', *, *, #1381, .T. ) ;
#2644 = FACE_OUTER_BOUND ( 'NONE', #3252, .T. ) ;
#2645 = ORIENTED_EDGE ( 'NONE', *, *, #490, .F. ) ;
#2646 = UNCERTAINTY_MEASURE_WITH_UNIT (LENGTH_MEASURE( 1.000000000000000100E-005 ), #955, 'distance_accuracy_value', 'NONE');
#2647 = CYLINDRICAL_SURFACE ( 'NONE', #3396, 0.2249999999999999500 ) ;
#2648 = PRESENTATION_STYLE_ASSIGNMENT (( #3321 ) ) ;
#2649 = ORIENTED_EDGE ( 'NONE', *, *, #3179, .T. ) ;
#2650 = DIRECTION ( 'NONE',  ( 0.0000000000000000000, 0.0000000000000000000, -1.000000000000000000 ) ) ;
#2651 = DIRECTION ( 'NONE',  ( -0.0000000000000000000, -1.000000000000000000, -0.0000000000000000000 ) ) ;
#2652 = DIRECTION ( 'NONE',  ( 0.0000000000000000000, 0.0000000000000000000, -1.000000000000000000 ) ) ;
#2653 = DIRECTION ( 'NONE',  ( -0.0000000000000000000, -1.000000000000000000, -0.0000000000000000000 ) ) ;
#2654 = FACE_OUTER_BOUND ( 'NONE', #746, .T. ) ;
#2655 = ORIENTED_EDGE ( 'NONE', *, *, #35, .F. ) ;
#2656 = EDGE_CURVE ( 'NONE', #3086, #1009, #2022, .T. ) ;
#2657 = AXIS2_PLACEMENT_3D ( 'NONE', #2233, #3871, #3542 ) ;
#2658 = DIRECTION ( 'NONE',  ( 0.0000000000000000000, 0.0000000000000000000, 1.000000000000000000 ) ) ;
#2659 = DIRECTION ( 'NONE',  ( -1.000000000000000000, 0.0000000000000000000, 3.651466918234302200E-016 ) ) ;
#2660 = EDGE_CURVE ( 'NONE', #1234, #1662, #3097, .T. ) ;
#2661 = DIRECTION ( 'NONE',  ( -1.000000000000000000, 0.0000000000000000000, 4.162672286787051700E-014 ) ) ;
#2662 = DIRECTION ( 'NONE',  ( -0.0000000000000000000, -1.000000000000000000, -0.0000000000000000000 ) ) ;
#2663 = DIRECTION ( 'NONE',  ( 0.0000000000000000000, 1.000000000000000000, -0.0000000000000000000 ) ) ;
#2664 = ORIENTED_EDGE ( 'NONE', *, *, #1041, .T. ) ;
#2665 = CARTESIAN_POINT ( 'NONE',  ( 0.0000000000000000000, 0.4000000000000000200, 0.0000000000000000000 ) ) ;
#2666 = ORIENTED_EDGE ( 'NONE', *, *, #1336, .T. ) ;
#2667 = AXIS2_PLACEMENT_3D ( 'NONE', #1277, #2283, #345 ) ;
#2668 = DIRECTION ( 'NONE',  ( 0.0000000000000000000, 0.0000000000000000000, -1.000000000000000000 ) ) ;
#2669 = CYLINDRICAL_SURFACE ( 'NONE', #549, 0.2249999999999999500 ) ;
#2670 = ORIENTED_EDGE ( 'NONE', *, *, #1097, .F. ) ;
#2671 = FACE_OUTER_BOUND ( 'NONE', #3135, .T. ) ;
#2672 = LINE ( 'NONE', #3846, #936 ) ;
#2673 = VERTEX_POINT ( 'NONE', #2568 ) ;
#2674 = CARTESIAN_POINT ( 'NONE',  ( 0.9999999999999933400, 0.4000000000000000200, -0.2249999999999999500 ) ) ;
#2675 = EDGE_CURVE ( 'NONE', #1009, #2054, #3540, .T. ) ;
#2676 = PLANE ( 'NONE',  #1495 ) ;
#2677 = ORIENTED_EDGE ( 'NONE', *, *, #56, .T. ) ;
#2678 = CIRCLE ( 'NONE', #2712, 0.2250000000000015600 ) ;
#2679 = ORIENTED_EDGE ( 'NONE', *, *, #2903, .F. ) ;
#2680 = PLANE ( 'NONE',  #2155 ) ;
#2681 = CARTESIAN_POINT ( 'NONE',  ( 1.000000000000000000, 0.05000000000000002400, -0.4249999999999953300 ) ) ;
#2682 = DIRECTION ( 'NONE',  ( 0.0000000000000000000, -1.000000000000000000, 0.0000000000000000000 ) ) ;
#2683 = EDGE_CURVE ( 'NONE', #2266, #75, #3295, .T. ) ;
#2684 = MECHANICAL_DESIGN_GEOMETRIC_PRESENTATION_REPRESENTATION (  '', ( #855 ), #1145 ) ;
#2685 = ORIENTED_EDGE ( 'NONE', *, *, #3561, .F. ) ;
#2686 = CARTESIAN_POINT ( 'NONE',  ( 0.9999999999999933400, 0.4000000000000000200, 0.2250000000000000100 ) ) ;
#2687 = ORIENTED_EDGE ( 'NONE', *, *, #1935, .T. ) ;
#2688 = FACE_OUTER_BOUND ( 'NONE', #1914, .T. ) ;
#2689 = VERTEX_POINT ( 'NONE', #3486 ) ;
#2690 = PLANE ( 'NONE',  #3994 ) ;
#2691 = CARTESIAN_POINT ( 'NONE',  ( -0.5499999999999932700, 0.0000000000000000000, -0.1499999999999999700 ) ) ;
#2692 = DIRECTION ( 'NONE',  ( 0.0000000000000000000, -1.000000000000000000, 0.0000000000000000000 ) ) ;
#2693 = LINE ( 'NONE', #3812, #4068 ) ;
#2694 = CARTESIAN_POINT ( 'NONE',  ( -0.9999999999999933400, 0.0000000000000000000, 0.2250000000000000100 ) ) ;
#2695 = ORIENTED_EDGE ( 'NONE', *, *, #4217, .F. ) ;
#2696 = CIRCLE ( 'NONE', #3318, 0.2249999999999999500 ) ;
#2697 = VECTOR ( 'NONE', #3927, 1000.000000000000000 ) ;
#2698 = ORIENTED_EDGE ( 'NONE', *, *, #2675, .F. ) ;
#2699 = CARTESIAN_POINT ( 'NONE',  ( -0.8969223593595446700, 0.05000000000000002400, 0.4500000000000001200 ) ) ;
#2700 = VERTEX_POINT ( 'NONE', #607 ) ;
#2701 = ORIENTED_EDGE ( 'NONE', *, *, #561, .F. ) ;
#2702 = ADVANCED_FACE ( 'NONE', ( #3203 ), #1345, .F. ) ;
#2703 = CARTESIAN_POINT ( 'NONE',  ( -0.6000000000000000900, 0.0000000000000000000, -0.4500000000000000100 ) ) ;
#2704 = FACE_OUTER_BOUND ( 'NONE', #2735, .T. ) ;
#2705 = CARTESIAN_POINT ( 'NONE',  ( 0.5999999999999864300, 0.0000000000000000000, 0.5000000000000000000 ) ) ;
#2706 = ORIENTED_EDGE ( 'NONE', *, *, #3765, .F. ) ;
#2707 = STYLED_ITEM ( 'NONE', ( #245 ), #2182 ) ;
#2708 = DIRECTION ( 'NONE',  ( 0.0000000000000000000, -1.000000000000000000, 0.0000000000000000000 ) ) ;
#2709 = DIRECTION ( 'NONE',  ( -1.000000000000000000, -0.0000000000000000000, -0.0000000000000000000 ) ) ;
#2710 = DIRECTION ( 'NONE',  ( 0.0000000000000000000, -1.000000000000000000, 0.0000000000000000000 ) ) ;
#2711 = EDGE_CURVE ( 'NONE', #440, #552, #408, .T. ) ;
#2712 = AXIS2_PLACEMENT_3D ( 'NONE', #4095, #191, #2802 ) ;
#2713 = CARTESIAN_POINT ( 'NONE',  ( 1.873202529054277000E-014, 0.4000000000000000200, -0.4500000000000249900 ) ) ;
#2714 = CARTESIAN_POINT ( 'NONE',  ( 0.5999999999999932100, 0.3999999999999999700, -0.1499999999999999700 ) ) ;
#2715 = CARTESIAN_POINT ( 'NONE',  ( -1.873202529054277000E-014, 0.4000000000000000200, -0.4500000000000249900 ) ) ;
#2716 = ORIENTED_EDGE ( 'NONE', *, *, #2600, .T. ) ;
#2717 = EDGE_CURVE ( 'NONE', #1604, #2891, #1717, .T. ) ;
#2718 = DIRECTION ( 'NONE',  ( 0.0000000000000000000, -1.000000000000000000, 0.0000000000000000000 ) ) ;
#2719 = CARTESIAN_POINT ( 'NONE',  ( 1.000000000000000000, 1.036396103067896100, -0.6500000000000000200 ) ) ;
#2720 = ORIENTED_EDGE ( 'NONE', *, *, #3002, .F. ) ;
#2721 = LINE ( 'NONE', #1691, #544 ) ;
#2722 = ORIENTED_EDGE ( 'NONE', *, *, #27, .F. ) ;
#2723 = FILL_AREA_STYLE ('',( #2388 ) ) ;
#2724 = LINE ( 'NONE', #2553, #274 ) ;
#2725 = EDGE_LOOP ( 'NONE', ( #1096, #991, #1687, #3625 ) ) ;
#2726 = LINE ( 'NONE', #1694, #3733 ) ;
#2727 = CARTESIAN_POINT ( 'NONE',  ( 0.5500000000000001600, 0.4000000000000000200, -0.5000000000000000000 ) ) ;
#2728 = DIRECTION ( 'NONE',  ( -0.0000000000000000000, -1.000000000000000000, -0.0000000000000000000 ) ) ;
#2729 = EDGE_CURVE ( 'NONE', #4228, #2191, #2582, .T. ) ;
#2730 = DIRECTION ( 'NONE',  ( 1.000000000000000000, 0.0000000000000000000, 3.651466918234302200E-016 ) ) ;
#2731 = ORIENTED_EDGE ( 'NONE', *, *, #2909, .T. ) ;
#2732 = VECTOR ( 'NONE', #3785, 1000.000000000000000 ) ;
#2733 = AXIS2_PLACEMENT_3D ( 'NONE', #3635, #2609, #673 ) ;
#2734 = CARTESIAN_POINT ( 'NONE',  ( 0.9999999999999863400, 0.3999999999999999700, 0.6500000000000000200 ) ) ;
#2735 = EDGE_LOOP ( 'NONE', ( #3392, #3230, #2649, #269 ) ) ;
#2736 = LINE ( 'NONE', #1004, #3284 ) ;
#2737 = DIRECTION ( 'NONE',  ( 0.0000000000000000000, -1.000000000000000000, 0.0000000000000000000 ) ) ;
#2738 = EDGE_CURVE ( 'NONE', #1618, #2780, #3343, .T. ) ;
#2739 = ADVANCED_FACE ( 'NONE', ( #2431 ), #3581, .T. ) ;
#2740 = EDGE_LOOP ( 'NONE', ( #3474, #129, #1033, #3628 ) ) ;
#2741 = VECTOR ( 'NONE', #2668, 1000.000000000000000 ) ;
#2742 = EDGE_LOOP ( 'NONE', ( #206, #3605, #2034, #180 ) ) ;
#2743 = CARTESIAN_POINT ( 'NONE',  ( -0.5500000000000001600, 0.4000000000000000200, -0.7999999999999999300 ) ) ;
#2744 = DIRECTION ( 'NONE',  ( 0.0000000000000000000, 0.0000000000000000000, 1.000000000000000000 ) ) ;
#2745 = EDGE_CURVE ( 'NONE', #1404, #125, #2373, .T. ) ;
#2746 = EDGE_LOOP ( 'NONE', ( #941, #3820, #3401, #2308 ) ) ;
#2747 = VECTOR ( 'NONE', #2730, 1000.000000000000000 ) ;
#2748 = ORIENTED_EDGE ( 'NONE', *, *, #4236, .F. ) ;
#2749 = CARTESIAN_POINT ( 'NONE',  ( -0.9999999999999933400, 0.4000000000000000200, 0.2250000000000000100 ) ) ;
#2750 = DIRECTION ( 'NONE',  ( -0.0000000000000000000, 1.000000000000000000, -0.0000000000000000000 ) ) ;
#2751 = DIRECTION ( 'NONE',  ( 0.0000000000000000000, 0.0000000000000000000, 1.000000000000000000 ) ) ;
#2752 = VECTOR ( 'NONE', #3302, 1000.000000000000000 ) ;
#2753 = ORIENTED_EDGE ( 'NONE', *, *, #2452, .F. ) ;
#2754 = LINE ( 'NONE', #1945, #3708 ) ;
#2755 = ORIENTED_EDGE ( 'NONE', *, *, #898, .F. ) ;
#2756 = PRESENTATION_LAYER_ASSIGNMENT (  '', '', ( #3469 ) ) ;
#2757 = CARTESIAN_POINT ( 'NONE',  ( -0.6000000000000000900, 1.036396103067896100, -0.5000000000000000000 ) ) ;
#2758 = VECTOR ( 'NONE', #208, 1000.000000000000000 ) ;
#2759 = ORIENTED_EDGE ( 'NONE', *, *, #989, .T. ) ;
#2760 = EDGE_CURVE ( 'NONE', #2778, #1716, #1361, .T. ) ;
#2761 = DIRECTION ( 'NONE',  ( 0.0000000000000000000, 0.0000000000000000000, 1.000000000000000000 ) ) ;
#2762 = CARTESIAN_POINT ( 'NONE',  ( -1.000000000000000000, 1.036396103067896100, 0.0000000000000000000 ) ) ;
#2763 = ORIENTED_EDGE ( 'NONE', *, *, #3110, .T. ) ;
#2764 = EDGE_CURVE ( 'NONE', #1397, #2537, #2478, .T. ) ;
#2765 = PLANE ( 'NONE',  #3562 ) ;
#2766 = EDGE_LOOP ( 'NONE', ( #2417, #2526, #570, #3657, #897, #3236, #57, #3653, #2763, #493 ) ) ;
#2767 = VECTOR ( 'NONE', #1976, 1000.000000000000000 ) ;
#2768 = DIRECTION ( 'NONE',  ( 0.0000000000000000000, 0.0000000000000000000, -1.000000000000000000 ) ) ;
#2769 = ORIENTED_EDGE ( 'NONE', *, *, #1097, .T. ) ;
#2770 = CARTESIAN_POINT ( 'NONE',  ( -1.000000000000000000, 0.4000000000000000200, 1.000000000000000000 ) ) ;
#2771 = DIRECTION ( 'NONE',  ( -3.681468710128532500E-013, 0.0000000000000000000, -1.000000000000000000 ) ) ;
#2772 = VECTOR ( 'NONE', #871, 1000.000000000000000 ) ;
#2773 = VECTOR ( 'NONE', #3932, 1000.000000000000000 ) ;
#2774 = ORIENTED_EDGE ( 'NONE', *, *, #297, .T. ) ;
#2775 = DIRECTION ( 'NONE',  ( 0.0000000000000000000, 0.0000000000000000000, 1.000000000000000000 ) ) ;
#2776 = VERTEX_POINT ( 'NONE', #1021 ) ;
#2777 = ADVANCED_FACE ( 'NONE', ( #954 ), #2278, .F. ) ;
#2778 = VERTEX_POINT ( 'NONE', #2259 ) ;
#2779 = DIRECTION ( 'NONE',  ( 0.0000000000000000000, 1.000000000000000000, -0.0000000000000000000 ) ) ;
#2780 = VERTEX_POINT ( 'NONE', #2956 ) ;
#2781 = ORIENTED_EDGE ( 'NONE', *, *, #2542, .T. ) ;
#2782 = CARTESIAN_POINT ( 'NONE',  ( -0.5999999999999864300, 0.4000000000000000200, 0.5000000000000000000 ) ) ;
#2783 = EDGE_CURVE ( 'NONE', #3596, #1254, #1509, .T. ) ;
#2784 = CARTESIAN_POINT ( 'NONE',  ( -0.5999999999999932100, 1.036396103067896100, -0.1999999999999999800 ) ) ;
#2785 = AXIS2_PLACEMENT_3D ( 'NONE', #2601, #2873, #2892 ) ;
#2786 = PLANE ( 'NONE',  #1889 ) ;
#2787 = ORIENTED_EDGE ( 'NONE', *, *, #18, .T. ) ;
#2788 = VECTOR ( 'NONE', #1576, 1000.000000000000000 ) ;
#2789 = FACE_OUTER_BOUND ( 'NONE', #2742, .T. ) ;
#2790 = ORIENTED_EDGE ( 'NONE', *, *, #2506, .F. ) ;
#2791 = VECTOR ( 'NONE', #662, 1000.000000000000000 ) ;
#2792 = ORIENTED_EDGE ( 'NONE', *, *, #2172, .T. ) ;
#2793 = EDGE_CURVE ( 'NONE', #3596, #4165, #3955, .T. ) ;
#2794 = CIRCLE ( 'NONE', #3019, 0.2249999999999999500 ) ;
#2795 = VERTEX_POINT ( 'NONE', #420 ) ;
#2796 = FACE_OUTER_BOUND ( 'NONE', #430, .T. ) ;
#2797 = ORIENTED_EDGE ( 'NONE', *, *, #2854, .F. ) ;
#2798 = DIRECTION ( 'NONE',  ( 0.0000000000000000000, 0.0000000000000000000, -1.000000000000000000 ) ) ;
#2799 = AXIS2_PLACEMENT_3D ( 'NONE', #3129, #842, #4129 ) ;
#2800 = VECTOR ( 'NONE', #2961, 1000.000000000000000 ) ;
#2801 = VERTEX_POINT ( 'NONE', #3317 ) ;
#2802 = DIRECTION ( 'NONE',  ( -2.987579319737813700E-014, 0.0000000000000000000, 1.000000000000000000 ) ) ;
#2803 = ORIENTED_EDGE ( 'NONE', *, *, #106, .F. ) ;
#2804 = ADVANCED_FACE ( 'NONE', ( #4070 ), #1679, .T. ) ;
#2805 = AXIS2_PLACEMENT_3D ( 'NONE', #293, #2607, #2284 ) ;
#2806 = CARTESIAN_POINT ( 'NONE',  ( 0.9999999999999933400, 1.036396103067896100, -0.2249999999999999500 ) ) ;
#2807 = DIRECTION ( 'NONE',  ( 0.0000000000000000000, 0.0000000000000000000, 1.000000000000000000 ) ) ;
#2808 = CARTESIAN_POINT ( 'NONE',  ( -0.5499999999999932700, 0.4000000000000000200, -0.0000000000000000000 ) ) ;
#2809 = EDGE_CURVE ( 'NONE', #3664, #3907, #1114, .T. ) ;
#2810 = AXIS2_PLACEMENT_3D ( 'NONE', #357, #683, #2944 ) ;
#2811 = ORIENTED_EDGE ( 'NONE', *, *, #2948, .F. ) ;
#2812 = DIRECTION ( 'NONE',  ( 0.0000000000000000000, 1.000000000000000000, -0.0000000000000000000 ) ) ;
#2813 = CARTESIAN_POINT ( 'NONE',  ( 1.000000000000000000, 0.3999999999999999700, -0.4249999999999953300 ) ) ;
#2814 = DIRECTION ( 'NONE',  ( 0.0000000000000000000, -1.000000000000000000, 0.0000000000000000000 ) ) ;
#2815 = ADVANCED_FACE ( 'NONE', ( #3645 ), #3040, .T. ) ;
#2816 = ORIENTED_EDGE ( 'NONE', *, *, #727, .T. ) ;
#2817 = EDGE_CURVE ( 'NONE', #3951, #702, #1059, .T. ) ;
#2818 = CARTESIAN_POINT ( 'NONE',  ( 0.5500000000000001600, 0.3999999999999999700, 0.0000000000000000000 ) ) ;
#2819 = CARTESIAN_POINT ( 'NONE',  ( -0.5999999999999932100, 0.05000000000000002400, -0.1499999999999999700 ) ) ;
#2820 = FACE_OUTER_BOUND ( 'NONE', #118, .T. ) ;
#2821 = ORIENTED_EDGE ( 'NONE', *, *, #1168, .T. ) ;
#2822 = ADVANCED_FACE ( 'NONE', ( #2644 ), #37, .T. ) ;
#2823 = EDGE_CURVE ( 'NONE', #3627, #3783, #247, .T. ) ;
#2824 = CARTESIAN_POINT ( 'NONE',  ( -0.9999999999999863400, 0.0000000000000000000, 0.6500000000000000200 ) ) ;
#2825 = DIRECTION ( 'NONE',  ( 1.000000000000000000, 0.0000000000000000000, -4.162672286787051700E-014 ) ) ;
#2826 = COLOUR_RGB ( '',1.000000000000000000, 0.8117647058823529400, 0.5019607843137254800 ) ;
#2827 = ORIENTED_EDGE ( 'NONE', *, *, #1628, .T. ) ;
#2828 = EDGE_LOOP ( 'NONE', ( #1543, #3051, #3721, #3037 ) ) ;
#2829 = CIRCLE ( 'NONE', #2018, 0.2250000000000015000 ) ;
#2830 = ORIENTED_EDGE ( 'NONE', *, *, #2922, .F. ) ;
#2831 = AXIS2_PLACEMENT_3D ( 'NONE', #2665, #976, #374 ) ;
#2832 = ORIENTED_EDGE ( 'NONE', *, *, #3380, .T. ) ;
#2833 = DIRECTION ( 'NONE',  ( -0.0000000000000000000, -1.000000000000000000, -0.0000000000000000000 ) ) ;
#2834 = CARTESIAN_POINT ( 'NONE',  ( 0.0000000000000000000, 0.0000000000000000000, 0.0000000000000000000 ) ) ;
#2835 = ORIENTED_EDGE ( 'NONE', *, *, #1797, .T. ) ;
#2836 = CYLINDRICAL_SURFACE ( 'NONE', #3587, 0.2249999999999999500 ) ;
#2837 = AXIS2_PLACEMENT_3D ( 'NONE', #1550, #3851, #1587 ) ;
#2838 = VERTEX_POINT ( 'NONE', #3332 ) ;
#2839 = CARTESIAN_POINT ( 'NONE',  ( -0.8969223593595515600, 0.3999999999999999700, 0.1999999999999999300 ) ) ;
#2840 = VECTOR ( 'NONE', #3130, 1000.000000000000000 ) ;
#2841 = ORIENTED_EDGE ( 'NONE', *, *, #3906, .T. ) ;
#2842 = LINE ( 'NONE', #1755, #459 ) ;
#2843 = ORIENTED_EDGE ( 'NONE', *, *, #3647, .T. ) ;
#2844 = CARTESIAN_POINT ( 'NONE',  ( 0.9999999999999933400, 1.036396103067896100, 0.1999999999999999300 ) ) ;
#2845 = DIRECTION ( 'NONE',  ( 0.0000000000000000000, 1.000000000000000000, -0.0000000000000000000 ) ) ;
#2846 = ADVANCED_FACE ( 'NONE', ( #1924 ), #290, .F. ) ;
#2847 = AXIS2_PLACEMENT_3D ( 'NONE', #3831, #1233, #4158 ) ;
#2848 = FACE_OUTER_BOUND ( 'NONE', #4170, .T. ) ;
#2849 = ORIENTED_EDGE ( 'NONE', *, *, #3095, .T. ) ;
#2850 = LINE ( 'NONE', #3935, #863 ) ;
#2851 = ORIENTED_EDGE ( 'NONE', *, *, #2909, .F. ) ;
#2852 = DIRECTION ( 'NONE',  ( 0.0000000000000000000, 0.0000000000000000000, 1.000000000000000000 ) ) ;
#2853 = FACE_OUTER_BOUND ( 'NONE', #2261, .T. ) ;
#2854 = EDGE_CURVE ( 'NONE', #3202, #1818, #810, .T. ) ;
#2855 = DIRECTION ( 'NONE',  ( 0.0000000000000000000, 0.0000000000000000000, 1.000000000000000000 ) ) ;
#2856 = LINE ( 'NONE', #1333, #2072 ) ;
#2857 = EDGE_LOOP ( 'NONE', ( #3511, #178, #1113, #2623 ) ) ;
#2858 = VECTOR ( 'NONE', #1156, 1000.000000000000000 ) ;
#2859 = CARTESIAN_POINT ( 'NONE',  ( 0.6000000000000000900, 0.0000000000000000000, -0.8499999999999999800 ) ) ;
#2860 = CARTESIAN_POINT ( 'NONE',  ( -0.5999999999999864300, 0.4000000000000000200, 0.4500000000000000100 ) ) ;
#2861 = CARTESIAN_POINT ( 'NONE',  ( 0.0000000000000000000, 0.0000000000000000000, 0.0000000000000000000 ) ) ;
#2862 = CARTESIAN_POINT ( 'NONE',  ( -1.000000000000000000, 0.4000000000000000200, -0.6500000000000000200 ) ) ;
#2863 = VERTEX_POINT ( 'NONE', #3990 ) ;
#2864 = CARTESIAN_POINT ( 'NONE',  ( 0.6000000000000000900, 0.3999999999999999700, -0.8499999999999998700 ) ) ;
#2865 = CARTESIAN_POINT ( 'NONE',  ( 1.873202529054277000E-014, 0.3999999999999999700, -0.4500000000000249900 ) ) ;
#2866 = EDGE_CURVE ( 'NONE', #3754, #2639, #1208, .T. ) ;
#2867 = DIRECTION ( 'NONE',  ( 0.0000000000000000000, 1.000000000000000000, -0.0000000000000000000 ) ) ;
#2868 = ORIENTED_EDGE ( 'NONE', *, *, #1561, .F. ) ;
#2869 = CARTESIAN_POINT ( 'NONE',  ( -1.000000000000000000, 0.3999999999999999700, -0.8499999999999998700 ) ) ;
#2870 = ORIENTED_EDGE ( 'NONE', *, *, #2445, .T. ) ;
#2871 = DIRECTION ( 'NONE',  ( -0.0000000000000000000, -1.000000000000000000, -0.0000000000000000000 ) ) ;
#2872 = CARTESIAN_POINT ( 'NONE',  ( 0.9999999999999863400, 0.0000000000000000000, 0.4500000000000001200 ) ) ;
#2873 = DIRECTION ( 'NONE',  ( 0.0000000000000000000, -1.000000000000000000, 0.0000000000000000000 ) ) ;
#2874 = EDGE_LOOP ( 'NONE', ( #984, #1560, #460, #1291 ) ) ;
#2875 = CIRCLE ( 'NONE', #2785, 0.04999999999999996800 ) ;
#2876 = VERTEX_POINT ( 'NONE', #1712 ) ;
#2877 = DIRECTION ( 'NONE',  ( -0.0000000000000000000, 0.0000000000000000000, 1.000000000000000000 ) ) ;
#2878 = VERTEX_POINT ( 'NONE', #2040 ) ;
#2879 = LINE ( 'NONE', #120, #1448 ) ;
#2880 = ORIENTED_EDGE ( 'NONE', *, *, #3813, .F. ) ;
#2881 = DIRECTION ( 'NONE',  ( 0.0000000000000000000, -1.000000000000000000, 0.0000000000000000000 ) ) ;
#2882 = CARTESIAN_POINT ( 'NONE',  ( 0.5999999999999864300, 0.4000000000000000200, 0.7999999999999999300 ) ) ;
#2883 =( NAMED_UNIT ( * ) PLANE_ANGLE_UNIT ( ) SI_UNIT ( $, .RADIAN. ) );
#2884 = EDGE_LOOP ( 'NONE', ( #1016, #2827, #3756, #3491 ) ) ;
#2885 = FACE_OUTER_BOUND ( 'NONE', #43, .T. ) ;
#2886 = ORIENTED_EDGE ( 'NONE', *, *, #2178, .T. ) ;
#2887 = CARTESIAN_POINT ( 'NONE',  ( -0.9999999999999863400, 0.4000000000000000200, 0.6500000000000000200 ) ) ;
#2888 = ORIENTED_EDGE ( 'NONE', *, *, #3457, .T. ) ;
#2889 = LINE ( 'NONE', #1665, #1919 ) ;
#2890 = ADVANCED_FACE ( 'NONE', ( #1355 ), #2676, .F. ) ;
#2891 = VERTEX_POINT ( 'NONE', #59 ) ;
#2892 = DIRECTION ( 'NONE',  ( 0.0000000000000000000, 0.0000000000000000000, -1.000000000000000000 ) ) ;
#2893 = EDGE_CURVE ( 'NONE', #2964, #1645, #3744, .T. ) ;
#2894 = VERTEX_POINT ( 'NONE', #3028 ) ;
#2895 = LINE ( 'NONE', #1820, #1611 ) ;
#2896 = VERTEX_POINT ( 'NONE', #3675 ) ;
#2897 = CARTESIAN_POINT ( 'NONE',  ( -0.5499999999999865000, 0.4000000000000000200, 0.0000000000000000000 ) ) ;
#2898 = FACE_OUTER_BOUND ( 'NONE', #3885, .T. ) ;
#2899 = ORIENTED_EDGE ( 'NONE', *, *, #88, .F. ) ;
#2900 = DIRECTION ( 'NONE',  ( 0.0000000000000000000, 0.0000000000000000000, 1.000000000000000000 ) ) ;
#2901 = VECTOR ( 'NONE', #3259, 1000.000000000000000 ) ;
#2902 = ORIENTED_EDGE ( 'NONE', *, *, #779, .T. ) ;
#2903 = EDGE_CURVE ( 'NONE', #652, #1579, #3844, .T. ) ;
#2904 = DIRECTION ( 'NONE',  ( -1.000000000000000000, 0.0000000000000000000, 0.0000000000000000000 ) ) ;
#2905 = AXIS2_PLACEMENT_3D ( 'NONE', #104, #3375, #1428 ) ;
#2906 = CYLINDRICAL_SURFACE ( 'NONE', #177, 0.2000000000000072600 ) ;
#2907 = CLOSED_SHELL ( 'NONE', ( #1789, #3468, #1703, #649, #1468, #370, #210, #530, #4143, #2822, #937, #3576 ) ) ;
#2908 = EDGE_LOOP ( 'NONE', ( #3646, #3529, #1610, #1044 ) ) ;
#2909 = EDGE_CURVE ( 'NONE', #2801, #899, #30, .T. ) ;
#2910 = DIRECTION ( 'NONE',  ( -0.0000000000000000000, -1.000000000000000000, -0.0000000000000000000 ) ) ;
#2911 = AXIS2_PLACEMENT_3D ( 'NONE', #423, #1052, #2037 ) ;
#2912 = CARTESIAN_POINT ( 'NONE',  ( -0.8969223593595446700, 0.05000000000000002400, 0.8499999999999998700 ) ) ;
#2913 = CARTESIAN_POINT ( 'NONE',  ( -0.8969223593595583300, 0.3999999999999999700, -0.8499999999999998700 ) ) ;
#2914 = CARTESIAN_POINT ( 'NONE',  ( 0.5999999999999932100, 0.05000000000000002400, -0.1999999999999999800 ) ) ;
#2915 = CARTESIAN_POINT ( 'NONE',  ( 0.5499999999999932700, 0.4000000000000000200, 0.1499999999999999700 ) ) ;
#2916 = CARTESIAN_POINT ( 'NONE',  ( 0.8969223593595446700, 0.3999999999999999700, 0.8499999999999998700 ) ) ;
#2917 = EDGE_CURVE ( 'NONE', #3664, #1618, #341, .T. ) ;
#2918 = AXIS2_PLACEMENT_3D ( 'NONE', #1226, #3821, #2877 ) ;
#2919 = CARTESIAN_POINT ( 'NONE',  ( 0.5999999999999932100, 0.4000000000000000200, 0.1499999999999999700 ) ) ;
#2920 = LINE ( 'NONE', #3039, #3567 ) ;
#2921 = VERTEX_POINT ( 'NONE', #2407 ) ;
#2922 = EDGE_CURVE ( 'NONE', #961, #4163, #2942, .T. ) ;
#2923 = AXIS2_PLACEMENT_3D ( 'NONE', #873, #2179, #2807 ) ;
#2924 = DIRECTION ( 'NONE',  ( -1.000000000000000000, 0.0000000000000000000, -0.0000000000000000000 ) ) ;
#2925 = CARTESIAN_POINT ( 'NONE',  ( 0.5499999999999865000, 0.0000000000000000000, 0.5000000000000000000 ) ) ;
#2926 = VECTOR ( 'NONE', #2629, 1000.000000000000000 ) ;
#2927 = EDGE_CURVE ( 'NONE', #3156, #3968, #1971, .T. ) ;
#2928 = CIRCLE ( 'NONE', #1529, 0.2249999999999999500 ) ;
#2929 = ORIENTED_EDGE ( 'NONE', *, *, #1249, .T. ) ;
#2930 = CARTESIAN_POINT ( 'NONE',  ( -0.5999999999999932100, 0.4000000000000000200, 0.1499999999999999700 ) ) ;
#2931 = DIRECTION ( 'NONE',  ( -1.000000000000000000, 0.0000000000000000000, 0.0000000000000000000 ) ) ;
#2932 = ADVANCED_FACE ( 'NONE', ( #1767 ), #3421, .F. ) ;
#2933 = CARTESIAN_POINT ( 'NONE',  ( 0.9999999999999863400, 0.3999999999999999700, 0.8499999999999998700 ) ) ;
#2934 = EDGE_LOOP ( 'NONE', ( #2811, #453, #2590, #2994 ) ) ;
#2935 = ORIENTED_EDGE ( 'NONE', *, *, #2560, .T. ) ;
#2936 = FILL_AREA_STYLE ('',( #3249 ) ) ;
#2937 = ORIENTED_EDGE ( 'NONE', *, *, #727, .F. ) ;
#2938 = VERTEX_POINT ( 'NONE', #1140 ) ;
#2939 = CARTESIAN_POINT ( 'NONE',  ( 0.0000000000000000000, 0.05000000000000000300, 0.0000000000000000000 ) ) ;
#2940 = LINE ( 'NONE', #1350, #3701 ) ;
#2941 = ORIENTED_EDGE ( 'NONE', *, *, #3998, .F. ) ;
#2942 = LINE ( 'NONE', #538, #1307 ) ;
#2943 = DIRECTION ( 'NONE',  ( 0.0000000000000000000, 0.0000000000000000000, -1.000000000000000000 ) ) ;
#2944 = DIRECTION ( 'NONE',  ( 0.0000000000000000000, 0.0000000000000000000, -1.000000000000000000 ) ) ;
#2945 = LINE ( 'NONE', #643, #2433 ) ;
#2946 = ORIENTED_EDGE ( 'NONE', *, *, #751, .T. ) ;
#2947 = ADVANCED_FACE ( 'NONE', ( #4064 ), #135, .F. ) ;
#2948 = EDGE_CURVE ( 'NONE', #3098, #2593, #3488, .T. ) ;
#2949 = AXIS2_PLACEMENT_3D ( 'NONE', #1369, #1405, #3697 ) ;
#2950 = LINE ( 'NONE', #2269, #1218 ) ;
#2951 = LINE ( 'NONE', #4111, #1221 ) ;
#2952 = EDGE_LOOP ( 'NONE', ( #289, #796, #2655, #789 ) ) ;
#2953 = ADVANCED_FACE ( 'NONE', ( #401 ), #3704, .T. ) ;
#2954 = EDGE_CURVE ( 'NONE', #3783, #1816, #2532, .T. ) ;
#2955 = DIRECTION ( 'NONE',  ( 0.0000000000000000000, 1.000000000000000000, -0.0000000000000000000 ) ) ;
#2956 = CARTESIAN_POINT ( 'NONE',  ( -0.5999999999999864300, 0.4000000000000000200, 0.8499999999999999800 ) ) ;
#2957 = ORIENTED_EDGE ( 'NONE', *, *, #3002, .T. ) ;
#2958 = EDGE_CURVE ( 'NONE', #833, #3305, #3696, .T. ) ;
#2959 = CARTESIAN_POINT ( 'NONE',  ( 0.5499999999999932700, 1.036396103067896100, 0.1499999999999999700 ) ) ;
#2960 = ORIENTED_EDGE ( 'NONE', *, *, #3353, .F. ) ;
#2961 = DIRECTION ( 'NONE',  ( 0.0000000000000000000, -1.000000000000000000, 0.0000000000000000000 ) ) ;
#2962 = CARTESIAN_POINT ( 'NONE',  ( 0.8969223593595446700, 0.05000000000000002400, 0.4500000000000001200 ) ) ;
#2963 = ORIENTED_EDGE ( 'NONE', *, *, #1832, .F. ) ;
#2964 = VERTEX_POINT ( 'NONE', #4074 ) ;
#2965 = PLANE ( 'NONE',  #3915 ) ;
#2966 = AXIS2_PLACEMENT_3D ( 'NONE', #2226, #1907, #1886 ) ;
#2967 = CARTESIAN_POINT ( 'NONE',  ( 0.9999999999999863400, 0.0000000000000000000, 0.8499999999999998700 ) ) ;
#2968 = EDGE_LOOP ( 'NONE', ( #2097, #2664, #396, #1380 ) ) ;
#2969 = CARTESIAN_POINT ( 'NONE',  ( -1.000000000000000000, 0.4000000000000000200, 6.933347799794049100E-029 ) ) ;
#2970 = EDGE_CURVE ( 'NONE', #652, #1479, #2842, .T. ) ;
#2971 = VECTOR ( 'NONE', #2486, 1000.000000000000000 ) ;
#2972 = PRESENTATION_LAYER_ASSIGNMENT (  '', '', ( #855 ) ) ;
#2973 = ORIENTED_EDGE ( 'NONE', *, *, #2017, .T. ) ;
#2974 = FACE_OUTER_BOUND ( 'NONE', #161, .T. ) ;
#2975 = EDGE_CURVE ( 'NONE', #2223, #598, #1108, .T. ) ;
#2976 = CARTESIAN_POINT ( 'NONE',  ( 0.5999999999999864300, 0.4000000000000000200, 0.4500000000000000100 ) ) ;
#2977 = DIRECTION ( 'NONE',  ( -0.0000000000000000000, -1.000000000000000000, -0.0000000000000000000 ) ) ;
#2978 = CARTESIAN_POINT ( 'NONE',  ( -1.000000000000000000, 1.036396103067896100, 0.0000000000000000000 ) ) ;
#2979 = ORIENTED_EDGE ( 'NONE', *, *, #4096, .F. ) ;
#2980 = LINE ( 'NONE', #1709, #3632 ) ;
#2981 = EDGE_LOOP ( 'NONE', ( #2583, #3914, #1555, #2023 ) ) ;
#2982 = AXIS2_PLACEMENT_3D ( 'NONE', #1229, #2497, #267 ) ;
#2983 = ORIENTED_EDGE ( 'NONE', *, *, #2970, .T. ) ;
#2984 = VECTOR ( 'NONE', #132, 1000.000000000000000 ) ;
#2985 = DIRECTION ( 'NONE',  ( 0.0000000000000000000, 0.0000000000000000000, 1.000000000000000000 ) ) ;
#2986 = CARTESIAN_POINT ( 'NONE',  ( 0.8969223593595583300, 0.3999999999999999700, -0.8499999999999998700 ) ) ;
#2987 = ADVANCED_FACE ( 'NONE', ( #244 ), #3901, .F. ) ;
#2988 = SURFACE_STYLE_FILL_AREA ( #2936 ) ;
#2989 = VERTEX_POINT ( 'NONE', #584 ) ;
#2990 = FACE_OUTER_BOUND ( 'NONE', #2386, .T. ) ;
#2991 = VERTEX_POINT ( 'NONE', #2813 ) ;
#2992 = VECTOR ( 'NONE', #3759, 1000.000000000000000 ) ;
#2993 = CYLINDRICAL_SURFACE ( 'NONE', #1515, 0.04999999999999991300 ) ;
#2994 = ORIENTED_EDGE ( 'NONE', *, *, #3793, .F. ) ;
#2995 = PLANE ( 'NONE',  #2354 ) ;
#2996 = DIRECTION ( 'NONE',  ( 3.651466918234302200E-016, 0.0000000000000000000, -1.000000000000000000 ) ) ;
#2997 = CARTESIAN_POINT ( 'NONE',  ( 1.000000000000000000, 0.05000000000000002400, 6.933347799794049100E-029 ) ) ;
#2998 = DIRECTION ( 'NONE',  ( 0.0000000000000000000, 0.0000000000000000000, -1.000000000000000000 ) ) ;
#2999 = VECTOR ( 'NONE', #3419, 1000.000000000000000 ) ;
#3000 = CLOSED_SHELL ( 'NONE', ( #2253, #3277, #2449, #3594, #2804, #1957, #1110, #154, #231, #3351, #780, #60 ) ) ;
#3001 = ORIENTED_EDGE ( 'NONE', *, *, #2760, .T. ) ;
#3002 = EDGE_CURVE ( 'NONE', #4092, #3048, #3289, .T. ) ;
#3003 = AXIS2_PLACEMENT_3D ( 'NONE', #2359, #4002, #3672 ) ;
#3004 = CARTESIAN_POINT ( 'NONE',  ( 0.8969223593595515600, 0.3999999999999999700, 0.1999999999999999300 ) ) ;
#3005 = CARTESIAN_POINT ( 'NONE',  ( 0.9999999999999863400, 0.4000000000000000200, 0.4250000000000000400 ) ) ;
#3006 = EDGE_CURVE ( 'NONE', #3451, #632, #2162, .T. ) ;
#3007 = DIRECTION ( 'NONE',  ( -0.0000000000000000000, -1.000000000000000000, -0.0000000000000000000 ) ) ;
#3008 = ADVANCED_FACE ( 'NONE', ( #2106 ), #3637, .F. ) ;
#3009 = ORIENTED_EDGE ( 'NONE', *, *, #137, .T. ) ;
#3010 = PLANE ( 'NONE',  #2328 ) ;
#3011 = DIRECTION ( 'NONE',  ( 0.0000000000000000000, 0.0000000000000000000, 1.000000000000000000 ) ) ;
#3012 = DIRECTION ( 'NONE',  ( -0.0000000000000000000, 1.000000000000000000, -0.0000000000000000000 ) ) ;
#3013 = DIRECTION ( 'NONE',  ( 1.000000000000000000, 0.0000000000000000000, -3.651466918234302200E-016 ) ) ;
#3014 = STYLED_ITEM ( 'NONE', ( #1748 ), #375 ) ;
#3015 = CARTESIAN_POINT ( 'NONE',  ( -0.9999999999999933400, 0.0000000000000000000, -0.2249999999999999500 ) ) ;
#3016 = ORIENTED_EDGE ( 'NONE', *, *, #2256, .T. ) ;
#3017 = CARTESIAN_POINT ( 'NONE',  ( -0.5499999999999865000, 0.0000000000000000000, 0.5000000000000000000 ) ) ;
#3018 = CARTESIAN_POINT ( 'NONE',  ( 1.000000000000000000, 0.3999999999999999700, -0.6500000000000000200 ) ) ;
#3019 = AXIS2_PLACEMENT_3D ( 'NONE', #1422, #3698, #364 ) ;
#3020 = VECTOR ( 'NONE', #3740, 1000.000000000000000 ) ;
#3021 = ORIENTED_EDGE ( 'NONE', *, *, #2285, .F. ) ;
#3022 = CARTESIAN_POINT ( 'NONE',  ( -0.9999999999999863400, 0.0000000000000000000, 0.4250000000000000400 ) ) ;
#3023 = CIRCLE ( 'NONE', #3573, 0.04999999999999996800 ) ;
#3024 = VECTOR ( 'NONE', #3676, 1000.000000000000000 ) ;
#3025 = ORIENTED_EDGE ( 'NONE', *, *, #674, .T. ) ;
#3026 = CARTESIAN_POINT ( 'NONE',  ( 1.000000000000000000, 1.036396103067896100, -0.8749999999999998900 ) ) ;
#3027 = EDGE_CURVE ( 'NONE', #3794, #93, #1655, .T. ) ;
#3028 = CARTESIAN_POINT ( 'NONE',  ( -0.8969223593595515600, 0.05000000000000002400, 0.1999999999999999300 ) ) ;
#3029 = AXIS2_PLACEMENT_3D ( 'NONE', #3526, #3816, #284 ) ;
#3030 = CARTESIAN_POINT ( 'NONE',  ( 0.5999999999999864300, 0.3999999999999999700, 0.7999999999999999300 ) ) ;
#3031 = VECTOR ( 'NONE', #337, 1000.000000000000000 ) ;
#3032 = CARTESIAN_POINT ( 'NONE',  ( -0.6000000000000000900, 0.05000000000000002400, -0.5000000000000000000 ) ) ;
#3033 = EDGE_CURVE ( 'NONE', #3448, #3436, #3800, .T. ) ;
#3034 = DIRECTION ( 'NONE',  ( 3.651466918234302200E-016, 0.0000000000000000000, -1.000000000000000000 ) ) ;
#3035 = VERTEX_POINT ( 'NONE', #3857 ) ;
#3036 = VECTOR ( 'NONE', #1490, 1000.000000000000000 ) ;
#3037 = ORIENTED_EDGE ( 'NONE', *, *, #2817, .F. ) ;
#3038 = CARTESIAN_POINT ( 'NONE',  ( -0.8969223593595515600, 0.4000000000000000200, 0.1999999999999999300 ) ) ;
#3039 = CARTESIAN_POINT ( 'NONE',  ( 1.000000000000000000, 0.4000000000000000200, -0.4249999999999999900 ) ) ;
#3040 = PLANE ( 'NONE',  #21 ) ;
#3041 = FACE_OUTER_BOUND ( 'NONE', #22, .T. ) ;
#3042 = ORIENTED_EDGE ( 'NONE', *, *, #227, .T. ) ;
#3043 = AXIS2_PLACEMENT_3D ( 'NONE', #192, #1440, #3410 ) ;
#3044 =( LENGTH_UNIT ( ) NAMED_UNIT ( * ) SI_UNIT ( .MILLI., .METRE. ) );
#3045 = CYLINDRICAL_SURFACE ( 'NONE', #2392, 0.2250000000000047000 ) ;
#3046 = ORIENTED_EDGE ( 'NONE', *, *, #390, .T. ) ;
#3047 = CIRCLE ( 'NONE', #1602, 0.04999999999999991300 ) ;
#3048 = VERTEX_POINT ( 'NONE', #917 ) ;
#3049 = CYLINDRICAL_SURFACE ( 'NONE', #3216, 0.2249999999999999500 ) ;
#3050 = DIRECTION ( 'NONE',  ( 0.0000000000000000000, 0.0000000000000000000, 1.000000000000000000 ) ) ;
#3051 = ORIENTED_EDGE ( 'NONE', *, *, #2975, .F. ) ;
#3052 = CIRCLE ( 'NONE', #288, 0.2249999999999999500 ) ;
#3053 = VERTEX_POINT ( 'NONE', #2563 ) ;
#3054 = DIRECTION ( 'NONE',  ( 0.0000000000000000000, 1.000000000000000000, -0.0000000000000000000 ) ) ;
#3055 = DIRECTION ( 'NONE',  ( -0.0000000000000000000, -1.000000000000000000, -0.0000000000000000000 ) ) ;
#3056 = DIRECTION ( 'NONE',  ( 0.0000000000000000000, -1.000000000000000000, 0.0000000000000000000 ) ) ;
#3057 = ADVANCED_FACE ( 'NONE', ( #4164 ), #3509, .T. ) ;
#3058 = EDGE_CURVE ( 'NONE', #1042, #140, #1001, .T. ) ;
#3059 = AXIS2_PLACEMENT_3D ( 'NONE', #383, #700, #1327 ) ;
#3060 = CARTESIAN_POINT ( 'NONE',  ( 0.8969223593595515600, 1.036396103067896100, 0.1999999999999999300 ) ) ;
#3061 = DIRECTION ( 'NONE',  ( 0.0000000000000000000, 0.0000000000000000000, -1.000000000000000000 ) ) ;
#3062 = CARTESIAN_POINT ( 'NONE',  ( -0.5999999999999932100, 0.3999999999999999700, 0.1999999999999999800 ) ) ;
#3063 = EDGE_CURVE ( 'NONE', #3294, #4153, #2015, .T. ) ;
#3064 = CARTESIAN_POINT ( 'NONE',  ( -0.5499999999999865000, 0.4000000000000000200, 0.5000000000000000000 ) ) ;
#3065 = ORIENTED_EDGE ( 'NONE', *, *, #2229, .T. ) ;
#3066 = CARTESIAN_POINT ( 'NONE',  ( 0.9999999999999863400, 0.4000000000000000200, 0.6500000000000000200 ) ) ;
#3067 = CARTESIAN_POINT ( 'NONE',  ( 0.8969223593595446700, 0.4000000000000000200, 0.4500000000000001200 ) ) ;
#3068 = CARTESIAN_POINT ( 'NONE',  ( 0.9999999999999933400, 0.0000000000000000000, -0.1999999999999998700 ) ) ;
#3069 = ORIENTED_EDGE ( 'NONE', *, *, #1589, .F. ) ;
#3070 = CARTESIAN_POINT ( 'NONE',  ( 1.000000000000000000, 1.036396103067896100, -0.4249999999999999900 ) ) ;
#3071 = CARTESIAN_POINT ( 'NONE',  ( -1.643160113205435200E-016, 0.4000000000000000200, 0.4499999999999997900 ) ) ;
#3072 = ORIENTED_EDGE ( 'NONE', *, *, #2234, .T. ) ;
#3073 = LINE ( 'NONE', #283, #494 ) ;
#3074 = VECTOR ( 'NONE', #1008, 1000.000000000000000 ) ;
#3075 = ORIENTED_EDGE ( 'NONE', *, *, #626, .F. ) ;
#3076 = DIRECTION ( 'NONE',  ( 0.0000000000000000000, -1.000000000000000000, 0.0000000000000000000 ) ) ;
#3077 = EDGE_CURVE ( 'NONE', #3285, #1840, #3196, .T. ) ;
#3078 = CARTESIAN_POINT ( 'NONE',  ( -0.9999999999999863400, 0.4000000000000000200, 0.6500000000000000200 ) ) ;
#3079 = ORIENTED_EDGE ( 'NONE', *, *, #3538, .F. ) ;
#3080 = CYLINDRICAL_SURFACE ( 'NONE', #1170, 0.04999999999999996800 ) ;
#3081 = ORIENTED_EDGE ( 'NONE', *, *, #2783, .F. ) ;
#3082 =( NAMED_UNIT ( * ) SI_UNIT ( $, .STERADIAN. ) SOLID_ANGLE_UNIT ( ) );
#3083 = UNCERTAINTY_MEASURE_WITH_UNIT (LENGTH_MEASURE( 1.000000000000000100E-005 ), #3549, 'distance_accuracy_value', 'NONE');
#3084 = ORIENTED_EDGE ( 'NONE', *, *, #2113, .F. ) ;
#3085 = VECTOR ( 'NONE', #2076, 1000.000000000000000 ) ;
#3086 = VERTEX_POINT ( 'NONE', #2914 ) ;
#3087 = DIRECTION ( 'NONE',  ( 0.0000000000000000000, 0.0000000000000000000, 1.000000000000000000 ) ) ;
#3088 = EDGE_CURVE ( 'NONE', #2593, #1510, #1565, .T. ) ;
#3089 = ORIENTED_EDGE ( 'NONE', *, *, #877, .T. ) ;
#3090 = VECTOR ( 'NONE', #308, 1000.000000000000000 ) ;
#3091 = ORIENTED_EDGE ( 'NONE', *, *, #671, .F. ) ;
#3092 = ADVANCED_FACE ( 'NONE', ( #3590 ), #624, .F. ) ;
#3093 = DIRECTION ( 'NONE',  ( -0.0000000000000000000, -1.000000000000000000, -0.0000000000000000000 ) ) ;
#3094 = VECTOR ( 'NONE', #2604, 1000.000000000000000 ) ;
#3095 = EDGE_CURVE ( 'NONE', #552, #159, #707, .T. ) ;
#3096 = EDGE_LOOP ( 'NONE', ( #3770, #2701, #979, #1705 ) ) ;
#3097 = LINE ( 'NONE', #260, #141 ) ;
#3098 = VERTEX_POINT ( 'NONE', #46 ) ;
#3099 = CARTESIAN_POINT ( 'NONE',  ( -0.9999999999999863400, 0.0000000000000000000, -0.0000000000000000000 ) ) ;
#3100 = DIRECTION ( 'NONE',  ( 1.000000000000000000, 0.0000000000000000000, 3.651466918234302200E-016 ) ) ;
#3101 = CARTESIAN_POINT ( 'NONE',  ( 0.9999999999999863400, 0.3999999999999999700, 0.6500000000000000200 ) ) ;
#3102 = CYLINDRICAL_SURFACE ( 'NONE', #3476, 0.2250000000000015000 ) ;
#3103 = LINE ( 'NONE', #1024, #3597 ) ;
#3104 = VERTEX_POINT ( 'NONE', #379 ) ;
#3105 = AXIS2_PLACEMENT_3D ( 'NONE', #3018, #3767, #3226 ) ;
#3106 = DIRECTION ( 'NONE',  ( -0.0000000000000000000, 1.000000000000000000, 0.0000000000000000000 ) ) ;
#3107 = CIRCLE ( 'NONE', #1815, 0.2250000000000015600 ) ;
#3108 = ORIENTED_EDGE ( 'NONE', *, *, #3481, .F. ) ;
#3109 = DIRECTION ( 'NONE',  ( 0.0000000000000000000, 0.0000000000000000000, -1.000000000000000000 ) ) ;
#3110 = EDGE_CURVE ( 'NONE', #1662, #4120, #1459, .T. ) ;
#3111 = AXIS2_PLACEMENT_3D ( 'NONE', #1891, #1879, #3205 ) ;
#3112 = CARTESIAN_POINT ( 'NONE',  ( 0.5999999999999864300, 0.0000000000000000000, 0.8499999999999999800 ) ) ;
#3113 = DIRECTION ( 'NONE',  ( 0.0000000000000000000, 0.0000000000000000000, 1.000000000000000000 ) ) ;
#3114 = EDGE_CURVE ( 'NONE', #4014, #2287, #1252, .T. ) ;
#3115 = DIRECTION ( 'NONE',  ( -0.0000000000000000000, 1.000000000000000000, -0.0000000000000000000 ) ) ;
#3116 = EDGE_LOOP ( 'NONE', ( #3670, #3836, #996, #116 ) ) ;
#3117 = DIRECTION ( 'NONE',  ( 0.0000000000000000000, 0.0000000000000000000, 1.000000000000000000 ) ) ;
#3118 = EDGE_CURVE ( 'NONE', #2200, #983, #2889, .T. ) ;
#3119 = DIRECTION ( 'NONE',  ( 0.0000000000000000000, 0.0000000000000000000, -1.000000000000000000 ) ) ;
#3120 = FACE_OUTER_BOUND ( 'NONE', #2105, .T. ) ;
#3121 = CARTESIAN_POINT ( 'NONE',  ( 0.6000000000000000900, 0.05000000000000002400, -0.4500000000000000100 ) ) ;
#3122 = EDGE_LOOP ( 'NONE', ( #637, #2781, #1532, #4009 ) ) ;
#3123 = CARTESIAN_POINT ( 'NONE',  ( -0.5499999999999865000, 1.036396103067896100, 0.7999999999999999300 ) ) ;
#3124 = AXIS2_PLACEMENT_3D ( 'NONE', #3766, #1790, #2411 ) ;
#3125 = DIRECTION ( 'NONE',  ( 0.0000000000000000000, 0.0000000000000000000, 1.000000000000000000 ) ) ;
#3126 = CIRCLE ( 'NONE', #1457, 0.2250000000000046700 ) ;
#3127 = ORIENTED_EDGE ( 'NONE', *, *, #1990, .F. ) ;
#3128 = CARTESIAN_POINT ( 'NONE',  ( -0.5499999999999865000, 0.0000000000000000000, -0.0000000000000000000 ) ) ;
#3129 = CARTESIAN_POINT ( 'NONE',  ( -3.651466918234303800E-017, 0.4000000000000000200, 0.2000000000000000900 ) ) ;
#3130 = DIRECTION ( 'NONE',  ( -0.0000000000000000000, -1.000000000000000000, -0.0000000000000000000 ) ) ;
#3131 = CARTESIAN_POINT ( 'NONE',  ( 0.5499999999999932700, 0.0000000000000000000, 0.1499999999999999700 ) ) ;
#3132 = PRESENTATION_LAYER_ASSIGNMENT (  '', '', ( #2707 ) ) ;
#3133 = DIRECTION ( 'NONE',  ( 0.0000000000000000000, 0.0000000000000000000, -1.000000000000000000 ) ) ;
#3134 = ADVANCED_FACE ( 'NONE', ( #4008 ), #1028, .F. ) ;
#3135 = EDGE_LOOP ( 'NONE', ( #2043, #613, #1260, #4035 ) ) ;
#3136 = SURFACE_STYLE_FILL_AREA ( #3388 ) ;
#3137 = ORIENTED_EDGE ( 'NONE', *, *, #406, .T. ) ;
#3138 = DIRECTION ( 'NONE',  ( 0.0000000000000000000, 0.0000000000000000000, -1.000000000000000000 ) ) ;
#3139 = DIRECTION ( 'NONE',  ( -0.0000000000000000000, 1.000000000000000000, -0.0000000000000000000 ) ) ;
#3140 = EDGE_CURVE ( 'NONE', #4040, #2608, #4110, .T. ) ;
#3141 = ADVANCED_FACE ( 'NONE', ( #1403 ), #2005, .F. ) ;
#3142 = MECHANICAL_DESIGN_GEOMETRIC_PRESENTATION_REPRESENTATION (  '', ( #1683 ), #1309 ) ;
#3143 = ORIENTED_EDGE ( 'NONE', *, *, #2069, .T. ) ;
#3144 = LINE ( 'NONE', #501, #1453 ) ;
#3145 = ORIENTED_EDGE ( 'NONE', *, *, #782, .T. ) ;
#3146 = VECTOR ( 'NONE', #894, 1000.000000000000000 ) ;
#3147 = DIRECTION ( 'NONE',  ( -0.0000000000000000000, -1.000000000000000000, -0.0000000000000000000 ) ) ;
#3148 = ORIENTED_EDGE ( 'NONE', *, *, #561, .T. ) ;
#3149 = VECTOR ( 'NONE', #2498, 1000.000000000000000 ) ;
#3150 = ORIENTED_EDGE ( 'NONE', *, *, #3839, .F. ) ;
#3151 = EDGE_CURVE ( 'NONE', #1645, #3808, #4215, .T. ) ;
#3152 = CIRCLE ( 'NONE', #381, 0.2250000000000046700 ) ;
#3153 = DIRECTION ( 'NONE',  ( 0.0000000000000000000, 0.0000000000000000000, 1.000000000000000000 ) ) ;
#3154 = EDGE_LOOP ( 'NONE', ( #2451, #2098, #2716, #2941 ) ) ;
#3155 = LINE ( 'NONE', #4203, #657 ) ;
#3156 = VERTEX_POINT ( 'NONE', #2340 ) ;
#3157 = CARTESIAN_POINT ( 'NONE',  ( 0.0000000000000000000, 0.8700000000000000000, 0.0000000000000000000 ) ) ;
#3158 = FACE_OUTER_BOUND ( 'NONE', #3484, .T. ) ;
#3159 = CARTESIAN_POINT ( 'NONE',  ( 3.103746880499157700E-016, 0.3999999999999999700, -0.8500000000000002000 ) ) ;
#3160 = PLANE ( 'NONE',  #618 ) ;
#3161 = FACE_OUTER_BOUND ( 'NONE', #1707, .T. ) ;
#3162 = CARTESIAN_POINT ( 'NONE',  ( -0.8969223593595515600, 0.05000000000000002400, -0.1999999999999998700 ) ) ;
#3163 = ADVANCED_FACE ( 'NONE', ( #852 ), #2836, .F. ) ;
#3164 = VECTOR ( 'NONE', #1139, 1000.000000000000000 ) ;
#3165 = CARTESIAN_POINT ( 'NONE',  ( 0.8969223593595515600, 0.05000000000000002400, -0.1999999999999998700 ) ) ;
#3166 = DIRECTION ( 'NONE',  ( -1.000000000000000000, 0.0000000000000000000, -3.651466918234302200E-016 ) ) ;
#3167 = DIRECTION ( 'NONE',  ( 0.0000000000000000000, 0.0000000000000000000, -1.000000000000000000 ) ) ;
#3168 = ADVANCED_FACE ( 'NONE', ( #4160 ), #82, .T. ) ;
#3169 = CARTESIAN_POINT ( 'NONE',  ( 0.5499999999999931600, 0.3999999999999999700, 0.1499999999999999700 ) ) ;
#3170 = EDGE_CURVE ( 'NONE', #1768, #3861, #3339, .T. ) ;
#3171 = AXIS2_PLACEMENT_3D ( 'NONE', #89, #108, #3050 ) ;
#3172 = ORIENTED_EDGE ( 'NONE', *, *, #4019, .T. ) ;
#3173 = CARTESIAN_POINT ( 'NONE',  ( -1.000000000000000000, 1.036396103067896100, -0.6500000000000000200 ) ) ;
#3174 = CARTESIAN_POINT ( 'NONE',  ( 1.000000000000000000, 0.4000000000000000200, -0.8749999999999998900 ) ) ;
#3175 = EDGE_CURVE ( 'NONE', #1818, #3801, #2368, .T. ) ;
#3176 = CARTESIAN_POINT ( 'NONE',  ( -0.5999999999999932100, 0.3999999999999999700, 0.1499999999999999700 ) ) ;
#3177 = DIRECTION ( 'NONE',  ( -0.0000000000000000000, -1.000000000000000000, -0.0000000000000000000 ) ) ;
#3178 = ORIENTED_EDGE ( 'NONE', *, *, #3088, .F. ) ;
#3179 = EDGE_CURVE ( 'NONE', #1510, #1189, #1301, .T. ) ;
#3180 = PLANE ( 'NONE',  #3921 ) ;
#3181 = CIRCLE ( 'NONE', #968, 0.2249999999999999500 ) ;
#3182 = VERTEX_POINT ( 'NONE', #2356 ) ;
#3183 = CARTESIAN_POINT ( 'NONE',  ( 0.9999999999999863400, 1.036396103067896100, 0.6500000000000000200 ) ) ;
#3184 = CARTESIAN_POINT ( 'NONE',  ( 1.000000000000000000, 0.0000000000000000000, -0.4249999999999999900 ) ) ;
#3185 = CARTESIAN_POINT ( 'NONE',  ( -1.000000000000000000, 0.4000000000000000200, -1.000000000000000000 ) ) ;
#3186 = CIRCLE ( 'NONE', #234, 0.2249999999999999500 ) ;
#3187 = VECTOR ( 'NONE', #2653, 1000.000000000000000 ) ;
#3188 = ADVANCED_FACE ( 'NONE', ( #703 ), #1060, .F. ) ;
#3189 = ORIENTED_EDGE ( 'NONE', *, *, #2729, .T. ) ;
#3190 = VERTEX_POINT ( 'NONE', #98 ) ;
#3191 = VECTOR ( 'NONE', #3100, 1000.000000000000000 ) ;
#3192 = DIRECTION ( 'NONE',  ( -0.0000000000000000000, -1.000000000000000000, -0.0000000000000000000 ) ) ;
#3193 = ORIENTED_EDGE ( 'NONE', *, *, #3556, .F. ) ;
#3194 = LINE ( 'NONE', #217, #3894 ) ;
#3195 = ORIENTED_EDGE ( 'NONE', *, *, #1071, .T. ) ;
#3196 = LINE ( 'NONE', #3565, #3090 ) ;
#3197 = EDGE_LOOP ( 'NONE', ( #1762, #1100, #2759, #2685 ) ) ;
#3198 = DIRECTION ( 'NONE',  ( -0.0000000000000000000, -1.000000000000000000, -0.0000000000000000000 ) ) ;
#3199 = CARTESIAN_POINT ( 'NONE',  ( 1.000000000000000000, 0.4000000000000000200, 1.000000000000000000 ) ) ;
#3200 = EDGE_CURVE ( 'NONE', #4169, #2093, #2055, .T. ) ;
#3201 = VECTOR ( 'NONE', #3865, 1000.000000000000000 ) ;
#3202 = VERTEX_POINT ( 'NONE', #2083 ) ;
#3203 = FACE_OUTER_BOUND ( 'NONE', #1725, .T. ) ;
#3204 = FILL_AREA_STYLE_COLOUR ( '', #2826 ) ;
#3205 = DIRECTION ( 'NONE',  ( 0.0000000000000000000, 0.0000000000000000000, 1.000000000000000000 ) ) ;
#3206 = VECTOR ( 'NONE', #185, 1000.000000000000000 ) ;
#3207 = EDGE_CURVE ( 'NONE', #4159, #2301, #1761, .T. ) ;
#3208 = COLOUR_RGB ( '',0.2509803921568627400, 0.2509803921568627400, 0.2509803921568627400 ) ;
#3209 = VERTEX_POINT ( 'NONE', #522 ) ;
#3210 = LINE ( 'NONE', #2976, #3604 ) ;
#3211 = DIRECTION ( 'NONE',  ( 0.0000000000000000000, 1.000000000000000000, -0.0000000000000000000 ) ) ;
#3212 = CARTESIAN_POINT ( 'NONE',  ( 0.6000000000000000900, 0.4000000000000000200, -0.7999999999999999300 ) ) ;
#3213 = CARTESIAN_POINT ( 'NONE',  ( 1.000000000000000000, 0.4000000000000000200, -0.6500000000000000200 ) ) ;
#3214 = DIRECTION ( 'NONE',  ( 0.0000000000000000000, 0.0000000000000000000, -1.000000000000000000 ) ) ;
#3215 = CARTESIAN_POINT ( 'NONE',  ( 0.9999999999999863400, 1.036396103067896100, 0.4500000000000001200 ) ) ;
#3216 = AXIS2_PLACEMENT_3D ( 'NONE', #915, #1195, #235 ) ;
#3217 = DIRECTION ( 'NONE',  ( -1.000000000000000000, 0.0000000000000000000, -0.0000000000000000000 ) ) ;
#3218 = ORIENTED_EDGE ( 'NONE', *, *, #2866, .T. ) ;
#3219 = DIRECTION ( 'NONE',  ( -0.0000000000000000000, 0.0000000000000000000, 1.000000000000000000 ) ) ;
#3220 = EDGE_CURVE ( 'NONE', #3907, #742, #1200, .T. ) ;
#3221 = CARTESIAN_POINT ( 'NONE',  ( 0.5500000000000001600, 0.3999999999999999700, -0.5000000000000000000 ) ) ;
#3222 = EDGE_LOOP ( 'NONE', ( #1054, #2677, #558, #1756 ) ) ;
#3223 = EDGE_CURVE ( 'NONE', #1186, #1161, #25, .T. ) ;
#3224 = VECTOR ( 'NONE', #3660, 1000.000000000000000 ) ;
#3225 = VERTEX_POINT ( 'NONE', #2122 ) ;
#3226 = DIRECTION ( 'NONE',  ( 3.854941057726238700E-015, 0.0000000000000000000, 1.000000000000000000 ) ) ;
#3227 = DIRECTION ( 'NONE',  ( 0.0000000000000000000, -1.000000000000000000, 0.0000000000000000000 ) ) ;
#3228 = VECTOR ( 'NONE', #1418, 1000.000000000000000 ) ;
#3229 = COLOUR_RGB ( '',0.7921568627450980000, 0.8196078431372548800, 0.9333333333333333500 ) ;
#3230 = ORIENTED_EDGE ( 'NONE', *, *, #3316, .T. ) ;
#3231 = PRESENTATION_LAYER_ASSIGNMENT (  '', '', ( #3014 ) ) ;
#3232 = CIRCLE ( 'NONE', #3925, 0.04999999999999996800 ) ;
#3233 = DIRECTION ( 'NONE',  ( 0.0000000000000000000, -1.000000000000000000, 0.0000000000000000000 ) ) ;
#3234 = CARTESIAN_POINT ( 'NONE',  ( 1.000000000000000000, 1.036396103067896100, 0.0000000000000000000 ) ) ;
#3235 = AXIS2_PLACEMENT_3D ( 'NONE', #2295, #3054, #4023 ) ;
#3236 = ORIENTED_EDGE ( 'NONE', *, *, #1091, .F. ) ;
#3237 = VECTOR ( 'NONE', #467, 1000.000000000000000 ) ;
#3238 = ORIENTED_EDGE ( 'NONE', *, *, #2088, .T. ) ;
#3239 = CARTESIAN_POINT ( 'NONE',  ( 0.5499999999999865000, 0.4000000000000000200, 0.0000000000000000000 ) ) ;
#3240 = CARTESIAN_POINT ( 'NONE',  ( -0.9999999999999933400, 0.4000000000000000200, -0.2249999999999999500 ) ) ;
#3241 = ORIENTED_EDGE ( 'NONE', *, *, #4190, .T. ) ;
#3242 = VECTOR ( 'NONE', #3942, 1000.000000000000000 ) ;
#3243 = ADVANCED_FACE ( 'NONE', ( #2573 ), #184, .F. ) ;
#3244 = EDGE_CURVE ( 'NONE', #1053, #2876, #2418, .T. ) ;
#3245 = AXIS2_PLACEMENT_3D ( 'NONE', #1474, #3056, #153 ) ;
#3246 = LINE ( 'NONE', #287, #952 ) ;
#3247 = ORIENTED_EDGE ( 'NONE', *, *, #3387, .T. ) ;
#3248 = VECTOR ( 'NONE', #947, 1000.000000000000000 ) ;
#3249 = FILL_AREA_STYLE_COLOUR ( '', #3953 ) ;
#3250 = LINE ( 'NONE', #1661, #3905 ) ;
#3251 = ORIENTED_EDGE ( 'NONE', *, *, #1124, .T. ) ;
#3252 = EDGE_LOOP ( 'NONE', ( #3688, #1500, #3363, #1209 ) ) ;
#3253 = EDGE_CURVE ( 'NONE', #1479, #3960, #3583, .T. ) ;
#3254 = VECTOR ( 'NONE', #997, 1000.000000000000000 ) ;
#3255 = DIRECTION ( 'NONE',  ( 0.0000000000000000000, 0.0000000000000000000, 1.000000000000000000 ) ) ;
#3256 = CARTESIAN_POINT ( 'NONE',  ( -0.5500000000000001600, 0.05000000000000002400, -0.5000000000000000000 ) ) ;
#3257 = DIRECTION ( 'NONE',  ( -0.0000000000000000000, -1.000000000000000000, 0.0000000000000000000 ) ) ;
#3258 = VECTOR ( 'NONE', #4183, 1000.000000000000000 ) ;
#3259 = DIRECTION ( 'NONE',  ( 0.0000000000000000000, 0.0000000000000000000, -1.000000000000000000 ) ) ;
#3260 = CARTESIAN_POINT ( 'NONE',  ( 0.5999999999999864300, 0.4000000000000000200, 0.5000000000000000000 ) ) ;
#3261 = AXIS2_PLACEMENT_3D ( 'NONE', #1238, #1887, #1540 ) ;
#3262 = CARTESIAN_POINT ( 'NONE',  ( -0.9999999999999863400, 0.0000000000000000000, 0.4500000000000001200 ) ) ;
#3263 = CARTESIAN_POINT ( 'NONE',  ( 1.643160113205435200E-016, 1.036396103067896100, 0.4499999999999997900 ) ) ;
#3264 = ORIENTED_EDGE ( 'NONE', *, *, #1411, .T. ) ;
#3265 = ADVANCED_FACE ( 'NONE', ( #653 ), #2765, .T. ) ;
#3266 = DIRECTION ( 'NONE',  ( 0.0000000000000000000, 0.0000000000000000000, -1.000000000000000000 ) ) ;
#3267 = ORIENTED_EDGE ( 'NONE', *, *, #521, .F. ) ;
#3268 = CARTESIAN_POINT ( 'NONE',  ( -1.000000000000000000, 0.05000000000000002400, -0.8749999999999998900 ) ) ;
#3269 = VECTOR ( 'NONE', #4126, 1000.000000000000000 ) ;
#3270 = EDGE_CURVE ( 'NONE', #2838, #1186, #3144, .T. ) ;
#3271 = AXIS2_PLACEMENT_3D ( 'NONE', #3213, #2184, #901 ) ;
#3272 = EDGE_CURVE ( 'NONE', #2319, #608, #3534, .T. ) ;
#3273 = CARTESIAN_POINT ( 'NONE',  ( 0.5500000000000001600, 0.4000000000000000200, 0.0000000000000000000 ) ) ;
#3274 = VECTOR ( 'NONE', #2089, 1000.000000000000000 ) ;
#3275 = LINE ( 'NONE', #4057, #2410 ) ;
#3276 = CARTESIAN_POINT ( 'NONE',  ( -0.8969223593595515600, 1.036396103067896100, -0.1999999999999998700 ) ) ;
#3277 = ADVANCED_FACE ( 'NONE', ( #755 ), #3440, .T. ) ;
#3278 = VERTEX_POINT ( 'NONE', #2839 ) ;
#3279 = FACE_OUTER_BOUND ( 'NONE', #3116, .T. ) ;
#3280 = ORIENTED_EDGE ( 'NONE', *, *, #1667, .T. ) ;
#3281 = AXIS2_PLACEMENT_3D ( 'NONE', #1801, #456, #2761 ) ;
#3282 = DIRECTION ( 'NONE',  ( -0.0000000000000000000, -1.000000000000000000, 0.0000000000000000000 ) ) ;
#3283 = EDGE_LOOP ( 'NONE', ( #2755, #2121, #856, #3238, #4161, #2425, #2513, #465, #3609, #3422 ) ) ;
#3284 = VECTOR ( 'NONE', #32, 1000.000000000000000 ) ;
#3285 = VERTEX_POINT ( 'NONE', #3169 ) ;
#3286 = DIRECTION ( 'NONE',  ( 0.0000000000000000000, 0.0000000000000000000, -1.000000000000000000 ) ) ;
#3287 = DIRECTION ( 'NONE',  ( 1.000000000000000000, 0.0000000000000000000, 3.651466918234302200E-016 ) ) ;
#3288 = ORIENTED_EDGE ( 'NONE', *, *, #933, .F. ) ;
#3289 = CIRCLE ( 'NONE', #103, 0.04999999999999991300 ) ;
#3290 = CARTESIAN_POINT ( 'NONE',  ( -1.000000000000000000, 4.568427124746190100, -1.000000000000000000 ) ) ;
#3291 = CARTESIAN_POINT ( 'NONE',  ( -0.9999999999999933400, 0.0000000000000000000, 0.1999999999999999300 ) ) ;
#3292 = FACE_OUTER_BOUND ( 'NONE', #2589, .T. ) ;
#3293 = DIRECTION ( 'NONE',  ( 0.0000000000000000000, 0.0000000000000000000, -1.000000000000000000 ) ) ;
#3294 = VERTEX_POINT ( 'NONE', #1467 ) ;
#3295 = LINE ( 'NONE', #4213, #1663 ) ;
#3296 = ORIENTED_EDGE ( 'NONE', *, *, #2120, .F. ) ;
#3297 = EDGE_CURVE ( 'NONE', #2161, #3425, #3385, .T. ) ;
#3298 = AXIS2_PLACEMENT_3D ( 'NONE', #3777, #213, #2855 ) ;
#3299 = LINE ( 'NONE', #1723, #2752 ) ;
#3300 = CARTESIAN_POINT ( 'NONE',  ( -7.302933836468611300E-017, 0.05000000000000000300, -0.2000000000000002100 ) ) ;
#3301 = FACE_OUTER_BOUND ( 'NONE', #1363, .T. ) ;
#3302 = DIRECTION ( 'NONE',  ( 1.000000000000000000, 0.0000000000000000000, 1.825733459117151100E-016 ) ) ;
#3303 = VECTOR ( 'NONE', #4166, 1000.000000000000000 ) ;
#3304 = EDGE_CURVE ( 'NONE', #3425, #2319, #3194, .T. ) ;
#3305 = VERTEX_POINT ( 'NONE', #1213 ) ;
#3306 = DIRECTION ( 'NONE',  ( 1.000000000000000000, 0.0000000000000000000, 0.0000000000000000000 ) ) ;
#3307 = CARTESIAN_POINT ( 'NONE',  ( -3.103746880499157700E-016, 0.0000000000000000000, -0.8500000000000002000 ) ) ;
#3308 = DIRECTION ( 'NONE',  ( 0.0000000000000000000, -1.000000000000000000, 0.0000000000000000000 ) ) ;
#3309 = ORIENTED_EDGE ( 'NONE', *, *, #1478, .T. ) ;
#3310 = PLANE ( 'NONE',  #155 ) ;
#3311 = CARTESIAN_POINT ( 'NONE',  ( -0.9999999999999863400, 0.3999999999999999700, 0.0000000000000000000 ) ) ;
#3312 = ORIENTED_EDGE ( 'NONE', *, *, #1726, .T. ) ;
#3313 = ORIENTED_EDGE ( 'NONE', *, *, #1366, .F. ) ;
#3314 = DIRECTION ( 'NONE',  ( 0.0000000000000000000, 0.0000000000000000000, 1.000000000000000000 ) ) ;
#3315 = CARTESIAN_POINT ( 'NONE',  ( -0.5499999999999932700, 0.05000000000000002400, 0.1499999999999999700 ) ) ;
#3316 = EDGE_CURVE ( 'NONE', #1402, #1510, #2736, .T. ) ;
#3317 = CARTESIAN_POINT ( 'NONE',  ( -1.000000000000000000, 0.05000000000000000300, -1.000000000000000000 ) ) ;
#3318 = AXIS2_PLACEMENT_3D ( 'NONE', #2887, #2207, #1582 ) ;
#3319 = CARTESIAN_POINT ( 'NONE',  ( -0.8969223593595446700, 0.4000000000000000200, 0.8499999999999998700 ) ) ;
#3320 = LINE ( 'NONE', #2277, #2767 ) ;
#3321 = SURFACE_STYLE_USAGE ( .BOTH. , #3679 ) ;
#3322 = CARTESIAN_POINT ( 'NONE',  ( -0.6000000000000000900, 0.3999999999999999700, -0.5000000000000000000 ) ) ;
#3323 = CARTESIAN_POINT ( 'NONE',  ( -0.5499999999999932700, 0.3999999999999999700, 0.0000000000000000000 ) ) ;
#3324 = CARTESIAN_POINT ( 'NONE',  ( 1.000000000000000000, 0.4000000000000000200, -0.8749999999999998900 ) ) ;
#3325 = EDGE_CURVE ( 'NONE', #2795, #905, #2157, .T. ) ;
#3326 = FACE_OUTER_BOUND ( 'NONE', #2746, .T. ) ;
#3327 = EDGE_LOOP ( 'NONE', ( #939, #4007, #1857, #1805 ) ) ;
#3328 = DIRECTION ( 'NONE',  ( 0.0000000000000000000, 0.0000000000000000000, 1.000000000000000000 ) ) ;
#3329 = EDGE_LOOP ( 'NONE', ( #896, #3409, #1900, #1264 ) ) ;
#3330 = EDGE_CURVE ( 'NONE', #3451, #1800, #454, .T. ) ;
#3331 = CARTESIAN_POINT ( 'NONE',  ( -0.5999999999999932100, 0.4000000000000000200, -0.1999999999999999800 ) ) ;
#3332 = CARTESIAN_POINT ( 'NONE',  ( -1.000000000000000000, 0.8700000000000001100, 0.9999999999999995600 ) ) ;
#3333 = ORIENTED_EDGE ( 'NONE', *, *, #4037, .F. ) ;
#3334 = ORIENTED_EDGE ( 'NONE', *, *, #3528, .F. ) ;
#3335 = CARTESIAN_POINT ( 'NONE',  ( 0.5999999999999932100, 0.4000000000000000200, 0.1999999999999999800 ) ) ;
#3336 = AXIS2_PLACEMENT_3D ( 'NONE', #2159, #240, #3513 ) ;
#3337 = DIRECTION ( 'NONE',  ( -0.0000000000000000000, 1.000000000000000000, 0.0000000000000000000 ) ) ;
#3338 = ORIENTED_EDGE ( 'NONE', *, *, #3544, .T. ) ;
#3339 = CIRCLE ( 'NONE', #3374, 0.04999999999999991300 ) ;
#3340 = DIRECTION ( 'NONE',  ( 0.0000000000000000000, 0.0000000000000000000, -1.000000000000000000 ) ) ;
#3341 = FACE_OUTER_BOUND ( 'NONE', #1674, .T. ) ;
#3342 = ORIENTED_EDGE ( 'NONE', *, *, #1726, .F. ) ;
#3343 = LINE ( 'NONE', #387, #2536 ) ;
#3344 = VERTEX_POINT ( 'NONE', #1975 ) ;
#3345 = EDGE_CURVE ( 'NONE', #2778, #4153, #2472, .T. ) ;
#3346 = AXIS2_PLACEMENT_3D ( 'NONE', #709, #767, #1375 ) ;
#3347 = VECTOR ( 'NONE', #3537, 1000.000000000000000 ) ;
#3348 = ORIENTED_EDGE ( 'NONE', *, *, #2893, .F. ) ;
#3349 = DIRECTION ( 'NONE',  ( 0.0000000000000000000, 0.0000000000000000000, -1.000000000000000000 ) ) ;
#3350 = DIRECTION ( 'NONE',  ( 0.0000000000000000000, 0.0000000000000000000, 1.000000000000000000 ) ) ;
#3351 = ADVANCED_FACE ( 'NONE', ( #2688 ), #2632, .T. ) ;
#3352 = CARTESIAN_POINT ( 'NONE',  ( 1.000000000000000000, 0.4000000000000000200, 1.000000000000000000 ) ) ;
#3353 = EDGE_CURVE ( 'NONE', #1523, #1370, #1866, .T. ) ;
#3354 = CARTESIAN_POINT ( 'NONE',  ( 0.5999999999999864300, 0.05000000000000002400, 0.5000000000000000000 ) ) ;
#3355 = VECTOR ( 'NONE', #403, 1000.000000000000000 ) ;
#3356 = EDGE_CURVE ( 'NONE', #2863, #1749, #995, .T. ) ;
#3357 = DIRECTION ( 'NONE',  ( -1.000000000000000000, 0.0000000000000000000, 0.0000000000000000000 ) ) ;
#3358 = CARTESIAN_POINT ( 'NONE',  ( -1.000000000000000000, 0.3999999999999999700, -0.4499999999999853600 ) ) ;
#3359 = DIRECTION ( 'NONE',  ( 0.0000000000000000000, -1.000000000000000000, 0.0000000000000000000 ) ) ;
#3360 = ORIENTED_EDGE ( 'NONE', *, *, #3866, .T. ) ;
#3361 = ADVANCED_FACE ( 'NONE', ( #1817 ), #1356, .F. ) ;
#3362 = DIRECTION ( 'NONE',  ( 0.0000000000000000000, 0.0000000000000000000, -1.000000000000000000 ) ) ;
#3363 = ORIENTED_EDGE ( 'NONE', *, *, #2627, .T. ) ;
#3364 = DIRECTION ( 'NONE',  ( -0.0000000000000000000, -1.000000000000000000, -0.0000000000000000000 ) ) ;
#3365 = LINE ( 'NONE', #1786, #1947 ) ;
#3366 = ORIENTED_EDGE ( 'NONE', *, *, #1273, .T. ) ;
#3367 = DIRECTION ( 'NONE',  ( 0.0000000000000000000, -0.0000000000000000000, -1.000000000000000000 ) ) ;
#3368 = CARTESIAN_POINT ( 'NONE',  ( -0.9999999999999863400, 0.3999999999999999700, 0.6500000000000000200 ) ) ;
#3369 = CYLINDRICAL_SURFACE ( 'NONE', #678, 0.04999999999999996800 ) ;
#3370 = ORIENTED_EDGE ( 'NONE', *, *, #2132, .F. ) ;
#3371 = CARTESIAN_POINT ( 'NONE',  ( -1.000000000000000000, 0.4000000000000000200, -1.000000000000000000 ) ) ;
#3372 = EDGE_CURVE ( 'NONE', #1107, #1300, #1609, .T. ) ;
#3373 = CARTESIAN_POINT ( 'NONE',  ( 1.643160113205435200E-016, 0.3999999999999999700, 0.4499999999999997900 ) ) ;
#3374 = AXIS2_PLACEMENT_3D ( 'NONE', #2705, #1434, #4047 ) ;
#3375 = DIRECTION ( 'NONE',  ( 0.0000000000000000000, 1.000000000000000000, -0.0000000000000000000 ) ) ;
#3376 = LINE ( 'NONE', #2713, #935 ) ;
#3377 = FACE_OUTER_BOUND ( 'NONE', #335, .T. ) ;
#3378 = CARTESIAN_POINT ( 'NONE',  ( 0.8969223593595583300, 0.0000000000000000000, -0.8499999999999998700 ) ) ;
#3379 = CARTESIAN_POINT ( 'NONE',  ( -0.5999999999999932100, 0.4000000000000000200, -0.1499999999999999700 ) ) ;
#3380 = EDGE_CURVE ( 'NONE', #2938, #2894, #179, .T. ) ;
#3381 = ORIENTED_EDGE ( 'NONE', *, *, #861, .T. ) ;
#3382 = ADVANCED_FACE ( 'NONE', ( #3483 ), #115, .F. ) ;
#3383 = DIRECTION ( 'NONE',  ( -0.0000000000000000000, -1.000000000000000000, -0.0000000000000000000 ) ) ;
#3384 = ORIENTED_EDGE ( 'NONE', *, *, #3416, .T. ) ;
#3385 = CIRCLE ( 'NONE', #1744, 0.2249999999999999500 ) ;
#3386 = ORIENTED_EDGE ( 'NONE', *, *, #425, .F. ) ;
#3387 = EDGE_CURVE ( 'NONE', #1913, #3568, #1702, .T. ) ;
#3388 = FILL_AREA_STYLE ('',( #4026 ) ) ;
#3389 = DIRECTION ( 'NONE',  ( 0.0000000000000000000, -1.000000000000000000, 0.0000000000000000000 ) ) ;
#3390 = ADVANCED_FACE ( 'NONE', ( #2885 ), #1499, .F. ) ;
#3391 = DIRECTION ( 'NONE',  ( 0.0000000000000000000, 0.0000000000000000000, 1.000000000000000000 ) ) ;
#3392 = ORIENTED_EDGE ( 'NONE', *, *, #2377, .F. ) ;
#3393 = VECTOR ( 'NONE', #482, 1000.000000000000000 ) ;
#3394 = MANIFOLD_SOLID_BREP ( 'Pin 5', #589 ) ;
#3395 = ORIENTED_EDGE ( 'NONE', *, *, #1331, .F. ) ;
#3396 = AXIS2_PLACEMENT_3D ( 'NONE', #3183, #1228, #3926 ) ;
#3397 = CARTESIAN_POINT ( 'NONE',  ( -7.302933836468611300E-017, 0.4000000000000000200, -0.2000000000000002100 ) ) ;
#3398 = LINE ( 'NONE', #4179, #4168 ) ;
#3399 = DIRECTION ( 'NONE',  ( -1.000000000000000000, 0.0000000000000000000, 0.0000000000000000000 ) ) ;
#3400 = DIRECTION ( 'NONE',  ( -1.000000000000000000, 0.0000000000000000000, -3.651466918234302200E-016 ) ) ;
#3401 = ORIENTED_EDGE ( 'NONE', *, *, #3151, .T. ) ;
#3402 = VECTOR ( 'NONE', #1477, 1000.000000000000000 ) ;
#3403 = ORIENTED_EDGE ( 'NONE', *, *, #3372, .F. ) ;
#3404 = LINE ( 'NONE', #1632, #669 ) ;
#3405 = ORIENTED_EDGE ( 'NONE', *, *, #2958, .T. ) ;
#3406 = LINE ( 'NONE', #4234, #2901 ) ;
#3407 = VERTEX_POINT ( 'NONE', #1738 ) ;
#3408 = LINE ( 'NONE', #2152, #4127 ) ;
#3409 = ORIENTED_EDGE ( 'NONE', *, *, #2069, .F. ) ;
#3410 = DIRECTION ( 'NONE',  ( 0.0000000000000000000, 0.0000000000000000000, -1.000000000000000000 ) ) ;
#3411 = DIRECTION ( 'NONE',  ( 0.0000000000000000000, 1.000000000000000000, -0.0000000000000000000 ) ) ;
#3412 = EDGE_CURVE ( 'NONE', #804, #1498, #3689, .T. ) ;
#3413 = DIRECTION ( 'NONE',  ( 0.0000000000000000000, 0.0000000000000000000, -1.000000000000000000 ) ) ;
#3414 = DIRECTION ( 'NONE',  ( 0.0000000000000000000, 0.0000000000000000000, 1.000000000000000000 ) ) ;
#3415 = ORIENTED_EDGE ( 'NONE', *, *, #2445, .F. ) ;
#3416 = EDGE_CURVE ( 'NONE', #3954, #1742, #3945, .T. ) ;
#3417 = DIRECTION ( 'NONE',  ( 1.000000000000000000, 0.0000000000000000000, -1.825733459117151100E-016 ) ) ;
#3418 = EDGE_LOOP ( 'NONE', ( #814, #1452, #2645, #3247 ) ) ;
#3419 = DIRECTION ( 'NONE',  ( 0.0000000000000000000, 0.0000000000000000000, 1.000000000000000000 ) ) ;
#3420 = DIRECTION ( 'NONE',  ( -1.000000000000000000, 0.0000000000000000000, 3.651466918234302200E-016 ) ) ;
#3421 = PLANE ( 'NONE',  #483 ) ;
#3422 = ORIENTED_EDGE ( 'NONE', *, *, #2683, .F. ) ;
#3423 = CARTESIAN_POINT ( 'NONE',  ( -1.000000000000000000, 0.8700000000000001100, -1.000000000000000000 ) ) ;
#3424 = LINE ( 'NONE', #1671, #886 ) ;
#3425 = VERTEX_POINT ( 'NONE', #1410 ) ;
#3426 = PLANE ( 'NONE',  #4067 ) ;
#3427 = LINE ( 'NONE', #1485, #2772 ) ;
#3428 = LINE ( 'NONE', #3276, #3031 ) ;
#3429 = EDGE_CURVE ( 'NONE', #2287, #783, #2980, .T. ) ;
#3430 = DIRECTION ( 'NONE',  ( -1.000000000000000000, 0.0000000000000000000, -1.825733459117151100E-016 ) ) ;
#3431 = ORIENTED_EDGE ( 'NONE', *, *, #2313, .F. ) ;
#3432 = CYLINDRICAL_SURFACE ( 'NONE', #4011, 0.04999999999999991300 ) ;
#3433 = STYLED_ITEM ( 'NONE', ( #555 ), #3394 ) ;
#3434 = ORIENTED_EDGE ( 'NONE', *, *, #2224, .F. ) ;
#3435 = LINE ( 'NONE', #774, #1050 ) ;
#3436 = VERTEX_POINT ( 'NONE', #1075 ) ;
#3437 = DIRECTION ( 'NONE',  ( -0.0000000000000000000, -1.000000000000000000, -0.0000000000000000000 ) ) ;
#3438 = EDGE_CURVE ( 'NONE', #72, #606, #3435, .T. ) ;
#3439 = ORIENTED_EDGE ( 'NONE', *, *, #1612, .F. ) ;
#3440 = CYLINDRICAL_SURFACE ( 'NONE', #1250, 0.2249999999999999500 ) ;
#3441 = DIRECTION ( 'NONE',  ( -1.000000000000000000, 0.0000000000000000000, -0.0000000000000000000 ) ) ;
#3442 = LINE ( 'NONE', #326, #1714 ) ;
#3443 = EDGE_LOOP ( 'NONE', ( #1002, #3072, #70, #1376 ) ) ;
#3444 = CIRCLE ( 'NONE', #3111, 0.04999999999999991300 ) ;
#3445 = CARTESIAN_POINT ( 'NONE',  ( 1.000000000000000000, 0.4000000000000000200, 1.000000000000000000 ) ) ;
#3446 = VECTOR ( 'NONE', #4034, 1000.000000000000000 ) ;
#3447 = ORIENTED_EDGE ( 'NONE', *, *, #2917, .F. ) ;
#3448 = VERTEX_POINT ( 'NONE', #3687 ) ;
#3449 = AXIS2_PLACEMENT_3D ( 'NONE', #111, #1126, #1436 ) ;
#3450 = LINE ( 'NONE', #10, #1776 ) ;
#3451 = VERTEX_POINT ( 'NONE', #2341 ) ;
#3452 = CARTESIAN_POINT ( 'NONE',  ( 0.5999999999999864300, 0.4000000000000000200, 0.4500000000000000100 ) ) ;
#3453 = EDGE_CURVE ( 'NONE', #2527, #4120, #1862, .T. ) ;
#3454 = AXIS2_PLACEMENT_3D ( 'NONE', #1482, #2750, #2771 ) ;
#3455 = CARTESIAN_POINT ( 'NONE',  ( 0.9999999999999933400, 0.3999999999999999700, -0.2250000000000014800 ) ) ;
#3456 = DIRECTION ( 'NONE',  ( 0.0000000000000000000, 0.0000000000000000000, -1.000000000000000000 ) ) ;
#3457 = EDGE_CURVE ( 'NONE', #1254, #1234, #3578, .T. ) ;
#3458 = MECHANICAL_DESIGN_GEOMETRIC_PRESENTATION_REPRESENTATION (  '', ( #4209 ), #1939 ) ;
#3459 = DIRECTION ( 'NONE',  ( 0.0000000000000000000, 0.0000000000000000000, -1.000000000000000000 ) ) ;
#3460 = EDGE_LOOP ( 'NONE', ( #4106, #3591, #4224, #1297 ) ) ;
#3461 = DIRECTION ( 'NONE',  ( 0.0000000000000000000, 1.000000000000000000, -0.0000000000000000000 ) ) ;
#3462 = CARTESIAN_POINT ( 'NONE',  ( -1.000000000000000000, 1.036396103067896100, -0.6500000000000000200 ) ) ;
#3463 = ORIENTED_EDGE ( 'NONE', *, *, #112, .T. ) ;
#3464 = CARTESIAN_POINT ( 'NONE',  ( -0.5999999999999932100, 0.0000000000000000000, 0.1999999999999999800 ) ) ;
#3465 = DIRECTION ( 'NONE',  ( -0.0000000000000000000, -1.000000000000000000, 0.0000000000000000000 ) ) ;
#3466 = LINE ( 'NONE', #3123, #2610 ) ;
#3467 = DIRECTION ( 'NONE',  ( 0.0000000000000000000, 0.0000000000000000000, -1.000000000000000000 ) ) ;
#3468 = ADVANCED_FACE ( 'NONE', ( #1810 ), #2102, .T. ) ;
#3469 = STYLED_ITEM ( 'NONE', ( #2648 ), #943 ) ;
#3470 = VECTOR ( 'NONE', #2219, 1000.000000000000000 ) ;
#3471 = ORIENTED_EDGE ( 'NONE', *, *, #1420, .F. ) ;
#3472 = CARTESIAN_POINT ( 'NONE',  ( 0.8969223593595621000, 0.0000000000000000000, -0.4499999999999876300 ) ) ;
#3473 = CARTESIAN_POINT ( 'NONE',  ( -0.5500000000000001600, 0.3999999999999999700, -0.5000000000000000000 ) ) ;
#3474 = ORIENTED_EDGE ( 'NONE', *, *, #1202, .F. ) ;
#3475 = VECTOR ( 'NONE', #4030, 1000.000000000000000 ) ;
#3476 = AXIS2_PLACEMENT_3D ( 'NONE', #3736, #2149, #2459 ) ;
#3477 = PLANE ( 'NONE',  #2837 ) ;
#3478 = VERTEX_POINT ( 'NONE', #2480 ) ;
#3479 = CIRCLE ( 'NONE', #829, 0.2249999999999999500 ) ;
#3480 = ORIENTED_EDGE ( 'NONE', *, *, #2745, .T. ) ;
#3481 = EDGE_CURVE ( 'NONE', #3574, #660, #1959, .T. ) ;
#3482 = EDGE_LOOP ( 'NONE', ( #3908, #2183, #1269, #3267 ) ) ;
#3483 = FACE_OUTER_BOUND ( 'NONE', #2166, .T. ) ;
#3484 = EDGE_LOOP ( 'NONE', ( #83, #601, #2276, #3415 ) ) ;
#3485 = LINE ( 'NONE', #1656, #1305 ) ;
#3486 = CARTESIAN_POINT ( 'NONE',  ( -0.8969223593595583300, 0.0000000000000000000, -0.8499999999999998700 ) ) ;
#3487 = ORIENTED_EDGE ( 'NONE', *, *, #1797, .F. ) ;
#3488 = LINE ( 'NONE', #3373, #2312 ) ;
#3489 = EDGE_CURVE ( 'NONE', #3806, #660, #1353, .T. ) ;
#3490 = ADVANCED_FACE ( 'NONE', ( #750 ), #1247, .F. ) ;
#3491 = ORIENTED_EDGE ( 'NONE', *, *, #3786, .F. ) ;
#3492 = ORIENTED_EDGE ( 'NONE', *, *, #3957, .T. ) ;
#3493 = AXIS2_PLACEMENT_3D ( 'NONE', #3502, #1901, #259 ) ;
#3494 = FACE_OUTER_BOUND ( 'NONE', #3482, .T. ) ;
#3495 = ORIENTED_EDGE ( 'NONE', *, *, #3270, .T. ) ;
#3496 = DIRECTION ( 'NONE',  ( -1.000000000000000000, 0.0000000000000000000, 0.0000000000000000000 ) ) ;
#3497 = CARTESIAN_POINT ( 'NONE',  ( -1.000000000000000000, 0.0000000000000000000, 6.933347799794049100E-029 ) ) ;
#3498 = ORIENTED_EDGE ( 'NONE', *, *, #3680, .T. ) ;
#3499 = DIRECTION ( 'NONE',  ( -0.0000000000000000000, -1.000000000000000000, -0.0000000000000000000 ) ) ;
#3500 = LINE ( 'NONE', #2628, #1267 ) ;
#3501 = VERTEX_POINT ( 'NONE', #1785 ) ;
#3502 = CARTESIAN_POINT ( 'NONE',  ( 0.0000000000000000000, 0.4000000000000000200, 0.0000000000000000000 ) ) ;
#3503 = PLANE ( 'NONE',  #3029 ) ;
#3504 = DIRECTION ( 'NONE',  ( 1.000000000000000000, 0.0000000000000000000, 4.162672286787051700E-014 ) ) ;
#3505 = PRESENTATION_LAYER_ASSIGNMENT (  '', '', ( #3433 ) ) ;
#3506 = EDGE_LOOP ( 'NONE', ( #1652, #3584, #1568, #2260 ) ) ;
#3507 = CARTESIAN_POINT ( 'NONE',  ( 0.5499999999999932700, 0.4000000000000000200, 0.0000000000000000000 ) ) ;
#3508 = DIRECTION ( 'NONE',  ( 0.0000000000000000000, -0.0000000000000000000, 1.000000000000000000 ) ) ;
#3509 = PLANE ( 'NONE',  #1194 ) ;
#3510 = ADVANCED_FACE ( 'NONE', ( #945 ), #3772, .F. ) ;
#3511 = ORIENTED_EDGE ( 'NONE', *, *, #3223, .F. ) ;
#3512 = EDGE_CURVE ( 'NONE', #742, #3718, #2362, .T. ) ;
#3513 = DIRECTION ( 'NONE',  ( 0.0000000000000000000, 0.0000000000000000000, 1.000000000000000000 ) ) ;
#3514 =( NAMED_UNIT ( * ) SI_UNIT ( $, .STERADIAN. ) SOLID_ANGLE_UNIT ( ) );
#3515 = DIRECTION ( 'NONE',  ( 1.000000000000000000, 0.0000000000000000000, 3.651466918234302200E-016 ) ) ;
#3516 = ORIENTED_EDGE ( 'NONE', *, *, #1371, .T. ) ;
#3517 = EDGE_CURVE ( 'NONE', #3900, #503, #332, .T. ) ;
#3518 = SURFACE_STYLE_FILL_AREA ( #1933 ) ;
#3519 = EDGE_LOOP ( 'NONE', ( #190, #2390, #212, #3386 ) ) ;
#3520 = CARTESIAN_POINT ( 'NONE',  ( -0.9999999999999863400, 1.036396103067896100, 0.0000000000000000000 ) ) ;
#3521 = FACE_OUTER_BOUND ( 'NONE', #366, .T. ) ;
#3522 = VECTOR ( 'NONE', #3966, 1000.000000000000000 ) ;
#3523 = EDGE_LOOP ( 'NONE', ( #3178, #1258, #255, #1360 ) ) ;
#3524 = LINE ( 'NONE', #1177, #1697 ) ;
#3525 = DIRECTION ( 'NONE',  ( 0.0000000000000000000, 0.0000000000000000000, -1.000000000000000000 ) ) ;
#3526 = CARTESIAN_POINT ( 'NONE',  ( 1.000000000000000000, 4.568427124746190100, -1.000000000000000000 ) ) ;
#3527 = DIRECTION ( 'NONE',  ( 0.0000000000000000000, 0.0000000000000000000, 1.000000000000000000 ) ) ;
#3528 = EDGE_CURVE ( 'NONE', #1601, #3900, #1804, .T. ) ;
#3529 = ORIENTED_EDGE ( 'NONE', *, *, #1973, .T. ) ;
#3530 = VECTOR ( 'NONE', #1086, 1000.000000000000000 ) ;
#3531 = ORIENTED_EDGE ( 'NONE', *, *, #1561, .T. ) ;
#3532 = DIRECTION ( 'NONE',  ( 0.0000000000000000000, -1.000000000000000000, 0.0000000000000000000 ) ) ;
#3533 = ORIENTED_EDGE ( 'NONE', *, *, #3412, .T. ) ;
#3534 = CIRCLE ( 'NONE', #4152, 0.04999999999999991300 ) ;
#3535 = ORIENTED_EDGE ( 'NONE', *, *, #587, .T. ) ;
#3536 = CARTESIAN_POINT ( 'NONE',  ( -1.000000000000000000, 4.568427124746190100, 1.000000000000000000 ) ) ;
#3537 = DIRECTION ( 'NONE',  ( -0.0000000000000000000, -1.000000000000000000, -0.0000000000000000000 ) ) ;
#3538 = EDGE_CURVE ( 'NONE', #500, #1662, #4055, .T. ) ;
#3539 = ORIENTED_EDGE ( 'NONE', *, *, #3200, .T. ) ;
#3540 = CIRCLE ( 'NONE', #2133, 0.2250000000000015000 ) ;
#3541 = DIRECTION ( 'NONE',  ( 0.0000000000000000000, -1.000000000000000000, 0.0000000000000000000 ) ) ;
#3542 = DIRECTION ( 'NONE',  ( 0.0000000000000000000, -0.0000000000000000000, -1.000000000000000000 ) ) ;
#3543 = VECTOR ( 'NONE', #655, 1000.000000000000000 ) ;
#3544 = EDGE_CURVE ( 'NONE', #2147, #110, #4155, .T. ) ;
#3545 = DIRECTION ( 'NONE',  ( 0.0000000000000000000, 0.0000000000000000000, -1.000000000000000000 ) ) ;
#3546 = ORIENTED_EDGE ( 'NONE', *, *, #4103, .T. ) ;
#3547 = ORIENTED_EDGE ( 'NONE', *, *, #305, .T. ) ;
#3548 = FACE_OUTER_BOUND ( 'NONE', #2874, .T. ) ;
#3549 =( LENGTH_UNIT ( ) NAMED_UNIT ( * ) SI_UNIT ( .MILLI., .METRE. ) );
#3550 = AXIS2_PLACEMENT_3D ( 'NONE', #721, #1045, #3314 ) ;
#3551 = CARTESIAN_POINT ( 'NONE',  ( 0.9999999999999863400, 0.05000000000000002400, 0.4250000000000000400 ) ) ;
#3552 = CARTESIAN_POINT ( 'NONE',  ( 0.5499999999999932700, 0.0000000000000000000, 0.0000000000000000000 ) ) ;
#3553 = ADVANCED_FACE ( 'NONE', ( #2304 ), #3080, .F. ) ;
#3554 = CARTESIAN_POINT ( 'NONE',  ( 1.000000000000000000, 0.3999999999999999700, -0.6500000000000000200 ) ) ;
#3555 = DIRECTION ( 'NONE',  ( -0.0000000000000000000, -1.000000000000000000, 0.0000000000000000000 ) ) ;
#3556 = EDGE_CURVE ( 'NONE', #2021, #1053, #2678, .T. ) ;
#3557 = DIRECTION ( 'NONE',  ( 0.0000000000000000000, 0.0000000000000000000, 1.000000000000000000 ) ) ;
#3558 = CARTESIAN_POINT ( 'NONE',  ( -1.000000000000000000, 1.036396103067896100, -0.4249999999999999900 ) ) ;
#3559 = ORIENTED_EDGE ( 'NONE', *, *, #3118, .F. ) ;
#3560 = FILL_AREA_STYLE ('',( #2236 ) ) ;
#3561 = EDGE_CURVE ( 'NONE', #1698, #3658, #2251, .T. ) ;
#3562 = AXIS2_PLACEMENT_3D ( 'NONE', #824, #1133, #3417 ) ;
#3563 = PLANE ( 'NONE',  #918 ) ;
#3564 = ORIENTED_EDGE ( 'NONE', *, *, #1853, .F. ) ;
#3565 = CARTESIAN_POINT ( 'NONE',  ( 0.5499999999999932700, 0.3999999999999999700, 0.0000000000000000000 ) ) ;
#3566 = EDGE_CURVE ( 'NONE', #3837, #4014, #800, .T. ) ;
#3567 = VECTOR ( 'NONE', #730, 1000.000000000000000 ) ;
#3568 = VERTEX_POINT ( 'NONE', #3121 ) ;
#3569 = DIRECTION ( 'NONE',  ( 0.0000000000000000000, 0.0000000000000000000, 1.000000000000000000 ) ) ;
#3570 = CIRCLE ( 'NONE', #3662, 0.04999999999999991300 ) ;
#3571 = ADVANCED_FACE ( 'NONE', ( #893 ), #1496, .F. ) ;
#3572 = VERTEX_POINT ( 'NONE', #236 ) ;
#3573 = AXIS2_PLACEMENT_3D ( 'NONE', #516, #1148, #2775 ) ;
#3574 = VERTEX_POINT ( 'NONE', #3184 ) ;
#3575 = CYLINDRICAL_SURFACE ( 'NONE', #80, 0.04999999999999996800 ) ;
#3576 = ADVANCED_FACE ( 'NONE', ( #2974 ), #3160, .T. ) ;
#3577 = EDGE_LOOP ( 'NONE', ( #3709, #1960, #3089, #862 ) ) ;
#3578 = CIRCLE ( 'NONE', #1911, 0.1999999999999999000 ) ;
#3579 = CARTESIAN_POINT ( 'NONE',  ( 0.0000000000000000000, 0.0000000000000000000, 0.0000000000000000000 ) ) ;
#3580 = DIRECTION ( 'NONE',  ( 3.651466918234302200E-016, -0.0000000000000000000, 1.000000000000000000 ) ) ;
#3581 = PLANE ( 'NONE',  #3890 ) ;
#3582 = ORIENTED_EDGE ( 'NONE', *, *, #956, .T. ) ;
#3583 = LINE ( 'NONE', #3722, #4060 ) ;
#3584 = ORIENTED_EDGE ( 'NONE', *, *, #3325, .T. ) ;
#3585 = DIRECTION ( 'NONE',  ( 0.0000000000000000000, 0.0000000000000000000, 1.000000000000000000 ) ) ;
#3586 = EDGE_CURVE ( 'NONE', #3808, #3294, #2358, .T. ) ;
#3587 = AXIS2_PLACEMENT_3D ( 'NONE', #1098, #1421, #2053 ) ;
#3588 = LINE ( 'NONE', #1486, #2635 ) ;
#3589 = VERTEX_POINT ( 'NONE', #253 ) ;
#3590 = FACE_OUTER_BOUND ( 'NONE', #3902, .T. ) ;
#3591 = ORIENTED_EDGE ( 'NONE', *, *, #689, .T. ) ;
#3592 = VECTOR ( 'NONE', #469, 1000.000000000000000 ) ;
#3593 = ORIENTED_EDGE ( 'NONE', *, *, #2195, .T. ) ;
#3594 = ADVANCED_FACE ( 'NONE', ( #1243 ), #1391, .F. ) ;
#3595 = LINE ( 'NONE', #2624, #1666 ) ;
#3596 = VERTEX_POINT ( 'NONE', #1196 ) ;
#3597 = VECTOR ( 'NONE', #3909, 1000.000000000000000 ) ;
#3598 = VERTEX_POINT ( 'NONE', #1526 ) ;
#3599 = DIRECTION ( 'NONE',  ( 0.0000000000000000000, 1.000000000000000000, -0.0000000000000000000 ) ) ;
#3600 = DIRECTION ( 'NONE',  ( 0.0000000000000000000, 0.0000000000000000000, 1.000000000000000000 ) ) ;
#3601 = DIRECTION ( 'NONE',  ( -0.0000000000000000000, -1.000000000000000000, -0.0000000000000000000 ) ) ;
#3602 = EDGE_CURVE ( 'NONE', #3053, #4120, #1142, .T. ) ;
#3603 = CARTESIAN_POINT ( 'NONE',  ( -0.8969223593595446700, 0.3999999999999999700, 0.8499999999999998700 ) ) ;
#3604 = VECTOR ( 'NONE', #2329, 1000.000000000000000 ) ;
#3605 = ORIENTED_EDGE ( 'NONE', *, *, #1168, .F. ) ;
#3606 = CARTESIAN_POINT ( 'NONE',  ( -0.5499999999999932700, 0.3999999999999999700, -0.1499999999999999700 ) ) ;
#3607 = AXIS2_PLACEMENT_3D ( 'NONE', #1367, #3973, #398 ) ;
#3608 = DIRECTION ( 'NONE',  ( 0.0000000000000000000, 0.0000000000000000000, -1.000000000000000000 ) ) ;
#3609 = ORIENTED_EDGE ( 'NONE', *, *, #112, .F. ) ;
#3610 = CARTESIAN_POINT ( 'NONE',  ( -1.000000000000000000, 0.4000000000000000200, -0.6500000000000000200 ) ) ;
#3611 = CARTESIAN_POINT ( 'NONE',  ( 0.6000000000000000900, 0.4000000000000000200, -0.5000000000000000000 ) ) ;
#3612 = CARTESIAN_POINT ( 'NONE',  ( 1.000000000000000000, 1.036396103067896100, -0.8499999999999998700 ) ) ;
#3613 = AXIS2_PLACEMENT_3D ( 'NONE', #2293, #3282, #4235 ) ;
#3614 = CARTESIAN_POINT ( 'NONE',  ( 0.8969223593595515600, 0.4000000000000000200, -0.1999999999999998700 ) ) ;
#3615 = ORIENTED_EDGE ( 'NONE', *, *, #1450, .T. ) ;
#3616 = DIRECTION ( 'NONE',  ( -0.0000000000000000000, -1.000000000000000000, -0.0000000000000000000 ) ) ;
#3617 = ORIENTED_EDGE ( 'NONE', *, *, #617, .T. ) ;
#3618 = PRODUCT_DEFINITION ( 'UNKNOWN', '', #2453, #2344 ) ;
#3619 = DIRECTION ( 'NONE',  ( -0.0000000000000000000, -1.000000000000000000, -0.0000000000000000000 ) ) ;
#3620 = CYLINDRICAL_SURFACE ( 'NONE', #1758, 0.1999999999999998700 ) ;
#3621 = ORIENTED_EDGE ( 'NONE', *, *, #1389, .F. ) ;
#3622 = EDGE_CURVE ( 'NONE', #3572, #3824, #20, .T. ) ;
#3623 = LINE ( 'NONE', #3323, #1547 ) ;
#3624 = FACE_OUTER_BOUND ( 'NONE', #2471, .T. ) ;
#3625 = ORIENTED_EDGE ( 'NONE', *, *, #1533, .F. ) ;
#3626 = DIRECTION ( 'NONE',  ( -0.0000000000000000000, 0.0000000000000000000, 1.000000000000000000 ) ) ;
#3627 = VERTEX_POINT ( 'NONE', #3452 ) ;
#3628 = ORIENTED_EDGE ( 'NONE', *, *, #630, .F. ) ;
#3629 = AXIS2_PLACEMENT_3D ( 'NONE', #2096, #2087, #2112 ) ;
#3630 = PLANE ( 'NONE',  #3346 ) ;
#3631 = ORIENTED_EDGE ( 'NONE', *, *, #626, .T. ) ;
#3632 = VECTOR ( 'NONE', #2381, 1000.000000000000000 ) ;
#3633 = ORIENTED_EDGE ( 'NONE', *, *, #1794, .F. ) ;
#3634 = CARTESIAN_POINT ( 'NONE',  ( 1.000000000000000000, 1.036396103067896100, -0.6500000000000000200 ) ) ;
#3635 = CARTESIAN_POINT ( 'NONE',  ( 1.000000000000000000, 0.4000000000000000200, 1.000000000000000000 ) ) ;
#3636 = ORIENTED_EDGE ( 'NONE', *, *, #3760, .T. ) ;
#3637 = CYLINDRICAL_SURFACE ( 'NONE', #2011, 0.1999999999999999000 ) ;
#3638 = AXIS2_PLACEMENT_3D ( 'NONE', #3520, #3496, #602 ) ;
#3639 = EDGE_LOOP ( 'NONE', ( #950, #3547, #1119, #2211 ) ) ;
#3640 = CARTESIAN_POINT ( 'NONE',  ( 1.000000000000000000, 1.036396103067896100, 6.933347799794049100E-029 ) ) ;
#3641 = CARTESIAN_POINT ( 'NONE',  ( 0.9999999999999863400, 1.036396103067896100, 0.0000000000000000000 ) ) ;
#3642 = VECTOR ( 'NONE', #1850, 1000.000000000000000 ) ;
#3643 = PLANE ( 'NONE',  #1018 ) ;
#3644 = ORIENTED_EDGE ( 'NONE', *, *, #2893, .T. ) ;
#3645 = FACE_OUTER_BOUND ( 'NONE', #2378, .T. ) ;
#3646 = ORIENTED_EDGE ( 'NONE', *, *, #3356, .F. ) ;
#3647 = EDGE_CURVE ( 'NONE', #3225, #1604, #553, .T. ) ;
#3648 = AXIS2_PLACEMENT_3D ( 'NONE', #2819, #3809, #4140 ) ;
#3649 = DIRECTION ( 'NONE',  ( 0.0000000000000000000, 0.0000000000000000000, -1.000000000000000000 ) ) ;
#3650 = LINE ( 'NONE', #2270, #2115 ) ;
#3651 = ORIENTED_EDGE ( 'NONE', *, *, #1473, .T. ) ;
#3652 = DIRECTION ( 'NONE',  ( 3.651466918234302200E-016, -0.0000000000000000000, 1.000000000000000000 ) ) ;
#3653 = ORIENTED_EDGE ( 'NONE', *, *, #3538, .T. ) ;
#3654 = LINE ( 'NONE', #3984, #1068 ) ;
#3655 = EDGE_CURVE ( 'NONE', #783, #402, #1553, .T. ) ;
#3656 = DIRECTION ( 'NONE',  ( -0.0000000000000000000, -1.000000000000000000, -0.0000000000000000000 ) ) ;
#3657 = ORIENTED_EDGE ( 'NONE', *, *, #2370, .F. ) ;
#3658 = VERTEX_POINT ( 'NONE', #3017 ) ;
#3659 = DIRECTION ( 'NONE',  ( 0.0000000000000000000, -1.000000000000000000, 0.0000000000000000000 ) ) ;
#3660 = DIRECTION ( 'NONE',  ( 0.0000000000000000000, -1.000000000000000000, 0.0000000000000000000 ) ) ;
#3661 = DIRECTION ( 'NONE',  ( 1.000000000000000000, 0.0000000000000000000, -4.162672286787051700E-014 ) ) ;
#3662 = AXIS2_PLACEMENT_3D ( 'NONE', #333, #3964, #3943 ) ;
#3663 = ADVANCED_FACE ( 'NONE', ( #3884 ), #3432, .T. ) ;
#3664 = VERTEX_POINT ( 'NONE', #1746 ) ;
#3665 = DIRECTION ( 'NONE',  ( -0.0000000000000000000, -0.0000000000000000000, 1.000000000000000000 ) ) ;
#3666 = DIRECTION ( 'NONE',  ( -0.0000000000000000000, -1.000000000000000000, -0.0000000000000000000 ) ) ;
#3667 = DIRECTION ( 'NONE',  ( -0.0000000000000000000, -1.000000000000000000, -0.0000000000000000000 ) ) ;
#3668 = ORIENTED_EDGE ( 'NONE', *, *, #2470, .T. ) ;
#3669 = DIRECTION ( 'NONE',  ( 1.000000000000000000, -0.0000000000000000000, 0.0000000000000000000 ) ) ;
#3670 = ORIENTED_EDGE ( 'NONE', *, *, #2506, .T. ) ;
#3671 = DIRECTION ( 'NONE',  ( -0.0000000000000000000, 1.000000000000000000, 0.0000000000000000000 ) ) ;
#3672 = DIRECTION ( 'NONE',  ( -1.000000000000000000, 0.0000000000000000000, -3.651466918234302200E-016 ) ) ;
#3673 = CARTESIAN_POINT ( 'NONE',  ( -1.000000000000000000, 0.4000000000000000200, -1.000000000000000000 ) ) ;
#3674 = EDGE_CURVE ( 'NONE', #3209, #1189, #3479, .T. ) ;
#3675 = CARTESIAN_POINT ( 'NONE',  ( -0.5499999999999865000, 0.3999999999999999700, 0.7999999999999999300 ) ) ;
#3676 = DIRECTION ( 'NONE',  ( 0.0000000000000000000, 0.0000000000000000000, -1.000000000000000000 ) ) ;
#3677 = LINE ( 'NONE', #2770, #1597 ) ;
#3678 = ORIENTED_EDGE ( 'NONE', *, *, #2619, .F. ) ;
#3679 = SURFACE_SIDE_STYLE ('',( #2027 ) ) ;
#3680 = EDGE_CURVE ( 'NONE', #3344, #3754, #3232, .T. ) ;
#3681 = VECTOR ( 'NONE', #682, 1000.000000000000000 ) ;
#3682 = ORIENTED_EDGE ( 'NONE', *, *, #2360, .T. ) ;
#3683 = DIRECTION ( 'NONE',  ( 0.0000000000000000000, -1.000000000000000000, 0.0000000000000000000 ) ) ;
#3684 = EDGE_LOOP ( 'NONE', ( #3702, #2902, #2305, #868 ) ) ;
#3685 = VECTOR ( 'NONE', #2221, 1000.000000000000000 ) ;
#3686 = EDGE_CURVE ( 'NONE', #3754, #3808, #2879, .T. ) ;
#3687 = CARTESIAN_POINT ( 'NONE',  ( -0.8969223593595621000, 0.05000000000000002400, -0.4499999999999876300 ) ) ;
#3688 = ORIENTED_EDGE ( 'NONE', *, *, #3779, .F. ) ;
#3689 = LINE ( 'NONE', #2727, #3530 ) ;
#3690 = ORIENTED_EDGE ( 'NONE', *, *, #3556, .T. ) ;
#3691 = ORIENTED_EDGE ( 'NONE', *, *, #513, .F. ) ;
#3692 = VECTOR ( 'NONE', #4065, 1000.000000000000000 ) ;
#3693 = ORIENTED_EDGE ( 'NONE', *, *, #3768, .F. ) ;
#3694 = PRESENTATION_STYLE_ASSIGNMENT (( #139 ) ) ;
#3695 = EDGE_LOOP ( 'NONE', ( #3956, #2888, #1201, #3079 ) ) ;
#3696 = CIRCLE ( 'NONE', #3454, 0.2250000000000015000 ) ;
#3697 = DIRECTION ( 'NONE',  ( 0.0000000000000000000, 0.0000000000000000000, 1.000000000000000000 ) ) ;
#3698 = DIRECTION ( 'NONE',  ( -0.0000000000000000000, -1.000000000000000000, 0.0000000000000000000 ) ) ;
#3699 = VECTOR ( 'NONE', #3119, 1000.000000000000000 ) ;
#3700 = ORIENTED_EDGE ( 'NONE', *, *, #1551, .F. ) ;
#3701 = VECTOR ( 'NONE', #2682, 1000.000000000000000 ) ;
#3702 = ORIENTED_EDGE ( 'NONE', *, *, #3006, .T. ) ;
#3703 = DIRECTION ( 'NONE',  ( 0.0000000000000000000, 0.0000000000000000000, 1.000000000000000000 ) ) ;
#3704 = PLANE ( 'NONE',  #1775 ) ;
#3705 = MANIFOLD_SOLID_BREP ( 'Substrate', #994 ) ;
#3706 = CIRCLE ( 'NONE', #1700, 0.2250000000000015000 ) ;
#3707 = ORIENTED_EDGE ( 'NONE', *, *, #1585, .T. ) ;
#3708 = VECTOR ( 'NONE', #339, 1000.000000000000000 ) ;
#3709 = ORIENTED_EDGE ( 'NONE', *, *, #1144, .F. ) ;
#3710 = EDGE_CURVE ( 'NONE', #511, #2093, #1043, .T. ) ;
#3711 = AXIS2_PLACEMENT_3D ( 'NONE', #492, #1129, #2136 ) ;
#3712 = DIRECTION ( 'NONE',  ( 0.0000000000000000000, -1.000000000000000000, 0.0000000000000000000 ) ) ;
#3713 = VECTOR ( 'NONE', #847, 1000.000000000000000 ) ;
#3714 = DIRECTION ( 'NONE',  ( 1.000000000000000000, 0.0000000000000000000, 3.651466918234302200E-016 ) ) ;
#3715 =( NAMED_UNIT ( * ) PLANE_ANGLE_UNIT ( ) SI_UNIT ( $, .RADIAN. ) );
#3716 = CARTESIAN_POINT ( 'NONE',  ( 1.000000000000000000, 0.0000000000000000000, -0.4499999999999853600 ) ) ;
#3717 = DIRECTION ( 'NONE',  ( 0.0000000000000000000, -1.000000000000000000, -0.0000000000000000000 ) ) ;
#3718 = VERTEX_POINT ( 'NONE', #205 ) ;
#3719 = CARTESIAN_POINT ( 'NONE',  ( 0.9999999999999863400, 0.05000000000000002400, 0.6500000000000000200 ) ) ;
#3720 = PLANE ( 'NONE',  #663 ) ;
#3721 = ORIENTED_EDGE ( 'NONE', *, *, #729, .F. ) ;
#3722 = CARTESIAN_POINT ( 'NONE',  ( -1.000000000000000000, 0.05000000000000000300, 1.000000000000000000 ) ) ;
#3723 = VERTEX_POINT ( 'NONE', #2864 ) ;
#3724 = DIRECTION ( 'NONE',  ( 0.0000000000000000000, 0.0000000000000000000, -1.000000000000000000 ) ) ;
#3725 = VECTOR ( 'NONE', #3830, 1000.000000000000000 ) ;
#3726 = DIRECTION ( 'NONE',  ( 0.0000000000000000000, 0.0000000000000000000, -1.000000000000000000 ) ) ;
#3727 = ORIENTED_EDGE ( 'NONE', *, *, #406, .F. ) ;
#3728 = DIRECTION ( 'NONE',  ( -1.000000000000000000, 0.0000000000000000000, 3.651466918234302200E-016 ) ) ;
#3729 = ADVANCED_FACE ( 'NONE', ( #3279 ), #2190, .F. ) ;
#3730 =( GEOMETRIC_REPRESENTATION_CONTEXT ( 3 ) GLOBAL_UNCERTAINTY_ASSIGNED_CONTEXT ( ( #1253 ) ) GLOBAL_UNIT_ASSIGNED_CONTEXT ( ( #2394, #3715, #99 ) ) REPRESENTATION_CONTEXT ( 'NONE', 'WORKASPACE' ) );
#3731 = DIRECTION ( 'NONE',  ( -1.000000000000000000, 0.0000000000000000000, 0.0000000000000000000 ) ) ;
#3732 = LINE ( 'NONE', #1398, #3987 ) ;
#3733 = VECTOR ( 'NONE', #2333, 1000.000000000000000 ) ;
#3734 = DIRECTION ( 'NONE',  ( 1.000000000000000000, 0.0000000000000000000, -3.651466918234302200E-016 ) ) ;
#3735 = EDGE_CURVE ( 'NONE', #1042, #417, #1910, .T. ) ;
#3736 = CARTESIAN_POINT ( 'NONE',  ( -1.000000000000000000, 0.4000000000000000200, 6.933347799794049100E-029 ) ) ;
#3737 = ORIENTED_EDGE ( 'NONE', *, *, #276, .T. ) ;
#3738 = ORIENTED_EDGE ( 'NONE', *, *, #697, .T. ) ;
#3739 = CARTESIAN_POINT ( 'NONE',  ( -1.000000000000000000, 0.05000000000000000300, 1.000000000000000000 ) ) ;
#3740 = DIRECTION ( 'NONE',  ( 0.0000000000000000000, -1.000000000000000000, 0.0000000000000000000 ) ) ;
#3741 = DIRECTION ( 'NONE',  ( -1.000000000000000000, 0.0000000000000000000, -3.651466918234302200E-016 ) ) ;
#3742 = CARTESIAN_POINT ( 'NONE',  ( 0.5499999999999932700, 0.4000000000000000200, -0.1499999999999999700 ) ) ;
#3743 = ORIENTED_EDGE ( 'NONE', *, *, #975, .F. ) ;
#3744 = LINE ( 'NONE', #4004, #1151 ) ;
#3745 = ORIENTED_EDGE ( 'NONE', *, *, #2490, .T. ) ;
#3746 = ADVANCED_FACE ( 'NONE', ( #2463 ), #1845, .F. ) ;
#3747 = AXIS2_PLACEMENT_3D ( 'NONE', #1771, #1737, #4052 ) ;
#3748 = CARTESIAN_POINT ( 'NONE',  ( 0.9999999999999863400, 0.3999999999999999700, 0.4250000000000000400 ) ) ;
#3749 = VECTOR ( 'NONE', #583, 1000.000000000000000 ) ;
#3750 = CARTESIAN_POINT ( 'NONE',  ( 0.9999999999999863400, 1.036396103067896100, 0.0000000000000000000 ) ) ;
#3751 = DIRECTION ( 'NONE',  ( -0.0000000000000000000, 1.000000000000000000, 0.0000000000000000000 ) ) ;
#3752 = ORIENTED_EDGE ( 'NONE', *, *, #4208, .T. ) ;
#3753 = CYLINDRICAL_SURFACE ( 'NONE', #4202, 0.2249999999999999500 ) ;
#3754 = VERTEX_POINT ( 'NONE', #3473 ) ;
#3755 = FACE_OUTER_BOUND ( 'NONE', #764, .T. ) ;
#3756 = ORIENTED_EDGE ( 'NONE', *, *, #3982, .T. ) ;
#3757 = VECTOR ( 'NONE', #1513, 1000.000000000000000 ) ;
#3758 = ORIENTED_EDGE ( 'NONE', *, *, #834, .T. ) ;
#3759 = DIRECTION ( 'NONE',  ( 1.000000000000000000, 0.0000000000000000000, 3.651466918234302200E-016 ) ) ;
#3760 = EDGE_CURVE ( 'NONE', #534, #3598, #71, .T. ) ;
#3761 = LINE ( 'NONE', #1128, #2758 ) ;
#3762 = CARTESIAN_POINT ( 'NONE',  ( 0.6000000000000000900, 0.4000000000000000200, -0.5000000000000000000 ) ) ;
#3763 = ORIENTED_EDGE ( 'NONE', *, *, #50, .T. ) ;
#3764 = CARTESIAN_POINT ( 'NONE',  ( -0.5999999999999864300, 0.4000000000000000200, 0.8499999999999999800 ) ) ;
#3765 = EDGE_CURVE ( 'NONE', #3574, #1058, #2566, .T. ) ;
#3766 = CARTESIAN_POINT ( 'NONE',  ( 0.6000000000000000900, 0.0000000000000000000, -0.5000000000000000000 ) ) ;
#3767 = DIRECTION ( 'NONE',  ( 0.0000000000000000000, -1.000000000000000000, -0.0000000000000000000 ) ) ;
#3768 = EDGE_CURVE ( 'NONE', #1479, #2894, #747, .T. ) ;
#3769 = DIRECTION ( 'NONE',  ( 0.0000000000000000000, -1.000000000000000000, -0.0000000000000000000 ) ) ;
#3770 = ORIENTED_EDGE ( 'NONE', *, *, #2675, .T. ) ;
#3771 = CARTESIAN_POINT ( 'NONE',  ( 0.5999999999999864300, 0.3999999999999999700, 0.4500000000000000700 ) ) ;
#3772 = PLANE ( 'NONE',  #1963 ) ;
#3773 = CARTESIAN_POINT ( 'NONE',  ( 0.8969223593595515600, 0.4000000000000000200, -0.1999999999999998700 ) ) ;
#3774 = ORIENTED_EDGE ( 'NONE', *, *, #3063, .T. ) ;
#3775 = DIRECTION ( 'NONE',  ( 2.891205793294679000E-015, 0.0000000000000000000, -1.000000000000000000 ) ) ;
#3776 = DIRECTION ( 'NONE',  ( -0.0000000000000000000, -1.000000000000000000, 0.0000000000000000000 ) ) ;
#3777 = CARTESIAN_POINT ( 'NONE',  ( 1.000000000000000000, 0.0000000000000000000, -0.6500000000000000200 ) ) ;
#3778 = CIRCLE ( 'NONE', #2321, 0.2250000000000047000 ) ;
#3779 = EDGE_CURVE ( 'NONE', #1698, #3098, #175, .T. ) ;
#3780 = MECHANICAL_DESIGN_GEOMETRIC_PRESENTATION_REPRESENTATION (  '', ( #216 ), #2085 ) ;
#3781 = CARTESIAN_POINT ( 'NONE',  ( 3.651466918234303800E-017, 0.0000000000000000000, 0.2000000000000000900 ) ) ;
#3782 = CARTESIAN_POINT ( 'NONE',  ( 0.5499999999999932700, 0.05000000000000002400, -0.1499999999999999700 ) ) ;
#3783 = VERTEX_POINT ( 'NONE', #910 ) ;
#3784 = CARTESIAN_POINT ( 'NONE',  ( 1.000000000000000000, 0.3999999999999999700, -0.6500000000000000200 ) ) ;
#3785 = DIRECTION ( 'NONE',  ( 0.0000000000000000000, 0.0000000000000000000, -1.000000000000000000 ) ) ;
#3786 = EDGE_CURVE ( 'NONE', #1604, #3202, #844, .T. ) ;
#3787 = ORIENTED_EDGE ( 'NONE', *, *, #594, .F. ) ;
#3788 = VECTOR ( 'NONE', #2910, 1000.000000000000000 ) ;
#3789 = AXIS2_PLACEMENT_3D ( 'NONE', #3610, #2315, #3600 ) ;
#3790 = ORIENTED_EDGE ( 'NONE', *, *, #3710, .T. ) ;
#3791 = ORIENTED_EDGE ( 'NONE', *, *, #3033, .T. ) ;
#3792 = DIRECTION ( 'NONE',  ( 0.0000000000000000000, 0.0000000000000000000, -1.000000000000000000 ) ) ;
#3793 = EDGE_CURVE ( 'NONE', #2593, #3209, #3524, .T. ) ;
#3794 = VERTEX_POINT ( 'NONE', #3131 ) ;
#3795 = ORIENTED_EDGE ( 'NONE', *, *, #828, .F. ) ;
#3796 = DIRECTION ( 'NONE',  ( -0.0000000000000000000, -1.000000000000000000, -0.0000000000000000000 ) ) ;
#3797 = CARTESIAN_POINT ( 'NONE',  ( -0.9999999999999933400, 0.0000000000000000000, -0.0000000000000000000 ) ) ;
#3798 = VECTOR ( 'NONE', #1502, 1000.000000000000000 ) ;
#3799 = EDGE_LOOP ( 'NONE', ( #1150, #123, #1219, #1266 ) ) ;
#3800 = LINE ( 'NONE', #330, #2265 ) ;
#3801 = VERTEX_POINT ( 'NONE', #895 ) ;
#3802 = CARTESIAN_POINT ( 'NONE',  ( 0.0000000000000000000, 0.4000000000000000200, 0.0000000000000000000 ) ) ;
#3803 = PRODUCT_CONTEXT ( 'NONE', #1541, 'mechanical' ) ;
#3804 = LINE ( 'NONE', #526, #2992 ) ;
#3805 = ORIENTED_EDGE ( 'NONE', *, *, #215, .T. ) ;
#3806 = VERTEX_POINT ( 'NONE', #665 ) ;
#3807 = VECTOR ( 'NONE', #633, 1000.000000000000000 ) ;
#3808 = VERTEX_POINT ( 'NONE', #2208 ) ;
#3809 = DIRECTION ( 'NONE',  ( -0.0000000000000000000, 1.000000000000000000, -0.0000000000000000000 ) ) ;
#3810 = VERTEX_POINT ( 'NONE', #2933 ) ;
#3811 = LINE ( 'NONE', #113, #2175 ) ;
#3812 = CARTESIAN_POINT ( 'NONE',  ( 0.8969223593595515600, 1.036396103067896100, -0.1999999999999998700 ) ) ;
#3813 = EDGE_CURVE ( 'NONE', #1352, #3572, #279, .T. ) ;
#3814 = AXIS2_PLACEMENT_3D ( 'NONE', #3234, #3918, #716 ) ;
#3815 = EDGE_CURVE ( 'NONE', #440, #86, #2199, .T. ) ;
#3816 = DIRECTION ( 'NONE',  ( 0.0000000000000000000, -0.0000000000000000000, 1.000000000000000000 ) ) ;
#3817 = ORIENTED_EDGE ( 'NONE', *, *, #2339, .F. ) ;
#3818 = FILL_AREA_STYLE_COLOUR ( '', #2626 ) ;
#3819 = EDGE_CURVE ( 'NONE', #2555, #2204, #2928, .T. ) ;
#3820 = ORIENTED_EDGE ( 'NONE', *, *, #1682, .T. ) ;
#3821 = DIRECTION ( 'NONE',  ( -1.000000000000000000, 0.0000000000000000000, -0.0000000000000000000 ) ) ;
#3822 = DIRECTION ( 'NONE',  ( 0.0000000000000000000, 0.0000000000000000000, -1.000000000000000000 ) ) ;
#3823 = DIRECTION ( 'NONE',  ( -0.0000000000000000000, -1.000000000000000000, -0.0000000000000000000 ) ) ;
#3824 = VERTEX_POINT ( 'NONE', #1943 ) ;
#3825 = DIRECTION ( 'NONE',  ( 0.0000000000000000000, 0.0000000000000000000, -1.000000000000000000 ) ) ;
#3826 = AXIS2_PLACEMENT_3D ( 'NONE', #506, #866, #566 ) ;
#3827 = LINE ( 'NONE', #1426, #1951 ) ;
#3828 = ORIENTED_EDGE ( 'NONE', *, *, #751, .F. ) ;
#3829 = CARTESIAN_POINT ( 'NONE',  ( 0.9999999999999863400, 1.036396103067896100, 0.8749999999999998900 ) ) ;
#3830 = DIRECTION ( 'NONE',  ( 0.0000000000000000000, 0.0000000000000000000, -1.000000000000000000 ) ) ;
#3831 = CARTESIAN_POINT ( 'NONE',  ( 0.5499999999999932700, 0.4000000000000000200, 0.0000000000000000000 ) ) ;
#3832 = FACE_OUTER_BOUND ( 'NONE', #667, .T. ) ;
#3833 = CYLINDRICAL_SURFACE ( 'NONE', #3983, 0.04999999999999996800 ) ;
#3834 = ORIENTED_EDGE ( 'NONE', *, *, #2970, .F. ) ;
#3835 = AXIS2_PLACEMENT_3D ( 'NONE', #1644, #3034, #1406 ) ;
#3836 = ORIENTED_EDGE ( 'NONE', *, *, #4103, .F. ) ;
#3837 = VERTEX_POINT ( 'NONE', #2245 ) ;
#3838 = CARTESIAN_POINT ( 'NONE',  ( -0.9999999999999933400, 0.05000000000000002400, 0.2250000000000000100 ) ) ;
#3839 = EDGE_CURVE ( 'NONE', #6, #1069, #2621, .T. ) ;
#3840 = ORIENTED_EDGE ( 'NONE', *, *, #1567, .T. ) ;
#3841 =( NAMED_UNIT ( * ) PLANE_ANGLE_UNIT ( ) SI_UNIT ( $, .RADIAN. ) );
#3842 = CARTESIAN_POINT ( 'NONE',  ( -7.302933836468611300E-017, 0.0000000000000000000, -0.2000000000000002100 ) ) ;
#3843 = ORIENTED_EDGE ( 'NONE', *, *, #1286, .T. ) ;
#3844 = LINE ( 'NONE', #2440, #565 ) ;
#3845 = EDGE_CURVE ( 'NONE', #3718, #1107, #68, .T. ) ;
#3846 = CARTESIAN_POINT ( 'NONE',  ( 0.9999999999999863400, 0.3999999999999999700, 0.0000000000000000000 ) ) ;
#3847 = LINE ( 'NONE', #2640, #138 ) ;
#3848 = ORIENTED_EDGE ( 'NONE', *, *, #1836, .F. ) ;
#3849 = VECTOR ( 'NONE', #1412, 1000.000000000000000 ) ;
#3850 = ORIENTED_EDGE ( 'NONE', *, *, #3760, .F. ) ;
#3851 = DIRECTION ( 'NONE',  ( -0.0000000000000000000, 1.000000000000000000, 0.0000000000000000000 ) ) ;
#3852 = AXIS2_PLACEMENT_3D ( 'NONE', #152, #131, #2439 ) ;
#3853 = VECTOR ( 'NONE', #3093, 1000.000000000000000 ) ;
#3854 = ORIENTED_EDGE ( 'NONE', *, *, #674, .F. ) ;
#3855 = CARTESIAN_POINT ( 'NONE',  ( 3.103746880499157700E-016, 0.05000000000000000300, 0.8500000000000002000 ) ) ;
#3856 = LINE ( 'NONE', #3185, #1668 ) ;
#3857 = CARTESIAN_POINT ( 'NONE',  ( -0.5999999999999864300, 0.3999999999999999700, 0.8499999999999999800 ) ) ;
#3858 = ADVANCED_FACE ( 'NONE', ( #2051 ), #3575, .F. ) ;
#3859 = APPLICATION_PROTOCOL_DEFINITION ( 'draft international standard', 'automotive_design', 1998, #1541 ) ;
#3860 = CYLINDRICAL_SURFACE ( 'NONE', #1465, 0.2249999999999999500 ) ;
#3861 = VERTEX_POINT ( 'NONE', #1594 ) ;
#3862 = DIRECTION ( 'NONE',  ( 0.0000000000000000000, -1.000000000000000000, 0.0000000000000000000 ) ) ;
#3863 = CARTESIAN_POINT ( 'NONE',  ( 0.5500000000000001600, 0.0000000000000000000, -0.7999999999999999300 ) ) ;
#3864 = DIRECTION ( 'NONE',  ( 0.0000000000000000000, -1.000000000000000000, 0.0000000000000000000 ) ) ;
#3865 = DIRECTION ( 'NONE',  ( 1.000000000000000000, 0.0000000000000000000, 3.651466918234302200E-016 ) ) ;
#3866 = EDGE_CURVE ( 'NONE', #1770, #1948, #384, .T. ) ;
#3867 = DIRECTION ( 'NONE',  ( 0.0000000000000000000, -1.000000000000000000, 0.0000000000000000000 ) ) ;
#3868 = VERTEX_POINT ( 'NONE', #1583 ) ;
#3869 = EDGE_CURVE ( 'NONE', #1944, #3086, #2875, .T. ) ;
#3870 = SURFACE_SIDE_STYLE ('',( #3518 ) ) ;
#3871 = DIRECTION ( 'NONE',  ( 0.0000000000000000000, -1.000000000000000000, 0.0000000000000000000 ) ) ;
#3872 = CARTESIAN_POINT ( 'NONE',  ( -1.000000000000000000, 0.3999999999999999700, -0.6500000000000000200 ) ) ;
#3873 = ORIENTED_EDGE ( 'NONE', *, *, #2922, .T. ) ;
#3874 = ADVANCED_FACE ( 'NONE', ( #1799 ), #3937, .T. ) ;
#3875 = VECTOR ( 'NONE', #4003, 1000.000000000000000 ) ;
#3876 = ORIENTED_EDGE ( 'NONE', *, *, #1232, .T. ) ;
#3877 = ADVANCED_FACE ( 'NONE', ( #1241 ), #1039, .F. ) ;
#3878 = CARTESIAN_POINT ( 'NONE',  ( 0.9999999999999933400, 0.4000000000000000200, -0.2249999999999999500 ) ) ;
#3879 = FACE_OUTER_BOUND ( 'NONE', #303, .T. ) ;
#3880 = CIRCLE ( 'NONE', #2905, 0.2250000000000046700 ) ;
#3881 = UNCERTAINTY_MEASURE_WITH_UNIT (LENGTH_MEASURE( 1.000000000000000100E-005 ), #156, 'distance_accuracy_value', 'NONE');
#3882 = DIRECTION ( 'NONE',  ( 0.0000000000000000000, 0.0000000000000000000, 1.000000000000000000 ) ) ;
#3883 = ORIENTED_EDGE ( 'NONE', *, *, #1589, .T. ) ;
#3884 = FACE_OUTER_BOUND ( 'NONE', #2616, .T. ) ;
#3885 = EDGE_LOOP ( 'NONE', ( #2012, #634, #3137, #1308 ) ) ;
#3886 = DIRECTION ( 'NONE',  ( -0.0000000000000000000, -1.000000000000000000, -0.0000000000000000000 ) ) ;
#3887 = CARTESIAN_POINT ( 'NONE',  ( -1.643160113205435200E-016, 0.3999999999999999700, 0.4499999999999997900 ) ) ;
#3888 = EDGE_CURVE ( 'NONE', #1716, #2320, #1190, .T. ) ;
#3889 = ORIENTED_EDGE ( 'NONE', *, *, #4128, .F. ) ;
#3890 = AXIS2_PLACEMENT_3D ( 'NONE', #722, #2931, #972 ) ;
#3891 = ORIENTED_EDGE ( 'NONE', *, *, #2683, .T. ) ;
#3892 = DIRECTION ( 'NONE',  ( 0.0000000000000000000, -1.000000000000000000, 0.0000000000000000000 ) ) ;
#3893 = ORIENTED_EDGE ( 'NONE', *, *, #3815, .F. ) ;
#3894 = VECTOR ( 'NONE', #559, 1000.000000000000000 ) ;
#3895 = VERTEX_POINT ( 'NONE', #610 ) ;
#3896 = CARTESIAN_POINT ( 'NONE',  ( -1.000000000000000000, 4.568427124746190100, -1.000000000000000000 ) ) ;
#3897 = EDGE_CURVE ( 'NONE', #2054, #77, #985, .T. ) ;
#3898 = ADVANCED_FACE ( 'NONE', ( #15 ), #1903, .T. ) ;
#3899 = CYLINDRICAL_SURFACE ( 'NONE', #1586, 0.04999999999999996800 ) ;
#3900 = VERTEX_POINT ( 'NONE', #1615 ) ;
#3901 = CYLINDRICAL_SURFACE ( 'NONE', #2363, 0.2250000000000015000 ) ;
#3902 = EDGE_LOOP ( 'NONE', ( #183, #3480, #3241, #1319 ) ) ;
#3903 = CARTESIAN_POINT ( 'NONE',  ( -1.000000000000000000, 0.3999999999999999700, -0.4249999999999999900 ) ) ;
#3904 = DIRECTION ( 'NONE',  ( -0.0000000000000000000, -1.000000000000000000, 0.0000000000000000000 ) ) ;
#3905 = VECTOR ( 'NONE', #3683, 1000.000000000000000 ) ;
#3906 = EDGE_CURVE ( 'NONE', #1464, #986, #2672, .T. ) ;
#3907 = VERTEX_POINT ( 'NONE', #2013 ) ;
#3908 = ORIENTED_EDGE ( 'NONE', *, *, #2512, .F. ) ;
#3909 = DIRECTION ( 'NONE',  ( 0.0000000000000000000, -1.000000000000000000, 0.0000000000000000000 ) ) ;
#3910 = CYLINDRICAL_SURFACE ( 'NONE', #2667, 0.04999999999999996800 ) ;
#3911 = ORIENTED_EDGE ( 'NONE', *, *, #1773, .T. ) ;
#3912 = CARTESIAN_POINT ( 'NONE',  ( 0.6000000000000000900, 0.4000000000000000200, -0.8499999999999999800 ) ) ;
#3913 = CIRCLE ( 'NONE', #4087, 0.1999999999999999000 ) ;
#3914 = ORIENTED_EDGE ( 'NONE', *, *, #3077, .T. ) ;
#3915 = AXIS2_PLACEMENT_3D ( 'NONE', #3673, #2331, #1047 ) ;
#3916 = DIRECTION ( 'NONE',  ( 0.0000000000000000000, 0.0000000000000000000, -1.000000000000000000 ) ) ;
#3917 = DIRECTION ( 'NONE',  ( 0.0000000000000000000, 0.0000000000000000000, 1.000000000000000000 ) ) ;
#3918 = DIRECTION ( 'NONE',  ( -1.000000000000000000, 0.0000000000000000000, 0.0000000000000000000 ) ) ;
#3919 = DIRECTION ( 'NONE',  ( 0.0000000000000000000, 1.000000000000000000, -0.0000000000000000000 ) ) ;
#3920 = DIRECTION ( 'NONE',  ( 0.0000000000000000000, 0.0000000000000000000, 1.000000000000000000 ) ) ;
#3921 = AXIS2_PLACEMENT_3D ( 'NONE', #1571, #1235, #3504 ) ;
#3922 = DIRECTION ( 'NONE',  ( 0.0000000000000000000, 0.0000000000000000000, -1.000000000000000000 ) ) ;
#3923 = DIRECTION ( 'NONE',  ( 0.0000000000000000000, 0.0000000000000000000, -1.000000000000000000 ) ) ;
#3924 = EDGE_CURVE ( 'NONE', #19, #2161, #1136, .T. ) ;
#3925 = AXIS2_PLACEMENT_3D ( 'NONE', #3322, #3337, #1396 ) ;
#3926 = DIRECTION ( 'NONE',  ( 0.0000000000000000000, 0.0000000000000000000, -1.000000000000000000 ) ) ;
#3927 = DIRECTION ( 'NONE',  ( 0.0000000000000000000, -1.000000000000000000, 0.0000000000000000000 ) ) ;
#3928 = ORIENTED_EDGE ( 'NONE', *, *, #1721, .F. ) ;
#3929 = ORIENTED_EDGE ( 'NONE', *, *, #481, .T. ) ;
#3930 = DIRECTION ( 'NONE',  ( 0.0000000000000000000, -1.000000000000000000, 0.0000000000000000000 ) ) ;
#3931 = DIRECTION ( 'NONE',  ( -0.0000000000000000000, -1.000000000000000000, -0.0000000000000000000 ) ) ;
#3932 = DIRECTION ( 'NONE',  ( -0.0000000000000000000, -1.000000000000000000, -0.0000000000000000000 ) ) ;
#3933 = CYLINDRICAL_SURFACE ( 'NONE', #2079, 0.04999999999999991300 ) ;
#3934 = DIRECTION ( 'NONE',  ( 0.0000000000000000000, 0.0000000000000000000, -1.000000000000000000 ) ) ;
#3935 = CARTESIAN_POINT ( 'NONE',  ( 0.9999999999999863400, 1.036396103067896100, 0.4250000000000000400 ) ) ;
#3936 = CYLINDRICAL_SURFACE ( 'NONE', #1179, 0.1999999999999999000 ) ;
#3937 = CYLINDRICAL_SURFACE ( 'NONE', #306, 0.04999999999999991300 ) ;
#3938 = VERTEX_POINT ( 'NONE', #2634 ) ;
#3939 = ORIENTED_EDGE ( 'NONE', *, *, #989, .F. ) ;
#3940 = AXIS2_PLACEMENT_3D ( 'NONE', #2020, #712, #2338 ) ;
#3941 = DIRECTION ( 'NONE',  ( 0.0000000000000000000, 0.0000000000000000000, -1.000000000000000000 ) ) ;
#3942 = DIRECTION ( 'NONE',  ( 0.0000000000000000000, -1.000000000000000000, 0.0000000000000000000 ) ) ;
#3943 = DIRECTION ( 'NONE',  ( 0.0000000000000000000, 0.0000000000000000000, 1.000000000000000000 ) ) ;
#3944 = ORIENTED_EDGE ( 'NONE', *, *, #3481, .T. ) ;
#3945 = CIRCLE ( 'NONE', #451, 0.2250000000000015000 ) ;
#3946 = EDGE_LOOP ( 'NONE', ( #3069, #2769, #1127, #3288 ) ) ;
#3947 = CARTESIAN_POINT ( 'NONE',  ( -0.8969223593595621000, 0.3999999999999999700, -0.4499999999999876300 ) ) ;
#3948 = EDGE_CURVE ( 'NONE', #3285, #3794, #4050, .T. ) ;
#3949 = AXIS2_PLACEMENT_3D ( 'NONE', #3497, #2197, #266 ) ;
#3950 = VERTEX_POINT ( 'NONE', #3947 ) ;
#3951 = VERTEX_POINT ( 'NONE', #684 ) ;
#3952 = CARTESIAN_POINT ( 'NONE',  ( -1.000000000000000000, 0.05000000000000000300, 1.000000000000000000 ) ) ;
#3953 = COLOUR_RGB ( '',1.000000000000000000, 0.8117647058823529400, 0.5019607843137254800 ) ;
#3954 = VERTEX_POINT ( 'NONE', #3614 ) ;
#3955 = LINE ( 'NONE', #2291, #2216 ) ;
#3956 = ORIENTED_EDGE ( 'NONE', *, *, #2243, .F. ) ;
#3957 = EDGE_CURVE ( 'NONE', #1552, #2527, #2829, .T. ) ;
#3958 = CARTESIAN_POINT ( 'NONE',  ( 0.5499999999999865000, 0.4000000000000000200, 0.0000000000000000000 ) ) ;
#3959 = LINE ( 'NONE', #2444, #3699 ) ;
#3960 = VERTEX_POINT ( 'NONE', #1672 ) ;
#3961 = LINE ( 'NONE', #2541, #146 ) ;
#3962 = ORIENTED_EDGE ( 'NONE', *, *, #487, .T. ) ;
#3963 = CARTESIAN_POINT ( 'NONE',  ( 1.000000000000000000, 0.4000000000000000200, -1.000000000000000000 ) ) ;
#3964 = DIRECTION ( 'NONE',  ( 0.0000000000000000000, 1.000000000000000000, -0.0000000000000000000 ) ) ;
#3965 = EDGE_CURVE ( 'NONE', #1161, #2466, #1905, .T. ) ;
#3966 = DIRECTION ( 'NONE',  ( -1.000000000000000000, 0.0000000000000000000, 0.0000000000000000000 ) ) ;
#3967 = LINE ( 'NONE', #1085, #913 ) ;
#3968 = VERTEX_POINT ( 'NONE', #1989 ) ;
#3969 = UNCERTAINTY_MEASURE_WITH_UNIT (LENGTH_MEASURE( 1.000000000000000100E-005 ), #4118, 'distance_accuracy_value', 'NONE');
#3970 = DIRECTION ( 'NONE',  ( 0.0000000000000000000, 0.0000000000000000000, 1.000000000000000000 ) ) ;
#3971 = DIRECTION ( 'NONE',  ( 0.0000000000000000000, -1.000000000000000000, 0.0000000000000000000 ) ) ;
#3972 = AXIS2_PLACEMENT_3D ( 'NONE', #2254, #307, #316 ) ;
#3973 = DIRECTION ( 'NONE',  ( -0.0000000000000000000, -1.000000000000000000, 0.0000000000000000000 ) ) ;
#3974 = CARTESIAN_POINT ( 'NONE',  ( -1.000000000000000000, 1.036396103067896100, -0.4499999999999853600 ) ) ;
#3975 = ORIENTED_EDGE ( 'NONE', *, *, #487, .F. ) ;
#3976 = DIRECTION ( 'NONE',  ( -1.000000000000000000, 0.0000000000000000000, -3.651466918234302200E-016 ) ) ;
#3977 = CARTESIAN_POINT ( 'NONE',  ( -0.5999999999999932100, 0.05000000000000002400, 0.1499999999999999700 ) ) ;
#3978 = EDGE_CURVE ( 'NONE', #1498, #81, #2002, .T. ) ;
#3979 = DIRECTION ( 'NONE',  ( -1.000000000000000000, 0.0000000000000000000, 0.0000000000000000000 ) ) ;
#3980 = DIRECTION ( 'NONE',  ( 0.0000000000000000000, -1.000000000000000000, 0.0000000000000000000 ) ) ;
#3981 = DIRECTION ( 'NONE',  ( 0.0000000000000000000, 0.0000000000000000000, 1.000000000000000000 ) ) ;
#3982 = EDGE_CURVE ( 'NONE', #1704, #3202, #597, .T. ) ;
#3983 = AXIS2_PLACEMENT_3D ( 'NONE', #449, #3991, #1715 ) ;
#3984 = CARTESIAN_POINT ( 'NONE',  ( -7.302933836468611300E-017, 0.3999999999999999700, -0.2000000000000002100 ) ) ;
#3985 = LINE ( 'NONE', #1831, #1846 ) ;
#3986 = ORIENTED_EDGE ( 'NONE', *, *, #3457, .F. ) ;
#3987 = VECTOR ( 'NONE', #3340, 1000.000000000000000 ) ;
#3988 = VECTOR ( 'NONE', #1476, 1000.000000000000000 ) ;
#3989 = ORIENTED_EDGE ( 'NONE', *, *, #399, .T. ) ;
#3990 = CARTESIAN_POINT ( 'NONE',  ( 0.6000000000000000900, 0.3999999999999999700, -0.4500000000000000100 ) ) ;
#3991 = DIRECTION ( 'NONE',  ( -0.0000000000000000000, -1.000000000000000000, -0.0000000000000000000 ) ) ;
#3992 = ORIENTED_EDGE ( 'NONE', *, *, #1497, .T. ) ;
#3993 = VECTOR ( 'NONE', #3467, 1000.000000000000000 ) ;
#3994 = AXIS2_PLACEMENT_3D ( 'NONE', #1326, #1372, #2661 ) ;
#3995 = CARTESIAN_POINT ( 'NONE',  ( -1.000000000000000000, 0.4000000000000000200, -1.000000000000000000 ) ) ;
#3996 = ORIENTED_EDGE ( 'NONE', *, *, #882, .T. ) ;
#3997 = ORIENTED_EDGE ( 'NONE', *, *, #3223, .T. ) ;
#3998 = EDGE_CURVE ( 'NONE', #1552, #3053, #3428, .T. ) ;
#3999 = ORIENTED_EDGE ( 'NONE', *, *, #3345, .F. ) ;
#4000 = VECTOR ( 'NONE', #1838, 1000.000000000000000 ) ;
#4001 = AXIS2_PLACEMENT_3D ( 'NONE', #202, #3776, #181 ) ;
#4002 = DIRECTION ( 'NONE',  ( 3.651466918234302200E-016, 0.0000000000000000000, -1.000000000000000000 ) ) ;
#4003 = DIRECTION ( 'NONE',  ( -0.0000000000000000000, -1.000000000000000000, -0.0000000000000000000 ) ) ;
#4004 = CARTESIAN_POINT ( 'NONE',  ( -1.873202529054277000E-014, 0.0000000000000000000, -0.4500000000000249900 ) ) ;
#4005 = VECTOR ( 'NONE', #1055, 1000.000000000000000 ) ;
#4006 = DIRECTION ( 'NONE',  ( 0.0000000000000000000, 0.0000000000000000000, 1.000000000000000000 ) ) ;
#4007 = ORIENTED_EDGE ( 'NONE', *, *, #1065, .T. ) ;
#4008 = FACE_OUTER_BOUND ( 'NONE', #2137, .T. ) ;
#4009 = ORIENTED_EDGE ( 'NONE', *, *, #745, .F. ) ;
#4010 = EDGE_CURVE ( 'NONE', #295, #3868, #2726, .T. ) ;
#4011 = AXIS2_PLACEMENT_3D ( 'NONE', #2366, #452, #3362 ) ;
#4012 = LINE ( 'NONE', #3064, #2697 ) ;
#4013 = DIRECTION ( 'NONE',  ( 0.0000000000000000000, 1.000000000000000000, -0.0000000000000000000 ) ) ;
#4014 = VERTEX_POINT ( 'NONE', #2614 ) ;
#4015 = LINE ( 'NONE', #2806, #2840 ) ;
#4016 = ORIENTED_EDGE ( 'NONE', *, *, #3345, .T. ) ;
#4017 = ADVANCED_FACE ( 'NONE', ( #3624 ), #1092, .F. ) ;
#4018 = VECTOR ( 'NONE', #1968, 1000.000000000000000 ) ;
#4019 = EDGE_CURVE ( 'NONE', #505, #3598, #1443, .T. ) ;
#4020 = DIRECTION ( 'NONE',  ( 0.0000000000000000000, 0.0000000000000000000, 1.000000000000000000 ) ) ;
#4021 = VERTEX_POINT ( 'NONE', #3603 ) ;
#4022 = FACE_OUTER_BOUND ( 'NONE', #1246, .T. ) ;
#4023 = DIRECTION ( 'NONE',  ( 0.0000000000000000000, 0.0000000000000000000, 1.000000000000000000 ) ) ;
#4024 = FACE_OUTER_BOUND ( 'NONE', #3418, .T. ) ;
#4025 = DIRECTION ( 'NONE',  ( 0.0000000000000000000, -1.000000000000000000, 0.0000000000000000000 ) ) ;
#4026 = FILL_AREA_STYLE_COLOUR ( '', #1395 ) ;
#4027 = CARTESIAN_POINT ( 'NONE',  ( -1.000000000000000000, 0.05000000000000002400, -0.6500000000000000200 ) ) ;
#4028 = CARTESIAN_POINT ( 'NONE',  ( -1.643160113205435200E-016, 0.4000000000000000200, 0.4499999999999997900 ) ) ;
#4029 = AXIS2_PLACEMENT_3D ( 'NONE', #4113, #1834, #4101 ) ;
#4030 = DIRECTION ( 'NONE',  ( 0.0000000000000000000, 0.0000000000000000000, -1.000000000000000000 ) ) ;
#4031 = DIRECTION ( 'NONE',  ( -0.0000000000000000000, -1.000000000000000000, -0.0000000000000000000 ) ) ;
#4032 = VERTEX_POINT ( 'NONE', #17 ) ;
#4033 = CARTESIAN_POINT ( 'NONE',  ( 3.651466918234303800E-017, 0.05000000000000000300, 0.2000000000000000900 ) ) ;
#4034 = DIRECTION ( 'NONE',  ( -0.0000000000000000000, -1.000000000000000000, -0.0000000000000000000 ) ) ;
#4035 = ORIENTED_EDGE ( 'NONE', *, *, #2542, .F. ) ;
#4036 = DIRECTION ( 'NONE',  ( 0.0000000000000000000, 0.0000000000000000000, -1.000000000000000000 ) ) ;
#4037 = EDGE_CURVE ( 'NONE', #1618, #1590, #2146, .T. ) ;
#4038 = AXIS2_PLACEMENT_3D ( 'NONE', #752, #3669, #1724 ) ;
#4039 = CARTESIAN_POINT ( 'NONE',  ( 1.000000000000000000, 0.0000000000000000000, 0.0000000000000000000 ) ) ;
#4040 = VERTEX_POINT ( 'NONE', #2967 ) ;
#4041 = DIRECTION ( 'NONE',  ( 0.0000000000000000000, -1.000000000000000000, 0.0000000000000000000 ) ) ;
#4042 = PLANE ( 'NONE',  #471 ) ;
#4043 = SURFACE_SIDE_STYLE ('',( #999 ) ) ;
#4044 = CYLINDRICAL_SURFACE ( 'NONE', #1292, 0.04999999999999996800 ) ;
#4045 = COLOUR_RGB ( '',1.000000000000000000, 0.8117647058823529400, 0.5019607843137254800 ) ;
#4046 = ORIENTED_EDGE ( 'NONE', *, *, #776, .F. ) ;
#4047 = DIRECTION ( 'NONE',  ( 0.0000000000000000000, 0.0000000000000000000, 1.000000000000000000 ) ) ;
#4048 = CARTESIAN_POINT ( 'NONE',  ( 0.5999999999999864300, 0.3999999999999999700, 0.5000000000000000000 ) ) ;
#4049 = LINE ( 'NONE', #2412, #3274 ) ;
#4050 = LINE ( 'NONE', #2959, #1290 ) ;
#4051 = EDGE_CURVE ( 'NONE', #3723, #2147, #444, .T. ) ;
#4052 = DIRECTION ( 'NONE',  ( 0.0000000000000000000, 0.0000000000000000000, 1.000000000000000000 ) ) ;
#4053 = DIRECTION ( 'NONE',  ( 0.0000000000000000000, -1.000000000000000000, 0.0000000000000000000 ) ) ;
#4054 = ORIENTED_EDGE ( 'NONE', *, *, #1346, .F. ) ;
#4055 = CIRCLE ( 'NONE', #3711, 0.1999999999999999000 ) ;
#4056 = EDGE_LOOP ( 'NONE', ( #2035, #2327, #2946, #1082, #851, #2056, #331, #2870, #3621, #2564 ) ) ;
#4057 = CARTESIAN_POINT ( 'NONE',  ( -0.6000000000000000900, 0.4000000000000000200, -0.4500000000000000100 ) ) ;
#4058 = AXIS2_PLACEMENT_3D ( 'NONE', #3368, #3671, #3703 ) ;
#4059 = ORIENTED_EDGE ( 'NONE', *, *, #1937, .T. ) ;
#4060 = VECTOR ( 'NONE', #1480, 1000.000000000000000 ) ;
#4061 = ORIENTED_EDGE ( 'NONE', *, *, #3839, .T. ) ;
#4062 = DIRECTION ( 'NONE',  ( -1.000000000000000000, -0.0000000000000000000, -0.0000000000000000000 ) ) ;
#4063 = ORIENTED_EDGE ( 'NONE', *, *, #1868, .F. ) ;
#4064 = FACE_OUTER_BOUND ( 'NONE', #1870, .T. ) ;
#4065 = DIRECTION ( 'NONE',  ( 0.0000000000000000000, 0.0000000000000000000, -1.000000000000000000 ) ) ;
#4066 = DIRECTION ( 'NONE',  ( 0.0000000000000000000, 0.0000000000000000000, 1.000000000000000000 ) ) ;
#4067 = AXIS2_PLACEMENT_3D ( 'NONE', #3157, #4105, #1839 ) ;
#4068 = VECTOR ( 'NONE', #4145, 1000.000000000000000 ) ;
#4069 = EDGE_LOOP ( 'NONE', ( #670, #1525, #3707, #2492 ) ) ;
#4070 = FACE_OUTER_BOUND ( 'NONE', #600, .T. ) ;
#4071 = EDGE_LOOP ( 'NONE', ( #2633, #2535, #557, #3296 ) ) ;
#4072 = DIRECTION ( 'NONE',  ( 0.0000000000000000000, -1.000000000000000000, -0.0000000000000000000 ) ) ;
#4073 = DIRECTION ( 'NONE',  ( -0.0000000000000000000, -1.000000000000000000, -0.0000000000000000000 ) ) ;
#4074 = CARTESIAN_POINT ( 'NONE',  ( -0.8969223593595621000, 0.0000000000000000000, -0.4499999999999876300 ) ) ;
#4075 = LINE ( 'NONE', #2131, #2322 ) ;
#4076 = ORIENTED_EDGE ( 'NONE', *, *, #2229, .F. ) ;
#4077 = CIRCLE ( 'NONE', #732, 0.2250000000000015600 ) ;
#4078 = EDGE_LOOP ( 'NONE', ( #167, #3195, #1928, #2706 ) ) ;
#4079 = EDGE_CURVE ( 'NONE', #3907, #1394, #170, .T. ) ;
#4080 = AXIS2_PLACEMENT_3D ( 'NONE', #1413, #2364, #3391 ) ;
#4081 = DIRECTION ( 'NONE',  ( 0.0000000000000000000, 0.0000000000000000000, 1.000000000000000000 ) ) ;
#4082 = FACE_OUTER_BOUND ( 'NONE', #380, .T. ) ;
#4083 = EDGE_CURVE ( 'NONE', #13, #2921, #1955, .T. ) ;
#4084 = CARTESIAN_POINT ( 'NONE',  ( -0.5499999999999865000, 1.036396103067896100, 0.5000000000000000000 ) ) ;
#4085 = PLANE ( 'NONE',  #3629 ) ;
#4086 = ADVANCED_FACE ( 'NONE', ( #3377 ), #3643, .T. ) ;
#4087 = AXIS2_PLACEMENT_3D ( 'NONE', #2171, #2511, #360 ) ;
#4088 = DIRECTION ( 'NONE',  ( 0.0000000000000000000, -0.0000000000000000000, 1.000000000000000000 ) ) ;
#4089 = DIRECTION ( 'NONE',  ( -1.000000000000000000, 0.0000000000000000000, 0.0000000000000000000 ) ) ;
#4090 = ORIENTED_EDGE ( 'NONE', *, *, #1230, .F. ) ;
#4091 = CARTESIAN_POINT ( 'NONE',  ( 1.000000000000000000, 0.8700000000000001100, 1.000000000000000000 ) ) ;
#4092 = VERTEX_POINT ( 'NONE', #371 ) ;
#4093 = DIRECTION ( 'NONE',  ( -0.0000000000000000000, -1.000000000000000000, -0.0000000000000000000 ) ) ;
#4094 = LINE ( 'NONE', #1373, #2346 ) ;
#4095 = CARTESIAN_POINT ( 'NONE',  ( 1.000000000000000000, 0.0000000000000000000, 6.933347799794049100E-029 ) ) ;
#4096 = EDGE_CURVE ( 'NONE', #2294, #505, #327, .T. ) ;
#4097 = AXIS2_PLACEMENT_3D ( 'NONE', #2882, #4184, #1256 ) ;
#4098 = ADVANCED_FACE ( 'NONE', ( #4151 ), #3833, .T. ) ;
#4099 = LINE ( 'NONE', #2080, #2141 ) ;
#4100 = CLOSED_SHELL ( 'NONE', ( #124, #3746, #1859, #2139, #1695, #2739, #3874, #2953, #2556, #3092, #1619, #1272 ) ) ;
#4101 = DIRECTION ( 'NONE',  ( 0.0000000000000000000, 0.0000000000000000000, 1.000000000000000000 ) ) ;
#4102 = PLANE ( 'NONE',  #2507 ) ;
#4103 = EDGE_CURVE ( 'NONE', #4228, #1944, #795, .T. ) ;
#4104 = ORIENTED_EDGE ( 'NONE', *, *, #450, .T. ) ;
#4105 = DIRECTION ( 'NONE',  ( 0.0000000000000000000, 1.000000000000000000, 0.0000000000000000000 ) ) ;
#4106 = ORIENTED_EDGE ( 'NONE', *, *, #2660, .F. ) ;
#4107 = AXIS2_PLACEMENT_3D ( 'NONE', #2232, #3580, #987 ) ;
#4108 = CARTESIAN_POINT ( 'NONE',  ( -0.6000000000000000900, 0.4000000000000000200, -0.8499999999999999800 ) ) ;
#4109 = ORIENTED_EDGE ( 'NONE', *, *, #4132, .F. ) ;
#4110 = CIRCLE ( 'NONE', #562, 0.1999999999999998700 ) ;
#4111 = CARTESIAN_POINT ( 'NONE',  ( 0.5999999999999932100, 0.4000000000000000200, -0.1999999999999999800 ) ) ;
#4112 = CYLINDRICAL_SURFACE ( 'NONE', #445, 0.04999999999999991300 ) ;
#4113 = CARTESIAN_POINT ( 'NONE',  ( -0.5500000000000001600, 1.036396103067896100, 0.0000000000000000000 ) ) ;
#4114 = CARTESIAN_POINT ( 'NONE',  ( 0.9999999999999933400, 0.0000000000000000000, -0.2249999999999999500 ) ) ;
#4115 = ORIENTED_EDGE ( 'NONE', *, *, #305, .F. ) ;
#4116 = LINE ( 'NONE', #2455, #3402 ) ;
#4117 = ORIENTED_EDGE ( 'NONE', *, *, #1908, .F. ) ;
#4118 =( LENGTH_UNIT ( ) NAMED_UNIT ( * ) SI_UNIT ( .MILLI., .METRE. ) );
#4119 = CIRCLE ( 'NONE', #3235, 0.04999999999999996800 ) ;
#4120 = VERTEX_POINT ( 'NONE', #3015 ) ;
#4121 = CIRCLE ( 'NONE', #923, 0.04999999999999996800 ) ;
#4122 = ORIENTED_EDGE ( 'NONE', *, *, #2711, .T. ) ;
#4123 = EDGE_CURVE ( 'NONE', #2461, #3436, #3275, .T. ) ;
#4124 = LINE ( 'NONE', #2213, #3807 ) ;
#4125 = VERTEX_POINT ( 'NONE', #2408 ) ;
#4126 = DIRECTION ( 'NONE',  ( -1.000000000000000000, 0.0000000000000000000, 3.651466918234302200E-016 ) ) ;
#4127 = VECTOR ( 'NONE', #1784, 1000.000000000000000 ) ;
#4128 = EDGE_CURVE ( 'NONE', #86, #159, #119, .T. ) ;
#4129 = DIRECTION ( 'NONE',  ( -1.000000000000000000, 0.0000000000000000000, -1.825733459117151100E-016 ) ) ;
#4130 = CARTESIAN_POINT ( 'NONE',  ( 0.5499999999999865000, 0.0000000000000000000, 0.7999999999999999300 ) ) ;
#4131 = SURFACE_SIDE_STYLE ('',( #282 ) ) ;
#4132 = EDGE_CURVE ( 'NONE', #3810, #1464, #890, .T. ) ;
#4133 = DIRECTION ( 'NONE',  ( 0.0000000000000000000, 1.000000000000000000, -0.0000000000000000000 ) ) ;
#4134 = ORIENTED_EDGE ( 'NONE', *, *, #223, .F. ) ;
#4135 = CARTESIAN_POINT ( 'NONE',  ( 0.8969223593595446700, 1.036396103067896100, 0.4500000000000001200 ) ) ;
#4136 = CARTESIAN_POINT ( 'NONE',  ( 0.5999999999999932100, 1.036396103067896100, -0.1999999999999999800 ) ) ;
#4137 = AXIS2_PLACEMENT_3D ( 'NONE', #3101, #838, #3113 ) ;
#4138 = ORIENTED_EDGE ( 'NONE', *, *, #297, .F. ) ;
#4139 = DIRECTION ( 'NONE',  ( 0.0000000000000000000, 0.0000000000000000000, -1.000000000000000000 ) ) ;
#4140 = DIRECTION ( 'NONE',  ( 0.0000000000000000000, 0.0000000000000000000, -1.000000000000000000 ) ) ;
#4141 = FACE_OUTER_BOUND ( 'NONE', #2402, .T. ) ;
#4142 = ORIENTED_EDGE ( 'NONE', *, *, #963, .F. ) ;
#4143 = ADVANCED_FACE ( 'NONE', ( #495 ), #778, .F. ) ;
#4144 = AXIS2_PLACEMENT_3D ( 'NONE', #925, #3211, #2267 ) ;
#4145 = DIRECTION ( 'NONE',  ( -0.0000000000000000000, -1.000000000000000000, -0.0000000000000000000 ) ) ;
#4146 = FACE_OUTER_BOUND ( 'NONE', #47, .T. ) ;
#4147 = LINE ( 'NONE', #3352, #741 ) ;
#4148 = ORIENTED_EDGE ( 'NONE', *, *, #2026, .T. ) ;
#4149 = EDGE_CURVE ( 'NONE', #768, #1523, #230, .T. ) ;
#4150 = FACE_OUTER_BOUND ( 'NONE', #4071, .T. ) ;
#4151 = FACE_OUTER_BOUND ( 'NONE', #912, .T. ) ;
#4152 = AXIS2_PLACEMENT_3D ( 'NONE', #1848, #4133, #3153 ) ;
#4153 = VERTEX_POINT ( 'NONE', #787 ) ;
#4154 = ORIENTED_EDGE ( 'NONE', *, *, #671, .T. ) ;
#4155 = LINE ( 'NONE', #1456, #3191 ) ;
#4156 = ORIENTED_EDGE ( 'NONE', *, *, #276, .F. ) ;
#4157 = CARTESIAN_POINT ( 'NONE',  ( 7.302933836468611300E-017, 0.05000000000000000300, -0.2000000000000002100 ) ) ;
#4158 = DIRECTION ( 'NONE',  ( -0.0000000000000000000, 0.0000000000000000000, 1.000000000000000000 ) ) ;
#4159 = VERTEX_POINT ( 'NONE', #2077 ) ;
#4160 = FACE_OUTER_BOUND ( 'NONE', #2103, .T. ) ;
#4161 = ORIENTED_EDGE ( 'NONE', *, *, #1593, .F. ) ;
#4162 = PLANE ( 'NONE',  #2613 ) ;
#4163 = VERTEX_POINT ( 'NONE', #3068 ) ;
#4164 = FACE_OUTER_BOUND ( 'NONE', #3460, .T. ) ;
#4165 = VERTEX_POINT ( 'NONE', #2694 ) ;
#4166 = DIRECTION ( 'NONE',  ( 1.000000000000000000, 0.0000000000000000000, 3.651466918234302200E-016 ) ) ;
#4167 = DIRECTION ( 'NONE',  ( 0.0000000000000000000, 0.0000000000000000000, -1.000000000000000000 ) ) ;
#4168 = VECTOR ( 'NONE', #263, 1000.000000000000000 ) ;
#4169 = VERTEX_POINT ( 'NONE', #1121 ) ;
#4170 = EDGE_LOOP ( 'NONE', ( #3743, #4090, #1875, #2241, #1429, #1508, #1282, #324, #377, #1877, #699, #3312, #801, #4186, #3745, #1275, #3366, #2014, #2416, #1447, #3535, #2129, #3636, #2003, #3405, #273, #1803, #3791, #1155, #3790, #3531, #176, #3805, #2851, #397, #4191, #317, #126, #1778, #2010, #4046, #921, #4054, #1061, #2698, #1132, #973, #2790, #2569, #1080, #2797, #1088 ) ) ;
#4171 = CARTESIAN_POINT ( 'NONE',  ( 0.5500000000000001600, 0.0000000000000000000, -0.5000000000000000000 ) ) ;
#4172 = AXIS2_PLACEMENT_3D ( 'NONE', #2939, #26, #3367 ) ;
#4173 = LINE ( 'NONE', #315, #4018 ) ;
#4174 = EDGE_LOOP ( 'NONE', ( #1847, #2248, #754, #889 ) ) ;
#4175 = CIRCLE ( 'NONE', #64, 0.04999999999999996800 ) ;
#4176 = ORIENTED_EDGE ( 'NONE', *, *, #1478, .F. ) ;
#4177 = FACE_OUTER_BOUND ( 'NONE', #1940, .T. ) ;
#4178 = ORIENTED_EDGE ( 'NONE', *, *, #1721, .T. ) ;
#4179 = CARTESIAN_POINT ( 'NONE',  ( 1.000000000000000000, 0.05000000000000000300, 1.000000000000000000 ) ) ;
#4180 = ORIENTED_EDGE ( 'NONE', *, *, #249, .T. ) ;
#4181 = EDGE_CURVE ( 'NONE', #3868, #189, #1952, .T. ) ;
#4182 = AXIS2_PLACEMENT_3D ( 'NONE', #3066, #756, #130 ) ;
#4183 = DIRECTION ( 'NONE',  ( 0.0000000000000000000, 0.0000000000000000000, -1.000000000000000000 ) ) ;
#4184 = DIRECTION ( 'NONE',  ( -0.0000000000000000000, -1.000000000000000000, 0.0000000000000000000 ) ) ;
#4185 =( NAMED_UNIT ( * ) SI_UNIT ( $, .STERADIAN. ) SOLID_ANGLE_UNIT ( ) );
#4186 = ORIENTED_EDGE ( 'NONE', *, *, #3517, .T. ) ;
#4187 = EDGE_CURVE ( 'NONE', #86, #2964, #3880, .T. ) ;
#4188 = DIRECTION ( 'NONE',  ( 0.0000000000000000000, -1.000000000000000000, 0.0000000000000000000 ) ) ;
#4189 = DIRECTION ( 'NONE',  ( -0.0000000000000000000, 1.000000000000000000, 0.0000000000000000000 ) ) ;
#4190 = EDGE_CURVE ( 'NONE', #125, #3501, #225, .T. ) ;
#4191 = ORIENTED_EDGE ( 'NONE', *, *, #2046, .F. ) ;
#4192 = CARTESIAN_POINT ( 'NONE',  ( -0.5500000000000001600, 0.05000000000000002400, -0.7999999999999999300 ) ) ;
#4193 = CARTESIAN_POINT ( 'NONE',  ( 0.6000000000000000900, 0.05000000000000002400, -0.7999999999999999300 ) ) ;
#4194 = EDGE_LOOP ( 'NONE', ( #3108, #1980, #1488, #4197, #3516, #4180, #3338, #1929, #1444, #1798 ) ) ;
#4195 = AXIS2_PLACEMENT_3D ( 'NONE', #265, #2867, #2900 ) ;
#4196 = VECTOR ( 'NONE', #2662, 1000.000000000000000 ) ;
#4197 = ORIENTED_EDGE ( 'NONE', *, *, #981, .T. ) ;
#4198 = CARTESIAN_POINT ( 'NONE',  ( -0.8969223593595583300, 0.4000000000000000200, -0.8499999999999998700 ) ) ;
#4199 = LINE ( 'NONE', #2104, #1599 ) ;
#4200 = ORIENTED_EDGE ( 'NONE', *, *, #100, .T. ) ;
#4201 = EDGE_CURVE ( 'NONE', #1742, #3938, #4147, .T. ) ;
#4202 = AXIS2_PLACEMENT_3D ( 'NONE', #575, #2833, #3167 ) ;
#4203 = CARTESIAN_POINT ( 'NONE',  ( -0.9999999999999933400, 1.036396103067896100, 0.1999999999999999300 ) ) ;
#4204 = ORIENTED_EDGE ( 'NONE', *, *, #1441, .T. ) ;
#4205 = VECTOR ( 'NONE', #859, 1000.000000000000000 ) ;
#4206 = DIRECTION ( 'NONE',  ( 0.0000000000000000000, 0.0000000000000000000, -1.000000000000000000 ) ) ;
#4207 = PLANE ( 'NONE',  #1484 ) ;
#4208 = EDGE_CURVE ( 'NONE', #6, #3801, #686, .T. ) ;
#4209 = STYLED_ITEM ( 'NONE', ( #1338 ), #4211 ) ;
#4210 = EDGE_LOOP ( 'NONE', ( #926, #1811, #3682, #666 ) ) ;
#4211 = MANIFOLD_SOLID_BREP ( 'Pin 1', #2273 ) ;
#4212 = DIRECTION ( 'NONE',  ( 0.0000000000000000000, 0.0000000000000000000, 1.000000000000000000 ) ) ;
#4213 = CARTESIAN_POINT ( 'NONE',  ( 3.651466918234303800E-017, 0.3999999999999999700, 0.2000000000000000900 ) ) ;
#4214 = ORIENTED_EDGE ( 'NONE', *, *, #1937, .F. ) ;
#4215 = CIRCLE ( 'NONE', #3171, 0.04999999999999996800 ) ;
#4216 = ORIENTED_EDGE ( 'NONE', *, *, #1389, .T. ) ;
#4217 = EDGE_CURVE ( 'NONE', #2435, #3190, #1690, .T. ) ;
#4218 = LINE ( 'NONE', #304, #3201 ) ;
#4219 = ORIENTED_EDGE ( 'NONE', *, *, #3356, .T. ) ;
#4220 = VECTOR ( 'NONE', #1329, 1000.000000000000000 ) ;
#4221 = SURFACE_SIDE_STYLE ('',( #2988 ) ) ;
#4222 = CIRCLE ( 'NONE', #1351, 0.04999999999999991300 ) ;
#4223 = CARTESIAN_POINT ( 'NONE',  ( -0.6000000000000000900, 0.05000000000000002400, -0.7999999999999999300 ) ) ;
#4224 = ORIENTED_EDGE ( 'NONE', *, *, #3453, .T. ) ;
#4225 = EDGE_LOOP ( 'NONE', ( #3843, #3495, #3997, #1517 ) ) ;
#4226 = DIRECTION ( 'NONE',  ( -0.0000000000000000000, -1.000000000000000000, -0.0000000000000000000 ) ) ;
#4227 = VECTOR ( 'NONE', #4229, 1000.000000000000000 ) ;
#4228 = VERTEX_POINT ( 'NONE', #3742 ) ;
#4229 = DIRECTION ( 'NONE',  ( 0.0000000000000000000, 0.0000000000000000000, -1.000000000000000000 ) ) ;
#4230 = CARTESIAN_POINT ( 'NONE',  ( 0.5999999999999932100, 0.4000000000000000200, -0.1499999999999999700 ) ) ;
#4231 = AXIS2_PLACEMENT_3D ( 'NONE', #207, #3441, #2475 ) ;
#4232 = DIRECTION ( 'NONE',  ( 0.0000000000000000000, 0.0000000000000000000, 1.000000000000000000 ) ) ;
#4233 = ADVANCED_FACE ( 'NONE', ( #887 ), #2786, .T. ) ;
#4234 = CARTESIAN_POINT ( 'NONE',  ( -1.000000000000000000, 0.0000000000000000000, -0.0000000000000000000 ) ) ;
#4235 = DIRECTION ( 'NONE',  ( 0.0000000000000000000, 0.0000000000000000000, 1.000000000000000000 ) ) ;
#4236 = EDGE_CURVE ( 'NONE', #2780, #2531, #12, .T. ) ;
#4237 = DIRECTION ( 'NONE',  ( 1.000000000000000000, 0.0000000000000000000, -3.651466918234302200E-016 ) ) ;
ENDSEC;
END-ISO-10303-21;
